<?xml version='1.0' encoding='UTF-8' standalone='no'?>
<doxygen xmlns:xsi="http://www.w3.org/2001/XMLSchema-instance" xsi:noNamespaceSchemaLocation="compound.xsd" version="1.8.2">
  <compounddef id="da/d55/parserintf_8h" kind="file">
    <compoundname>parserintf.h</compoundname>
    <includes local="no">qdict.h</includes>
    <includes local="no">qstrlist.h</includes>
    <includedby refid="df/df5/dbusxmlscanner_8h" local="yes">src/dbusxmlscanner.h</includedby>
    <includedby refid="d3/dea/definition_8cpp" local="yes">src/definition.cpp</includedby>
    <includedby refid="d8/d29/docbookgen_8cpp" local="yes">src/docbookgen.cpp</includedby>
    <includedby refid="dc/d05/docbookvisitor_8cpp" local="yes">src/docbookvisitor.cpp</includedby>
    <includedby refid="db/d62/scanner_8h" local="yes">src/scanner.h</includedby>
    <includedby refid="dc/d98/doxygen_8cpp" local="yes">src/doxygen.cpp</includedby>
    <includedby refid="d8/d4b/pyscanner_8h" local="yes">src/pyscanner.h</includedby>
    <includedby refid="d9/d7b/fortranscanner_8h" local="yes">src/fortranscanner.h</includedby>
    <includedby refid="d3/da8/tclscanner_8h" local="yes">src/tclscanner.h</includedby>
    <includedby refid="d8/d75/vhdlscanner_8h" local="yes">src/vhdlscanner.h</includedby>
    <includedby refid="d2/d0c/markdown_8h" local="yes">src/markdown.h</includedby>
    <includedby refid="d6/ddc/filedef_8cpp" local="yes">src/filedef.cpp</includedby>
    <includedby refid="da/db0/htmldocvisitor_8cpp" local="yes">src/htmldocvisitor.cpp</includedby>
    <includedby refid="d1/d4e/latexdocvisitor_8cpp" local="yes">src/latexdocvisitor.cpp</includedby>
    <includedby refid="d8/dde/mandocvisitor_8cpp" local="yes">src/mandocvisitor.cpp</includedby>
    <includedby refid="d0/d72/memberdef_8cpp" local="yes">src/memberdef.cpp</includedby>
    <includedby refid="de/d9a/rtfdocvisitor_8cpp" local="yes">src/rtfdocvisitor.cpp</includedby>
    <includedby refid="df/d2d/util_8cpp" local="yes">src/util.cpp</includedby>
    <includedby refid="de/dea/vhdldocgen_8cpp" local="yes">src/vhdldocgen.cpp</includedby>
    <includedby refid="dd/db6/xmldocvisitor_8cpp" local="yes">src/xmldocvisitor.cpp</includedby>
    <includedby refid="d0/dc3/xmlgen_8cpp" local="yes">src/xmlgen.cpp</includedby>
    <incdepgraph>
      <node id="4172">
        <label>qstrlist.h</label>
      </node>
      <node id="4170">
        <label>src/parserintf.h</label>
        <link refid="parserintf.h"/>
        <childnode refid="4171" relation="include">
        </childnode>
        <childnode refid="4172" relation="include">
        </childnode>
      </node>
      <node id="4171">
        <label>qdict.h</label>
      </node>
    </incdepgraph>
    <invincdepgraph>
      <node id="4190">
        <label>src/htmldocvisitor.cpp</label>
        <link refid="da/db0/htmldocvisitor_8cpp_source"/>
      </node>
      <node id="4193">
        <label>src/rtfdocvisitor.cpp</label>
        <link refid="de/d9a/rtfdocvisitor_8cpp_source"/>
      </node>
      <node id="4185">
        <label>src/memberdef.cpp</label>
        <link refid="d0/d72/memberdef_8cpp_source"/>
      </node>
      <node id="4176">
        <label>src/doxygen.cpp</label>
        <link refid="dc/d98/doxygen_8cpp_source"/>
      </node>
      <node id="4186">
        <label>src/vhdldocgen.cpp</label>
        <link refid="de/dea/vhdldocgen_8cpp_source"/>
      </node>
      <node id="4181">
        <label>src/pyscanner.h</label>
        <link refid="d8/d4b/pyscanner_8h_source"/>
        <childnode refid="4176" relation="include">
        </childnode>
      </node>
      <node id="4192">
        <label>src/mandocvisitor.cpp</label>
        <link refid="d8/dde/mandocvisitor_8cpp_source"/>
      </node>
      <node id="4180">
        <label>src/scanner.h</label>
        <link refid="db/d62/scanner_8h_source"/>
        <childnode refid="4176" relation="include">
        </childnode>
      </node>
      <node id="4184">
        <label>src/vhdlscanner.h</label>
        <link refid="d8/d75/vhdlscanner_8h_source"/>
        <childnode refid="4176" relation="include">
        </childnode>
        <childnode refid="4185" relation="include">
        </childnode>
        <childnode refid="4186" relation="include">
        </childnode>
      </node>
      <node id="4194">
        <label>src/util.cpp</label>
        <link refid="df/d2d/util_8cpp_source"/>
      </node>
      <node id="4191">
        <label>src/latexdocvisitor.cpp</label>
        <link refid="d1/d4e/latexdocvisitor_8cpp_source"/>
      </node>
      <node id="4182">
        <label>src/fortranscanner.h</label>
        <link refid="d9/d7b/fortranscanner_8h_source"/>
        <childnode refid="4176" relation="include">
        </childnode>
      </node>
      <node id="4189">
        <label>src/filedef.cpp</label>
        <link refid="d6/ddc/filedef_8cpp_source"/>
      </node>
      <node id="4183">
        <label>src/tclscanner.h</label>
        <link refid="d3/da8/tclscanner_8h_source"/>
        <childnode refid="4176" relation="include">
        </childnode>
      </node>
      <node id="4178">
        <label>src/docbookgen.cpp</label>
        <link refid="d8/d29/docbookgen_8cpp_source"/>
      </node>
      <node id="4173">
        <label>src/parserintf.h</label>
        <link refid="parserintf.h"/>
        <childnode refid="4174" relation="include">
        </childnode>
        <childnode refid="4177" relation="include">
        </childnode>
        <childnode refid="4178" relation="include">
        </childnode>
        <childnode refid="4179" relation="include">
        </childnode>
        <childnode refid="4180" relation="include">
        </childnode>
        <childnode refid="4176" relation="include">
        </childnode>
        <childnode refid="4181" relation="include">
        </childnode>
        <childnode refid="4182" relation="include">
        </childnode>
        <childnode refid="4183" relation="include">
        </childnode>
        <childnode refid="4184" relation="include">
        </childnode>
        <childnode refid="4187" relation="include">
        </childnode>
        <childnode refid="4189" relation="include">
        </childnode>
        <childnode refid="4190" relation="include">
        </childnode>
        <childnode refid="4191" relation="include">
        </childnode>
        <childnode refid="4192" relation="include">
        </childnode>
        <childnode refid="4185" relation="include">
        </childnode>
        <childnode refid="4193" relation="include">
        </childnode>
        <childnode refid="4194" relation="include">
        </childnode>
        <childnode refid="4186" relation="include">
        </childnode>
        <childnode refid="4195" relation="include">
        </childnode>
        <childnode refid="4196" relation="include">
        </childnode>
      </node>
      <node id="4177">
        <label>src/definition.cpp</label>
        <link refid="d3/dea/definition_8cpp_source"/>
      </node>
      <node id="4175">
        <label>src/dbusxmlscanner.cpp</label>
        <link refid="d1/d70/dbusxmlscanner_8cpp_source"/>
      </node>
      <node id="4195">
        <label>src/xmldocvisitor.cpp</label>
        <link refid="dd/db6/xmldocvisitor_8cpp_source"/>
      </node>
      <node id="4179">
        <label>src/docbookvisitor.cpp</label>
        <link refid="dc/d05/docbookvisitor_8cpp_source"/>
      </node>
      <node id="4196">
        <label>src/xmlgen.cpp</label>
        <link refid="d0/dc3/xmlgen_8cpp_source"/>
      </node>
      <node id="4187">
        <label>src/markdown.h</label>
        <link refid="d2/d0c/markdown_8h_source"/>
        <childnode refid="4176" relation="include">
        </childnode>
        <childnode refid="4188" relation="include">
        </childnode>
      </node>
      <node id="4174">
        <label>src/dbusxmlscanner.h</label>
        <link refid="df/df5/dbusxmlscanner_8h_source"/>
        <childnode refid="4175" relation="include">
        </childnode>
        <childnode refid="4176" relation="include">
        </childnode>
      </node>
      <node id="4188">
        <label>src/markdown.cpp</label>
        <link refid="de/d04/markdown_8cpp_source"/>
      </node>
    </invincdepgraph>
    <innerclass refid="d5/d84/class_parser_interface" prot="public">ParserInterface</innerclass>
    <innerclass refid="d4/d0d/class_parser_manager" prot="public">ParserManager</innerclass>
    <briefdescription>
    </briefdescription>
    <detaileddescription>
    </detaileddescription>
    <programlisting>
<codeline lineno="1"><highlight class="comment">/******************************************************************************</highlight></codeline>
<codeline lineno="2"><highlight class="comment"><sp/>*</highlight></codeline>
<codeline lineno="3"><highlight class="comment"><sp/>*<sp/>$Id:<sp/>parserintf.h,v<sp/>1.15<sp/>2001/03/19<sp/>19:27:41<sp/>root<sp/>Exp<sp/>$</highlight></codeline>
<codeline lineno="4"><highlight class="comment"><sp/>*</highlight></codeline>
<codeline lineno="5"><highlight class="comment"><sp/>*<sp/>Copyright<sp/>(C)<sp/>1997-2013<sp/>by<sp/>Dimitri<sp/>van<sp/>Heesch.</highlight></codeline>
<codeline lineno="6"><highlight class="comment"><sp/>*</highlight></codeline>
<codeline lineno="7"><highlight class="comment"><sp/>*<sp/>Permission<sp/>to<sp/>use,<sp/>copy,<sp/>modify,<sp/>and<sp/>distribute<sp/>this<sp/>software<sp/>and<sp/>its</highlight></codeline>
<codeline lineno="8"><highlight class="comment"><sp/>*<sp/>documentation<sp/>under<sp/>the<sp/>terms<sp/>of<sp/>the<sp/>GNU<sp/>General<sp/>Public<sp/>License<sp/>is<sp/>hereby<sp/></highlight></codeline>
<codeline lineno="9"><highlight class="comment"><sp/>*<sp/>granted.<sp/>No<sp/>representations<sp/>are<sp/>made<sp/>about<sp/>the<sp/>suitability<sp/>of<sp/>this<sp/>software<sp/></highlight></codeline>
<codeline lineno="10"><highlight class="comment"><sp/>*<sp/>for<sp/>any<sp/>purpose.<sp/>It<sp/>is<sp/>provided<sp/>&quot;as<sp/>is&quot;<sp/>without<sp/>express<sp/>or<sp/>implied<sp/>warranty.</highlight></codeline>
<codeline lineno="11"><highlight class="comment"><sp/>*<sp/>See<sp/>the<sp/>GNU<sp/>General<sp/>Public<sp/>License<sp/>for<sp/>more<sp/>details.</highlight></codeline>
<codeline lineno="12"><highlight class="comment"><sp/>*</highlight></codeline>
<codeline lineno="13"><highlight class="comment"><sp/>*<sp/>Documents<sp/>produced<sp/>by<sp/>Doxygen<sp/>are<sp/>derivative<sp/>works<sp/>derived<sp/>from<sp/>the</highlight></codeline>
<codeline lineno="14"><highlight class="comment"><sp/>*<sp/>input<sp/>used<sp/>in<sp/>their<sp/>production;<sp/>they<sp/>are<sp/>not<sp/>affected<sp/>by<sp/>this<sp/>license.</highlight></codeline>
<codeline lineno="15"><highlight class="comment"><sp/>*</highlight></codeline>
<codeline lineno="16"><highlight class="comment"><sp/>*/</highlight><highlight class="normal"></highlight></codeline>
<codeline lineno="17"><highlight class="normal"></highlight></codeline>
<codeline lineno="18"><highlight class="normal"></highlight><highlight class="preprocessor">#ifndef<sp/>PARSERINTF_H</highlight></codeline>
<codeline lineno="19"><highlight class="preprocessor"></highlight><highlight class="preprocessor">#define<sp/>PARSERINTF_H</highlight></codeline>
<codeline lineno="20"><highlight class="preprocessor"></highlight><highlight class="normal"></highlight></codeline>
<codeline lineno="21"><highlight class="normal"></highlight><highlight class="preprocessor">#include<sp/>&lt;qdict.h&gt;</highlight><highlight class="normal"></highlight></codeline>
<codeline lineno="22"><highlight class="normal"></highlight><highlight class="preprocessor">#include<sp/>&lt;qstrlist.h&gt;</highlight><highlight class="normal"></highlight></codeline>
<codeline lineno="23"><highlight class="normal"></highlight></codeline>
<codeline lineno="24"><highlight class="normal"></highlight><highlight class="keyword">class<sp/></highlight><highlight class="normal"><ref refid="d4/dd7/class_entry" kindref="compound" tooltip="Represents an unstructured piece of information, about an entity found in the sources.">Entry</ref>;</highlight></codeline>
<codeline lineno="25"><highlight class="normal"></highlight><highlight class="keyword">class<sp/></highlight><highlight class="normal"><ref refid="de/db0/class_file_def" kindref="compound" tooltip="A model of a file symbol.">FileDef</ref>;</highlight></codeline>
<codeline lineno="26"><highlight class="normal"></highlight><highlight class="keyword">class<sp/></highlight><highlight class="normal"><ref refid="d5/d9c/class_code_output_interface" kindref="compound" tooltip="Output interface for code parser.">CodeOutputInterface</ref>;</highlight></codeline>
<codeline lineno="27"><highlight class="normal"></highlight><highlight class="keyword">class<sp/></highlight><highlight class="normal"><ref refid="da/d09/class_member_def" kindref="compound" tooltip="A model of a class/file/namespace member symbol.">MemberDef</ref>;</highlight></codeline>
<codeline lineno="28"><highlight class="normal"></highlight><highlight class="keyword">class<sp/></highlight><highlight class="normal"><ref refid="d5/dcc/class_definition" kindref="compound" tooltip="The common base class of all entity definitions found in the sources.">Definition</ref>;</highlight></codeline>
<codeline lineno="29"><highlight class="normal"></highlight></codeline>
<codeline lineno="36" refid="d5/d84/class_parser_interface" refkind="compound"><highlight class="keyword">class<sp/></highlight><highlight class="normal"><ref refid="d5/d84/class_parser_interface" kindref="compound" tooltip="Abstract interface for programming language parsers.">ParserInterface</ref></highlight></codeline>
<codeline lineno="37"><highlight class="normal">{</highlight></codeline>
<codeline lineno="38"><highlight class="normal"><sp/><sp/></highlight><highlight class="keyword">public</highlight><highlight class="normal">:</highlight></codeline>
<codeline lineno="39"><highlight class="normal"><sp/><sp/><sp/><sp/></highlight><highlight class="keyword">virtual</highlight><highlight class="normal"><sp/>~<ref refid="d5/d84/class_parser_interface" kindref="compound" tooltip="Abstract interface for programming language parsers.">ParserInterface</ref>()<sp/>{}</highlight></codeline>
<codeline lineno="40"><highlight class="normal"></highlight></codeline>
<codeline lineno="48"><highlight class="normal"><sp/><sp/><sp/><sp/></highlight><highlight class="keyword">virtual</highlight><highlight class="normal"><sp/></highlight><highlight class="keywordtype">void</highlight><highlight class="normal"><sp/><ref refid="d5/d84/class_parser_interface_1a72478f87ead5fde10d7d6bbe32a73024" kindref="member" tooltip="Starts processing a translation unit (source files + headers).">startTranslationUnit</ref>(</highlight><highlight class="keyword">const</highlight><highlight class="normal"><sp/></highlight><highlight class="keywordtype">char</highlight><highlight class="normal"><sp/>*fileName)<sp/>=<sp/>0;</highlight></codeline>
<codeline lineno="49"><highlight class="normal"></highlight></codeline>
<codeline lineno="53"><highlight class="normal"><sp/><sp/><sp/><sp/></highlight><highlight class="keyword">virtual</highlight><highlight class="normal"><sp/></highlight><highlight class="keywordtype">void</highlight><highlight class="normal"><sp/><ref refid="d5/d84/class_parser_interface_1af3acd64c6a33852e2e46e7288eb9c9cf" kindref="member" tooltip="Called after all files in a translation unit have been processed.">finishTranslationUnit</ref>()<sp/>=<sp/>0;</highlight></codeline>
<codeline lineno="54"><highlight class="normal"></highlight></codeline>
<codeline lineno="66"><highlight class="normal"><sp/><sp/><sp/><sp/></highlight><highlight class="keyword">virtual</highlight><highlight class="normal"><sp/></highlight><highlight class="keywordtype">void</highlight><highlight class="normal"><sp/><ref refid="d5/d84/class_parser_interface_1a09ced377e619d40b7339187bad88341e" kindref="member" tooltip="Parses a single input file with the goal to build an Entry tree.">parseInput</ref>(</highlight><highlight class="keyword">const</highlight><highlight class="normal"><sp/></highlight><highlight class="keywordtype">char</highlight><highlight class="normal"><sp/>*fileName,</highlight></codeline>
<codeline lineno="67"><highlight class="normal"><sp/><sp/><sp/><sp/><sp/><sp/><sp/><sp/><sp/><sp/><sp/><sp/><sp/><sp/><sp/><sp/><sp/><sp/><sp/><sp/><sp/><sp/><sp/><sp/><sp/><sp/><sp/><sp/></highlight><highlight class="keyword">const</highlight><highlight class="normal"><sp/></highlight><highlight class="keywordtype">char</highlight><highlight class="normal"><sp/>*fileBuf,</highlight></codeline>
<codeline lineno="68"><highlight class="normal"><sp/><sp/><sp/><sp/><sp/><sp/><sp/><sp/><sp/><sp/><sp/><sp/><sp/><sp/><sp/><sp/><sp/><sp/><sp/><sp/><sp/><sp/><sp/><sp/><sp/><sp/><sp/><sp/><ref refid="d4/dd7/class_entry" kindref="compound" tooltip="Represents an unstructured piece of information, about an entity found in the sources.">Entry</ref><sp/>*root,</highlight></codeline>
<codeline lineno="69"><highlight class="normal"><sp/><sp/><sp/><sp/><sp/><sp/><sp/><sp/><sp/><sp/><sp/><sp/><sp/><sp/><sp/><sp/><sp/><sp/><sp/><sp/><sp/><sp/><sp/><sp/><sp/><sp/><sp/><sp/></highlight><highlight class="keywordtype">bool</highlight><highlight class="normal"><sp/>sameTranslationUnit,</highlight></codeline>
<codeline lineno="70"><highlight class="normal"><sp/><sp/><sp/><sp/><sp/><sp/><sp/><sp/><sp/><sp/><sp/><sp/><sp/><sp/><sp/><sp/><sp/><sp/><sp/><sp/><sp/><sp/><sp/><sp/><sp/><sp/><sp/><sp/>QStrList<sp/>&amp;filesInSameTranslationUnit)<sp/>=<sp/>0;</highlight></codeline>
<codeline lineno="71"><highlight class="normal"></highlight></codeline>
<codeline lineno="77"><highlight class="normal"><sp/><sp/><sp/><sp/></highlight><highlight class="keyword">virtual</highlight><highlight class="normal"><sp/></highlight><highlight class="keywordtype">bool</highlight><highlight class="normal"><sp/><ref refid="d5/d84/class_parser_interface_1a36c669b17b64a6e3847f27d70a5398d2" kindref="member" tooltip="Returns TRUE if the language identified by extension needs the C preprocessor to be run before feed t...">needsPreprocessing</ref>(</highlight><highlight class="keyword">const</highlight><highlight class="normal"><sp/>QCString<sp/>&amp;extension)<sp/>=<sp/>0;</highlight></codeline>
<codeline lineno="78"><highlight class="normal"><sp/><sp/><sp/><sp/></highlight></codeline>
<codeline lineno="99"><highlight class="normal"><sp/><sp/><sp/><sp/></highlight><highlight class="keyword">virtual</highlight><highlight class="normal"><sp/></highlight><highlight class="keywordtype">void</highlight><highlight class="normal"><sp/><ref refid="d5/d84/class_parser_interface_1a4ab2f3a321c3a1d90a2f1245d204dada" kindref="member" tooltip="Parses a source file or fragment with the goal to produce highlighted and cross-referenced output...">parseCode</ref>(<ref refid="d5/d9c/class_code_output_interface" kindref="compound" tooltip="Output interface for code parser.">CodeOutputInterface</ref><sp/>&amp;codeOutIntf,</highlight></codeline>
<codeline lineno="100"><highlight class="normal"><sp/><sp/><sp/><sp/><sp/><sp/><sp/><sp/><sp/><sp/><sp/><sp/><sp/><sp/><sp/><sp/><sp/><sp/><sp/><sp/><sp/><sp/><sp/><sp/><sp/><sp/><sp/></highlight><highlight class="keyword">const</highlight><highlight class="normal"><sp/></highlight><highlight class="keywordtype">char</highlight><highlight class="normal"><sp/>*scopeName,</highlight></codeline>
<codeline lineno="101"><highlight class="normal"><sp/><sp/><sp/><sp/><sp/><sp/><sp/><sp/><sp/><sp/><sp/><sp/><sp/><sp/><sp/><sp/><sp/><sp/><sp/><sp/><sp/><sp/><sp/><sp/><sp/><sp/><sp/></highlight><highlight class="keyword">const</highlight><highlight class="normal"><sp/>QCString<sp/>&amp;input,</highlight></codeline>
<codeline lineno="102"><highlight class="normal"><sp/><sp/><sp/><sp/><sp/><sp/><sp/><sp/><sp/><sp/><sp/><sp/><sp/><sp/><sp/><sp/><sp/><sp/><sp/><sp/><sp/><sp/><sp/><sp/><sp/><sp/><sp/></highlight><highlight class="keywordtype">bool</highlight><highlight class="normal"><sp/>isExampleBlock,</highlight></codeline>
<codeline lineno="103"><highlight class="normal"><sp/><sp/><sp/><sp/><sp/><sp/><sp/><sp/><sp/><sp/><sp/><sp/><sp/><sp/><sp/><sp/><sp/><sp/><sp/><sp/><sp/><sp/><sp/><sp/><sp/><sp/><sp/></highlight><highlight class="keyword">const</highlight><highlight class="normal"><sp/></highlight><highlight class="keywordtype">char</highlight><highlight class="normal"><sp/>*exampleName=0,</highlight></codeline>
<codeline lineno="104"><highlight class="normal"><sp/><sp/><sp/><sp/><sp/><sp/><sp/><sp/><sp/><sp/><sp/><sp/><sp/><sp/><sp/><sp/><sp/><sp/><sp/><sp/><sp/><sp/><sp/><sp/><sp/><sp/><sp/><ref refid="de/db0/class_file_def" kindref="compound" tooltip="A model of a file symbol.">FileDef</ref><sp/>*fileDef=0,</highlight></codeline>
<codeline lineno="105"><highlight class="normal"><sp/><sp/><sp/><sp/><sp/><sp/><sp/><sp/><sp/><sp/><sp/><sp/><sp/><sp/><sp/><sp/><sp/><sp/><sp/><sp/><sp/><sp/><sp/><sp/><sp/><sp/><sp/></highlight><highlight class="keywordtype">int</highlight><highlight class="normal"><sp/>startLine=-1,</highlight></codeline>
<codeline lineno="106"><highlight class="normal"><sp/><sp/><sp/><sp/><sp/><sp/><sp/><sp/><sp/><sp/><sp/><sp/><sp/><sp/><sp/><sp/><sp/><sp/><sp/><sp/><sp/><sp/><sp/><sp/><sp/><sp/><sp/></highlight><highlight class="keywordtype">int</highlight><highlight class="normal"><sp/>endLine=-1,</highlight></codeline>
<codeline lineno="107"><highlight class="normal"><sp/><sp/><sp/><sp/><sp/><sp/><sp/><sp/><sp/><sp/><sp/><sp/><sp/><sp/><sp/><sp/><sp/><sp/><sp/><sp/><sp/><sp/><sp/><sp/><sp/><sp/><sp/></highlight><highlight class="keywordtype">bool</highlight><highlight class="normal"><sp/>inlineFragment=FALSE,</highlight></codeline>
<codeline lineno="108"><highlight class="normal"><sp/><sp/><sp/><sp/><sp/><sp/><sp/><sp/><sp/><sp/><sp/><sp/><sp/><sp/><sp/><sp/><sp/><sp/><sp/><sp/><sp/><sp/><sp/><sp/><sp/><sp/><sp/><ref refid="da/d09/class_member_def" kindref="compound" tooltip="A model of a class/file/namespace member symbol.">MemberDef</ref><sp/>*memberDef=0,</highlight></codeline>
<codeline lineno="109"><highlight class="normal"><sp/><sp/><sp/><sp/><sp/><sp/><sp/><sp/><sp/><sp/><sp/><sp/><sp/><sp/><sp/><sp/><sp/><sp/><sp/><sp/><sp/><sp/><sp/><sp/><sp/><sp/><sp/></highlight><highlight class="keywordtype">bool</highlight><highlight class="normal"><sp/>showLineNumbers=TRUE,</highlight></codeline>
<codeline lineno="110"><highlight class="normal"><sp/><sp/><sp/><sp/><sp/><sp/><sp/><sp/><sp/><sp/><sp/><sp/><sp/><sp/><sp/><sp/><sp/><sp/><sp/><sp/><sp/><sp/><sp/><sp/><sp/><sp/><sp/><ref refid="d5/dcc/class_definition" kindref="compound" tooltip="The common base class of all entity definitions found in the sources.">Definition</ref><sp/>*searchCtx=0</highlight></codeline>
<codeline lineno="111"><highlight class="normal"><sp/><sp/><sp/><sp/><sp/><sp/><sp/><sp/><sp/><sp/><sp/><sp/><sp/><sp/><sp/><sp/><sp/><sp/><sp/><sp/><sp/><sp/><sp/><sp/><sp/><sp/>)<sp/>=<sp/>0;</highlight></codeline>
<codeline lineno="112"><highlight class="normal"></highlight></codeline>
<codeline lineno="118"><highlight class="normal"><sp/><sp/><sp/><sp/></highlight><highlight class="keyword">virtual</highlight><highlight class="normal"><sp/></highlight><highlight class="keywordtype">void</highlight><highlight class="normal"><sp/><ref refid="d5/d84/class_parser_interface_1aee4fccd1865a4e8a6b9f2896811104ca" kindref="member" tooltip="Resets the state of the code parser.">resetCodeParserState</ref>()<sp/>=<sp/>0;</highlight></codeline>
<codeline lineno="119"><highlight class="normal"></highlight></codeline>
<codeline lineno="126"><highlight class="normal"><sp/><sp/><sp/><sp/></highlight><highlight class="keyword">virtual</highlight><highlight class="normal"><sp/></highlight><highlight class="keywordtype">void</highlight><highlight class="normal"><sp/><ref refid="d5/d84/class_parser_interface_1a5ebf0f524a296845befa22c85a4cc80b" kindref="member" tooltip="Callback function called by the comment block scanner.">parsePrototype</ref>(</highlight><highlight class="keyword">const</highlight><highlight class="normal"><sp/></highlight><highlight class="keywordtype">char</highlight><highlight class="normal"><sp/>*text)<sp/>=<sp/>0;</highlight></codeline>
<codeline lineno="127"><highlight class="normal"></highlight></codeline>
<codeline lineno="128"><highlight class="normal">};</highlight></codeline>
<codeline lineno="129"><highlight class="normal"></highlight></codeline>
<codeline lineno="130"><highlight class="normal"></highlight><highlight class="comment">//-----------------------------------------------------------------------------</highlight><highlight class="normal"></highlight></codeline>
<codeline lineno="131"><highlight class="normal"></highlight></codeline>
<codeline lineno="137" refid="d4/d0d/class_parser_manager" refkind="compound"><highlight class="keyword">class<sp/></highlight><highlight class="normal"><ref refid="d4/d0d/class_parser_manager" kindref="compound" tooltip="Manages programming language parsers.">ParserManager</ref></highlight></codeline>
<codeline lineno="138"><highlight class="normal">{</highlight></codeline>
<codeline lineno="139"><highlight class="normal"><sp/><sp/></highlight><highlight class="keyword">public</highlight><highlight class="normal">:</highlight></codeline>
<codeline lineno="142" refid="d4/d0d/class_parser_manager_1a6d40c2ea132a10d04515db91b170023c" refkind="member"><highlight class="normal"><sp/><sp/><sp/><sp/><ref refid="d4/d0d/class_parser_manager_1a6d40c2ea132a10d04515db91b170023c" kindref="member" tooltip="Creates the parser manager object.">ParserManager</ref>()</highlight></codeline>
<codeline lineno="143"><highlight class="normal"><sp/><sp/><sp/><sp/><sp/><sp/>:<sp/>m_defaultParser(0)<sp/>{<sp/>m_parsers.setAutoDelete(TRUE);<sp/>}</highlight></codeline>
<codeline lineno="144"><highlight class="normal"></highlight></codeline>
<codeline lineno="153" refid="d4/d0d/class_parser_manager_1ae532c1adf9e98fbafc25a415d56f9753" refkind="member"><highlight class="normal"><sp/><sp/><sp/><sp/></highlight><highlight class="keywordtype">void</highlight><highlight class="normal"><sp/><ref refid="d4/d0d/class_parser_manager_1ae532c1adf9e98fbafc25a415d56f9753" kindref="member" tooltip="Registers an additional parser.">registerParser</ref>(</highlight><highlight class="keyword">const</highlight><highlight class="normal"><sp/></highlight><highlight class="keywordtype">char</highlight><highlight class="normal"><sp/>*name,<ref refid="d5/d84/class_parser_interface" kindref="compound" tooltip="Abstract interface for programming language parsers.">ParserInterface</ref><sp/>*parser,</highlight><highlight class="keywordtype">bool</highlight><highlight class="normal"><sp/>defParser=FALSE)</highlight></codeline>
<codeline lineno="154"><highlight class="normal"><sp/><sp/><sp/><sp/>{</highlight></codeline>
<codeline lineno="155"><highlight class="normal"><sp/><sp/><sp/><sp/><sp/><sp/></highlight><highlight class="keywordflow">if</highlight><highlight class="normal"><sp/>(defParser<sp/>&amp;&amp;<sp/>m_defaultParser==0)<sp/>m_defaultParser=parser;</highlight></codeline>
<codeline lineno="156"><highlight class="normal"><sp/><sp/><sp/><sp/><sp/><sp/>m_parsers.insert(name,parser);</highlight></codeline>
<codeline lineno="157"><highlight class="normal"><sp/><sp/><sp/><sp/>}</highlight></codeline>
<codeline lineno="158"><highlight class="normal"></highlight></codeline>
<codeline lineno="162" refid="d4/d0d/class_parser_manager_1a2184813c0cd50eda1cf6ce74bf50d8b5" refkind="member"><highlight class="normal"><sp/><sp/><sp/><sp/></highlight><highlight class="keywordtype">bool</highlight><highlight class="normal"><sp/><ref refid="d4/d0d/class_parser_manager_1a2184813c0cd50eda1cf6ce74bf50d8b5" kindref="member" tooltip="Registers a file extension with a parser with name parserName.">registerExtension</ref>(</highlight><highlight class="keyword">const</highlight><highlight class="normal"><sp/></highlight><highlight class="keywordtype">char</highlight><highlight class="normal"><sp/>*extension,<sp/></highlight><highlight class="keyword">const</highlight><highlight class="normal"><sp/></highlight><highlight class="keywordtype">char</highlight><highlight class="normal"><sp/>*parserName)</highlight></codeline>
<codeline lineno="163"><highlight class="normal"><sp/><sp/><sp/><sp/>{</highlight></codeline>
<codeline lineno="164"><highlight class="normal"><sp/><sp/><sp/><sp/><sp/><sp/></highlight><highlight class="keywordflow">if</highlight><highlight class="normal"><sp/>(parserName==0<sp/>||<sp/>extension==0)<sp/></highlight><highlight class="keywordflow">return</highlight><highlight class="normal"><sp/>FALSE;</highlight></codeline>
<codeline lineno="165"><highlight class="normal"><sp/><sp/><sp/><sp/><sp/><sp/><ref refid="d5/d84/class_parser_interface" kindref="compound" tooltip="Abstract interface for programming language parsers.">ParserInterface</ref><sp/>*intf<sp/>=<sp/>m_parsers.find(parserName);</highlight></codeline>
<codeline lineno="166"><highlight class="normal"><sp/><sp/><sp/><sp/><sp/><sp/></highlight><highlight class="keywordflow">if</highlight><highlight class="normal"><sp/>(intf==0)<sp/></highlight><highlight class="keywordflow">return</highlight><highlight class="normal"><sp/>FALSE;</highlight></codeline>
<codeline lineno="167"><highlight class="normal"><sp/><sp/><sp/><sp/><sp/><sp/></highlight><highlight class="keywordflow">if</highlight><highlight class="normal"><sp/>(m_extensions.find(extension)!=0)<sp/></highlight><highlight class="comment">//<sp/>extension<sp/>already<sp/>exists</highlight><highlight class="normal"></highlight></codeline>
<codeline lineno="168"><highlight class="normal"><sp/><sp/><sp/><sp/><sp/><sp/>{</highlight></codeline>
<codeline lineno="169"><highlight class="normal"><sp/><sp/><sp/><sp/><sp/><sp/><sp/><sp/>m_extensions.remove(extension);<sp/></highlight><highlight class="comment">//<sp/>remove<sp/>it</highlight><highlight class="normal"></highlight></codeline>
<codeline lineno="170"><highlight class="normal"><sp/><sp/><sp/><sp/><sp/><sp/>}</highlight></codeline>
<codeline lineno="171"><highlight class="normal"><sp/><sp/><sp/><sp/><sp/><sp/>m_extensions.insert(extension,intf);<sp/></highlight><highlight class="comment">//<sp/>add<sp/>new<sp/>mapping</highlight><highlight class="normal"></highlight></codeline>
<codeline lineno="172"><highlight class="normal"><sp/><sp/><sp/><sp/><sp/><sp/></highlight><highlight class="keywordflow">return</highlight><highlight class="normal"><sp/>TRUE;</highlight></codeline>
<codeline lineno="173"><highlight class="normal"><sp/><sp/><sp/><sp/>}</highlight></codeline>
<codeline lineno="174"><highlight class="normal"></highlight></codeline>
<codeline lineno="179" refid="d4/d0d/class_parser_manager_1a69f9874c260df7559242ec5833051ac5" refkind="member"><highlight class="normal"><sp/><sp/><sp/><sp/><ref refid="d5/d84/class_parser_interface" kindref="compound" tooltip="Abstract interface for programming language parsers.">ParserInterface</ref><sp/>*<ref refid="d4/d0d/class_parser_manager_1a69f9874c260df7559242ec5833051ac5" kindref="member" tooltip="Gets the interface to the parser associated with given extension.">getParser</ref>(</highlight><highlight class="keyword">const</highlight><highlight class="normal"><sp/></highlight><highlight class="keywordtype">char</highlight><highlight class="normal"><sp/>*extension)</highlight></codeline>
<codeline lineno="180"><highlight class="normal"><sp/><sp/><sp/><sp/>{</highlight></codeline>
<codeline lineno="181"><highlight class="normal"><sp/><sp/><sp/><sp/><sp/><sp/></highlight><highlight class="keywordflow">if</highlight><highlight class="normal"><sp/>(extension==0)<sp/></highlight><highlight class="keywordflow">return</highlight><highlight class="normal"><sp/>m_defaultParser;</highlight></codeline>
<codeline lineno="182"><highlight class="normal"><sp/><sp/><sp/><sp/><sp/><sp/>QCString<sp/>ext<sp/>=<sp/>QCString(extension).lower();</highlight></codeline>
<codeline lineno="183"><highlight class="normal"><sp/><sp/><sp/><sp/><sp/><sp/><ref refid="d5/d84/class_parser_interface" kindref="compound" tooltip="Abstract interface for programming language parsers.">ParserInterface</ref><sp/>*intf<sp/>=<sp/>m_extensions.find(ext);</highlight></codeline>
<codeline lineno="184"><highlight class="normal"><sp/><sp/><sp/><sp/><sp/><sp/></highlight><highlight class="keywordflow">if</highlight><highlight class="normal"><sp/>(intf==0<sp/>&amp;&amp;<sp/>ext.length()&gt;4)</highlight></codeline>
<codeline lineno="185"><highlight class="normal"><sp/><sp/><sp/><sp/><sp/><sp/>{</highlight></codeline>
<codeline lineno="186"><highlight class="normal"><sp/><sp/><sp/><sp/><sp/><sp/><sp/><sp/>intf<sp/>=<sp/>m_extensions.find(ext.left(4));</highlight></codeline>
<codeline lineno="187"><highlight class="normal"><sp/><sp/><sp/><sp/><sp/><sp/>}</highlight></codeline>
<codeline lineno="188"><highlight class="normal"><sp/><sp/><sp/><sp/><sp/><sp/></highlight><highlight class="keywordflow">return</highlight><highlight class="normal"><sp/>intf<sp/>?<sp/>intf<sp/>:<sp/>m_defaultParser;</highlight></codeline>
<codeline lineno="189"><highlight class="normal"><sp/><sp/><sp/><sp/>}</highlight></codeline>
<codeline lineno="190"><highlight class="normal"></highlight></codeline>
<codeline lineno="191"><highlight class="normal"><sp/><sp/></highlight><highlight class="keyword">private</highlight><highlight class="normal">:</highlight></codeline>
<codeline lineno="192"><highlight class="normal"><sp/><sp/><sp/><sp/>QDict&lt;ParserInterface&gt;<sp/>m_parsers;</highlight></codeline>
<codeline lineno="193"><highlight class="normal"><sp/><sp/><sp/><sp/>QDict&lt;ParserInterface&gt;<sp/>m_extensions;</highlight></codeline>
<codeline lineno="194"><highlight class="normal"><sp/><sp/><sp/><sp/><ref refid="d5/d84/class_parser_interface" kindref="compound" tooltip="Abstract interface for programming language parsers.">ParserInterface</ref><sp/>*m_defaultParser;</highlight></codeline>
<codeline lineno="195"><highlight class="normal">};</highlight></codeline>
<codeline lineno="196"><highlight class="normal"></highlight></codeline>
<codeline lineno="197"><highlight class="normal"></highlight><highlight class="preprocessor">#endif</highlight></codeline>
    </programlisting>
    <location file="C:/Users/Mat/Projects/doxygraph/examples/doxygen-1.8.4/src/parserintf.h"/>
  </compounddef>
</doxygen>
