<?xml version='1.0' encoding='UTF-8' standalone='no'?>
<doxygen xmlns:xsi="http://www.w3.org/2001/XMLSchema-instance" xsi:noNamespaceSchemaLocation="compound.xsd" version="1.8.2">
  <compounddef id="df/d82/perlmodgen_8h" kind="file">
    <compoundname>perlmodgen.h</compoundname>
    <includedby refid="dc/d98/doxygen_8cpp" local="yes">src/doxygen.cpp</includedby>
    <includedby refid="de/dd0/perlmodgen_8cpp" local="yes">src/perlmodgen.cpp</includedby>
    <invincdepgraph>
      <node id="4244">
        <label>src/doxygen.cpp</label>
        <link refid="dc/d98/doxygen_8cpp_source"/>
      </node>
      <node id="4245">
        <label>src/perlmodgen.cpp</label>
        <link refid="de/dd0/perlmodgen_8cpp_source"/>
      </node>
      <node id="4243">
        <label>src/perlmodgen.h</label>
        <link refid="perlmodgen.h"/>
        <childnode refid="4244" relation="include">
        </childnode>
        <childnode refid="4245" relation="include">
        </childnode>
      </node>
    </invincdepgraph>
      <sectiondef kind="func">
      <memberdef kind="function" id="df/d82/perlmodgen_8h_1a6857c4091b3caf65463dcb39bc961f08" prot="public" static="no" const="no" explicit="no" inline="no" virt="non-virtual">
        <type>void</type>
        <definition>void setPerlModDoxyfile</definition>
        <argsstring>(const QCString &amp;)</argsstring>
        <name>setPerlModDoxyfile</name>
        <param>
          <type>const QCString &amp;</type>
        </param>
        <briefdescription>
        </briefdescription>
        <detaileddescription>
        </detaileddescription>
        <inbodydescription>
        </inbodydescription>
        <location file="C:/Users/Mat/Projects/doxygraph/examples/doxygen-1.8.4/src/perlmodgen.h" line="20" bodyfile="C:/Users/Mat/Projects/doxygraph/examples/doxygen-1.8.4/src/perlmodgen.cpp" bodystart="1495" bodyend="1499"/>
      </memberdef>
      <memberdef kind="function" id="df/d82/perlmodgen_8h_1a3c604811885fb67cffd44d399931dc15" prot="public" static="no" const="no" explicit="no" inline="no" virt="non-virtual">
        <type>void</type>
        <definition>void generatePerlMod</definition>
        <argsstring>()</argsstring>
        <name>generatePerlMod</name>
        <briefdescription>
        </briefdescription>
        <detaileddescription>
        </detaileddescription>
        <inbodydescription>
        </inbodydescription>
        <location file="C:/Users/Mat/Projects/doxygraph/examples/doxygen-1.8.4/src/perlmodgen.h" line="21" bodyfile="C:/Users/Mat/Projects/doxygraph/examples/doxygen-1.8.4/src/perlmodgen.cpp" bodystart="2997" bodyend="3001"/>
      </memberdef>
      </sectiondef>
    <briefdescription>
    </briefdescription>
    <detaileddescription>
    </detaileddescription>
    <programlisting>
<codeline lineno="1"><highlight class="comment">/******************************************************************************</highlight></codeline>
<codeline lineno="2"><highlight class="comment"><sp/>*</highlight></codeline>
<codeline lineno="3"><highlight class="comment"><sp/>*<sp/></highlight></codeline>
<codeline lineno="4"><highlight class="comment"><sp/>*</highlight></codeline>
<codeline lineno="5"><highlight class="comment"><sp/>*<sp/>Copyright<sp/>(C)<sp/>1997-2013<sp/>by<sp/>Dimitri<sp/>van<sp/>Heesch.</highlight></codeline>
<codeline lineno="6"><highlight class="comment"><sp/>*</highlight></codeline>
<codeline lineno="7"><highlight class="comment"><sp/>*<sp/>Permission<sp/>to<sp/>use,<sp/>copy,<sp/>modify,<sp/>and<sp/>distribute<sp/>this<sp/>software<sp/>and<sp/>its</highlight></codeline>
<codeline lineno="8"><highlight class="comment"><sp/>*<sp/>documentation<sp/>under<sp/>the<sp/>terms<sp/>of<sp/>the<sp/>GNU<sp/>General<sp/>Public<sp/>License<sp/>is<sp/>hereby<sp/></highlight></codeline>
<codeline lineno="9"><highlight class="comment"><sp/>*<sp/>granted.<sp/>No<sp/>representations<sp/>are<sp/>made<sp/>about<sp/>the<sp/>suitability<sp/>of<sp/>this<sp/>software<sp/></highlight></codeline>
<codeline lineno="10"><highlight class="comment"><sp/>*<sp/>for<sp/>any<sp/>purpose.<sp/>It<sp/>is<sp/>provided<sp/>&quot;as<sp/>is&quot;<sp/>without<sp/>express<sp/>or<sp/>implied<sp/>warranty.</highlight></codeline>
<codeline lineno="11"><highlight class="comment"><sp/>*<sp/>See<sp/>the<sp/>GNU<sp/>General<sp/>Public<sp/>License<sp/>for<sp/>more<sp/>details.</highlight></codeline>
<codeline lineno="12"><highlight class="comment"><sp/>*</highlight></codeline>
<codeline lineno="13"><highlight class="comment"><sp/>*/</highlight><highlight class="normal"></highlight></codeline>
<codeline lineno="14"><highlight class="normal"></highlight></codeline>
<codeline lineno="15"><highlight class="normal"></highlight><highlight class="preprocessor">#ifndef<sp/>PERLMODGEN_H</highlight></codeline>
<codeline lineno="16"><highlight class="preprocessor"></highlight><highlight class="preprocessor">#define<sp/>PERLMODGEN_H</highlight></codeline>
<codeline lineno="17"><highlight class="preprocessor"></highlight><highlight class="normal"></highlight></codeline>
<codeline lineno="18"><highlight class="normal"></highlight><highlight class="keyword">class<sp/></highlight><highlight class="normal">QCString;</highlight></codeline>
<codeline lineno="19"><highlight class="normal"></highlight></codeline>
<codeline lineno="20"><highlight class="normal"></highlight><highlight class="keyword">extern</highlight><highlight class="normal"><sp/></highlight><highlight class="keywordtype">void</highlight><highlight class="normal"><sp/>setPerlModDoxyfile(</highlight><highlight class="keyword">const</highlight><highlight class="normal"><sp/>QCString<sp/>&amp;);</highlight></codeline>
<codeline lineno="21"><highlight class="normal"></highlight><highlight class="keyword">extern</highlight><highlight class="normal"><sp/></highlight><highlight class="keywordtype">void</highlight><highlight class="normal"><sp/>generatePerlMod();</highlight></codeline>
<codeline lineno="22"><highlight class="normal"></highlight></codeline>
<codeline lineno="23"><highlight class="normal"></highlight><highlight class="preprocessor">#endif</highlight></codeline>
    </programlisting>
    <location file="C:/Users/Mat/Projects/doxygraph/examples/doxygen-1.8.4/src/perlmodgen.h"/>
  </compounddef>
</doxygen>
