<?xml version='1.0' encoding='UTF-8' standalone='no'?>
<doxygen xmlns:xsi="http://www.w3.org/2001/XMLSchema-instance" xsi:noNamespaceSchemaLocation="compound.xsd" version="1.8.2">
  <compounddef id="df/d38/class_layout_error_handler" kind="class" prot="public">
    <compoundname>LayoutErrorHandler</compoundname>
    <basecompoundref prot="public" virt="non-virtual">QXmlErrorHandler</basecompoundref>
      <sectiondef kind="private-attrib">
      <memberdef kind="variable" id="df/d38/class_layout_error_handler_1afc491eb246bf315a595e6101128d274e" prot="private" static="no" mutable="no">
        <type>QString</type>
        <definition>QString LayoutErrorHandler::errorMsg</definition>
        <argsstring></argsstring>
        <name>errorMsg</name>
        <briefdescription>
        </briefdescription>
        <detaileddescription>
        </detaileddescription>
        <inbodydescription>
        </inbodydescription>
        <location file="C:/Users/Mat/Projects/doxygraph/examples/doxygen-1.8.4/src/layout.cpp" line="1314" bodyfile="C:/Users/Mat/Projects/doxygraph/examples/doxygen-1.8.4/src/layout.cpp" bodystart="1314" bodyend="-1"/>
      </memberdef>
      <memberdef kind="variable" id="df/d38/class_layout_error_handler_1a40514473614b8a377415e90bf79b3176" prot="private" static="no" mutable="no">
        <type>QString</type>
        <definition>QString LayoutErrorHandler::fileName</definition>
        <argsstring></argsstring>
        <name>fileName</name>
        <briefdescription>
        </briefdescription>
        <detaileddescription>
        </detaileddescription>
        <inbodydescription>
        </inbodydescription>
        <location file="C:/Users/Mat/Projects/doxygraph/examples/doxygen-1.8.4/src/layout.cpp" line="1315" bodyfile="C:/Users/Mat/Projects/doxygraph/examples/doxygen-1.8.4/src/layout.cpp" bodystart="1315" bodyend="-1"/>
      </memberdef>
      </sectiondef>
      <sectiondef kind="public-func">
      <memberdef kind="function" id="df/d38/class_layout_error_handler_1ab8c68291771ab718868961ed340cb97b" prot="public" static="no" const="no" explicit="no" inline="yes" virt="non-virtual">
        <type></type>
        <definition>LayoutErrorHandler::LayoutErrorHandler</definition>
        <argsstring>(const char *fn)</argsstring>
        <name>LayoutErrorHandler</name>
        <param>
          <type>const char *</type>
          <declname>fn</declname>
        </param>
        <briefdescription>
        </briefdescription>
        <detaileddescription>
        </detaileddescription>
        <inbodydescription>
        </inbodydescription>
        <location file="C:/Users/Mat/Projects/doxygraph/examples/doxygen-1.8.4/src/layout.cpp" line="1289" bodyfile="C:/Users/Mat/Projects/doxygraph/examples/doxygen-1.8.4/src/layout.cpp" bodystart="1289" bodyend="1289"/>
      </memberdef>
      <memberdef kind="function" id="df/d38/class_layout_error_handler_1a463dfca8796fee3c40a08817d1af64be" prot="public" static="no" const="no" explicit="no" inline="yes" virt="non-virtual">
        <type>bool</type>
        <definition>bool LayoutErrorHandler::warning</definition>
        <argsstring>(const QXmlParseException &amp;exception)</argsstring>
        <name>warning</name>
        <param>
          <type>const QXmlParseException &amp;</type>
          <declname>exception</declname>
        </param>
        <briefdescription>
        </briefdescription>
        <detaileddescription>
        </detaileddescription>
        <inbodydescription>
        </inbodydescription>
        <location file="C:/Users/Mat/Projects/doxygraph/examples/doxygen-1.8.4/src/layout.cpp" line="1291" bodyfile="C:/Users/Mat/Projects/doxygraph/examples/doxygen-1.8.4/src/layout.cpp" bodystart="1290" bodyend="1296"/>
      </memberdef>
      <memberdef kind="function" id="df/d38/class_layout_error_handler_1a7981be5cbf89e7f5bf27b3d75a821726" prot="public" static="no" const="no" explicit="no" inline="yes" virt="non-virtual">
        <type>bool</type>
        <definition>bool LayoutErrorHandler::error</definition>
        <argsstring>(const QXmlParseException &amp;exception)</argsstring>
        <name>error</name>
        <param>
          <type>const QXmlParseException &amp;</type>
          <declname>exception</declname>
        </param>
        <briefdescription>
        </briefdescription>
        <detaileddescription>
        </detaileddescription>
        <inbodydescription>
        </inbodydescription>
        <location file="C:/Users/Mat/Projects/doxygraph/examples/doxygen-1.8.4/src/layout.cpp" line="1298" bodyfile="C:/Users/Mat/Projects/doxygraph/examples/doxygen-1.8.4/src/layout.cpp" bodystart="1297" bodyend="1303"/>
      </memberdef>
      <memberdef kind="function" id="df/d38/class_layout_error_handler_1aca31cecb0d737ede70e22c86d038bbb4" prot="public" static="no" const="no" explicit="no" inline="yes" virt="non-virtual">
        <type>bool</type>
        <definition>bool LayoutErrorHandler::fatalError</definition>
        <argsstring>(const QXmlParseException &amp;exception)</argsstring>
        <name>fatalError</name>
        <param>
          <type>const QXmlParseException &amp;</type>
          <declname>exception</declname>
        </param>
        <briefdescription>
        </briefdescription>
        <detaileddescription>
        </detaileddescription>
        <inbodydescription>
        </inbodydescription>
        <location file="C:/Users/Mat/Projects/doxygraph/examples/doxygen-1.8.4/src/layout.cpp" line="1305" bodyfile="C:/Users/Mat/Projects/doxygraph/examples/doxygen-1.8.4/src/layout.cpp" bodystart="1304" bodyend="1310"/>
      </memberdef>
      <memberdef kind="function" id="df/d38/class_layout_error_handler_1a042664a153147e99f4ee0cb3bdf76418" prot="public" static="no" const="no" explicit="no" inline="yes" virt="non-virtual">
        <type>QString</type>
        <definition>QString LayoutErrorHandler::errorString</definition>
        <argsstring>()</argsstring>
        <name>errorString</name>
        <briefdescription>
        </briefdescription>
        <detaileddescription>
        </detaileddescription>
        <inbodydescription>
        </inbodydescription>
        <location file="C:/Users/Mat/Projects/doxygraph/examples/doxygen-1.8.4/src/layout.cpp" line="1311" bodyfile="C:/Users/Mat/Projects/doxygraph/examples/doxygen-1.8.4/src/layout.cpp" bodystart="1311" bodyend="1311"/>
      </memberdef>
      </sectiondef>
    <briefdescription>
    </briefdescription>
    <detaileddescription>
    </detaileddescription>
    <inheritancegraph>
      <node id="3638">
        <label>LayoutErrorHandler</label>
        <childnode refid="3639" relation="public-inheritance">
        </childnode>
      </node>
      <node id="3639">
        <label>QXmlErrorHandler</label>
      </node>
    </inheritancegraph>
    <collaborationgraph>
      <node id="3640">
        <label>LayoutErrorHandler</label>
        <childnode refid="3641" relation="public-inheritance">
        </childnode>
      </node>
      <node id="3641">
        <label>QXmlErrorHandler</label>
      </node>
    </collaborationgraph>
    <location file="C:/Users/Mat/Projects/doxygraph/examples/doxygen-1.8.4/src/layout.cpp" line="1287" bodyfile="C:/Users/Mat/Projects/doxygraph/examples/doxygen-1.8.4/src/layout.cpp" bodystart="1286" bodyend="1316"/>
    <listofallmembers>
      <member refid="df/d38/class_layout_error_handler_1a7981be5cbf89e7f5bf27b3d75a821726" prot="public" virt="non-virtual"><scope>LayoutErrorHandler</scope><name>error</name></member>
      <member refid="df/d38/class_layout_error_handler_1afc491eb246bf315a595e6101128d274e" prot="private" virt="non-virtual"><scope>LayoutErrorHandler</scope><name>errorMsg</name></member>
      <member refid="df/d38/class_layout_error_handler_1a042664a153147e99f4ee0cb3bdf76418" prot="public" virt="non-virtual"><scope>LayoutErrorHandler</scope><name>errorString</name></member>
      <member refid="df/d38/class_layout_error_handler_1aca31cecb0d737ede70e22c86d038bbb4" prot="public" virt="non-virtual"><scope>LayoutErrorHandler</scope><name>fatalError</name></member>
      <member refid="df/d38/class_layout_error_handler_1a40514473614b8a377415e90bf79b3176" prot="private" virt="non-virtual"><scope>LayoutErrorHandler</scope><name>fileName</name></member>
      <member refid="df/d38/class_layout_error_handler_1ab8c68291771ab718868961ed340cb97b" prot="public" virt="non-virtual"><scope>LayoutErrorHandler</scope><name>LayoutErrorHandler</name></member>
      <member refid="df/d38/class_layout_error_handler_1a463dfca8796fee3c40a08817d1af64be" prot="public" virt="non-virtual"><scope>LayoutErrorHandler</scope><name>warning</name></member>
    </listofallmembers>
  </compounddef>
</doxygen>
