<?xml version='1.0' encoding='UTF-8' standalone='no'?>
<doxygen xmlns:xsi="http://www.w3.org/2001/XMLSchema-instance" xsi:noNamespaceSchemaLocation="compound.xsd" version="1.8.2">
  <compounddef id="d5/d68/class_doc_ref" kind="class" prot="public">
    <compoundname>DocRef</compoundname>
    <basecompoundref refid="d7/da3/class_comp_accept" prot="public" virt="non-virtual">CompAccept&lt; DocRef &gt;</basecompoundref>
    <basecompoundref refid="d9/d0e/class_doc_node" prot="public" virt="non-virtual">DocNode</basecompoundref>
    <includes refid="de/d9c/docparser_8h" local="no">docparser.h</includes>
      <sectiondef kind="private-attrib">
      <memberdef kind="variable" id="d5/d68/class_doc_ref_1a68a2f7d4de03290ab41a4a5806e2a7f3" prot="private" static="no" mutable="no">
        <type>bool</type>
        <definition>bool DocRef::m_refToSection</definition>
        <argsstring></argsstring>
        <name>m_refToSection</name>
        <briefdescription>
        </briefdescription>
        <detaileddescription>
        </detaileddescription>
        <inbodydescription>
        </inbodydescription>
        <location file="C:/Users/Mat/Projects/doxygraph/examples/doxygen-1.8.4/src/docparser.h" line="742" bodyfile="C:/Users/Mat/Projects/doxygraph/examples/doxygen-1.8.4/src/docparser.h" bodystart="742" bodyend="-1"/>
      </memberdef>
      <memberdef kind="variable" id="d5/d68/class_doc_ref_1aeb2e0decd8ebe1db2a844723c6731d56" prot="private" static="no" mutable="no">
        <type>bool</type>
        <definition>bool DocRef::m_refToAnchor</definition>
        <argsstring></argsstring>
        <name>m_refToAnchor</name>
        <briefdescription>
        </briefdescription>
        <detaileddescription>
        </detaileddescription>
        <inbodydescription>
        </inbodydescription>
        <location file="C:/Users/Mat/Projects/doxygraph/examples/doxygen-1.8.4/src/docparser.h" line="743" bodyfile="C:/Users/Mat/Projects/doxygraph/examples/doxygen-1.8.4/src/docparser.h" bodystart="743" bodyend="-1"/>
      </memberdef>
      <memberdef kind="variable" id="d5/d68/class_doc_ref_1aeaa75ed0b76c034f70c898b7a3f58375" prot="private" static="no" mutable="no">
        <type>bool</type>
        <definition>bool DocRef::m_isSubPage</definition>
        <argsstring></argsstring>
        <name>m_isSubPage</name>
        <briefdescription>
        </briefdescription>
        <detaileddescription>
        </detaileddescription>
        <inbodydescription>
        </inbodydescription>
        <location file="C:/Users/Mat/Projects/doxygraph/examples/doxygen-1.8.4/src/docparser.h" line="744" bodyfile="C:/Users/Mat/Projects/doxygraph/examples/doxygen-1.8.4/src/docparser.h" bodystart="744" bodyend="-1"/>
      </memberdef>
      <memberdef kind="variable" id="d5/d68/class_doc_ref_1a29d0a7b717ba04e6f3f2878f006b2e8a" prot="private" static="no" mutable="no">
        <type>QCString</type>
        <definition>QCString DocRef::m_file</definition>
        <argsstring></argsstring>
        <name>m_file</name>
        <briefdescription>
        </briefdescription>
        <detaileddescription>
        </detaileddescription>
        <inbodydescription>
        </inbodydescription>
        <location file="C:/Users/Mat/Projects/doxygraph/examples/doxygen-1.8.4/src/docparser.h" line="745" bodyfile="C:/Users/Mat/Projects/doxygraph/examples/doxygen-1.8.4/src/docparser.h" bodystart="745" bodyend="-1"/>
      </memberdef>
      <memberdef kind="variable" id="d5/d68/class_doc_ref_1ac2b2c5313e4e8ba35a5d91a5a1a8868c" prot="private" static="no" mutable="no">
        <type>QCString</type>
        <definition>QCString DocRef::m_relPath</definition>
        <argsstring></argsstring>
        <name>m_relPath</name>
        <briefdescription>
        </briefdescription>
        <detaileddescription>
        </detaileddescription>
        <inbodydescription>
        </inbodydescription>
        <location file="C:/Users/Mat/Projects/doxygraph/examples/doxygen-1.8.4/src/docparser.h" line="746" bodyfile="C:/Users/Mat/Projects/doxygraph/examples/doxygen-1.8.4/src/docparser.h" bodystart="746" bodyend="-1"/>
      </memberdef>
      <memberdef kind="variable" id="d5/d68/class_doc_ref_1aa769e70afa5e3553f233dad598675ade" prot="private" static="no" mutable="no">
        <type>QCString</type>
        <definition>QCString DocRef::m_ref</definition>
        <argsstring></argsstring>
        <name>m_ref</name>
        <briefdescription>
        </briefdescription>
        <detaileddescription>
        </detaileddescription>
        <inbodydescription>
        </inbodydescription>
        <location file="C:/Users/Mat/Projects/doxygraph/examples/doxygen-1.8.4/src/docparser.h" line="747" bodyfile="C:/Users/Mat/Projects/doxygraph/examples/doxygen-1.8.4/src/docparser.h" bodystart="747" bodyend="-1"/>
      </memberdef>
      <memberdef kind="variable" id="d5/d68/class_doc_ref_1adff11d0b7cf915dfa4ebc247113a415c" prot="private" static="no" mutable="no">
        <type>QCString</type>
        <definition>QCString DocRef::m_anchor</definition>
        <argsstring></argsstring>
        <name>m_anchor</name>
        <briefdescription>
        </briefdescription>
        <detaileddescription>
        </detaileddescription>
        <inbodydescription>
        </inbodydescription>
        <location file="C:/Users/Mat/Projects/doxygraph/examples/doxygen-1.8.4/src/docparser.h" line="748" bodyfile="C:/Users/Mat/Projects/doxygraph/examples/doxygen-1.8.4/src/docparser.h" bodystart="748" bodyend="-1"/>
      </memberdef>
      <memberdef kind="variable" id="d5/d68/class_doc_ref_1a4b4f79d241a161d44cd3115b322ac6d0" prot="private" static="no" mutable="no">
        <type>QCString</type>
        <definition>QCString DocRef::m_text</definition>
        <argsstring></argsstring>
        <name>m_text</name>
        <briefdescription>
        </briefdescription>
        <detaileddescription>
        </detaileddescription>
        <inbodydescription>
        </inbodydescription>
        <location file="C:/Users/Mat/Projects/doxygraph/examples/doxygen-1.8.4/src/docparser.h" line="749" bodyfile="C:/Users/Mat/Projects/doxygraph/examples/doxygen-1.8.4/src/docparser.h" bodystart="749" bodyend="-1"/>
      </memberdef>
      </sectiondef>
      <sectiondef kind="public-func">
      <memberdef kind="function" id="d5/d68/class_doc_ref_1abd26eba958639f0810bcc5bd4a0c9dc5" prot="public" static="no" const="no" explicit="no" inline="no" virt="non-virtual">
        <type></type>
        <definition>DocRef::DocRef</definition>
        <argsstring>(DocNode *parent, const QCString &amp;target, const QCString &amp;context)</argsstring>
        <name>DocRef</name>
        <param>
          <type><ref refid="d9/d0e/class_doc_node" kindref="compound">DocNode</ref> *</type>
          <declname>parent</declname>
        </param>
        <param>
          <type>const QCString &amp;</type>
          <declname>target</declname>
        </param>
        <param>
          <type>const QCString &amp;</type>
          <declname>context</declname>
        </param>
        <briefdescription>
        </briefdescription>
        <detaileddescription>
        </detaileddescription>
        <inbodydescription>
        </inbodydescription>
        <location file="C:/Users/Mat/Projects/doxygraph/examples/doxygen-1.8.4/src/docparser.h" line="727" bodyfile="C:/Users/Mat/Projects/doxygraph/examples/doxygen-1.8.4/src/docparser.cpp" bodystart="2435" bodyend="2509"/>
      </memberdef>
      <memberdef kind="function" id="d5/d68/class_doc_ref_1a6004b78783411b8c5752371572afa3ef" prot="public" static="no" const="no" explicit="no" inline="no" virt="non-virtual">
        <type>void</type>
        <definition>void DocRef::parse</definition>
        <argsstring>()</argsstring>
        <name>parse</name>
        <briefdescription>
        </briefdescription>
        <detaileddescription>
        </detaileddescription>
        <inbodydescription>
        </inbodydescription>
        <location file="C:/Users/Mat/Projects/doxygraph/examples/doxygen-1.8.4/src/docparser.h" line="728" bodyfile="C:/Users/Mat/Projects/doxygraph/examples/doxygen-1.8.4/src/docparser.cpp" bodystart="2540" bodyend="2584"/>
      </memberdef>
      <memberdef kind="function" id="d5/d68/class_doc_ref_1adc5f2538aaa8e2bb57ddabd1417bff60" prot="public" static="no" const="yes" explicit="no" inline="yes" virt="virtual">
        <type><ref refid="d9/d0e/class_doc_node_1aebd16e89ca590d84cbd40543ea5faadb" kindref="member">Kind</ref></type>
        <definition>Kind DocRef::kind</definition>
        <argsstring>() const </argsstring>
        <name>kind</name>
        <reimplements refid="d9/d0e/class_doc_node_1a108ffd214a72ba6e93dac084a8f58049">kind</reimplements>
        <briefdescription>
        </briefdescription>
        <detaileddescription>
<para>Returns the kind of node. Provides runtime type information </para>        </detaileddescription>
        <inbodydescription>
        </inbodydescription>
        <location file="C:/Users/Mat/Projects/doxygraph/examples/doxygen-1.8.4/src/docparser.h" line="729" bodyfile="C:/Users/Mat/Projects/doxygraph/examples/doxygen-1.8.4/src/docparser.h" bodystart="729" bodyend="729"/>
      </memberdef>
      <memberdef kind="function" id="d5/d68/class_doc_ref_1a33ee87acaab706ebb0fe1490438979b9" prot="public" static="no" const="yes" explicit="no" inline="yes" virt="non-virtual">
        <type>QCString</type>
        <definition>QCString DocRef::file</definition>
        <argsstring>() const </argsstring>
        <name>file</name>
        <briefdescription>
        </briefdescription>
        <detaileddescription>
        </detaileddescription>
        <inbodydescription>
        </inbodydescription>
        <location file="C:/Users/Mat/Projects/doxygraph/examples/doxygen-1.8.4/src/docparser.h" line="730" bodyfile="C:/Users/Mat/Projects/doxygraph/examples/doxygen-1.8.4/src/docparser.h" bodystart="730" bodyend="730"/>
      </memberdef>
      <memberdef kind="function" id="d5/d68/class_doc_ref_1a5a2d384a3c27a8e24cfab5b1ed099aba" prot="public" static="no" const="yes" explicit="no" inline="yes" virt="non-virtual">
        <type>QCString</type>
        <definition>QCString DocRef::relPath</definition>
        <argsstring>() const </argsstring>
        <name>relPath</name>
        <briefdescription>
        </briefdescription>
        <detaileddescription>
        </detaileddescription>
        <inbodydescription>
        </inbodydescription>
        <location file="C:/Users/Mat/Projects/doxygraph/examples/doxygen-1.8.4/src/docparser.h" line="731" bodyfile="C:/Users/Mat/Projects/doxygraph/examples/doxygen-1.8.4/src/docparser.h" bodystart="731" bodyend="731"/>
      </memberdef>
      <memberdef kind="function" id="d5/d68/class_doc_ref_1acec19cf25d3338063b21dce828a7d7c5" prot="public" static="no" const="yes" explicit="no" inline="yes" virt="non-virtual">
        <type>QCString</type>
        <definition>QCString DocRef::ref</definition>
        <argsstring>() const </argsstring>
        <name>ref</name>
        <briefdescription>
        </briefdescription>
        <detaileddescription>
        </detaileddescription>
        <inbodydescription>
        </inbodydescription>
        <location file="C:/Users/Mat/Projects/doxygraph/examples/doxygen-1.8.4/src/docparser.h" line="732" bodyfile="C:/Users/Mat/Projects/doxygraph/examples/doxygen-1.8.4/src/docparser.h" bodystart="732" bodyend="732"/>
      </memberdef>
      <memberdef kind="function" id="d5/d68/class_doc_ref_1a075bf0046d5ad92199a748b75962d464" prot="public" static="no" const="yes" explicit="no" inline="yes" virt="non-virtual">
        <type>QCString</type>
        <definition>QCString DocRef::anchor</definition>
        <argsstring>() const </argsstring>
        <name>anchor</name>
        <briefdescription>
        </briefdescription>
        <detaileddescription>
        </detaileddescription>
        <inbodydescription>
        </inbodydescription>
        <location file="C:/Users/Mat/Projects/doxygraph/examples/doxygen-1.8.4/src/docparser.h" line="733" bodyfile="C:/Users/Mat/Projects/doxygraph/examples/doxygen-1.8.4/src/docparser.h" bodystart="733" bodyend="733"/>
      </memberdef>
      <memberdef kind="function" id="d5/d68/class_doc_ref_1a95d8db09f8ccb20150176439050225f0" prot="public" static="no" const="yes" explicit="no" inline="yes" virt="non-virtual">
        <type>QCString</type>
        <definition>QCString DocRef::targetTitle</definition>
        <argsstring>() const </argsstring>
        <name>targetTitle</name>
        <briefdescription>
        </briefdescription>
        <detaileddescription>
        </detaileddescription>
        <inbodydescription>
        </inbodydescription>
        <location file="C:/Users/Mat/Projects/doxygraph/examples/doxygen-1.8.4/src/docparser.h" line="734" bodyfile="C:/Users/Mat/Projects/doxygraph/examples/doxygen-1.8.4/src/docparser.h" bodystart="734" bodyend="734"/>
      </memberdef>
      <memberdef kind="function" id="d5/d68/class_doc_ref_1a51382109fe805daf64005bc9f48642a5" prot="public" static="no" const="yes" explicit="no" inline="yes" virt="non-virtual">
        <type>bool</type>
        <definition>bool DocRef::hasLinkText</definition>
        <argsstring>() const </argsstring>
        <name>hasLinkText</name>
        <briefdescription>
        </briefdescription>
        <detaileddescription>
        </detaileddescription>
        <inbodydescription>
        </inbodydescription>
        <location file="C:/Users/Mat/Projects/doxygraph/examples/doxygen-1.8.4/src/docparser.h" line="735" bodyfile="C:/Users/Mat/Projects/doxygraph/examples/doxygen-1.8.4/src/docparser.h" bodystart="735" bodyend="735"/>
      </memberdef>
      <memberdef kind="function" id="d5/d68/class_doc_ref_1ad3b557b70e0296dca6e16778dabe170f" prot="public" static="no" const="yes" explicit="no" inline="yes" virt="non-virtual">
        <type>bool</type>
        <definition>bool DocRef::refToAnchor</definition>
        <argsstring>() const </argsstring>
        <name>refToAnchor</name>
        <briefdescription>
        </briefdescription>
        <detaileddescription>
        </detaileddescription>
        <inbodydescription>
        </inbodydescription>
        <location file="C:/Users/Mat/Projects/doxygraph/examples/doxygen-1.8.4/src/docparser.h" line="736" bodyfile="C:/Users/Mat/Projects/doxygraph/examples/doxygen-1.8.4/src/docparser.h" bodystart="736" bodyend="736"/>
      </memberdef>
      <memberdef kind="function" id="d5/d68/class_doc_ref_1a91f7f964c7bb0a61be6bf6b1e3b08bb6" prot="public" static="no" const="yes" explicit="no" inline="yes" virt="non-virtual">
        <type>bool</type>
        <definition>bool DocRef::refToSection</definition>
        <argsstring>() const </argsstring>
        <name>refToSection</name>
        <briefdescription>
        </briefdescription>
        <detaileddescription>
        </detaileddescription>
        <inbodydescription>
        </inbodydescription>
        <location file="C:/Users/Mat/Projects/doxygraph/examples/doxygen-1.8.4/src/docparser.h" line="737" bodyfile="C:/Users/Mat/Projects/doxygraph/examples/doxygen-1.8.4/src/docparser.h" bodystart="737" bodyend="737"/>
      </memberdef>
      <memberdef kind="function" id="d5/d68/class_doc_ref_1a975967cb6e23c632d63e3b10f91c0cda" prot="public" static="no" const="yes" explicit="no" inline="yes" virt="non-virtual">
        <type>bool</type>
        <definition>bool DocRef::isSubPage</definition>
        <argsstring>() const </argsstring>
        <name>isSubPage</name>
        <briefdescription>
        </briefdescription>
        <detaileddescription>
        </detaileddescription>
        <inbodydescription>
        </inbodydescription>
        <location file="C:/Users/Mat/Projects/doxygraph/examples/doxygen-1.8.4/src/docparser.h" line="738" bodyfile="C:/Users/Mat/Projects/doxygraph/examples/doxygen-1.8.4/src/docparser.h" bodystart="738" bodyend="738"/>
      </memberdef>
      <memberdef kind="function" id="d5/d68/class_doc_ref_1a25a0bbf3186201c53d4a2f08448e4a0e" prot="public" static="no" const="no" explicit="no" inline="yes" virt="virtual">
        <type>void</type>
        <definition>void DocRef::accept</definition>
        <argsstring>(DocVisitor *v)</argsstring>
        <name>accept</name>
        <reimplements refid="d9/d0e/class_doc_node_1a5303a550cbe6395663bf9b9dad28cbf1">accept</reimplements>
        <param>
          <type><ref refid="d0/d78/class_doc_visitor" kindref="compound">DocVisitor</ref> *</type>
          <declname>v</declname>
        </param>
        <briefdescription>
        </briefdescription>
        <detaileddescription>
<para>Acceptor function for node visitors. Part of the visitor pattern. <parameterlist kind="param"><parameteritem>
<parameternamelist>
<parametername>v</parametername>
</parameternamelist>
<parameterdescription>
<para>Abstract visitor. </para></parameterdescription>
</parameteritem>
</parameterlist>
</para>        </detaileddescription>
        <inbodydescription>
        </inbodydescription>
        <location file="C:/Users/Mat/Projects/doxygraph/examples/doxygen-1.8.4/src/docparser.h" line="739" bodyfile="C:/Users/Mat/Projects/doxygraph/examples/doxygen-1.8.4/src/docparser.h" bodystart="739" bodyend="739"/>
      </memberdef>
      </sectiondef>
    <briefdescription>
<para>Node representing a reference to some item. </para>    </briefdescription>
    <detaileddescription>
    </detaileddescription>
    <inheritancegraph>
      <node id="3166">
        <label>DocRef</label>
        <link refid="d5/d68/class_doc_ref"/>
        <childnode refid="3167" relation="public-inheritance">
        </childnode>
        <childnode refid="3169" relation="public-inheritance">
        </childnode>
      </node>
      <node id="3169">
        <label>DocNode</label>
        <link refid="d9/d0e/class_doc_node"/>
      </node>
      <node id="3168">
        <label>CompAccept&lt; T &gt;</label>
        <link refid="d7/da3/class_comp_accept"/>
      </node>
      <node id="3167">
        <label>CompAccept&lt; DocRef &gt;</label>
        <link refid="d7/da3/class_comp_accept"/>
        <childnode refid="3168" relation="template-instance">
          <edgelabel>&lt; DocRef &gt;</edgelabel>
        </childnode>
      </node>
    </inheritancegraph>
    <collaborationgraph>
      <node id="3170">
        <label>DocRef</label>
        <link refid="d5/d68/class_doc_ref"/>
        <childnode refid="3171" relation="public-inheritance">
        </childnode>
        <childnode refid="3173" relation="public-inheritance">
        </childnode>
      </node>
      <node id="3173">
        <label>DocNode</label>
        <link refid="d9/d0e/class_doc_node"/>
        <childnode refid="3173" relation="usage">
          <edgelabel>m_parent</edgelabel>
        </childnode>
      </node>
      <node id="3172">
        <label>CompAccept&lt; T &gt;</label>
        <link refid="d7/da3/class_comp_accept"/>
      </node>
      <node id="3171">
        <label>CompAccept&lt; DocRef &gt;</label>
        <link refid="d7/da3/class_comp_accept"/>
        <childnode refid="3172" relation="template-instance">
          <edgelabel>&lt; DocRef &gt;</edgelabel>
        </childnode>
      </node>
    </collaborationgraph>
    <location file="C:/Users/Mat/Projects/doxygraph/examples/doxygen-1.8.4/src/docparser.h" line="725" bodyfile="C:/Users/Mat/Projects/doxygraph/examples/doxygen-1.8.4/src/docparser.h" bodystart="724" bodyend="750"/>
    <listofallmembers>
      <member refid="d5/d68/class_doc_ref_1a25a0bbf3186201c53d4a2f08448e4a0e" prot="public" virt="virtual"><scope>DocRef</scope><name>accept</name></member>
      <member refid="d7/da3/class_comp_accept_1a5787ab796a9008bab225031921773b5c" prot="public" virt="non-virtual" ambiguityscope="CompAccept&lt; DocRef &gt;::"><scope>DocRef</scope><name>accept</name></member>
      <member refid="d5/d68/class_doc_ref_1a075bf0046d5ad92199a748b75962d464" prot="public" virt="non-virtual"><scope>DocRef</scope><name>anchor</name></member>
      <member refid="d7/da3/class_comp_accept_1ad45c9ef74bc602bead18c2f36ad5d351" prot="public" virt="non-virtual"><scope>DocRef</scope><name>children</name></member>
      <member refid="d7/da3/class_comp_accept_1af0bab1c89fc80848fe8be7b5c81afacb" prot="public" virt="non-virtual"><scope>DocRef</scope><name>children</name></member>
      <member refid="d7/da3/class_comp_accept_1ad243d87336e0fd5dae91ca8481a1c85a" prot="public" virt="non-virtual"><scope>DocRef</scope><name>CompAccept</name></member>
      <member refid="d9/d0e/class_doc_node_1a98d902adedf9b2270a6673e59dbab89e" prot="public" virt="non-virtual"><scope>DocRef</scope><name>DocNode</name></member>
      <member refid="d5/d68/class_doc_ref_1abd26eba958639f0810bcc5bd4a0c9dc5" prot="public" virt="non-virtual"><scope>DocRef</scope><name>DocRef</name></member>
      <member refid="d5/d68/class_doc_ref_1a33ee87acaab706ebb0fe1490438979b9" prot="public" virt="non-virtual"><scope>DocRef</scope><name>file</name></member>
      <member refid="d5/d68/class_doc_ref_1a51382109fe805daf64005bc9f48642a5" prot="public" virt="non-virtual"><scope>DocRef</scope><name>hasLinkText</name></member>
      <member refid="d9/d0e/class_doc_node_1aef508bc4dc916756c919594db7930d54" prot="public" virt="non-virtual"><scope>DocRef</scope><name>isPreformatted</name></member>
      <member refid="d5/d68/class_doc_ref_1a975967cb6e23c632d63e3b10f91c0cda" prot="public" virt="non-virtual"><scope>DocRef</scope><name>isSubPage</name></member>
      <member refid="d5/d68/class_doc_ref_1adc5f2538aaa8e2bb57ddabd1417bff60" prot="public" virt="virtual"><scope>DocRef</scope><name>kind</name></member>
      <member refid="d9/d0e/class_doc_node_1aebd16e89ca590d84cbd40543ea5faadb" prot="public" virt="non-virtual"><scope>DocRef</scope><name>Kind</name></member>
      <member refid="d9/d0e/class_doc_node_1aebd16e89ca590d84cbd40543ea5faadba5acf76d5bed04d9f8973b5599e4c7d61" prot="public" virt="non-virtual"><scope>DocRef</scope><name>Kind_Anchor</name></member>
      <member refid="d9/d0e/class_doc_node_1aebd16e89ca590d84cbd40543ea5faadbaf4af6d302524a2a72e6503fa4b5008cc" prot="public" virt="non-virtual"><scope>DocRef</scope><name>Kind_AutoList</name></member>
      <member refid="d9/d0e/class_doc_node_1aebd16e89ca590d84cbd40543ea5faadba09e40b89d37e12cd78384c04aea5c185" prot="public" virt="non-virtual"><scope>DocRef</scope><name>Kind_AutoListItem</name></member>
      <member refid="d9/d0e/class_doc_node_1aebd16e89ca590d84cbd40543ea5faadba2c31b7a4358465ca132212321e15fc20" prot="public" virt="non-virtual"><scope>DocRef</scope><name>Kind_Copy</name></member>
      <member refid="d9/d0e/class_doc_node_1aebd16e89ca590d84cbd40543ea5faadba31635222d2661ef99e79b44bf3b58382" prot="public" virt="non-virtual"><scope>DocRef</scope><name>Kind_DotFile</name></member>
      <member refid="d9/d0e/class_doc_node_1aebd16e89ca590d84cbd40543ea5faadbad6f44af7d7a9d2545d12570f1c911514" prot="public" virt="non-virtual"><scope>DocRef</scope><name>Kind_Formula</name></member>
      <member refid="d9/d0e/class_doc_node_1aebd16e89ca590d84cbd40543ea5faadba66fdcd73d28143e4eee061037d1c0d05" prot="public" virt="non-virtual"><scope>DocRef</scope><name>Kind_HorRuler</name></member>
      <member refid="d9/d0e/class_doc_node_1aebd16e89ca590d84cbd40543ea5faadba219784882f7a809370a515cbf18c2794" prot="public" virt="non-virtual"><scope>DocRef</scope><name>Kind_HRef</name></member>
      <member refid="d9/d0e/class_doc_node_1aebd16e89ca590d84cbd40543ea5faadbacfac967afd367665bc4a4890828fc98d" prot="public" virt="non-virtual"><scope>DocRef</scope><name>Kind_HtmlBlockQuote</name></member>
      <member refid="d9/d0e/class_doc_node_1aebd16e89ca590d84cbd40543ea5faadba3f64e51b724ff9f596689e66165d4e5f" prot="public" virt="non-virtual"><scope>DocRef</scope><name>Kind_HtmlCaption</name></member>
      <member refid="d9/d0e/class_doc_node_1aebd16e89ca590d84cbd40543ea5faadbae35a8fc01717b7fba896f3f9103b641a" prot="public" virt="non-virtual"><scope>DocRef</scope><name>Kind_HtmlCell</name></member>
      <member refid="d9/d0e/class_doc_node_1aebd16e89ca590d84cbd40543ea5faadbac9568654cd0eaa2d2e6705eb88b8bb6f" prot="public" virt="non-virtual"><scope>DocRef</scope><name>Kind_HtmlDescData</name></member>
      <member refid="d9/d0e/class_doc_node_1aebd16e89ca590d84cbd40543ea5faadbad53b68c158dba60a523d4fd261741c1a" prot="public" virt="non-virtual"><scope>DocRef</scope><name>Kind_HtmlDescList</name></member>
      <member refid="d9/d0e/class_doc_node_1aebd16e89ca590d84cbd40543ea5faadba0e47ad72ee03a88acc5d35755230a4bc" prot="public" virt="non-virtual"><scope>DocRef</scope><name>Kind_HtmlDescTitle</name></member>
      <member refid="d9/d0e/class_doc_node_1aebd16e89ca590d84cbd40543ea5faadbac559cf092ec1d51d36500217b128df91" prot="public" virt="non-virtual"><scope>DocRef</scope><name>Kind_HtmlHeader</name></member>
      <member refid="d9/d0e/class_doc_node_1aebd16e89ca590d84cbd40543ea5faadba2d89d13df0a6a173008cc476ed19da5a" prot="public" virt="non-virtual"><scope>DocRef</scope><name>Kind_HtmlList</name></member>
      <member refid="d9/d0e/class_doc_node_1aebd16e89ca590d84cbd40543ea5faadba3899f85cc2bbe76eebc01969f026c4a8" prot="public" virt="non-virtual"><scope>DocRef</scope><name>Kind_HtmlListItem</name></member>
      <member refid="d9/d0e/class_doc_node_1aebd16e89ca590d84cbd40543ea5faadba4aecc53268c197469ae7e36a82297f66" prot="public" virt="non-virtual"><scope>DocRef</scope><name>Kind_HtmlRow</name></member>
      <member refid="d9/d0e/class_doc_node_1aebd16e89ca590d84cbd40543ea5faadbaaa0953fe727d5208d808d6200db9d8c4" prot="public" virt="non-virtual"><scope>DocRef</scope><name>Kind_HtmlTable</name></member>
      <member refid="d9/d0e/class_doc_node_1aebd16e89ca590d84cbd40543ea5faadba130db602d847e2889247e35215f6ab61" prot="public" virt="non-virtual"><scope>DocRef</scope><name>Kind_Image</name></member>
      <member refid="d9/d0e/class_doc_node_1aebd16e89ca590d84cbd40543ea5faadba0d394262ed69236213f48850d00655e1" prot="public" virt="non-virtual"><scope>DocRef</scope><name>Kind_Include</name></member>
      <member refid="d9/d0e/class_doc_node_1aebd16e89ca590d84cbd40543ea5faadba22a463e2625469c3243a58a25ec2ac5e" prot="public" virt="non-virtual"><scope>DocRef</scope><name>Kind_IncOperator</name></member>
      <member refid="d9/d0e/class_doc_node_1aebd16e89ca590d84cbd40543ea5faadba0c99bba8a3a83741f4cb5b488be07919" prot="public" virt="non-virtual"><scope>DocRef</scope><name>Kind_IndexEntry</name></member>
      <member refid="d9/d0e/class_doc_node_1aebd16e89ca590d84cbd40543ea5faadbaa908f2050f29caaa1852bc6bfc2167d7" prot="public" virt="non-virtual"><scope>DocRef</scope><name>Kind_Internal</name></member>
      <member refid="d9/d0e/class_doc_node_1aebd16e89ca590d84cbd40543ea5faadba08795b9078b94b17470db06f10e47e9a" prot="public" virt="non-virtual"><scope>DocRef</scope><name>Kind_InternalRef</name></member>
      <member refid="d9/d0e/class_doc_node_1aebd16e89ca590d84cbd40543ea5faadba806ec6c0d1fe6c3d855364ae3ab6f02e" prot="public" virt="non-virtual"><scope>DocRef</scope><name>Kind_LineBreak</name></member>
      <member refid="d9/d0e/class_doc_node_1aebd16e89ca590d84cbd40543ea5faadba3ea5a7ccd9136dff8ecd035c4d403c4d" prot="public" virt="non-virtual"><scope>DocRef</scope><name>Kind_Link</name></member>
      <member refid="d9/d0e/class_doc_node_1aebd16e89ca590d84cbd40543ea5faadba3078fef47a0dd99f4a3c2ea943e9dc38" prot="public" virt="non-virtual"><scope>DocRef</scope><name>Kind_LinkedWord</name></member>
      <member refid="d9/d0e/class_doc_node_1aebd16e89ca590d84cbd40543ea5faadbaf7a503a623b646514dbf0a1cdd4bc56d" prot="public" virt="non-virtual"><scope>DocRef</scope><name>Kind_MscFile</name></member>
      <member refid="d9/d0e/class_doc_node_1aebd16e89ca590d84cbd40543ea5faadbab386d3972ee5815e6403a2ba94d13da7" prot="public" virt="non-virtual"><scope>DocRef</scope><name>Kind_Para</name></member>
      <member refid="d9/d0e/class_doc_node_1aebd16e89ca590d84cbd40543ea5faadbada1efab7269767fb09ed0468023d47ef" prot="public" virt="non-virtual"><scope>DocRef</scope><name>Kind_ParamList</name></member>
      <member refid="d9/d0e/class_doc_node_1aebd16e89ca590d84cbd40543ea5faadba98f09f518a149bbd2ca945d8be62b2eb" prot="public" virt="non-virtual"><scope>DocRef</scope><name>Kind_ParamSect</name></member>
      <member refid="d9/d0e/class_doc_node_1aebd16e89ca590d84cbd40543ea5faadba7e37091374b5c3a40bc6080b727b8633" prot="public" virt="non-virtual"><scope>DocRef</scope><name>Kind_Ref</name></member>
      <member refid="d9/d0e/class_doc_node_1aebd16e89ca590d84cbd40543ea5faadba40f32b4da392f2e607acd9dcd51e97ef" prot="public" virt="non-virtual"><scope>DocRef</scope><name>Kind_Root</name></member>
      <member refid="d9/d0e/class_doc_node_1aebd16e89ca590d84cbd40543ea5faadbab434fb5f35821ac8e092397720a9986e" prot="public" virt="non-virtual"><scope>DocRef</scope><name>Kind_SecRefItem</name></member>
      <member refid="d9/d0e/class_doc_node_1aebd16e89ca590d84cbd40543ea5faadba8a1dc5275094432667a3b3f60ca6924e" prot="public" virt="non-virtual"><scope>DocRef</scope><name>Kind_SecRefList</name></member>
      <member refid="d9/d0e/class_doc_node_1aebd16e89ca590d84cbd40543ea5faadba2adb5849cad20cab071f918a8da06938" prot="public" virt="non-virtual"><scope>DocRef</scope><name>Kind_Section</name></member>
      <member refid="d9/d0e/class_doc_node_1aebd16e89ca590d84cbd40543ea5faadba653816fa54d8104dc69848cd470e9e50" prot="public" virt="non-virtual"><scope>DocRef</scope><name>Kind_SimpleList</name></member>
      <member refid="d9/d0e/class_doc_node_1aebd16e89ca590d84cbd40543ea5faadba3484d4b967a5e3650a21218cafe45bfc" prot="public" virt="non-virtual"><scope>DocRef</scope><name>Kind_SimpleListItem</name></member>
      <member refid="d9/d0e/class_doc_node_1aebd16e89ca590d84cbd40543ea5faadbac383a7308a123820e290b129354b945b" prot="public" virt="non-virtual"><scope>DocRef</scope><name>Kind_SimpleSect</name></member>
      <member refid="d9/d0e/class_doc_node_1aebd16e89ca590d84cbd40543ea5faadba9e64be26f9961dd56b44dc8bf940f612" prot="public" virt="non-virtual"><scope>DocRef</scope><name>Kind_SimpleSectSep</name></member>
      <member refid="d9/d0e/class_doc_node_1aebd16e89ca590d84cbd40543ea5faadba23b15e9d0bd5a796e7ea6bc5ddb90a51" prot="public" virt="non-virtual"><scope>DocRef</scope><name>Kind_StyleChange</name></member>
      <member refid="d9/d0e/class_doc_node_1aebd16e89ca590d84cbd40543ea5faadba11cfbdc9641f7d5e57bbf9d2d1ac29f6" prot="public" virt="non-virtual"><scope>DocRef</scope><name>Kind_Symbol</name></member>
      <member refid="d9/d0e/class_doc_node_1aebd16e89ca590d84cbd40543ea5faadba7625967c18a27b98c0253b1d8813b22a" prot="public" virt="non-virtual"><scope>DocRef</scope><name>Kind_Text</name></member>
      <member refid="d9/d0e/class_doc_node_1aebd16e89ca590d84cbd40543ea5faadba3a4f43b18aee3dae38339c2e322f019d" prot="public" virt="non-virtual"><scope>DocRef</scope><name>Kind_Title</name></member>
      <member refid="d9/d0e/class_doc_node_1aebd16e89ca590d84cbd40543ea5faadbaf65de407d32b599b5b8e3172e910921f" prot="public" virt="non-virtual"><scope>DocRef</scope><name>Kind_URL</name></member>
      <member refid="d9/d0e/class_doc_node_1aebd16e89ca590d84cbd40543ea5faadba647ae404715ce1ea95d747d03302d069" prot="public" virt="non-virtual"><scope>DocRef</scope><name>Kind_Verbatim</name></member>
      <member refid="d9/d0e/class_doc_node_1aebd16e89ca590d84cbd40543ea5faadba2c92a0041dfb7d3d024370d59840a9ec" prot="public" virt="non-virtual"><scope>DocRef</scope><name>Kind_VhdlFlow</name></member>
      <member refid="d9/d0e/class_doc_node_1aebd16e89ca590d84cbd40543ea5faadba19ac8d817d8ba62f451c9ac6b06052c9" prot="public" virt="non-virtual"><scope>DocRef</scope><name>Kind_WhiteSpace</name></member>
      <member refid="d9/d0e/class_doc_node_1aebd16e89ca590d84cbd40543ea5faadbafaa72c1c3a23f07645d1546177e265ad" prot="public" virt="non-virtual"><scope>DocRef</scope><name>Kind_Word</name></member>
      <member refid="d9/d0e/class_doc_node_1aebd16e89ca590d84cbd40543ea5faadbabf87f371a0f69d86d0e6606d31133d40" prot="public" virt="non-virtual"><scope>DocRef</scope><name>Kind_XRefItem</name></member>
      <member refid="d5/d68/class_doc_ref_1adff11d0b7cf915dfa4ebc247113a415c" prot="private" virt="non-virtual"><scope>DocRef</scope><name>m_anchor</name></member>
      <member refid="d7/da3/class_comp_accept_1af32d89695dc65d34b642dceb0da9e281" prot="protected" virt="non-virtual"><scope>DocRef</scope><name>m_children</name></member>
      <member refid="d5/d68/class_doc_ref_1a29d0a7b717ba04e6f3f2878f006b2e8a" prot="private" virt="non-virtual"><scope>DocRef</scope><name>m_file</name></member>
      <member refid="d5/d68/class_doc_ref_1aeaa75ed0b76c034f70c898b7a3f58375" prot="private" virt="non-virtual"><scope>DocRef</scope><name>m_isSubPage</name></member>
      <member refid="d9/d0e/class_doc_node_1a5f1139016d8919795a0e1c722d3e4b91" prot="protected" virt="non-virtual"><scope>DocRef</scope><name>m_parent</name></member>
      <member refid="d5/d68/class_doc_ref_1aa769e70afa5e3553f233dad598675ade" prot="private" virt="non-virtual"><scope>DocRef</scope><name>m_ref</name></member>
      <member refid="d5/d68/class_doc_ref_1aeb2e0decd8ebe1db2a844723c6731d56" prot="private" virt="non-virtual"><scope>DocRef</scope><name>m_refToAnchor</name></member>
      <member refid="d5/d68/class_doc_ref_1a68a2f7d4de03290ab41a4a5806e2a7f3" prot="private" virt="non-virtual"><scope>DocRef</scope><name>m_refToSection</name></member>
      <member refid="d5/d68/class_doc_ref_1ac2b2c5313e4e8ba35a5d91a5a1a8868c" prot="private" virt="non-virtual"><scope>DocRef</scope><name>m_relPath</name></member>
      <member refid="d5/d68/class_doc_ref_1a4b4f79d241a161d44cd3115b322ac6d0" prot="private" virt="non-virtual"><scope>DocRef</scope><name>m_text</name></member>
      <member refid="d9/d0e/class_doc_node_1a990d8b983962776a647e6231d38bd329" prot="public" virt="non-virtual"><scope>DocRef</scope><name>parent</name></member>
      <member refid="d5/d68/class_doc_ref_1a6004b78783411b8c5752371572afa3ef" prot="public" virt="non-virtual"><scope>DocRef</scope><name>parse</name></member>
      <member refid="d5/d68/class_doc_ref_1acec19cf25d3338063b21dce828a7d7c5" prot="public" virt="non-virtual"><scope>DocRef</scope><name>ref</name></member>
      <member refid="d5/d68/class_doc_ref_1ad3b557b70e0296dca6e16778dabe170f" prot="public" virt="non-virtual"><scope>DocRef</scope><name>refToAnchor</name></member>
      <member refid="d5/d68/class_doc_ref_1a91f7f964c7bb0a61be6bf6b1e3b08bb6" prot="public" virt="non-virtual"><scope>DocRef</scope><name>refToSection</name></member>
      <member refid="d5/d68/class_doc_ref_1a5a2d384a3c27a8e24cfab5b1ed099aba" prot="public" virt="non-virtual"><scope>DocRef</scope><name>relPath</name></member>
      <member refid="d9/d0e/class_doc_node_1a7059408f429dc1358764e334079ca986" prot="protected" virt="non-virtual"><scope>DocRef</scope><name>setInsidePreformatted</name></member>
      <member refid="d9/d0e/class_doc_node_1a2855de7ff1248fdb71e579087ae56098" prot="public" virt="non-virtual"><scope>DocRef</scope><name>setParent</name></member>
      <member refid="d5/d68/class_doc_ref_1a95d8db09f8ccb20150176439050225f0" prot="public" virt="non-virtual"><scope>DocRef</scope><name>targetTitle</name></member>
      <member refid="d7/da3/class_comp_accept_1a0efdf3a4631f1d7894bf5c4ba6025d1e" prot="public" virt="virtual"><scope>DocRef</scope><name>~CompAccept</name></member>
      <member refid="d9/d0e/class_doc_node_1a024e5ba89b140e83416f9f85f5f6d036" prot="public" virt="virtual"><scope>DocRef</scope><name>~DocNode</name></member>
    </listofallmembers>
  </compounddef>
</doxygen>
