<?xml version='1.0' encoding='UTF-8' standalone='no'?>
<doxygen xmlns:xsi="http://www.w3.org/2001/XMLSchema-instance" xsi:noNamespaceSchemaLocation="compound.xsd" version="1.8.2">
  <compounddef id="dd/daa/class_text_generator_docbook_impl" kind="class" prot="public">
    <compoundname>TextGeneratorDocbookImpl</compoundname>
    <basecompoundref refid="d0/dcf/class_text_generator_intf" prot="public" virt="non-virtual">TextGeneratorIntf</basecompoundref>
      <sectiondef kind="private-attrib">
      <memberdef kind="variable" id="dd/daa/class_text_generator_docbook_impl_1ad0a429bd90dede959dd3de2b52907448" prot="private" static="no" mutable="no">
        <type><ref refid="dc/d3c/class_f_text_stream" kindref="compound">FTextStream</ref> &amp;</type>
        <definition>FTextStream&amp; TextGeneratorDocbookImpl::m_t</definition>
        <argsstring></argsstring>
        <name>m_t</name>
        <briefdescription>
        </briefdescription>
        <detaileddescription>
        </detaileddescription>
        <inbodydescription>
        </inbodydescription>
        <location file="C:/Users/Mat/Projects/doxygraph/examples/doxygen-1.8.4/src/docbookgen.cpp" line="187" bodyfile="C:/Users/Mat/Projects/doxygraph/examples/doxygen-1.8.4/src/docbookgen.cpp" bodystart="187" bodyend="-1"/>
      </memberdef>
      </sectiondef>
      <sectiondef kind="public-func">
      <memberdef kind="function" id="dd/daa/class_text_generator_docbook_impl_1aacc7dff0ee499c32eb66240161d63057" prot="public" static="no" const="no" explicit="no" inline="yes" virt="non-virtual">
        <type></type>
        <definition>TextGeneratorDocbookImpl::TextGeneratorDocbookImpl</definition>
        <argsstring>(FTextStream &amp;t)</argsstring>
        <name>TextGeneratorDocbookImpl</name>
        <param>
          <type><ref refid="dc/d3c/class_f_text_stream" kindref="compound">FTextStream</ref> &amp;</type>
          <declname>t</declname>
        </param>
        <briefdescription>
        </briefdescription>
        <detaileddescription>
        </detaileddescription>
        <inbodydescription>
        </inbodydescription>
        <location file="C:/Users/Mat/Projects/doxygraph/examples/doxygen-1.8.4/src/docbookgen.cpp" line="174" bodyfile="C:/Users/Mat/Projects/doxygraph/examples/doxygen-1.8.4/src/docbookgen.cpp" bodystart="174" bodyend="174"/>
      </memberdef>
      <memberdef kind="function" id="dd/daa/class_text_generator_docbook_impl_1a88dd87629b351caf150ae057d37d6591" prot="public" static="no" const="yes" explicit="no" inline="yes" virt="non-virtual">
        <type>void</type>
        <definition>void TextGeneratorDocbookImpl::writeString</definition>
        <argsstring>(const char *s, bool) const </argsstring>
        <name>writeString</name>
        <param>
          <type>const char *</type>
          <declname>s</declname>
        </param>
        <param>
          <type>bool</type>
        </param>
        <briefdescription>
        </briefdescription>
        <detaileddescription>
        </detaileddescription>
        <inbodydescription>
        </inbodydescription>
        <location file="C:/Users/Mat/Projects/doxygraph/examples/doxygen-1.8.4/src/docbookgen.cpp" line="176" bodyfile="C:/Users/Mat/Projects/doxygraph/examples/doxygen-1.8.4/src/docbookgen.cpp" bodystart="175" bodyend="178"/>
      </memberdef>
      <memberdef kind="function" id="dd/daa/class_text_generator_docbook_impl_1a8a539fcbc77039d9b8bec7f6617bad62" prot="public" static="no" const="yes" explicit="no" inline="yes" virt="non-virtual">
        <type>void</type>
        <definition>void TextGeneratorDocbookImpl::writeBreak</definition>
        <argsstring>(int) const </argsstring>
        <name>writeBreak</name>
        <param>
          <type>int</type>
        </param>
        <briefdescription>
        </briefdescription>
        <detaileddescription>
        </detaileddescription>
        <inbodydescription>
        </inbodydescription>
        <location file="C:/Users/Mat/Projects/doxygraph/examples/doxygen-1.8.4/src/docbookgen.cpp" line="179" bodyfile="C:/Users/Mat/Projects/doxygraph/examples/doxygen-1.8.4/src/docbookgen.cpp" bodystart="179" bodyend="179"/>
      </memberdef>
      <memberdef kind="function" id="dd/daa/class_text_generator_docbook_impl_1a5fed19be0cb83b69fac2579715c18402" prot="public" static="no" const="yes" explicit="no" inline="yes" virt="non-virtual">
        <type>void</type>
        <definition>void TextGeneratorDocbookImpl::writeLink</definition>
        <argsstring>(const char *extRef, const char *file, const char *anchor, const char *text) const </argsstring>
        <name>writeLink</name>
        <param>
          <type>const char *</type>
          <declname>extRef</declname>
        </param>
        <param>
          <type>const char *</type>
          <declname>file</declname>
        </param>
        <param>
          <type>const char *</type>
          <declname>anchor</declname>
        </param>
        <param>
          <type>const char *</type>
          <declname>text</declname>
        </param>
        <briefdescription>
        </briefdescription>
        <detaileddescription>
        </detaileddescription>
        <inbodydescription>
        </inbodydescription>
        <location file="C:/Users/Mat/Projects/doxygraph/examples/doxygen-1.8.4/src/docbookgen.cpp" line="183" bodyfile="C:/Users/Mat/Projects/doxygraph/examples/doxygen-1.8.4/src/docbookgen.cpp" bodystart="180" bodyend="185"/>
      </memberdef>
      </sectiondef>
    <briefdescription>
    </briefdescription>
    <detaileddescription>
    </detaileddescription>
    <inheritancegraph>
      <node id="4251">
        <label>TextGeneratorDocbookImpl</label>
        <childnode refid="4252" relation="public-inheritance">
        </childnode>
      </node>
      <node id="4252">
        <label>TextGeneratorIntf</label>
        <link refid="d0/dcf/class_text_generator_intf"/>
      </node>
    </inheritancegraph>
    <collaborationgraph>
      <node id="4253">
        <label>TextGeneratorDocbookImpl</label>
        <childnode refid="4254" relation="public-inheritance">
        </childnode>
      </node>
      <node id="4254">
        <label>TextGeneratorIntf</label>
        <link refid="d0/dcf/class_text_generator_intf"/>
      </node>
    </collaborationgraph>
    <location file="C:/Users/Mat/Projects/doxygraph/examples/doxygen-1.8.4/src/docbookgen.cpp" line="172" bodyfile="C:/Users/Mat/Projects/doxygraph/examples/doxygen-1.8.4/src/docbookgen.cpp" bodystart="171" bodyend="188"/>
    <listofallmembers>
      <member refid="dd/daa/class_text_generator_docbook_impl_1ad0a429bd90dede959dd3de2b52907448" prot="private" virt="non-virtual"><scope>TextGeneratorDocbookImpl</scope><name>m_t</name></member>
      <member refid="dd/daa/class_text_generator_docbook_impl_1aacc7dff0ee499c32eb66240161d63057" prot="public" virt="non-virtual"><scope>TextGeneratorDocbookImpl</scope><name>TextGeneratorDocbookImpl</name></member>
      <member refid="dd/daa/class_text_generator_docbook_impl_1a8a539fcbc77039d9b8bec7f6617bad62" prot="public" virt="non-virtual"><scope>TextGeneratorDocbookImpl</scope><name>writeBreak</name></member>
      <member refid="dd/daa/class_text_generator_docbook_impl_1a5fed19be0cb83b69fac2579715c18402" prot="public" virt="non-virtual"><scope>TextGeneratorDocbookImpl</scope><name>writeLink</name></member>
      <member refid="dd/daa/class_text_generator_docbook_impl_1a88dd87629b351caf150ae057d37d6591" prot="public" virt="non-virtual"><scope>TextGeneratorDocbookImpl</scope><name>writeString</name></member>
      <member refid="d0/dcf/class_text_generator_intf_1a1d8bb006c0d74515154f55506e5e0748" prot="public" virt="virtual"><scope>TextGeneratorDocbookImpl</scope><name>~TextGeneratorIntf</name></member>
    </listofallmembers>
  </compounddef>
</doxygen>
