<?xml version='1.0' encoding='UTF-8' standalone='no'?>
<doxygen xmlns:xsi="http://www.w3.org/2001/XMLSchema-instance" xsi:noNamespaceSchemaLocation="compound.xsd" version="1.8.2">
  <compounddef id="dd/d78/memberlist_8h" kind="file">
    <compoundname>memberlist.h</compoundname>
    <includes local="no">qlist.h</includes>
    <includes refid="d4/d46/memberdef_8h" local="yes">memberdef.h</includes>
    <includes refid="d9/d21/sortdict_8h" local="yes">sortdict.h</includes>
    <includes refid="d9/d49/types_8h" local="yes">types.h</includes>
    <includedby refid="d1/da1/doxygen_8h" local="yes">src/doxygen.h</includedby>
    <includedby refid="de/d89/classdef_8cpp" local="yes">src/classdef.cpp</includedby>
    <includedby refid="d4/d3a/filedef_8h" local="yes">src/filedef.h</includedby>
    <includedby refid="d3/d17/defgen_8cpp" local="yes">src/defgen.cpp</includedby>
    <includedby refid="d3/dea/definition_8cpp" local="yes">src/definition.cpp</includedby>
    <includedby refid="d8/d29/docbookgen_8cpp" local="yes">src/docbookgen.cpp</includedby>
    <includedby refid="de/daa/dot_8cpp" local="yes">src/dot.cpp</includedby>
    <includedby refid="dc/d98/doxygen_8cpp" local="yes">src/doxygen.cpp</includedby>
    <includedby refid="d6/ddc/filedef_8cpp" local="yes">src/filedef.cpp</includedby>
    <includedby refid="d6/d42/groupdef_8cpp" local="yes">src/groupdef.cpp</includedby>
    <includedby refid="db/d14/index_8cpp" local="yes">src/index.cpp</includedby>
    <includedby refid="d9/d85/marshal_8cpp" local="yes">src/marshal.cpp</includedby>
    <includedby refid="d0/d72/memberdef_8cpp" local="yes">src/memberdef.cpp</includedby>
    <includedby refid="d6/d18/membergroup_8cpp" local="yes">src/membergroup.cpp</includedby>
    <includedby refid="d0/d14/memberlist_8cpp" local="yes">src/memberlist.cpp</includedby>
    <includedby refid="d7/d1c/namespacedef_8cpp" local="yes">src/namespacedef.cpp</includedby>
    <includedby refid="de/dd0/perlmodgen_8cpp" local="yes">src/perlmodgen.cpp</includedby>
    <includedby refid="df/d2d/util_8cpp" local="yes">src/util.cpp</includedby>
    <includedby refid="de/dea/vhdldocgen_8cpp" local="yes">src/vhdldocgen.cpp</includedby>
    <includedby refid="d0/dc3/xmlgen_8cpp" local="yes">src/xmlgen.cpp</includedby>
    <incdepgraph>
      <node id="3651">
        <label>qcstring.h</label>
      </node>
      <node id="3654">
        <label>sortdict.h</label>
        <link refid="d9/d21/sortdict_8h_source"/>
        <childnode refid="3647" relation="include">
        </childnode>
        <childnode refid="3653" relation="include">
        </childnode>
        <childnode refid="3655" relation="include">
        </childnode>
      </node>
      <node id="3646">
        <label>src/memberlist.h</label>
        <link refid="memberlist.h"/>
        <childnode refid="3647" relation="include">
        </childnode>
        <childnode refid="3648" relation="include">
        </childnode>
        <childnode refid="3654" relation="include">
        </childnode>
        <childnode refid="3650" relation="include">
        </childnode>
      </node>
      <node id="3655">
        <label>qintdict.h</label>
      </node>
      <node id="3649">
        <label>sys/types.h</label>
      </node>
      <node id="3650">
        <label>types.h</label>
        <link refid="d9/d49/types_8h"/>
        <childnode refid="3651" relation="include">
        </childnode>
      </node>
      <node id="3647">
        <label>qlist.h</label>
      </node>
      <node id="3648">
        <label>memberdef.h</label>
        <link refid="d4/d46/memberdef_8h_source"/>
        <childnode refid="3647" relation="include">
        </childnode>
        <childnode refid="3649" relation="include">
        </childnode>
        <childnode refid="3650" relation="include">
        </childnode>
        <childnode refid="3652" relation="include">
        </childnode>
      </node>
      <node id="3652">
        <label>definition.h</label>
        <link refid="df/da1/definition_8h_source"/>
        <childnode refid="3647" relation="include">
        </childnode>
        <childnode refid="3653" relation="include">
        </childnode>
        <childnode refid="3650" relation="include">
        </childnode>
      </node>
      <node id="3653">
        <label>qdict.h</label>
      </node>
    </incdepgraph>
    <invincdepgraph>
      <node id="3708">
        <label>src/marshal.cpp</label>
        <link refid="d9/d85/marshal_8cpp_source"/>
      </node>
      <node id="3699">
        <label>src/tagreader.cpp</label>
        <link refid="d4/d7b/tagreader_8cpp_source"/>
      </node>
      <node id="3676">
        <label>src/htmldocvisitor.cpp</label>
        <link refid="da/db0/htmldocvisitor_8cpp_source"/>
      </node>
      <node id="3695">
        <label>src/qhp.cpp</label>
        <link refid="d9/d45/qhp_8cpp_source"/>
      </node>
      <node id="3696">
        <label>src/rtfdocvisitor.cpp</label>
        <link refid="de/d9a/rtfdocvisitor_8cpp_source"/>
      </node>
      <node id="3666">
        <label>src/docparser.cpp</label>
        <link refid="da/d17/docparser_8cpp_source"/>
      </node>
      <node id="3688">
        <label>src/membergroup.cpp</label>
        <link refid="d6/d18/membergroup_8cpp_source"/>
      </node>
      <node id="3687">
        <label>src/memberdef.cpp</label>
        <link refid="d0/d72/memberdef_8cpp_source"/>
      </node>
      <node id="3669">
        <label>src/doxygen.cpp</label>
        <link refid="dc/d98/doxygen_8cpp_source"/>
      </node>
      <node id="3668">
        <label>src/dot.cpp</label>
        <link refid="de/daa/dot_8cpp_source"/>
      </node>
      <node id="3701">
        <label>src/vhdldocgen.cpp</label>
        <link refid="de/dea/vhdldocgen_8cpp_source"/>
      </node>
      <node id="3697">
        <label>src/rtfgen.cpp</label>
        <link refid="d0/d9c/rtfgen_8cpp_source"/>
      </node>
      <node id="3684">
        <label>src/mandocvisitor.cpp</label>
        <link refid="d8/dde/mandocvisitor_8cpp_source"/>
      </node>
      <node id="3659">
        <label>src/classlist.cpp</label>
        <link refid="d6/d10/classlist_8cpp_source"/>
      </node>
      <node id="3693">
        <label>src/pagedef.cpp</label>
        <link refid="d9/db4/pagedef_8cpp_source"/>
      </node>
      <node id="3660">
        <label>src/defgen.cpp</label>
        <link refid="d3/d17/defgen_8cpp_source"/>
      </node>
      <node id="3671">
        <label>src/entry.cpp</label>
        <link refid="d2/dd2/entry_8cpp_source"/>
      </node>
      <node id="3700">
        <label>src/util.cpp</label>
        <link refid="df/d2d/util_8cpp_source"/>
      </node>
      <node id="3691">
        <label>src/msc.cpp</label>
        <link refid="db/d33/msc_8cpp_source"/>
      </node>
      <node id="3680">
        <label>src/latexdocvisitor.cpp</label>
        <link refid="d1/d4e/latexdocvisitor_8cpp_source"/>
      </node>
      <node id="3656">
        <label>src/memberlist.h</label>
        <link refid="memberlist.h"/>
        <childnode refid="3657" relation="include">
        </childnode>
        <childnode refid="3658" relation="include">
        </childnode>
        <childnode refid="3704" relation="include">
        </childnode>
        <childnode refid="3660" relation="include">
        </childnode>
        <childnode refid="3661" relation="include">
        </childnode>
        <childnode refid="3664" relation="include">
        </childnode>
        <childnode refid="3668" relation="include">
        </childnode>
        <childnode refid="3669" relation="include">
        </childnode>
        <childnode refid="3672" relation="include">
        </childnode>
        <childnode refid="3675" relation="include">
        </childnode>
        <childnode refid="3679" relation="include">
        </childnode>
        <childnode refid="3708" relation="include">
        </childnode>
        <childnode refid="3687" relation="include">
        </childnode>
        <childnode refid="3688" relation="include">
        </childnode>
        <childnode refid="3689" relation="include">
        </childnode>
        <childnode refid="3692" relation="include">
        </childnode>
        <childnode refid="3694" relation="include">
        </childnode>
        <childnode refid="3700" relation="include">
        </childnode>
        <childnode refid="3701" relation="include">
        </childnode>
        <childnode refid="3703" relation="include">
        </childnode>
      </node>
      <node id="3690">
        <label>src/message.cpp</label>
        <link refid="d8/d6a/message_8cpp_source"/>
      </node>
      <node id="3698">
        <label>src/searchindex.cpp</label>
        <link refid="d7/d79/searchindex_8cpp_source"/>
      </node>
      <node id="3672">
        <label>src/filedef.cpp</label>
        <link refid="d6/ddc/filedef_8cpp_source"/>
      </node>
      <node id="3675">
        <label>src/groupdef.cpp</label>
        <link refid="d6/d42/groupdef_8cpp_source"/>
      </node>
      <node id="3664">
        <label>src/docbookgen.cpp</label>
        <link refid="d8/d29/docbookgen_8cpp_source"/>
      </node>
      <node id="3706">
        <label>src/filename.cpp</label>
        <link refid="de/d36/filename_8cpp_source"/>
      </node>
      <node id="3663">
        <label>src/dirdef.cpp</label>
        <link refid="d8/d52/dirdef_8cpp_source"/>
      </node>
      <node id="3694">
        <label>src/perlmodgen.cpp</label>
        <link refid="de/dd0/perlmodgen_8cpp_source"/>
      </node>
      <node id="3705">
        <label>src/filename.h</label>
        <link refid="dc/dd6/filename_8h_source"/>
        <childnode refid="3660" relation="include">
        </childnode>
        <childnode refid="3663" relation="include">
        </childnode>
        <childnode refid="3664" relation="include">
        </childnode>
        <childnode refid="3665" relation="include">
        </childnode>
        <childnode refid="3668" relation="include">
        </childnode>
        <childnode refid="3669" relation="include">
        </childnode>
        <childnode refid="3672" relation="include">
        </childnode>
        <childnode refid="3706" relation="include">
        </childnode>
        <childnode refid="3679" relation="include">
        </childnode>
        <childnode refid="3681" relation="include">
        </childnode>
        <childnode refid="3694" relation="include">
        </childnode>
        <childnode refid="3697" relation="include">
        </childnode>
        <childnode refid="3698" relation="include">
        </childnode>
        <childnode refid="3699" relation="include">
        </childnode>
        <childnode refid="3700" relation="include">
        </childnode>
        <childnode refid="3701" relation="include">
        </childnode>
        <childnode refid="3702" relation="include">
        </childnode>
        <childnode refid="3703" relation="include">
        </childnode>
      </node>
      <node id="3661">
        <label>src/definition.cpp</label>
        <link refid="d3/dea/definition_8cpp_source"/>
      </node>
      <node id="3692">
        <label>src/namespacedef.cpp</label>
        <link refid="d7/d1c/namespacedef_8cpp_source"/>
      </node>
      <node id="3673">
        <label>src/formula.cpp</label>
        <link refid="d7/d5b/formula_8cpp_source"/>
      </node>
      <node id="3702">
        <label>src/xmldocvisitor.cpp</label>
        <link refid="dd/db6/xmldocvisitor_8cpp_source"/>
      </node>
      <node id="3665">
        <label>src/docbookvisitor.cpp</label>
        <link refid="dc/d05/docbookvisitor_8cpp_source"/>
      </node>
      <node id="3685">
        <label>src/mangen.cpp</label>
        <link refid="d7/de7/mangen_8cpp_source"/>
      </node>
      <node id="3674">
        <label>src/ftvhelp.cpp</label>
        <link refid="db/d41/ftvhelp_8cpp_source"/>
      </node>
      <node id="3703">
        <label>src/xmlgen.cpp</label>
        <link refid="d0/dc3/xmlgen_8cpp_source"/>
      </node>
      <node id="3677">
        <label>src/htmlgen.cpp</label>
        <link refid="d8/d6e/htmlgen_8cpp_source"/>
      </node>
      <node id="3679">
        <label>src/index.cpp</label>
        <link refid="db/d14/index_8cpp"/>
      </node>
      <node id="3682">
        <label>src/layout.cpp</label>
        <link refid="db/d16/layout_8cpp_source"/>
      </node>
      <node id="3689">
        <label>src/memberlist.cpp</label>
        <link refid="d0/d14/memberlist_8cpp_source"/>
      </node>
      <node id="3667">
        <label>src/docsets.cpp</label>
        <link refid="d7/d8f/docsets_8cpp_source"/>
      </node>
      <node id="3670">
        <label>src/eclipsehelp.cpp</label>
        <link refid="d8/d56/eclipsehelp_8cpp_source"/>
      </node>
      <node id="3707">
        <label>src/membername.cpp</label>
        <link refid="de/d1d/membername_8cpp_source"/>
      </node>
      <node id="3657">
        <label>src/doxygen.h</label>
        <link refid="d1/da1/doxygen_8h_source"/>
        <childnode refid="3658" relation="include">
        </childnode>
        <childnode refid="3659" relation="include">
        </childnode>
        <childnode refid="3660" relation="include">
        </childnode>
        <childnode refid="3661" relation="include">
        </childnode>
        <childnode refid="3662" relation="include">
        </childnode>
        <childnode refid="3663" relation="include">
        </childnode>
        <childnode refid="3664" relation="include">
        </childnode>
        <childnode refid="3665" relation="include">
        </childnode>
        <childnode refid="3666" relation="include">
        </childnode>
        <childnode refid="3667" relation="include">
        </childnode>
        <childnode refid="3668" relation="include">
        </childnode>
        <childnode refid="3669" relation="include">
        </childnode>
        <childnode refid="3670" relation="include">
        </childnode>
        <childnode refid="3671" relation="include">
        </childnode>
        <childnode refid="3672" relation="include">
        </childnode>
        <childnode refid="3673" relation="include">
        </childnode>
        <childnode refid="3674" relation="include">
        </childnode>
        <childnode refid="3675" relation="include">
        </childnode>
        <childnode refid="3676" relation="include">
        </childnode>
        <childnode refid="3677" relation="include">
        </childnode>
        <childnode refid="3678" relation="include">
        </childnode>
        <childnode refid="3679" relation="include">
        </childnode>
        <childnode refid="3680" relation="include">
        </childnode>
        <childnode refid="3681" relation="include">
        </childnode>
        <childnode refid="3682" relation="include">
        </childnode>
        <childnode refid="3683" relation="include">
        </childnode>
        <childnode refid="3684" relation="include">
        </childnode>
        <childnode refid="3685" relation="include">
        </childnode>
        <childnode refid="3686" relation="include">
        </childnode>
        <childnode refid="3687" relation="include">
        </childnode>
        <childnode refid="3688" relation="include">
        </childnode>
        <childnode refid="3689" relation="include">
        </childnode>
        <childnode refid="3690" relation="include">
        </childnode>
        <childnode refid="3691" relation="include">
        </childnode>
        <childnode refid="3692" relation="include">
        </childnode>
        <childnode refid="3693" relation="include">
        </childnode>
        <childnode refid="3694" relation="include">
        </childnode>
        <childnode refid="3695" relation="include">
        </childnode>
        <childnode refid="3696" relation="include">
        </childnode>
        <childnode refid="3697" relation="include">
        </childnode>
        <childnode refid="3698" relation="include">
        </childnode>
        <childnode refid="3699" relation="include">
        </childnode>
        <childnode refid="3700" relation="include">
        </childnode>
        <childnode refid="3701" relation="include">
        </childnode>
        <childnode refid="3702" relation="include">
        </childnode>
        <childnode refid="3703" relation="include">
        </childnode>
      </node>
      <node id="3704">
        <label>src/filedef.h</label>
        <link refid="d4/d3a/filedef_8h_source"/>
        <childnode refid="3658" relation="include">
        </childnode>
        <childnode refid="3660" relation="include">
        </childnode>
        <childnode refid="3705" relation="include">
        </childnode>
        <childnode refid="3661" relation="include">
        </childnode>
        <childnode refid="3665" relation="include">
        </childnode>
        <childnode refid="3666" relation="include">
        </childnode>
        <childnode refid="3667" relation="include">
        </childnode>
        <childnode refid="3672" relation="include">
        </childnode>
        <childnode refid="3674" relation="include">
        </childnode>
        <childnode refid="3675" relation="include">
        </childnode>
        <childnode refid="3676" relation="include">
        </childnode>
        <childnode refid="3678" relation="include">
        </childnode>
        <childnode refid="3679" relation="include">
        </childnode>
        <childnode refid="3680" relation="include">
        </childnode>
        <childnode refid="3684" relation="include">
        </childnode>
        <childnode refid="3687" relation="include">
        </childnode>
        <childnode refid="3688" relation="include">
        </childnode>
        <childnode refid="3689" relation="include">
        </childnode>
        <childnode refid="3707" relation="include">
        </childnode>
        <childnode refid="3690" relation="include">
        </childnode>
        <childnode refid="3695" relation="include">
        </childnode>
        <childnode refid="3696" relation="include">
        </childnode>
        <childnode refid="3698" relation="include">
        </childnode>
        <childnode refid="3699" relation="include">
        </childnode>
        <childnode refid="3700" relation="include">
        </childnode>
      </node>
      <node id="3683">
        <label>src/main.cpp</label>
        <link refid="df/d0a/main_8cpp"/>
      </node>
      <node id="3686">
        <label>src/markdown.cpp</label>
        <link refid="de/d04/markdown_8cpp_source"/>
      </node>
      <node id="3678">
        <label>src/htmlhelp.cpp</label>
        <link refid="d3/d4b/htmlhelp_8cpp_source"/>
      </node>
      <node id="3662">
        <label>src/diagram.cpp</label>
        <link refid="da/d0d/diagram_8cpp_source"/>
      </node>
      <node id="3658">
        <label>src/classdef.cpp</label>
        <link refid="de/d89/classdef_8cpp_source"/>
      </node>
      <node id="3681">
        <label>src/latexgen.cpp</label>
        <link refid="d4/d42/latexgen_8cpp_source"/>
      </node>
    </invincdepgraph>
    <innerclass refid="dd/d13/class_member_list" prot="public">MemberList</innerclass>
    <innerclass refid="d0/d3c/class_member_list_iterator" prot="public">MemberListIterator</innerclass>
    <innerclass refid="d6/d32/class_member_dict" prot="public">MemberDict</innerclass>
    <innerclass refid="d6/dd6/class_member_s_dict" prot="public">MemberSDict</innerclass>
    <briefdescription>
    </briefdescription>
    <detaileddescription>
    </detaileddescription>
    <programlisting>
<codeline lineno="1"><highlight class="comment">/******************************************************************************</highlight></codeline>
<codeline lineno="2"><highlight class="comment"><sp/>*</highlight></codeline>
<codeline lineno="3"><highlight class="comment"><sp/>*<sp/>$Id:<sp/>memberlist.h,v<sp/>1.19<sp/>2001/03/19<sp/>19:27:41<sp/>root<sp/>Exp<sp/>$</highlight></codeline>
<codeline lineno="4"><highlight class="comment"><sp/>*</highlight></codeline>
<codeline lineno="5"><highlight class="comment"><sp/>*<sp/>Copyright<sp/>(C)<sp/>1997-2013<sp/>by<sp/>Dimitri<sp/>van<sp/>Heesch.</highlight></codeline>
<codeline lineno="6"><highlight class="comment"><sp/>*</highlight></codeline>
<codeline lineno="7"><highlight class="comment"><sp/>*<sp/>Permission<sp/>to<sp/>use,<sp/>copy,<sp/>modify,<sp/>and<sp/>distribute<sp/>this<sp/>software<sp/>and<sp/>its</highlight></codeline>
<codeline lineno="8"><highlight class="comment"><sp/>*<sp/>documentation<sp/>under<sp/>the<sp/>terms<sp/>of<sp/>the<sp/>GNU<sp/>General<sp/>Public<sp/>License<sp/>is<sp/>hereby<sp/></highlight></codeline>
<codeline lineno="9"><highlight class="comment"><sp/>*<sp/>granted.<sp/>No<sp/>representations<sp/>are<sp/>made<sp/>about<sp/>the<sp/>suitability<sp/>of<sp/>this<sp/>software<sp/></highlight></codeline>
<codeline lineno="10"><highlight class="comment"><sp/>*<sp/>for<sp/>any<sp/>purpose.<sp/>It<sp/>is<sp/>provided<sp/>&quot;as<sp/>is&quot;<sp/>without<sp/>express<sp/>or<sp/>implied<sp/>warranty.</highlight></codeline>
<codeline lineno="11"><highlight class="comment"><sp/>*<sp/>See<sp/>the<sp/>GNU<sp/>General<sp/>Public<sp/>License<sp/>for<sp/>more<sp/>details.</highlight></codeline>
<codeline lineno="12"><highlight class="comment"><sp/>*</highlight></codeline>
<codeline lineno="13"><highlight class="comment"><sp/>*<sp/>Documents<sp/>produced<sp/>by<sp/>Doxygen<sp/>are<sp/>derivative<sp/>works<sp/>derived<sp/>from<sp/>the</highlight></codeline>
<codeline lineno="14"><highlight class="comment"><sp/>*<sp/>input<sp/>used<sp/>in<sp/>their<sp/>production;<sp/>they<sp/>are<sp/>not<sp/>affected<sp/>by<sp/>this<sp/>license.</highlight></codeline>
<codeline lineno="15"><highlight class="comment"><sp/>*</highlight></codeline>
<codeline lineno="16"><highlight class="comment"><sp/>*/</highlight><highlight class="normal"></highlight></codeline>
<codeline lineno="17"><highlight class="normal"></highlight></codeline>
<codeline lineno="18"><highlight class="normal"></highlight><highlight class="preprocessor">#ifndef<sp/>MEMBERLIST_H</highlight></codeline>
<codeline lineno="19"><highlight class="preprocessor"></highlight><highlight class="preprocessor">#define<sp/>MEMBERLIST_H</highlight></codeline>
<codeline lineno="20"><highlight class="preprocessor"></highlight><highlight class="normal"></highlight></codeline>
<codeline lineno="21"><highlight class="normal"></highlight><highlight class="preprocessor">#include<sp/>&lt;qlist.h&gt;</highlight><highlight class="normal"></highlight></codeline>
<codeline lineno="22"><highlight class="normal"></highlight><highlight class="preprocessor">#include<sp/>&quot;memberdef.h&quot;</highlight><highlight class="normal"></highlight></codeline>
<codeline lineno="23"><highlight class="normal"></highlight><highlight class="preprocessor">#include<sp/>&quot;sortdict.h&quot;</highlight><highlight class="normal"></highlight></codeline>
<codeline lineno="24"><highlight class="normal"></highlight><highlight class="preprocessor">#include<sp/>&quot;<ref refid="d9/d49/types_8h" kindref="compound" tooltip="This file contains a number of basic enums and types.">types.h</ref>&quot;</highlight><highlight class="normal"></highlight></codeline>
<codeline lineno="25"><highlight class="normal"></highlight></codeline>
<codeline lineno="26"><highlight class="normal"></highlight><highlight class="keyword">class<sp/></highlight><highlight class="normal"><ref refid="d8/d09/class_group_def" kindref="compound" tooltip="A model of a group of symbols.">GroupDef</ref>;</highlight></codeline>
<codeline lineno="27"><highlight class="normal"></highlight><highlight class="keyword">class<sp/></highlight><highlight class="normal"><ref refid="da/d32/class_member_group" kindref="compound" tooltip="A class representing a group of members.">MemberGroup</ref>;</highlight></codeline>
<codeline lineno="28"><highlight class="normal"></highlight><highlight class="keyword">class<sp/></highlight><highlight class="normal"><ref refid="df/d11/class_member_group_list" kindref="compound" tooltip="A list of MemberGroup objects.">MemberGroupList</ref>;</highlight></codeline>
<codeline lineno="29"><highlight class="normal"></highlight><highlight class="keyword">class<sp/></highlight><highlight class="normal"><ref refid="d7/db0/class_storage_intf" kindref="compound" tooltip="Abstract interface for file based memory storage operations.">StorageIntf</ref>;</highlight></codeline>
<codeline lineno="30"><highlight class="normal"></highlight></codeline>
<codeline lineno="32" refid="dd/d13/class_member_list" refkind="compound"><highlight class="keyword">class<sp/></highlight><highlight class="normal"><ref refid="dd/d13/class_member_list" kindref="compound" tooltip="A list of MemberDef objects.">MemberList</ref><sp/>:<sp/></highlight><highlight class="keyword">public</highlight><highlight class="normal"><sp/><ref refid="db/daa/class_q_list" kindref="compound">QList</ref>&lt;MemberDef&gt;<sp/></highlight></codeline>
<codeline lineno="33"><highlight class="normal">{<sp/></highlight></codeline>
<codeline lineno="34"><highlight class="normal"><sp/><sp/></highlight><highlight class="keyword">public</highlight><highlight class="normal">:</highlight></codeline>
<codeline lineno="35"><highlight class="normal"><sp/><sp/><sp/><sp/><ref refid="dd/d13/class_member_list" kindref="compound" tooltip="A list of MemberDef objects.">MemberList</ref>();</highlight></codeline>
<codeline lineno="36"><highlight class="normal"><sp/><sp/><sp/><sp/><ref refid="dd/d13/class_member_list" kindref="compound" tooltip="A list of MemberDef objects.">MemberList</ref>(MemberListType<sp/>lt);</highlight></codeline>
<codeline lineno="37"><highlight class="normal"><sp/><sp/><sp/>~<ref refid="dd/d13/class_member_list" kindref="compound" tooltip="A list of MemberDef objects.">MemberList</ref>();</highlight></codeline>
<codeline lineno="38"><highlight class="normal"><sp/><sp/><sp/><sp/>MemberListType<sp/>listType()</highlight><highlight class="keyword"><sp/>const<sp/></highlight><highlight class="normal">{<sp/></highlight><highlight class="keywordflow">return</highlight><highlight class="normal"><sp/>m_listType;<sp/>}</highlight></codeline>
<codeline lineno="39"><highlight class="normal"><sp/><sp/><sp/><sp/>QCString<sp/>listTypeAsString()<sp/></highlight><highlight class="keyword">const</highlight><highlight class="normal">;</highlight></codeline>
<codeline lineno="40"><highlight class="normal"><sp/><sp/><sp/><sp/></highlight><highlight class="keywordtype">bool</highlight><highlight class="normal"><sp/>insert(uint<sp/>index,</highlight><highlight class="keyword">const</highlight><highlight class="normal"><sp/><ref refid="da/d09/class_member_def" kindref="compound" tooltip="A model of a class/file/namespace member symbol.">MemberDef</ref><sp/>*md);</highlight></codeline>
<codeline lineno="41"><highlight class="normal"><sp/><sp/><sp/><sp/></highlight><highlight class="keywordtype">void</highlight><highlight class="normal"><sp/>inSort(</highlight><highlight class="keyword">const</highlight><highlight class="normal"><sp/><ref refid="da/d09/class_member_def" kindref="compound" tooltip="A model of a class/file/namespace member symbol.">MemberDef</ref><sp/>*md);</highlight></codeline>
<codeline lineno="42"><highlight class="normal"><sp/><sp/><sp/><sp/></highlight><highlight class="keywordtype">void</highlight><highlight class="normal"><sp/>append(</highlight><highlight class="keyword">const</highlight><highlight class="normal"><sp/><ref refid="da/d09/class_member_def" kindref="compound" tooltip="A model of a class/file/namespace member symbol.">MemberDef</ref><sp/>*md);</highlight></codeline>
<codeline lineno="43"><highlight class="normal"><sp/><sp/><sp/><sp/></highlight><highlight class="keywordtype">int</highlight><highlight class="normal"><sp/>compareItems(QCollection::Item<sp/>item1,QCollection::Item<sp/>item2);</highlight></codeline>
<codeline lineno="44"><highlight class="normal"><sp/><sp/><sp/><sp/></highlight><highlight class="keywordtype">int</highlight><highlight class="normal"><sp/>varCount()</highlight><highlight class="keyword"><sp/>const<sp/><sp/><sp/><sp/><sp/><sp/><sp/></highlight><highlight class="normal">{<sp/>ASSERT(m_numDecMembers!=-1);<sp/></highlight><highlight class="keywordflow">return</highlight><highlight class="normal"><sp/>m_varCnt;<sp/><sp/><sp/><sp/><sp/>}</highlight></codeline>
<codeline lineno="45"><highlight class="normal"><sp/><sp/><sp/><sp/></highlight><highlight class="keywordtype">int</highlight><highlight class="normal"><sp/>funcCount()</highlight><highlight class="keyword"><sp/>const<sp/><sp/><sp/><sp/><sp/><sp/></highlight><highlight class="normal">{<sp/>ASSERT(m_numDecMembers!=-1);<sp/></highlight><highlight class="keywordflow">return</highlight><highlight class="normal"><sp/>m_funcCnt;<sp/><sp/><sp/><sp/>}</highlight></codeline>
<codeline lineno="46"><highlight class="normal"><sp/><sp/><sp/><sp/></highlight><highlight class="keywordtype">int</highlight><highlight class="normal"><sp/>enumCount()</highlight><highlight class="keyword"><sp/>const<sp/><sp/><sp/><sp/><sp/><sp/></highlight><highlight class="normal">{<sp/>ASSERT(m_numDecMembers!=-1);<sp/></highlight><highlight class="keywordflow">return</highlight><highlight class="normal"><sp/>m_enumCnt;<sp/><sp/><sp/><sp/>}</highlight></codeline>
<codeline lineno="47"><highlight class="normal"><sp/><sp/><sp/><sp/></highlight><highlight class="keywordtype">int</highlight><highlight class="normal"><sp/>enumValueCount()</highlight><highlight class="keyword"><sp/>const<sp/></highlight><highlight class="normal">{<sp/>ASSERT(m_numDecMembers!=-1);<sp/></highlight><highlight class="keywordflow">return</highlight><highlight class="normal"><sp/>m_enumValCnt;<sp/>}</highlight></codeline>
<codeline lineno="48"><highlight class="normal"><sp/><sp/><sp/><sp/></highlight><highlight class="keywordtype">int</highlight><highlight class="normal"><sp/>typedefCount()</highlight><highlight class="keyword"><sp/>const<sp/><sp/><sp/></highlight><highlight class="normal">{<sp/>ASSERT(m_numDecMembers!=-1);<sp/></highlight><highlight class="keywordflow">return</highlight><highlight class="normal"><sp/>m_typeCnt;<sp/><sp/><sp/><sp/>}</highlight></codeline>
<codeline lineno="49"><highlight class="normal"><sp/><sp/><sp/><sp/></highlight><highlight class="keywordtype">int</highlight><highlight class="normal"><sp/>protoCount()</highlight><highlight class="keyword"><sp/>const<sp/><sp/><sp/><sp/><sp/></highlight><highlight class="normal">{<sp/>ASSERT(m_numDecMembers!=-1);<sp/></highlight><highlight class="keywordflow">return</highlight><highlight class="normal"><sp/>m_protoCnt;<sp/><sp/><sp/>}</highlight></codeline>
<codeline lineno="50"><highlight class="normal"><sp/><sp/><sp/><sp/></highlight><highlight class="keywordtype">int</highlight><highlight class="normal"><sp/>defineCount()</highlight><highlight class="keyword"><sp/>const<sp/><sp/><sp/><sp/></highlight><highlight class="normal">{<sp/>ASSERT(m_numDecMembers!=-1);<sp/></highlight><highlight class="keywordflow">return</highlight><highlight class="normal"><sp/>m_defCnt;<sp/><sp/><sp/><sp/><sp/>}</highlight></codeline>
<codeline lineno="51"><highlight class="normal"><sp/><sp/><sp/><sp/></highlight><highlight class="keywordtype">int</highlight><highlight class="normal"><sp/>friendCount()</highlight><highlight class="keyword"><sp/>const<sp/><sp/><sp/><sp/></highlight><highlight class="normal">{<sp/>ASSERT(m_numDecMembers!=-1);<sp/></highlight><highlight class="keywordflow">return</highlight><highlight class="normal"><sp/>m_friendCnt;<sp/><sp/>}</highlight></codeline>
<codeline lineno="52"><highlight class="normal"><sp/><sp/><sp/><sp/></highlight><highlight class="keywordtype">int</highlight><highlight class="normal"><sp/>numDecMembers()</highlight><highlight class="keyword"><sp/>const<sp/><sp/></highlight><highlight class="normal">{<sp/>ASSERT(m_numDecMembers!=-1);<sp/></highlight><highlight class="keywordflow">return</highlight><highlight class="normal"><sp/>m_numDecMembers;<sp/>}</highlight></codeline>
<codeline lineno="53"><highlight class="normal"><sp/><sp/><sp/><sp/></highlight><highlight class="keywordtype">int</highlight><highlight class="normal"><sp/>numDocMembers()</highlight><highlight class="keyword"><sp/>const<sp/><sp/></highlight><highlight class="normal">{<sp/>ASSERT(m_numDocMembers!=-1);<sp/></highlight><highlight class="keywordflow">return</highlight><highlight class="normal"><sp/>m_numDocMembers;<sp/>}</highlight></codeline>
<codeline lineno="54"><highlight class="normal"><sp/><sp/><sp/><sp/></highlight><highlight class="keywordtype">bool</highlight><highlight class="normal"><sp/>needsSorting()</highlight><highlight class="keyword"><sp/>const<sp/><sp/></highlight><highlight class="normal">{<sp/></highlight><highlight class="keywordflow">return</highlight><highlight class="normal"><sp/>m_needsSorting;<sp/>}</highlight></codeline>
<codeline lineno="55"><highlight class="normal"><sp/><sp/><sp/><sp/></highlight><highlight class="keywordtype">void</highlight><highlight class="normal"><sp/><ref refid="dd/d13/class_member_list_1a66706c34a0b45bb65a60db005109f2f5" kindref="member">countDecMembers</ref>(</highlight><highlight class="keywordtype">bool</highlight><highlight class="normal"><sp/>countEnumValues=FALSE,<ref refid="d8/d09/class_group_def" kindref="compound" tooltip="A model of a group of symbols.">GroupDef</ref><sp/>*gd=0);</highlight></codeline>
<codeline lineno="56"><highlight class="normal"><sp/><sp/><sp/><sp/></highlight><highlight class="keywordtype">void</highlight><highlight class="normal"><sp/>countDocMembers(</highlight><highlight class="keywordtype">bool</highlight><highlight class="normal"><sp/>countEnumValues=FALSE);</highlight></codeline>
<codeline lineno="57"><highlight class="normal"><sp/><sp/><sp/><sp/></highlight><highlight class="keywordtype">int</highlight><highlight class="normal"><sp/>countInheritableMembers(<ref refid="d1/dcf/class_class_def" kindref="compound" tooltip="A class representing of a compound symbol.">ClassDef</ref><sp/>*inheritedFrom)<sp/></highlight><highlight class="keyword">const</highlight><highlight class="normal">;</highlight></codeline>
<codeline lineno="58"><highlight class="normal"><sp/><sp/><sp/><sp/></highlight><highlight class="keywordtype">void</highlight><highlight class="normal"><sp/>writePlainDeclarations(<ref refid="df/dc8/class_output_list" kindref="compound" tooltip="Class representing a list of output generators that are written to in parallel.">OutputList</ref><sp/>&amp;ol,</highlight></codeline>
<codeline lineno="59"><highlight class="normal"><sp/><sp/><sp/><sp/><sp/><sp/><sp/><sp/><sp/><sp/><sp/><sp/><sp/><sp/><sp/><ref refid="d1/dcf/class_class_def" kindref="compound" tooltip="A class representing of a compound symbol.">ClassDef</ref><sp/>*cd,<ref refid="d0/d07/class_namespace_def" kindref="compound" tooltip="A model of a namespace symbol.">NamespaceDef</ref><sp/>*nd,<ref refid="de/db0/class_file_def" kindref="compound" tooltip="A model of a file symbol.">FileDef</ref><sp/>*fd,</highlight></codeline>
<codeline lineno="60"><highlight class="normal"><sp/><sp/><sp/><sp/><sp/><sp/><sp/><sp/><sp/><sp/><sp/><sp/><sp/><sp/><sp/><ref refid="d8/d09/class_group_def" kindref="compound" tooltip="A model of a group of symbols.">GroupDef</ref><sp/>*gd,</highlight><highlight class="keyword">const</highlight><highlight class="normal"><sp/><ref refid="d9/d4a/class_definition_intf_1ada60114bc621669dd8c19edfc6421766" kindref="member">DefinitionIntf::DefType</ref><sp/>compoundType,</highlight></codeline>
<codeline lineno="61"><highlight class="normal"><sp/><sp/><sp/><sp/><sp/><sp/><sp/><sp/><sp/><sp/><sp/><sp/><sp/><sp/><sp/><ref refid="d1/dcf/class_class_def" kindref="compound" tooltip="A class representing of a compound symbol.">ClassDef</ref><sp/>*inheritedFrom,</highlight><highlight class="keyword">const</highlight><highlight class="normal"><sp/></highlight><highlight class="keywordtype">char</highlight><highlight class="normal"><sp/>*inheritId);</highlight></codeline>
<codeline lineno="62"><highlight class="normal"><sp/><sp/><sp/><sp/></highlight><highlight class="keywordtype">void</highlight><highlight class="normal"><sp/><ref refid="dd/d13/class_member_list_1ace59875a8b4e6b22f305d4b41deaf572" kindref="member" tooltip="Writes the list of members to the output.">writeDeclarations</ref>(<ref refid="df/dc8/class_output_list" kindref="compound" tooltip="Class representing a list of output generators that are written to in parallel.">OutputList</ref><sp/>&amp;ol,</highlight></codeline>
<codeline lineno="63"><highlight class="normal"><sp/><sp/><sp/><sp/><sp/><sp/><sp/><sp/><sp/><sp/><sp/><sp/><sp/><sp/><sp/><ref refid="d1/dcf/class_class_def" kindref="compound" tooltip="A class representing of a compound symbol.">ClassDef</ref><sp/>*cd,<ref refid="d0/d07/class_namespace_def" kindref="compound" tooltip="A model of a namespace symbol.">NamespaceDef</ref><sp/>*nd,<ref refid="de/db0/class_file_def" kindref="compound" tooltip="A model of a file symbol.">FileDef</ref><sp/>*fd,<ref refid="d8/d09/class_group_def" kindref="compound" tooltip="A model of a group of symbols.">GroupDef</ref><sp/>*gd,</highlight></codeline>
<codeline lineno="64"><highlight class="normal"><sp/><sp/><sp/><sp/><sp/><sp/><sp/><sp/><sp/><sp/><sp/><sp/><sp/><sp/><sp/></highlight><highlight class="keyword">const</highlight><highlight class="normal"><sp/></highlight><highlight class="keywordtype">char</highlight><highlight class="normal"><sp/>*title,</highlight><highlight class="keyword">const</highlight><highlight class="normal"><sp/></highlight><highlight class="keywordtype">char</highlight><highlight class="normal"><sp/>*subtitle,</highlight><highlight class="keyword">const</highlight><highlight class="normal"><sp/><ref refid="d9/d4a/class_definition_intf_1ada60114bc621669dd8c19edfc6421766" kindref="member">DefinitionIntf::DefType</ref><sp/>compoundType,</highlight></codeline>
<codeline lineno="65"><highlight class="normal"><sp/><sp/><sp/><sp/><sp/><sp/><sp/><sp/><sp/><sp/><sp/><sp/><sp/><sp/><sp/></highlight><highlight class="keywordtype">bool</highlight><highlight class="normal"><sp/>showEnumValues=FALSE,</highlight><highlight class="keywordtype">bool</highlight><highlight class="normal"><sp/>showInline=FALSE,</highlight></codeline>
<codeline lineno="66"><highlight class="normal"><sp/><sp/><sp/><sp/><sp/><sp/><sp/><sp/><sp/><sp/><sp/><sp/><sp/><sp/><sp/><ref refid="d1/dcf/class_class_def" kindref="compound" tooltip="A class representing of a compound symbol.">ClassDef</ref><sp/>*inheritedFrom=0);</highlight></codeline>
<codeline lineno="67"><highlight class="normal"><sp/><sp/><sp/><sp/></highlight><highlight class="keywordtype">void</highlight><highlight class="normal"><sp/>writeDocumentation(<ref refid="df/dc8/class_output_list" kindref="compound" tooltip="Class representing a list of output generators that are written to in parallel.">OutputList</ref><sp/>&amp;ol,</highlight><highlight class="keyword">const</highlight><highlight class="normal"><sp/></highlight><highlight class="keywordtype">char</highlight><highlight class="normal"><sp/>*scopeName,</highlight></codeline>
<codeline lineno="68"><highlight class="normal"><sp/><sp/><sp/><sp/><sp/><sp/><sp/><sp/><sp/><sp/><sp/><sp/><sp/><sp/><sp/><ref refid="d5/dcc/class_definition" kindref="compound" tooltip="The common base class of all entity definitions found in the sources.">Definition</ref><sp/>*container,</highlight><highlight class="keyword">const</highlight><highlight class="normal"><sp/></highlight><highlight class="keywordtype">char</highlight><highlight class="normal"><sp/>*title,</highlight><highlight class="keywordtype">bool</highlight><highlight class="normal"><sp/>showEnumValues=FALSE,</highlight><highlight class="keywordtype">bool</highlight><highlight class="normal"><sp/>showInline=FALSE);</highlight></codeline>
<codeline lineno="69"><highlight class="normal"><sp/><sp/><sp/><sp/></highlight><highlight class="keywordtype">void</highlight><highlight class="normal"><sp/>writeSimpleDocumentation(<ref refid="df/dc8/class_output_list" kindref="compound" tooltip="Class representing a list of output generators that are written to in parallel.">OutputList</ref><sp/>&amp;ol,<ref refid="d5/dcc/class_definition" kindref="compound" tooltip="The common base class of all entity definitions found in the sources.">Definition</ref><sp/>*container);</highlight></codeline>
<codeline lineno="70"><highlight class="normal"><sp/><sp/><sp/><sp/></highlight><highlight class="keywordtype">void</highlight><highlight class="normal"><sp/>writeDocumentationPage(<ref refid="df/dc8/class_output_list" kindref="compound" tooltip="Class representing a list of output generators that are written to in parallel.">OutputList</ref><sp/>&amp;ol,</highlight></codeline>
<codeline lineno="71"><highlight class="normal"><sp/><sp/><sp/><sp/><sp/><sp/><sp/><sp/><sp/><sp/><sp/><sp/><sp/><sp/><sp/></highlight><highlight class="keyword">const</highlight><highlight class="normal"><sp/></highlight><highlight class="keywordtype">char</highlight><highlight class="normal"><sp/>*scopeName,<sp/><ref refid="d5/dcc/class_definition" kindref="compound" tooltip="The common base class of all entity definitions found in the sources.">Definition</ref><sp/>*container);</highlight></codeline>
<codeline lineno="72"><highlight class="normal"><sp/><sp/><sp/><sp/></highlight><highlight class="keywordtype">bool</highlight><highlight class="normal"><sp/>declVisible()<sp/></highlight><highlight class="keyword">const</highlight><highlight class="normal">;</highlight></codeline>
<codeline lineno="73"><highlight class="normal"><sp/><sp/><sp/><sp/></highlight><highlight class="keywordtype">void</highlight><highlight class="normal"><sp/>addMemberGroup(<ref refid="da/d32/class_member_group" kindref="compound" tooltip="A class representing a group of members.">MemberGroup</ref><sp/>*mg);</highlight></codeline>
<codeline lineno="74"><highlight class="normal"><sp/><sp/><sp/><sp/></highlight><highlight class="keywordtype">void</highlight><highlight class="normal"><sp/>setInGroup(</highlight><highlight class="keywordtype">bool</highlight><highlight class="normal"><sp/>inGroup)<sp/>{<sp/>m_inGroup=inGroup;<sp/>}</highlight></codeline>
<codeline lineno="75"><highlight class="normal"><sp/><sp/><sp/><sp/></highlight><highlight class="keywordtype">void</highlight><highlight class="normal"><sp/>setInFile(</highlight><highlight class="keywordtype">bool</highlight><highlight class="normal"><sp/>inFile)<sp/>{<sp/>m_inFile=inFile;<sp/>}</highlight></codeline>
<codeline lineno="76"><highlight class="normal"><sp/><sp/><sp/><sp/></highlight><highlight class="keywordtype">void</highlight><highlight class="normal"><sp/>addListReferences(<ref refid="d5/dcc/class_definition" kindref="compound" tooltip="The common base class of all entity definitions found in the sources.">Definition</ref><sp/>*def);</highlight></codeline>
<codeline lineno="77"><highlight class="normal"><sp/><sp/><sp/><sp/></highlight><highlight class="keywordtype">void</highlight><highlight class="normal"><sp/>findSectionsInDocumentation();</highlight></codeline>
<codeline lineno="78"><highlight class="normal"><sp/><sp/><sp/><sp/></highlight><highlight class="keywordtype">void</highlight><highlight class="normal"><sp/>setNeedsSorting(</highlight><highlight class="keywordtype">bool</highlight><highlight class="normal"><sp/>b);</highlight></codeline>
<codeline lineno="79"><highlight class="normal"><sp/><sp/><sp/><sp/><ref refid="df/d11/class_member_group_list" kindref="compound" tooltip="A list of MemberGroup objects.">MemberGroupList</ref><sp/>*getMemberGroupList()</highlight><highlight class="keyword"><sp/>const<sp/></highlight><highlight class="normal">{<sp/></highlight><highlight class="keywordflow">return</highlight><highlight class="normal"><sp/>memberGroupList;<sp/>}</highlight></codeline>
<codeline lineno="80"><highlight class="normal"></highlight></codeline>
<codeline lineno="81"><highlight class="normal"><sp/><sp/><sp/><sp/></highlight><highlight class="keywordtype">void</highlight><highlight class="normal"><sp/>marshal(<ref refid="d7/db0/class_storage_intf" kindref="compound" tooltip="Abstract interface for file based memory storage operations.">StorageIntf</ref><sp/>*s);</highlight></codeline>
<codeline lineno="82"><highlight class="normal"><sp/><sp/><sp/><sp/></highlight><highlight class="keywordtype">void</highlight><highlight class="normal"><sp/>unmarshal(<ref refid="d7/db0/class_storage_intf" kindref="compound" tooltip="Abstract interface for file based memory storage operations.">StorageIntf</ref><sp/>*s);</highlight></codeline>
<codeline lineno="83"><highlight class="normal"></highlight></codeline>
<codeline lineno="84"><highlight class="normal"><sp/><sp/></highlight><highlight class="keyword">private</highlight><highlight class="normal">:</highlight></codeline>
<codeline lineno="85"><highlight class="normal"><sp/><sp/><sp/><sp/></highlight><highlight class="keywordtype">int</highlight><highlight class="normal"><sp/>m_varCnt;</highlight></codeline>
<codeline lineno="86"><highlight class="normal"><sp/><sp/><sp/><sp/></highlight><highlight class="keywordtype">int</highlight><highlight class="normal"><sp/>m_funcCnt;</highlight></codeline>
<codeline lineno="87"><highlight class="normal"><sp/><sp/><sp/><sp/></highlight><highlight class="keywordtype">int</highlight><highlight class="normal"><sp/>m_enumCnt;</highlight></codeline>
<codeline lineno="88"><highlight class="normal"><sp/><sp/><sp/><sp/></highlight><highlight class="keywordtype">int</highlight><highlight class="normal"><sp/>m_enumValCnt;</highlight></codeline>
<codeline lineno="89"><highlight class="normal"><sp/><sp/><sp/><sp/></highlight><highlight class="keywordtype">int</highlight><highlight class="normal"><sp/>m_typeCnt;</highlight></codeline>
<codeline lineno="90"><highlight class="normal"><sp/><sp/><sp/><sp/></highlight><highlight class="keywordtype">int</highlight><highlight class="normal"><sp/>m_protoCnt;</highlight></codeline>
<codeline lineno="91"><highlight class="normal"><sp/><sp/><sp/><sp/></highlight><highlight class="keywordtype">int</highlight><highlight class="normal"><sp/>m_defCnt;</highlight></codeline>
<codeline lineno="92"><highlight class="normal"><sp/><sp/><sp/><sp/></highlight><highlight class="keywordtype">int</highlight><highlight class="normal"><sp/>m_friendCnt;<sp/></highlight></codeline>
<codeline lineno="93"><highlight class="normal"><sp/><sp/><sp/><sp/></highlight><highlight class="keywordtype">int</highlight><highlight class="normal"><sp/>m_numDecMembers;<sp/></highlight><highlight class="comment">//<sp/>number<sp/>of<sp/>members<sp/>in<sp/>the<sp/>brief<sp/>part<sp/>of<sp/>the<sp/>memberlist</highlight><highlight class="normal"></highlight></codeline>
<codeline lineno="94"><highlight class="normal"><sp/><sp/><sp/><sp/></highlight><highlight class="keywordtype">int</highlight><highlight class="normal"><sp/>m_numDocMembers;<sp/></highlight><highlight class="comment">//<sp/>number<sp/>of<sp/>members<sp/>in<sp/>the<sp/>detailed<sp/>part<sp/>of<sp/>the<sp/>memberlist</highlight><highlight class="normal"></highlight></codeline>
<codeline lineno="95"><highlight class="normal"><sp/><sp/><sp/><sp/><ref refid="df/d11/class_member_group_list" kindref="compound" tooltip="A list of MemberGroup objects.">MemberGroupList</ref><sp/>*memberGroupList;</highlight></codeline>
<codeline lineno="96"><highlight class="normal"><sp/><sp/><sp/><sp/></highlight><highlight class="keywordtype">bool</highlight><highlight class="normal"><sp/>m_inGroup;<sp/></highlight><highlight class="comment">//<sp/>is<sp/>this<sp/>list<sp/>part<sp/>of<sp/>a<sp/>group<sp/>definition</highlight><highlight class="normal"></highlight></codeline>
<codeline lineno="97"><highlight class="normal"><sp/><sp/><sp/><sp/></highlight><highlight class="keywordtype">bool</highlight><highlight class="normal"><sp/>m_inFile;<sp/><sp/></highlight><highlight class="comment">//<sp/>is<sp/>this<sp/>list<sp/>part<sp/>of<sp/>a<sp/>file<sp/>definition</highlight><highlight class="normal"></highlight></codeline>
<codeline lineno="98"><highlight class="normal"><sp/><sp/><sp/><sp/>MemberListType<sp/>m_listType;</highlight></codeline>
<codeline lineno="99"><highlight class="normal"><sp/><sp/><sp/><sp/></highlight><highlight class="keywordtype">bool</highlight><highlight class="normal"><sp/>m_needsSorting;</highlight></codeline>
<codeline lineno="100"><highlight class="normal">};</highlight></codeline>
<codeline lineno="101"><highlight class="normal"></highlight></codeline>
<codeline lineno="103" refid="d0/d3c/class_member_list_iterator" refkind="compound"><highlight class="keyword">class<sp/></highlight><highlight class="normal"><ref refid="d0/d3c/class_member_list_iterator" kindref="compound" tooltip="An iterator for MemberDef objects in a MemberList.">MemberListIterator</ref><sp/>:<sp/></highlight><highlight class="keyword">public</highlight><highlight class="normal"><sp/>QListIterator&lt;MemberDef&gt;</highlight></codeline>
<codeline lineno="104"><highlight class="normal">{</highlight></codeline>
<codeline lineno="105"><highlight class="normal"><sp/><sp/></highlight><highlight class="keyword">public</highlight><highlight class="normal">:</highlight></codeline>
<codeline lineno="106"><highlight class="normal"><sp/><sp/><sp/><sp/><ref refid="d0/d3c/class_member_list_iterator" kindref="compound" tooltip="An iterator for MemberDef objects in a MemberList.">MemberListIterator</ref>(</highlight><highlight class="keyword">const</highlight><highlight class="normal"><sp/><ref refid="db/daa/class_q_list" kindref="compound">QList&lt;MemberDef&gt;</ref><sp/>&amp;list);</highlight></codeline>
<codeline lineno="107"><highlight class="normal"><sp/><sp/><sp/><sp/></highlight><highlight class="keyword">virtual</highlight><highlight class="normal"><sp/>~<ref refid="d0/d3c/class_member_list_iterator" kindref="compound" tooltip="An iterator for MemberDef objects in a MemberList.">MemberListIterator</ref>()<sp/>{}</highlight></codeline>
<codeline lineno="108"><highlight class="normal">};</highlight></codeline>
<codeline lineno="109"><highlight class="normal"></highlight></codeline>
<codeline lineno="111" refid="d6/d32/class_member_dict" refkind="compound"><highlight class="keyword">class<sp/></highlight><highlight class="normal"><ref refid="d6/d32/class_member_dict" kindref="compound" tooltip="An unsorted dictionary of MemberDef objects.">MemberDict</ref><sp/>:<sp/></highlight><highlight class="keyword">public</highlight><highlight class="normal"><sp/>QDict&lt;MemberDef&gt;</highlight></codeline>
<codeline lineno="112"><highlight class="normal">{</highlight></codeline>
<codeline lineno="113"><highlight class="normal"><sp/><sp/></highlight><highlight class="keyword">public</highlight><highlight class="normal">:</highlight></codeline>
<codeline lineno="114"><highlight class="normal"><sp/><sp/><sp/><sp/><ref refid="d6/d32/class_member_dict" kindref="compound" tooltip="An unsorted dictionary of MemberDef objects.">MemberDict</ref>(</highlight><highlight class="keywordtype">int</highlight><highlight class="normal"><sp/>size)<sp/>:<sp/>QDict&lt;MemberDef&gt;(size)<sp/>{}</highlight></codeline>
<codeline lineno="115"><highlight class="normal"><sp/><sp/><sp/><sp/></highlight><highlight class="keyword">virtual</highlight><highlight class="normal"><sp/>~<ref refid="d6/d32/class_member_dict" kindref="compound" tooltip="An unsorted dictionary of MemberDef objects.">MemberDict</ref>()<sp/>{}</highlight></codeline>
<codeline lineno="116"><highlight class="normal">};</highlight></codeline>
<codeline lineno="117"><highlight class="normal"></highlight></codeline>
<codeline lineno="119" refid="d6/dd6/class_member_s_dict" refkind="compound"><highlight class="keyword">class<sp/></highlight><highlight class="normal"><ref refid="d6/dd6/class_member_s_dict" kindref="compound" tooltip="A sorted dictionary of MemberDef objects.">MemberSDict</ref><sp/>:<sp/></highlight><highlight class="keyword">public</highlight><highlight class="normal"><sp/><ref refid="d1/d50/class_s_dict" kindref="compound" tooltip="Ordered dictionary of elements of type T.">SDict</ref>&lt;MemberDef&gt;</highlight></codeline>
<codeline lineno="120"><highlight class="normal">{</highlight></codeline>
<codeline lineno="121"><highlight class="normal"><sp/><sp/></highlight><highlight class="keyword">public</highlight><highlight class="normal">:</highlight></codeline>
<codeline lineno="122"><highlight class="normal"><sp/><sp/><sp/><sp/><ref refid="d6/dd6/class_member_s_dict" kindref="compound" tooltip="A sorted dictionary of MemberDef objects.">MemberSDict</ref>(</highlight><highlight class="keywordtype">int</highlight><highlight class="normal"><sp/>size=17)<sp/>:<sp/><ref refid="d1/d50/class_s_dict" kindref="compound">SDict&lt;MemberDef&gt;</ref>(size)<sp/>{}</highlight></codeline>
<codeline lineno="123"><highlight class="normal"><sp/><sp/><sp/><sp/></highlight><highlight class="keyword">virtual</highlight><highlight class="normal"><sp/>~<ref refid="d6/dd6/class_member_s_dict" kindref="compound" tooltip="A sorted dictionary of MemberDef objects.">MemberSDict</ref>()<sp/>{}</highlight></codeline>
<codeline lineno="124"><highlight class="normal"><sp/><sp/><sp/><sp/></highlight><highlight class="keywordtype">int</highlight><highlight class="normal"><sp/><ref refid="d6/dd6/class_member_s_dict_1a4965f2c77163eb04280d71b9bfe29198" kindref="member">compareItems</ref>(QCollection::Item<sp/>item1,QCollection::Item<sp/>item2);</highlight></codeline>
<codeline lineno="125"><highlight class="normal">};</highlight></codeline>
<codeline lineno="126"><highlight class="normal"></highlight></codeline>
<codeline lineno="127"><highlight class="normal"></highlight></codeline>
<codeline lineno="128"><highlight class="normal"></highlight><highlight class="preprocessor">#endif</highlight></codeline>
    </programlisting>
    <location file="C:/Users/Mat/Projects/doxygraph/examples/doxygen-1.8.4/src/memberlist.h"/>
  </compounddef>
</doxygen>
