<?xml version='1.0' encoding='UTF-8' standalone='no'?>
<doxygen xmlns:xsi="http://www.w3.org/2001/XMLSchema-instance" xsi:noNamespaceSchemaLocation="compound.xsd" version="1.8.2">
  <compounddef id="d7/d69/cite_8h" kind="file">
    <compoundname>cite.h</compoundname>
    <includes local="no">qdict.h</includes>
    <includedby refid="d5/d0b/cite_8cpp" local="yes">src/cite.cpp</includedby>
    <includedby refid="da/d17/docparser_8cpp" local="yes">src/docparser.cpp</includedby>
    <includedby refid="dc/d98/doxygen_8cpp" local="yes">src/doxygen.cpp</includedby>
    <includedby refid="d1/d4e/latexdocvisitor_8cpp" local="yes">src/latexdocvisitor.cpp</includedby>
    <includedby refid="d4/d42/latexgen_8cpp" local="yes">src/latexgen.cpp</includedby>
    <incdepgraph>
      <node id="395">
        <label>src/cite.h</label>
        <link refid="cite.h"/>
        <childnode refid="396" relation="include">
        </childnode>
      </node>
      <node id="396">
        <label>qdict.h</label>
      </node>
    </incdepgraph>
    <invincdepgraph>
      <node id="399">
        <label>src/docparser.cpp</label>
        <link refid="da/d17/docparser_8cpp_source"/>
      </node>
      <node id="400">
        <label>src/doxygen.cpp</label>
        <link refid="dc/d98/doxygen_8cpp_source"/>
      </node>
      <node id="401">
        <label>src/latexdocvisitor.cpp</label>
        <link refid="d1/d4e/latexdocvisitor_8cpp_source"/>
      </node>
      <node id="397">
        <label>src/cite.h</label>
        <link refid="cite.h"/>
        <childnode refid="398" relation="include">
        </childnode>
        <childnode refid="399" relation="include">
        </childnode>
        <childnode refid="400" relation="include">
        </childnode>
        <childnode refid="401" relation="include">
        </childnode>
        <childnode refid="402" relation="include">
        </childnode>
      </node>
      <node id="398">
        <label>src/cite.cpp</label>
        <link refid="d5/d0b/cite_8cpp_source"/>
      </node>
      <node id="402">
        <label>src/latexgen.cpp</label>
        <link refid="d4/d42/latexgen_8cpp_source"/>
      </node>
    </invincdepgraph>
    <innerclass refid="d2/d31/struct_cite_consts" prot="public">CiteConsts</innerclass>
    <innerclass refid="df/d40/struct_cite_info" prot="public">CiteInfo</innerclass>
    <innerclass refid="de/dd4/class_cite_dict" prot="public">CiteDict</innerclass>
    <briefdescription>
    </briefdescription>
    <detaileddescription>
    </detaileddescription>
    <programlisting>
<codeline lineno="1"><highlight class="comment">/******************************************************************************</highlight></codeline>
<codeline lineno="2"><highlight class="comment"><sp/>*</highlight></codeline>
<codeline lineno="3"><highlight class="comment"><sp/>*<sp/></highlight></codeline>
<codeline lineno="4"><highlight class="comment"><sp/>*</highlight></codeline>
<codeline lineno="5"><highlight class="comment"><sp/>*<sp/>Copyright<sp/>(C)<sp/>2011<sp/>by<sp/>Dimitri<sp/>van<sp/>Heesch</highlight></codeline>
<codeline lineno="6"><highlight class="comment"><sp/>*<sp/>Based<sp/>on<sp/>a<sp/>patch<sp/>by<sp/>David<sp/>Munger</highlight></codeline>
<codeline lineno="7"><highlight class="comment"><sp/>*</highlight></codeline>
<codeline lineno="8"><highlight class="comment"><sp/>*<sp/>Permission<sp/>to<sp/>use,<sp/>copy,<sp/>modify,<sp/>and<sp/>distribute<sp/>this<sp/>software<sp/>and<sp/>its</highlight></codeline>
<codeline lineno="9"><highlight class="comment"><sp/>*<sp/>documentation<sp/>under<sp/>the<sp/>terms<sp/>of<sp/>the<sp/>GNU<sp/>General<sp/>Public<sp/>License<sp/>is<sp/>hereby<sp/></highlight></codeline>
<codeline lineno="10"><highlight class="comment"><sp/>*<sp/>granted.<sp/>No<sp/>representations<sp/>are<sp/>made<sp/>about<sp/>the<sp/>suitability<sp/>of<sp/>this<sp/>software<sp/></highlight></codeline>
<codeline lineno="11"><highlight class="comment"><sp/>*<sp/>for<sp/>any<sp/>purpose.<sp/>It<sp/>is<sp/>provided<sp/>&quot;as<sp/>is&quot;<sp/>without<sp/>express<sp/>or<sp/>implied<sp/>warranty.</highlight></codeline>
<codeline lineno="12"><highlight class="comment"><sp/>*<sp/>See<sp/>the<sp/>GNU<sp/>General<sp/>Public<sp/>License<sp/>for<sp/>more<sp/>details.</highlight></codeline>
<codeline lineno="13"><highlight class="comment"><sp/>*</highlight></codeline>
<codeline lineno="14"><highlight class="comment"><sp/>*<sp/>Documents<sp/>produced<sp/>by<sp/>Doxygen<sp/>are<sp/>derivative<sp/>works<sp/>derived<sp/>from<sp/>the</highlight></codeline>
<codeline lineno="15"><highlight class="comment"><sp/>*<sp/>input<sp/>used<sp/>in<sp/>their<sp/>production;<sp/>they<sp/>are<sp/>not<sp/>affected<sp/>by<sp/>this<sp/>license.</highlight></codeline>
<codeline lineno="16"><highlight class="comment"><sp/>*</highlight></codeline>
<codeline lineno="17"><highlight class="comment"><sp/>*/</highlight><highlight class="normal"></highlight></codeline>
<codeline lineno="18"><highlight class="normal"></highlight></codeline>
<codeline lineno="19"><highlight class="normal"></highlight><highlight class="preprocessor">#ifndef<sp/>CITEDB_H</highlight></codeline>
<codeline lineno="20"><highlight class="preprocessor"></highlight><highlight class="preprocessor">#define<sp/>CITEDB_H</highlight></codeline>
<codeline lineno="21"><highlight class="preprocessor"></highlight><highlight class="normal"></highlight></codeline>
<codeline lineno="22"><highlight class="normal"></highlight><highlight class="preprocessor">#include<sp/>&lt;qdict.h&gt;</highlight><highlight class="normal"></highlight></codeline>
<codeline lineno="23"><highlight class="normal"></highlight></codeline>
<codeline lineno="24"><highlight class="normal"></highlight><highlight class="keyword">class<sp/></highlight><highlight class="normal"><ref refid="dc/d3c/class_f_text_stream" kindref="compound" tooltip="Simplified and optimized version of QTextStream.">FTextStream</ref>;</highlight></codeline>
<codeline lineno="25"><highlight class="normal"></highlight></codeline>
<codeline lineno="27" refid="d2/d31/struct_cite_consts" refkind="compound"><highlight class="keyword">struct<sp/></highlight><highlight class="normal"><ref refid="d2/d31/struct_cite_consts" kindref="compound" tooltip="String constants for citations.">CiteConsts</ref></highlight></codeline>
<codeline lineno="28"><highlight class="normal">{</highlight></codeline>
<codeline lineno="29"><highlight class="normal"><sp/><sp/></highlight><highlight class="keyword">static</highlight><highlight class="normal"><sp/></highlight><highlight class="keyword">const</highlight><highlight class="normal"><sp/>QCString<sp/>fileName;</highlight></codeline>
<codeline lineno="30"><highlight class="normal"><sp/><sp/></highlight><highlight class="keyword">static</highlight><highlight class="normal"><sp/></highlight><highlight class="keyword">const</highlight><highlight class="normal"><sp/>QCString<sp/>anchorPrefix;</highlight></codeline>
<codeline lineno="31"><highlight class="normal">};</highlight></codeline>
<codeline lineno="32"><highlight class="normal"></highlight></codeline>
<codeline lineno="34" refid="df/d40/struct_cite_info" refkind="compound"><highlight class="keyword">struct<sp/></highlight><highlight class="normal"><ref refid="df/d40/struct_cite_info" kindref="compound" tooltip="Citation-related data.">CiteInfo</ref></highlight></codeline>
<codeline lineno="35"><highlight class="normal">{</highlight></codeline>
<codeline lineno="36"><highlight class="normal"><sp/><sp/><ref refid="df/d40/struct_cite_info" kindref="compound" tooltip="Citation-related data.">CiteInfo</ref>(</highlight><highlight class="keyword">const</highlight><highlight class="normal"><sp/></highlight><highlight class="keywordtype">char</highlight><highlight class="normal"><sp/>*label_,<sp/></highlight><highlight class="keyword">const</highlight><highlight class="normal"><sp/></highlight><highlight class="keywordtype">char</highlight><highlight class="normal"><sp/>*text_=0,<sp/></highlight><highlight class="keyword">const</highlight><highlight class="normal"><sp/></highlight><highlight class="keywordtype">char</highlight><highlight class="normal"><sp/>*fullText_=0,</highlight></codeline>
<codeline lineno="37"><highlight class="normal"><sp/><sp/><sp/><sp/><sp/><sp/></highlight><highlight class="keyword">const</highlight><highlight class="normal"><sp/></highlight><highlight class="keywordtype">char</highlight><highlight class="normal"><sp/>*ref_=0)<sp/>:</highlight></codeline>
<codeline lineno="38"><highlight class="normal"><sp/><sp/><sp/><sp/>label(label_),<sp/>text(text_),<sp/>fullText(fullText_),<sp/>ref(ref_)</highlight></codeline>
<codeline lineno="39"><highlight class="normal"><sp/><sp/>{<sp/>}</highlight></codeline>
<codeline lineno="40"><highlight class="normal"></highlight></codeline>
<codeline lineno="41"><highlight class="normal"><sp/><sp/><ref refid="df/d40/struct_cite_info" kindref="compound" tooltip="Citation-related data.">CiteInfo</ref>(</highlight><highlight class="keyword">const</highlight><highlight class="normal"><sp/><ref refid="df/d40/struct_cite_info" kindref="compound" tooltip="Citation-related data.">CiteInfo</ref><sp/>&amp;o)</highlight></codeline>
<codeline lineno="42"><highlight class="normal"><sp/><sp/>{<sp/>label=o.label.copy();<sp/>text=o.text.copy();<sp/>fullText=o.fullText.copy();<sp/>ref=o.ref.copy();<sp/>}</highlight></codeline>
<codeline lineno="43"><highlight class="normal"></highlight></codeline>
<codeline lineno="44"><highlight class="normal"><sp/><sp/>QCString<sp/>label;<sp/></highlight></codeline>
<codeline lineno="45"><highlight class="normal"><sp/><sp/>QCString<sp/>text;</highlight></codeline>
<codeline lineno="46"><highlight class="normal"><sp/><sp/>QCString<sp/>fullText;</highlight></codeline>
<codeline lineno="47"><highlight class="normal"><sp/><sp/>QCString<sp/>ref;</highlight></codeline>
<codeline lineno="48"><highlight class="normal"></highlight></codeline>
<codeline lineno="49"><highlight class="normal">};</highlight></codeline>
<codeline lineno="50"><highlight class="normal"></highlight></codeline>
<codeline lineno="56" refid="de/dd4/class_cite_dict" refkind="compound"><highlight class="keyword">class<sp/></highlight><highlight class="normal"><ref refid="de/dd4/class_cite_dict" kindref="compound" tooltip="Cite database access class.">CiteDict</ref><sp/></highlight></codeline>
<codeline lineno="57"><highlight class="normal">{</highlight></codeline>
<codeline lineno="58"><highlight class="normal"><sp/><sp/></highlight><highlight class="keyword">public</highlight><highlight class="normal">:</highlight></codeline>
<codeline lineno="60"><highlight class="normal"><sp/><sp/><sp/><sp/><ref refid="de/dd4/class_cite_dict_1a7d6745b98d4566463c2aa12bbfa65f4e" kindref="member" tooltip="Create the database, with an expected maximum of size entries.">CiteDict</ref>(</highlight><highlight class="keywordtype">int</highlight><highlight class="normal"><sp/>size);</highlight></codeline>
<codeline lineno="61"><highlight class="normal"></highlight></codeline>
<codeline lineno="62"><highlight class="normal"></highlight><highlight class="comment">//<sp/><sp/><sp/><sp/>/**<sp/>Resolve<sp/>references<sp/>to<sp/>citations<sp/>*/</highlight><highlight class="normal"></highlight></codeline>
<codeline lineno="63"><highlight class="normal"></highlight><highlight class="comment">//<sp/><sp/><sp/><sp/>void<sp/>resolve();</highlight><highlight class="normal"></highlight></codeline>
<codeline lineno="64"><highlight class="normal"></highlight></codeline>
<codeline lineno="66"><highlight class="normal"><sp/><sp/><sp/><sp/></highlight><highlight class="keywordtype">void</highlight><highlight class="normal"><sp/><ref refid="de/dd4/class_cite_dict_1a1943f09412692299a6286a441ca1a01b" kindref="member" tooltip="Resolve references to citations.">insert</ref>(</highlight><highlight class="keyword">const</highlight><highlight class="normal"><sp/></highlight><highlight class="keywordtype">char</highlight><highlight class="normal"><sp/>*label);</highlight></codeline>
<codeline lineno="67"><highlight class="normal"></highlight></codeline>
<codeline lineno="69"><highlight class="normal"><sp/><sp/><sp/><sp/><ref refid="df/d40/struct_cite_info" kindref="compound" tooltip="Citation-related data.">CiteInfo</ref><sp/>*<ref refid="de/dd4/class_cite_dict_1acc5cb51064eb42b801ff2ae18a110b78" kindref="member" tooltip="Return the citation info for a given label.">find</ref>(</highlight><highlight class="keyword">const</highlight><highlight class="normal"><sp/></highlight><highlight class="keywordtype">char</highlight><highlight class="normal"><sp/>*label)<sp/></highlight><highlight class="keyword">const</highlight><highlight class="normal">;</highlight></codeline>
<codeline lineno="70"><highlight class="normal"></highlight></codeline>
<codeline lineno="72"><highlight class="normal"><sp/><sp/><sp/><sp/></highlight><highlight class="keywordtype">void</highlight><highlight class="normal"><sp/><ref refid="de/dd4/class_cite_dict_1a91ef397962cb60584010cd486d2acc9f" kindref="member" tooltip="Generate the citations page.">generatePage</ref>()<sp/></highlight><highlight class="keyword">const</highlight><highlight class="normal">;</highlight></codeline>
<codeline lineno="73"><highlight class="normal"></highlight></codeline>
<codeline lineno="75"><highlight class="normal"><sp/><sp/><sp/><sp/></highlight><highlight class="keywordtype">void</highlight><highlight class="normal"><sp/><ref refid="de/dd4/class_cite_dict_1a35183cd5038e60f747dd9ecd6bb64f73" kindref="member" tooltip="clears the database">clear</ref>();</highlight></codeline>
<codeline lineno="76"><highlight class="normal"></highlight></codeline>
<codeline lineno="80"><highlight class="normal"><sp/><sp/><sp/><sp/></highlight><highlight class="keywordtype">bool</highlight><highlight class="normal"><sp/><ref refid="de/dd4/class_cite_dict_1a0b6de9a4eecdbcfd68b24671908cf97a" kindref="member" tooltip="return TRUE if there are no citations.">isEmpty</ref>()<sp/></highlight><highlight class="keyword">const</highlight><highlight class="normal">;</highlight></codeline>
<codeline lineno="81"><highlight class="normal"></highlight></codeline>
<codeline lineno="85"><highlight class="normal"><sp/><sp/><sp/><sp/></highlight><highlight class="keywordtype">void</highlight><highlight class="normal"><sp/><ref refid="de/dd4/class_cite_dict_1a3b20f1fad3c4768501c7667ce73cacde" kindref="member" tooltip="writes the latex code for the standard bibliography section to text stream t ">writeLatexBibliography</ref>(<ref refid="dc/d3c/class_f_text_stream" kindref="compound" tooltip="Simplified and optimized version of QTextStream.">FTextStream</ref><sp/>&amp;t);</highlight></codeline>
<codeline lineno="86"><highlight class="normal"></highlight></codeline>
<codeline lineno="87"><highlight class="normal"><sp/><sp/></highlight><highlight class="keyword">private</highlight><highlight class="normal">:</highlight></codeline>
<codeline lineno="88"><highlight class="normal"></highlight><highlight class="comment">//<sp/><sp/><sp/><sp/>bool<sp/>writeAux();</highlight><highlight class="normal"></highlight></codeline>
<codeline lineno="89"><highlight class="normal"></highlight><highlight class="comment">//<sp/><sp/><sp/><sp/>bool<sp/>writeBst();</highlight><highlight class="normal"></highlight></codeline>
<codeline lineno="90"><highlight class="normal"></highlight><highlight class="comment">//<sp/><sp/><sp/><sp/>bool<sp/>execute();</highlight><highlight class="normal"></highlight></codeline>
<codeline lineno="91"><highlight class="normal"></highlight><highlight class="comment">//<sp/><sp/><sp/><sp/>void<sp/>parse();</highlight><highlight class="normal"></highlight></codeline>
<codeline lineno="92"><highlight class="normal"></highlight><highlight class="comment">//<sp/><sp/><sp/><sp/>void<sp/>clean();</highlight><highlight class="normal"></highlight></codeline>
<codeline lineno="93"><highlight class="normal"><sp/><sp/><sp/><sp/>QDict&lt;CiteInfo&gt;<sp/>m_entries;</highlight></codeline>
<codeline lineno="94"><highlight class="normal"></highlight><highlight class="comment">//<sp/><sp/><sp/><sp/>QList&lt;QCString&gt;<sp/>m_ordering;</highlight><highlight class="normal"></highlight></codeline>
<codeline lineno="95"><highlight class="normal"><sp/><sp/><sp/><sp/>QCString<sp/>m_baseFileName;</highlight></codeline>
<codeline lineno="96"><highlight class="normal">};</highlight></codeline>
<codeline lineno="97"><highlight class="normal"></highlight></codeline>
<codeline lineno="98"><highlight class="normal"></highlight><highlight class="preprocessor">#endif</highlight></codeline>
    </programlisting>
    <location file="C:/Users/Mat/Projects/doxygraph/examples/doxygen-1.8.4/src/cite.h"/>
  </compounddef>
</doxygen>
