<?xml version='1.0' encoding='UTF-8' standalone='no'?>
<doxygen xmlns:xsi="http://www.w3.org/2001/XMLSchema-instance" xsi:noNamespaceSchemaLocation="compound.xsd" version="1.8.2">
  <compounddef id="d1/dc3/struct_marker" kind="struct" prot="public">
    <compoundname>Marker</compoundname>
      <sectiondef kind="public-attrib">
      <memberdef kind="variable" id="d1/dc3/struct_marker_1af3b00061170c89e879eb98d2285d863f" prot="public" static="no" mutable="no">
        <type>int</type>
        <definition>int Marker::pos</definition>
        <argsstring></argsstring>
        <name>pos</name>
        <briefdescription>
        </briefdescription>
        <detaileddescription>
        </detaileddescription>
        <inbodydescription>
        </inbodydescription>
        <location file="C:/Users/Mat/Projects/doxygraph/examples/doxygen-1.8.4/src/util.cpp" line="6903" bodyfile="C:/Users/Mat/Projects/doxygraph/examples/doxygen-1.8.4/src/util.cpp" bodystart="6903" bodyend="-1"/>
      </memberdef>
      <memberdef kind="variable" id="d1/dc3/struct_marker_1a90e2cf96e8ae40c804bde2ed65d9d74d" prot="public" static="no" mutable="no">
        <type>int</type>
        <definition>int Marker::number</definition>
        <argsstring></argsstring>
        <name>number</name>
        <briefdescription>
        </briefdescription>
        <detaileddescription>
        </detaileddescription>
        <inbodydescription>
        </inbodydescription>
        <location file="C:/Users/Mat/Projects/doxygraph/examples/doxygen-1.8.4/src/util.cpp" line="6904" bodyfile="C:/Users/Mat/Projects/doxygraph/examples/doxygen-1.8.4/src/util.cpp" bodystart="6904" bodyend="-1"/>
      </memberdef>
      <memberdef kind="variable" id="d1/dc3/struct_marker_1a2ca66237318915e4c73c690465d65503" prot="public" static="no" mutable="no">
        <type>int</type>
        <definition>int Marker::size</definition>
        <argsstring></argsstring>
        <name>size</name>
        <briefdescription>
        </briefdescription>
        <detaileddescription>
        </detaileddescription>
        <inbodydescription>
        </inbodydescription>
        <location file="C:/Users/Mat/Projects/doxygraph/examples/doxygen-1.8.4/src/util.cpp" line="6905" bodyfile="C:/Users/Mat/Projects/doxygraph/examples/doxygen-1.8.4/src/util.cpp" bodystart="6905" bodyend="-1"/>
      </memberdef>
      </sectiondef>
      <sectiondef kind="public-func">
      <memberdef kind="function" id="d1/dc3/struct_marker_1a3c0c01909475e5924af4bb55f9c0d4b2" prot="public" static="no" const="no" explicit="no" inline="yes" virt="non-virtual">
        <type></type>
        <definition>Marker::Marker</definition>
        <argsstring>(int p, int n, int s)</argsstring>
        <name>Marker</name>
        <param>
          <type>int</type>
          <declname>p</declname>
        </param>
        <param>
          <type>int</type>
          <declname>n</declname>
        </param>
        <param>
          <type>int</type>
          <declname>s</declname>
        </param>
        <briefdescription>
        </briefdescription>
        <detaileddescription>
        </detaileddescription>
        <inbodydescription>
        </inbodydescription>
        <location file="C:/Users/Mat/Projects/doxygraph/examples/doxygen-1.8.4/src/util.cpp" line="6902" bodyfile="C:/Users/Mat/Projects/doxygraph/examples/doxygen-1.8.4/src/util.cpp" bodystart="6902" bodyend="6902"/>
      </memberdef>
      </sectiondef>
    <briefdescription>
    </briefdescription>
    <detaileddescription>
    </detaileddescription>
    <location file="C:/Users/Mat/Projects/doxygraph/examples/doxygen-1.8.4/src/util.cpp" line="6901" bodyfile="C:/Users/Mat/Projects/doxygraph/examples/doxygen-1.8.4/src/util.cpp" bodystart="6900" bodyend="6906"/>
    <listofallmembers>
      <member refid="d1/dc3/struct_marker_1a3c0c01909475e5924af4bb55f9c0d4b2" prot="public" virt="non-virtual"><scope>Marker</scope><name>Marker</name></member>
      <member refid="d1/dc3/struct_marker_1a90e2cf96e8ae40c804bde2ed65d9d74d" prot="public" virt="non-virtual"><scope>Marker</scope><name>number</name></member>
      <member refid="d1/dc3/struct_marker_1af3b00061170c89e879eb98d2285d863f" prot="public" virt="non-virtual"><scope>Marker</scope><name>pos</name></member>
      <member refid="d1/dc3/struct_marker_1a2ca66237318915e4c73c690465d65503" prot="public" virt="non-virtual"><scope>Marker</scope><name>size</name></member>
    </listofallmembers>
  </compounddef>
</doxygen>
