<?xml version='1.0' encoding='UTF-8' standalone='no'?>
<doxygen xmlns:xsi="http://www.w3.org/2001/XMLSchema-instance" xsi:noNamespaceSchemaLocation="compound.xsd" version="1.8.2">
  <compounddef id="d5/df7/clangparser_8h" kind="file">
    <compoundname>clangparser.h</compoundname>
    <includes local="no">qcstring.h</includes>
    <includes local="no">qstrlist.h</includes>
    <includedby refid="da/dce/clangparser_8cpp" local="yes">src/clangparser.cpp</includedby>
    <includedby refid="d6/ddc/filedef_8cpp" local="yes">src/filedef.cpp</includedby>
    <incdepgraph>
      <node id="411">
        <label>qcstring.h</label>
      </node>
      <node id="412">
        <label>qstrlist.h</label>
      </node>
      <node id="410">
        <label>src/clangparser.h</label>
        <link refid="clangparser.h"/>
        <childnode refid="411" relation="include">
        </childnode>
        <childnode refid="412" relation="include">
        </childnode>
      </node>
    </incdepgraph>
    <invincdepgraph>
      <node id="414">
        <label>src/clangparser.cpp</label>
        <link refid="da/dce/clangparser_8cpp_source"/>
      </node>
      <node id="413">
        <label>src/clangparser.h</label>
        <link refid="clangparser.h"/>
        <childnode refid="414" relation="include">
        </childnode>
        <childnode refid="415" relation="include">
        </childnode>
      </node>
      <node id="415">
        <label>src/filedef.cpp</label>
        <link refid="d6/ddc/filedef_8cpp_source"/>
      </node>
    </invincdepgraph>
    <innerclass refid="da/dc5/class_clang_parser" prot="public">ClangParser</innerclass>
    <briefdescription>
    </briefdescription>
    <detaileddescription>
    </detaileddescription>
    <programlisting>
<codeline lineno="1"><highlight class="preprocessor">#ifndef<sp/>CLANGPARSER_H</highlight></codeline>
<codeline lineno="2"><highlight class="preprocessor"></highlight><highlight class="preprocessor">#define<sp/>CLANGPARSER_H</highlight></codeline>
<codeline lineno="3"><highlight class="preprocessor"></highlight><highlight class="normal"></highlight></codeline>
<codeline lineno="4"><highlight class="normal"></highlight><highlight class="preprocessor">#include<sp/>&lt;qcstring.h&gt;</highlight><highlight class="normal"></highlight></codeline>
<codeline lineno="5"><highlight class="normal"></highlight><highlight class="preprocessor">#include<sp/>&lt;qstrlist.h&gt;</highlight><highlight class="normal"></highlight></codeline>
<codeline lineno="6"><highlight class="normal"></highlight></codeline>
<codeline lineno="7"><highlight class="normal"></highlight><highlight class="keyword">class<sp/></highlight><highlight class="normal"><ref refid="d5/d9c/class_code_output_interface" kindref="compound" tooltip="Output interface for code parser.">CodeOutputInterface</ref>;</highlight></codeline>
<codeline lineno="8"><highlight class="normal"></highlight><highlight class="keyword">class<sp/></highlight><highlight class="normal"><ref refid="de/db0/class_file_def" kindref="compound" tooltip="A model of a file symbol.">FileDef</ref>;</highlight></codeline>
<codeline lineno="9"><highlight class="normal"></highlight></codeline>
<codeline lineno="11" refid="da/dc5/class_clang_parser" refkind="compound"><highlight class="keyword">class<sp/></highlight><highlight class="normal"><ref refid="da/dc5/class_clang_parser" kindref="compound" tooltip="Wrapper for to let libclang assisted parsing.">ClangParser</ref></highlight></codeline>
<codeline lineno="12"><highlight class="normal">{</highlight></codeline>
<codeline lineno="13"><highlight class="normal"><sp/><sp/></highlight><highlight class="keyword">public</highlight><highlight class="normal">:</highlight></codeline>
<codeline lineno="15"><highlight class="normal"><sp/><sp/><sp/><sp/></highlight><highlight class="keyword">static</highlight><highlight class="normal"><sp/><ref refid="da/dc5/class_clang_parser" kindref="compound" tooltip="Wrapper for to let libclang assisted parsing.">ClangParser</ref><sp/>*<ref refid="da/dc5/class_clang_parser_1add1060dd5febd4664f6038a87d87b8cd" kindref="member" tooltip="Returns the one and only instance of the class.">instance</ref>();</highlight></codeline>
<codeline lineno="16"><highlight class="normal"><sp/><sp/><sp/><sp/></highlight></codeline>
<codeline lineno="25"><highlight class="normal"><sp/><sp/><sp/><sp/></highlight><highlight class="keywordtype">void</highlight><highlight class="normal"><sp/><ref refid="da/dc5/class_clang_parser_1a6e336d45ecc4ec146bab1696fb26bd77" kindref="member" tooltip="Start parsing a file.">start</ref>(</highlight><highlight class="keyword">const</highlight><highlight class="normal"><sp/></highlight><highlight class="keywordtype">char</highlight><highlight class="normal"><sp/>*fileName,QStrList<sp/>&amp;filesInTranslationUnit);</highlight></codeline>
<codeline lineno="26"><highlight class="normal"></highlight></codeline>
<codeline lineno="31"><highlight class="normal"><sp/><sp/><sp/><sp/></highlight><highlight class="keywordtype">void</highlight><highlight class="normal"><sp/><ref refid="da/dc5/class_clang_parser_1a6b4d5e7994ee8d875f5f9bf67e8550e1" kindref="member" tooltip="Switches to another file within the translation unit started with start().">switchToFile</ref>(</highlight><highlight class="keyword">const</highlight><highlight class="normal"><sp/></highlight><highlight class="keywordtype">char</highlight><highlight class="normal"><sp/>*fileName);</highlight></codeline>
<codeline lineno="32"><highlight class="normal"></highlight></codeline>
<codeline lineno="36"><highlight class="normal"><sp/><sp/><sp/><sp/></highlight><highlight class="keywordtype">void</highlight><highlight class="normal"><sp/><ref refid="da/dc5/class_clang_parser_1ac7ccfd4ea36fc8c347e8f794109678c8" kindref="member" tooltip="Finishes parsing a translation unit.">finish</ref>();</highlight></codeline>
<codeline lineno="37"><highlight class="normal"></highlight></codeline>
<codeline lineno="41"><highlight class="normal"><sp/><sp/><sp/><sp/>QCString<sp/><ref refid="da/dc5/class_clang_parser_1a2617d0cd62525f13d53a896247ac75d6" kindref="member" tooltip="Looks for symbol which should be found at line and returns a clang unique reference to the symbol...">lookup</ref>(uint<sp/>line,</highlight><highlight class="keyword">const</highlight><highlight class="normal"><sp/></highlight><highlight class="keywordtype">char</highlight><highlight class="normal"><sp/>*symbol);</highlight></codeline>
<codeline lineno="42"><highlight class="normal"></highlight></codeline>
<codeline lineno="47"><highlight class="normal"><sp/><sp/><sp/><sp/></highlight><highlight class="keywordtype">void</highlight><highlight class="normal"><sp/><ref refid="da/dc5/class_clang_parser_1a85070c801afbece678e44e5af2cf4c4b" kindref="member" tooltip="writes the syntax highlighted source code for a file">writeSources</ref>(<ref refid="d5/d9c/class_code_output_interface" kindref="compound" tooltip="Output interface for code parser.">CodeOutputInterface</ref><sp/>&amp;ol,<ref refid="de/db0/class_file_def" kindref="compound" tooltip="A model of a file symbol.">FileDef</ref><sp/>*fd);</highlight></codeline>
<codeline lineno="48"><highlight class="normal"></highlight></codeline>
<codeline lineno="49"><highlight class="normal"><sp/><sp/></highlight><highlight class="keyword">private</highlight><highlight class="normal">:</highlight></codeline>
<codeline lineno="50"><highlight class="normal"><sp/><sp/><sp/><sp/></highlight><highlight class="keywordtype">void</highlight><highlight class="normal"><sp/>linkIdentifier(<ref refid="d5/d9c/class_code_output_interface" kindref="compound" tooltip="Output interface for code parser.">CodeOutputInterface</ref><sp/>&amp;ol,<ref refid="de/db0/class_file_def" kindref="compound" tooltip="A model of a file symbol.">FileDef</ref><sp/>*fd,</highlight></codeline>
<codeline lineno="51"><highlight class="normal"><sp/><sp/><sp/><sp/><sp/><sp/><sp/><sp/><sp/><sp/><sp/><sp/><sp/><sp/><sp/><sp/><sp/><sp/><sp/><sp/><sp/><sp/><sp/><sp/>uint<sp/>&amp;line,uint<sp/>&amp;column,</highlight></codeline>
<codeline lineno="52"><highlight class="normal"><sp/><sp/><sp/><sp/><sp/><sp/><sp/><sp/><sp/><sp/><sp/><sp/><sp/><sp/><sp/><sp/><sp/><sp/><sp/><sp/><sp/><sp/><sp/><sp/></highlight><highlight class="keyword">const</highlight><highlight class="normal"><sp/></highlight><highlight class="keywordtype">char</highlight><highlight class="normal"><sp/>*text,</highlight><highlight class="keywordtype">int</highlight><highlight class="normal"><sp/>tokenIndex);</highlight></codeline>
<codeline lineno="53"><highlight class="normal"><sp/><sp/><sp/><sp/></highlight><highlight class="keywordtype">void</highlight><highlight class="normal"><sp/>linkMacro(<ref refid="d5/d9c/class_code_output_interface" kindref="compound" tooltip="Output interface for code parser.">CodeOutputInterface</ref><sp/>&amp;ol,<ref refid="de/db0/class_file_def" kindref="compound" tooltip="A model of a file symbol.">FileDef</ref><sp/>*fd,</highlight></codeline>
<codeline lineno="54"><highlight class="normal"><sp/><sp/><sp/><sp/><sp/><sp/><sp/><sp/><sp/><sp/><sp/><sp/><sp/><sp/><sp/><sp/><sp/><sp/><sp/>uint<sp/>&amp;line,uint<sp/>&amp;column,</highlight></codeline>
<codeline lineno="55"><highlight class="normal"><sp/><sp/><sp/><sp/><sp/><sp/><sp/><sp/><sp/><sp/><sp/><sp/><sp/><sp/><sp/><sp/><sp/><sp/><sp/></highlight><highlight class="keyword">const</highlight><highlight class="normal"><sp/></highlight><highlight class="keywordtype">char</highlight><highlight class="normal"><sp/>*text);</highlight></codeline>
<codeline lineno="56"><highlight class="normal"><sp/><sp/><sp/><sp/></highlight><highlight class="keywordtype">void</highlight><highlight class="normal"><sp/>linkInclude(<ref refid="d5/d9c/class_code_output_interface" kindref="compound" tooltip="Output interface for code parser.">CodeOutputInterface</ref><sp/>&amp;ol,<ref refid="de/db0/class_file_def" kindref="compound" tooltip="A model of a file symbol.">FileDef</ref><sp/>*fd,</highlight></codeline>
<codeline lineno="57"><highlight class="normal"><sp/><sp/><sp/><sp/><sp/><sp/><sp/><sp/><sp/><sp/><sp/><sp/><sp/><sp/><sp/><sp/><sp/><sp/><sp/>uint<sp/>&amp;line,uint<sp/>&amp;column,</highlight></codeline>
<codeline lineno="58"><highlight class="normal"><sp/><sp/><sp/><sp/><sp/><sp/><sp/><sp/><sp/><sp/><sp/><sp/><sp/><sp/><sp/><sp/><sp/><sp/><sp/></highlight><highlight class="keyword">const</highlight><highlight class="normal"><sp/></highlight><highlight class="keywordtype">char</highlight><highlight class="normal"><sp/>*text);</highlight></codeline>
<codeline lineno="59"><highlight class="normal"><sp/><sp/><sp/><sp/></highlight><highlight class="keywordtype">void</highlight><highlight class="normal"><sp/>determineInputFilesInSameTu(QStrList<sp/>&amp;filesInTranslationUnit);</highlight></codeline>
<codeline lineno="60"><highlight class="normal"><sp/><sp/><sp/><sp/></highlight><highlight class="keyword">class<sp/></highlight><highlight class="normal">Private;</highlight></codeline>
<codeline lineno="61"><highlight class="normal"><sp/><sp/><sp/><sp/>Private<sp/>*p;</highlight></codeline>
<codeline lineno="62"><highlight class="normal"><sp/><sp/><sp/><sp/><ref refid="da/dc5/class_clang_parser" kindref="compound" tooltip="Wrapper for to let libclang assisted parsing.">ClangParser</ref>();</highlight></codeline>
<codeline lineno="63"><highlight class="normal"><sp/><sp/><sp/><sp/></highlight><highlight class="keyword">virtual</highlight><highlight class="normal"><sp/>~<ref refid="da/dc5/class_clang_parser" kindref="compound" tooltip="Wrapper for to let libclang assisted parsing.">ClangParser</ref>();</highlight></codeline>
<codeline lineno="64"><highlight class="normal"><sp/><sp/><sp/><sp/></highlight><highlight class="keyword">static</highlight><highlight class="normal"><sp/><ref refid="da/dc5/class_clang_parser" kindref="compound" tooltip="Wrapper for to let libclang assisted parsing.">ClangParser</ref><sp/>*s_instance;</highlight></codeline>
<codeline lineno="65"><highlight class="normal">};</highlight></codeline>
<codeline lineno="66"><highlight class="normal"></highlight></codeline>
<codeline lineno="67"><highlight class="normal"></highlight><highlight class="preprocessor">#endif</highlight></codeline>
    </programlisting>
    <location file="C:/Users/Mat/Projects/doxygraph/examples/doxygen-1.8.4/src/clangparser.h"/>
  </compounddef>
</doxygen>
