<?xml version='1.0' encoding='UTF-8' standalone='no'?>
<doxygen xmlns:xsi="http://www.w3.org/2001/XMLSchema-instance" xsi:noNamespaceSchemaLocation="compound.xsd" version="1.8.2">
  <compounddef id="d1/de9/class_dot_runner" kind="class" prot="public">
    <compoundname>DotRunner</compoundname>
    <includes refid="d6/d4a/dot_8h" local="no">dot.h</includes>
    <innerclass refid="d1/d96/struct_dot_runner_1_1_cleanup_item" prot="public">DotRunner::CleanupItem</innerclass>
      <sectiondef kind="private-attrib">
      <memberdef kind="variable" id="d1/de9/class_dot_runner_1a55a53027b8be15ee7b24e436cea9e4e4" prot="private" static="no" mutable="no">
        <type><ref refid="db/daa/class_q_list" kindref="compound">QList</ref>&lt; QCString &gt;</type>
        <definition>QList&lt;QCString&gt; DotRunner::m_jobs</definition>
        <argsstring></argsstring>
        <name>m_jobs</name>
        <briefdescription>
        </briefdescription>
        <detaileddescription>
        </detaileddescription>
        <inbodydescription>
        </inbodydescription>
        <location file="C:/Users/Mat/Projects/doxygraph/examples/doxygen-1.8.4/src/dot.h" line="350" bodyfile="C:/Users/Mat/Projects/doxygraph/examples/doxygen-1.8.4/src/dot.h" bodystart="350" bodyend="-1"/>
      </memberdef>
      <memberdef kind="variable" id="d1/de9/class_dot_runner_1a6bbcd5b3a669e81ee10eb9d8e0f1436f" prot="private" static="no" mutable="no">
        <type>QCString</type>
        <definition>QCString DotRunner::m_postArgs</definition>
        <argsstring></argsstring>
        <name>m_postArgs</name>
        <briefdescription>
        </briefdescription>
        <detaileddescription>
        </detaileddescription>
        <inbodydescription>
        </inbodydescription>
        <location file="C:/Users/Mat/Projects/doxygraph/examples/doxygen-1.8.4/src/dot.h" line="351" bodyfile="C:/Users/Mat/Projects/doxygraph/examples/doxygen-1.8.4/src/dot.h" bodystart="351" bodyend="-1"/>
      </memberdef>
      <memberdef kind="variable" id="d1/de9/class_dot_runner_1a36ed0bae1e4ae9c70797030421129b71" prot="private" static="no" mutable="no">
        <type>QCString</type>
        <definition>QCString DotRunner::m_postCmd</definition>
        <argsstring></argsstring>
        <name>m_postCmd</name>
        <briefdescription>
        </briefdescription>
        <detaileddescription>
        </detaileddescription>
        <inbodydescription>
        </inbodydescription>
        <location file="C:/Users/Mat/Projects/doxygraph/examples/doxygen-1.8.4/src/dot.h" line="352" bodyfile="C:/Users/Mat/Projects/doxygraph/examples/doxygen-1.8.4/src/dot.h" bodystart="352" bodyend="-1"/>
      </memberdef>
      <memberdef kind="variable" id="d1/de9/class_dot_runner_1a12014e4db074427453f9dd360a48ccd5" prot="private" static="no" mutable="no">
        <type>QCString</type>
        <definition>QCString DotRunner::m_file</definition>
        <argsstring></argsstring>
        <name>m_file</name>
        <briefdescription>
        </briefdescription>
        <detaileddescription>
        </detaileddescription>
        <inbodydescription>
        </inbodydescription>
        <location file="C:/Users/Mat/Projects/doxygraph/examples/doxygen-1.8.4/src/dot.h" line="353" bodyfile="C:/Users/Mat/Projects/doxygraph/examples/doxygen-1.8.4/src/dot.h" bodystart="353" bodyend="-1"/>
      </memberdef>
      <memberdef kind="variable" id="d1/de9/class_dot_runner_1a6b7504fef90ae97102c65458bef07f8a" prot="private" static="no" mutable="no">
        <type>QCString</type>
        <definition>QCString DotRunner::m_path</definition>
        <argsstring></argsstring>
        <name>m_path</name>
        <briefdescription>
        </briefdescription>
        <detaileddescription>
        </detaileddescription>
        <inbodydescription>
        </inbodydescription>
        <location file="C:/Users/Mat/Projects/doxygraph/examples/doxygen-1.8.4/src/dot.h" line="354" bodyfile="C:/Users/Mat/Projects/doxygraph/examples/doxygen-1.8.4/src/dot.h" bodystart="354" bodyend="-1"/>
      </memberdef>
      <memberdef kind="variable" id="d1/de9/class_dot_runner_1a0401115b58700ae9060689c9ae00d10c" prot="private" static="no" mutable="no">
        <type>bool</type>
        <definition>bool DotRunner::m_checkResult</definition>
        <argsstring></argsstring>
        <name>m_checkResult</name>
        <briefdescription>
        </briefdescription>
        <detaileddescription>
        </detaileddescription>
        <inbodydescription>
        </inbodydescription>
        <location file="C:/Users/Mat/Projects/doxygraph/examples/doxygen-1.8.4/src/dot.h" line="355" bodyfile="C:/Users/Mat/Projects/doxygraph/examples/doxygen-1.8.4/src/dot.h" bodystart="355" bodyend="-1"/>
      </memberdef>
      <memberdef kind="variable" id="d1/de9/class_dot_runner_1a25c766590b9efae528adf88d8b938962" prot="private" static="no" mutable="no">
        <type>QCString</type>
        <definition>QCString DotRunner::m_imageName</definition>
        <argsstring></argsstring>
        <name>m_imageName</name>
        <briefdescription>
        </briefdescription>
        <detaileddescription>
        </detaileddescription>
        <inbodydescription>
        </inbodydescription>
        <location file="C:/Users/Mat/Projects/doxygraph/examples/doxygen-1.8.4/src/dot.h" line="356" bodyfile="C:/Users/Mat/Projects/doxygraph/examples/doxygen-1.8.4/src/dot.h" bodystart="356" bodyend="-1"/>
      </memberdef>
      <memberdef kind="variable" id="d1/de9/class_dot_runner_1a1c2f7b08f473697c06b3ce70a225209c" prot="private" static="no" mutable="no">
        <type>bool</type>
        <definition>bool DotRunner::m_cleanUp</definition>
        <argsstring></argsstring>
        <name>m_cleanUp</name>
        <briefdescription>
        </briefdescription>
        <detaileddescription>
        </detaileddescription>
        <inbodydescription>
        </inbodydescription>
        <location file="C:/Users/Mat/Projects/doxygraph/examples/doxygen-1.8.4/src/dot.h" line="357" bodyfile="C:/Users/Mat/Projects/doxygraph/examples/doxygen-1.8.4/src/dot.h" bodystart="357" bodyend="-1"/>
      </memberdef>
      <memberdef kind="variable" id="d1/de9/class_dot_runner_1ade53ab8d0c7fd3f1e015cdeab01a6558" prot="private" static="no" mutable="no">
        <type><ref refid="d1/d96/struct_dot_runner_1_1_cleanup_item" kindref="compound">CleanupItem</ref></type>
        <definition>CleanupItem DotRunner::m_cleanupItem</definition>
        <argsstring></argsstring>
        <name>m_cleanupItem</name>
        <briefdescription>
        </briefdescription>
        <detaileddescription>
        </detaileddescription>
        <inbodydescription>
        </inbodydescription>
        <location file="C:/Users/Mat/Projects/doxygraph/examples/doxygen-1.8.4/src/dot.h" line="358" bodyfile="C:/Users/Mat/Projects/doxygraph/examples/doxygen-1.8.4/src/dot.h" bodystart="358" bodyend="-1"/>
      </memberdef>
      </sectiondef>
      <sectiondef kind="public-func">
      <memberdef kind="function" id="d1/de9/class_dot_runner_1a0139716432105faf63356af65f993559" prot="public" static="no" const="no" explicit="no" inline="no" virt="non-virtual">
        <type></type>
        <definition>DotRunner::DotRunner</definition>
        <argsstring>(const QCString &amp;file, const QCString &amp;fontPath, bool checkResult, const QCString &amp;imageName=QCString())</argsstring>
        <name>DotRunner</name>
        <param>
          <type>const QCString &amp;</type>
          <declname>file</declname>
        </param>
        <param>
          <type>const QCString &amp;</type>
          <declname>fontPath</declname>
        </param>
        <param>
          <type>bool</type>
          <declname>checkResult</declname>
        </param>
        <param>
          <type>const QCString &amp;</type>
          <declname>imageName</declname>
          <defval>QCString()</defval>
        </param>
        <briefdescription>
<para>Creates a runner for a dot <emphasis>file</emphasis>. </para>        </briefdescription>
        <detaileddescription>
        </detaileddescription>
        <inbodydescription>
        </inbodydescription>
        <location file="C:/Users/Mat/Projects/doxygraph/examples/doxygen-1.8.4/src/dot.h" line="334" bodyfile="C:/Users/Mat/Projects/doxygraph/examples/doxygen-1.8.4/src/dot.cpp" bodystart="794" bodyend="802"/>
      </memberdef>
      <memberdef kind="function" id="d1/de9/class_dot_runner_1a7438f2a23b1ee231d3281a515914e4e1" prot="public" static="no" const="no" explicit="no" inline="no" virt="non-virtual">
        <type>void</type>
        <definition>void DotRunner::addJob</definition>
        <argsstring>(const char *format, const char *output)</argsstring>
        <name>addJob</name>
        <param>
          <type>const char *</type>
          <declname>format</declname>
        </param>
        <param>
          <type>const char *</type>
          <declname>output</declname>
        </param>
        <briefdescription>
<para>Adds an additional job to the run. </para>        </briefdescription>
        <detaileddescription>
<para>Performing multiple jobs one file can be faster. </para>        </detaileddescription>
        <inbodydescription>
        </inbodydescription>
        <location file="C:/Users/Mat/Projects/doxygraph/examples/doxygen-1.8.4/src/dot.h" line="339" bodyfile="C:/Users/Mat/Projects/doxygraph/examples/doxygen-1.8.4/src/dot.cpp" bodystart="804" bodyend="808"/>
      </memberdef>
      <memberdef kind="function" id="d1/de9/class_dot_runner_1a84e3b1076cb4529baad7d694c35dadba" prot="public" static="no" const="no" explicit="no" inline="no" virt="non-virtual">
        <type>void</type>
        <definition>void DotRunner::addPostProcessing</definition>
        <argsstring>(const char *cmd, const char *args)</argsstring>
        <name>addPostProcessing</name>
        <param>
          <type>const char *</type>
          <declname>cmd</declname>
        </param>
        <param>
          <type>const char *</type>
          <declname>args</declname>
        </param>
        <briefdescription>
        </briefdescription>
        <detaileddescription>
        </detaileddescription>
        <inbodydescription>
        </inbodydescription>
        <location file="C:/Users/Mat/Projects/doxygraph/examples/doxygen-1.8.4/src/dot.h" line="341" bodyfile="C:/Users/Mat/Projects/doxygraph/examples/doxygen-1.8.4/src/dot.cpp" bodystart="810" bodyend="814"/>
      </memberdef>
      <memberdef kind="function" id="d1/de9/class_dot_runner_1a2c9b6af873f263c04913504d0f420274" prot="public" static="no" const="no" explicit="no" inline="yes" virt="non-virtual">
        <type>void</type>
        <definition>void DotRunner::preventCleanUp</definition>
        <argsstring>()</argsstring>
        <name>preventCleanUp</name>
        <briefdescription>
        </briefdescription>
        <detaileddescription>
        </detaileddescription>
        <inbodydescription>
        </inbodydescription>
        <location file="C:/Users/Mat/Projects/doxygraph/examples/doxygen-1.8.4/src/dot.h" line="343" bodyfile="C:/Users/Mat/Projects/doxygraph/examples/doxygen-1.8.4/src/dot.h" bodystart="343" bodyend="343"/>
      </memberdef>
      <memberdef kind="function" id="d1/de9/class_dot_runner_1ac1afaee16ddd8bf0bc6b18aaed6b44fd" prot="public" static="no" const="no" explicit="no" inline="no" virt="non-virtual">
        <type>bool</type>
        <definition>bool DotRunner::run</definition>
        <argsstring>()</argsstring>
        <name>run</name>
        <briefdescription>
<para>Runs dot for all jobs added. </para>        </briefdescription>
        <detaileddescription>
        </detaileddescription>
        <inbodydescription>
        </inbodydescription>
        <location file="C:/Users/Mat/Projects/doxygraph/examples/doxygen-1.8.4/src/dot.h" line="346" bodyfile="C:/Users/Mat/Projects/doxygraph/examples/doxygen-1.8.4/src/dot.cpp" bodystart="816" bodyend="873"/>
      </memberdef>
      <memberdef kind="function" id="d1/de9/class_dot_runner_1ac2dc7713295b7fe7c9baabdd4fad1066" prot="public" static="no" const="yes" explicit="no" inline="yes" virt="non-virtual">
        <type><ref refid="d1/d96/struct_dot_runner_1_1_cleanup_item" kindref="compound">CleanupItem</ref></type>
        <definition>CleanupItem DotRunner::cleanup</definition>
        <argsstring>() const </argsstring>
        <name>cleanup</name>
        <briefdescription>
        </briefdescription>
        <detaileddescription>
        </detaileddescription>
        <inbodydescription>
        </inbodydescription>
        <location file="C:/Users/Mat/Projects/doxygraph/examples/doxygen-1.8.4/src/dot.h" line="347" bodyfile="C:/Users/Mat/Projects/doxygraph/examples/doxygen-1.8.4/src/dot.h" bodystart="347" bodyend="347"/>
      </memberdef>
      </sectiondef>
    <briefdescription>
<para>Helper class to run dot from doxygen. </para>    </briefdescription>
    <detaileddescription>
    </detaileddescription>
    <location file="C:/Users/Mat/Projects/doxygraph/examples/doxygen-1.8.4/src/dot.h" line="324" bodyfile="C:/Users/Mat/Projects/doxygraph/examples/doxygen-1.8.4/src/dot.h" bodystart="323" bodyend="359"/>
    <listofallmembers>
      <member refid="d1/de9/class_dot_runner_1a7438f2a23b1ee231d3281a515914e4e1" prot="public" virt="non-virtual"><scope>DotRunner</scope><name>addJob</name></member>
      <member refid="d1/de9/class_dot_runner_1a84e3b1076cb4529baad7d694c35dadba" prot="public" virt="non-virtual"><scope>DotRunner</scope><name>addPostProcessing</name></member>
      <member refid="d1/de9/class_dot_runner_1ac2dc7713295b7fe7c9baabdd4fad1066" prot="public" virt="non-virtual"><scope>DotRunner</scope><name>cleanup</name></member>
      <member refid="d1/de9/class_dot_runner_1a0139716432105faf63356af65f993559" prot="public" virt="non-virtual"><scope>DotRunner</scope><name>DotRunner</name></member>
      <member refid="d1/de9/class_dot_runner_1a0401115b58700ae9060689c9ae00d10c" prot="private" virt="non-virtual"><scope>DotRunner</scope><name>m_checkResult</name></member>
      <member refid="d1/de9/class_dot_runner_1a1c2f7b08f473697c06b3ce70a225209c" prot="private" virt="non-virtual"><scope>DotRunner</scope><name>m_cleanUp</name></member>
      <member refid="d1/de9/class_dot_runner_1ade53ab8d0c7fd3f1e015cdeab01a6558" prot="private" virt="non-virtual"><scope>DotRunner</scope><name>m_cleanupItem</name></member>
      <member refid="d1/de9/class_dot_runner_1a12014e4db074427453f9dd360a48ccd5" prot="private" virt="non-virtual"><scope>DotRunner</scope><name>m_file</name></member>
      <member refid="d1/de9/class_dot_runner_1a25c766590b9efae528adf88d8b938962" prot="private" virt="non-virtual"><scope>DotRunner</scope><name>m_imageName</name></member>
      <member refid="d1/de9/class_dot_runner_1a55a53027b8be15ee7b24e436cea9e4e4" prot="private" virt="non-virtual"><scope>DotRunner</scope><name>m_jobs</name></member>
      <member refid="d1/de9/class_dot_runner_1a6b7504fef90ae97102c65458bef07f8a" prot="private" virt="non-virtual"><scope>DotRunner</scope><name>m_path</name></member>
      <member refid="d1/de9/class_dot_runner_1a6bbcd5b3a669e81ee10eb9d8e0f1436f" prot="private" virt="non-virtual"><scope>DotRunner</scope><name>m_postArgs</name></member>
      <member refid="d1/de9/class_dot_runner_1a36ed0bae1e4ae9c70797030421129b71" prot="private" virt="non-virtual"><scope>DotRunner</scope><name>m_postCmd</name></member>
      <member refid="d1/de9/class_dot_runner_1a2c9b6af873f263c04913504d0f420274" prot="public" virt="non-virtual"><scope>DotRunner</scope><name>preventCleanUp</name></member>
      <member refid="d1/de9/class_dot_runner_1ac1afaee16ddd8bf0bc6b18aaed6b44fd" prot="public" virt="non-virtual"><scope>DotRunner</scope><name>run</name></member>
    </listofallmembers>
  </compounddef>
</doxygen>
