<?xml version='1.0' encoding='UTF-8' standalone='no'?>
<doxygen xmlns:xsi="http://www.w3.org/2001/XMLSchema-instance" xsi:noNamespaceSchemaLocation="compound.xsd" version="1.8.2">
  <compounddef id="d8/d63/struct_edge_info" kind="struct" prot="public">
    <compoundname>EdgeInfo</compoundname>
    <includes refid="d6/d4a/dot_8h" local="no">dot.h</includes>
      <sectiondef kind="public-type">
      <memberdef kind="enum" id="d8/d63/struct_edge_info_1afd9f10f4693123d11e52bb1127f23228" prot="public" static="no">
        <name>Colors</name>
        <enumvalue id="d8/d63/struct_edge_info_1afd9f10f4693123d11e52bb1127f23228ad86037d0f4029916bab272b972da808e" prot="public">
          <name>Blue</name>
          <initializer>=0</initializer>
          <briefdescription>
          </briefdescription>
          <detaileddescription>
          </detaileddescription>
        </enumvalue>
        <enumvalue id="d8/d63/struct_edge_info_1afd9f10f4693123d11e52bb1127f23228a4a29d1be23ca8384e036227c0d375949" prot="public">
          <name>Green</name>
          <initializer>=1</initializer>
          <briefdescription>
          </briefdescription>
          <detaileddescription>
          </detaileddescription>
        </enumvalue>
        <enumvalue id="d8/d63/struct_edge_info_1afd9f10f4693123d11e52bb1127f23228ac4f6ba2f7702235368f07ff81f6b0c74" prot="public">
          <name>Red</name>
          <initializer>=2</initializer>
          <briefdescription>
          </briefdescription>
          <detaileddescription>
          </detaileddescription>
        </enumvalue>
        <enumvalue id="d8/d63/struct_edge_info_1afd9f10f4693123d11e52bb1127f23228a4f78453f5006dccb5ecea6bd6ae41a98" prot="public">
          <name>Purple</name>
          <initializer>=3</initializer>
          <briefdescription>
          </briefdescription>
          <detaileddescription>
          </detaileddescription>
        </enumvalue>
        <enumvalue id="d8/d63/struct_edge_info_1afd9f10f4693123d11e52bb1127f23228aa5653e1b61f6d5bf0b762fa8887aaec6" prot="public">
          <name>Grey</name>
          <initializer>=4</initializer>
          <briefdescription>
          </briefdescription>
          <detaileddescription>
          </detaileddescription>
        </enumvalue>
        <enumvalue id="d8/d63/struct_edge_info_1afd9f10f4693123d11e52bb1127f23228a5dd85875507d2ff6d9aa5ae31ac0ae02" prot="public">
          <name>Orange</name>
          <initializer>=5</initializer>
          <briefdescription>
          </briefdescription>
          <detaileddescription>
          </detaileddescription>
        </enumvalue>
        <briefdescription>
        </briefdescription>
        <detaileddescription>
        </detaileddescription>
        <inbodydescription>
        </inbodydescription>
        <location file="C:/Users/Mat/Projects/doxygraph/examples/doxygen-1.8.4/src/dot.h" line="47" bodyfile="C:/Users/Mat/Projects/doxygraph/examples/doxygen-1.8.4/src/dot.h" bodystart="47" bodyend="47"/>
      </memberdef>
      <memberdef kind="enum" id="d8/d63/struct_edge_info_1a4fe2d2921d0f51d84da1bf48b3b4f2c5" prot="public" static="no">
        <name>Styles</name>
        <enumvalue id="d8/d63/struct_edge_info_1a4fe2d2921d0f51d84da1bf48b3b4f2c5a26f6a09cd44415e9be80ccabf5195989" prot="public">
          <name>Solid</name>
          <initializer>=0</initializer>
          <briefdescription>
          </briefdescription>
          <detaileddescription>
          </detaileddescription>
        </enumvalue>
        <enumvalue id="d8/d63/struct_edge_info_1a4fe2d2921d0f51d84da1bf48b3b4f2c5a96c6ed866d802acef7582691e8230b63" prot="public">
          <name>Dashed</name>
          <initializer>=1</initializer>
          <briefdescription>
          </briefdescription>
          <detaileddescription>
          </detaileddescription>
        </enumvalue>
        <briefdescription>
        </briefdescription>
        <detaileddescription>
        </detaileddescription>
        <inbodydescription>
        </inbodydescription>
        <location file="C:/Users/Mat/Projects/doxygraph/examples/doxygen-1.8.4/src/dot.h" line="48" bodyfile="C:/Users/Mat/Projects/doxygraph/examples/doxygen-1.8.4/src/dot.h" bodystart="48" bodyend="48"/>
      </memberdef>
      </sectiondef>
      <sectiondef kind="public-attrib">
      <memberdef kind="variable" id="d8/d63/struct_edge_info_1a67f74484abac64da6f84291550232430" prot="public" static="no" mutable="no">
        <type>int</type>
        <definition>int EdgeInfo::m_color</definition>
        <argsstring></argsstring>
        <name>m_color</name>
        <briefdescription>
        </briefdescription>
        <detaileddescription>
        </detaileddescription>
        <inbodydescription>
        </inbodydescription>
        <location file="C:/Users/Mat/Projects/doxygraph/examples/doxygen-1.8.4/src/dot.h" line="51" bodyfile="C:/Users/Mat/Projects/doxygraph/examples/doxygen-1.8.4/src/dot.h" bodystart="51" bodyend="-1"/>
      </memberdef>
      <memberdef kind="variable" id="d8/d63/struct_edge_info_1a9cd01dc1ff370a261f5850a1fa5812f9" prot="public" static="no" mutable="no">
        <type>int</type>
        <definition>int EdgeInfo::m_style</definition>
        <argsstring></argsstring>
        <name>m_style</name>
        <briefdescription>
        </briefdescription>
        <detaileddescription>
        </detaileddescription>
        <inbodydescription>
        </inbodydescription>
        <location file="C:/Users/Mat/Projects/doxygraph/examples/doxygen-1.8.4/src/dot.h" line="52" bodyfile="C:/Users/Mat/Projects/doxygraph/examples/doxygen-1.8.4/src/dot.h" bodystart="52" bodyend="-1"/>
      </memberdef>
      <memberdef kind="variable" id="d8/d63/struct_edge_info_1ab735a4292f619dc43efb887bc4b42119" prot="public" static="no" mutable="no">
        <type>QCString</type>
        <definition>QCString EdgeInfo::m_label</definition>
        <argsstring></argsstring>
        <name>m_label</name>
        <briefdescription>
        </briefdescription>
        <detaileddescription>
        </detaileddescription>
        <inbodydescription>
        </inbodydescription>
        <location file="C:/Users/Mat/Projects/doxygraph/examples/doxygen-1.8.4/src/dot.h" line="53" bodyfile="C:/Users/Mat/Projects/doxygraph/examples/doxygen-1.8.4/src/dot.h" bodystart="53" bodyend="-1"/>
      </memberdef>
      <memberdef kind="variable" id="d8/d63/struct_edge_info_1a0f0c4b78066f2ed4ed4e453ad8fdf428" prot="public" static="no" mutable="no">
        <type>QCString</type>
        <definition>QCString EdgeInfo::m_url</definition>
        <argsstring></argsstring>
        <name>m_url</name>
        <briefdescription>
        </briefdescription>
        <detaileddescription>
        </detaileddescription>
        <inbodydescription>
        </inbodydescription>
        <location file="C:/Users/Mat/Projects/doxygraph/examples/doxygen-1.8.4/src/dot.h" line="54" bodyfile="C:/Users/Mat/Projects/doxygraph/examples/doxygen-1.8.4/src/dot.h" bodystart="54" bodyend="-1"/>
      </memberdef>
      <memberdef kind="variable" id="d8/d63/struct_edge_info_1a1074753351376c3d894e3a1777a643d1" prot="public" static="no" mutable="no">
        <type>int</type>
        <definition>int EdgeInfo::m_labColor</definition>
        <argsstring></argsstring>
        <name>m_labColor</name>
        <briefdescription>
        </briefdescription>
        <detaileddescription>
        </detaileddescription>
        <inbodydescription>
        </inbodydescription>
        <location file="C:/Users/Mat/Projects/doxygraph/examples/doxygen-1.8.4/src/dot.h" line="55" bodyfile="C:/Users/Mat/Projects/doxygraph/examples/doxygen-1.8.4/src/dot.h" bodystart="55" bodyend="-1"/>
      </memberdef>
      </sectiondef>
      <sectiondef kind="public-func">
      <memberdef kind="function" id="d8/d63/struct_edge_info_1ace4f72439ec4a9937fa5fb022233e1eb" prot="public" static="no" const="no" explicit="no" inline="yes" virt="non-virtual">
        <type></type>
        <definition>EdgeInfo::EdgeInfo</definition>
        <argsstring>()</argsstring>
        <name>EdgeInfo</name>
        <briefdescription>
        </briefdescription>
        <detaileddescription>
        </detaileddescription>
        <inbodydescription>
        </inbodydescription>
        <location file="C:/Users/Mat/Projects/doxygraph/examples/doxygen-1.8.4/src/dot.h" line="49" bodyfile="C:/Users/Mat/Projects/doxygraph/examples/doxygen-1.8.4/src/dot.h" bodystart="49" bodyend="49"/>
      </memberdef>
      <memberdef kind="function" id="d8/d63/struct_edge_info_1ac1563ffa6c9641e5510503aa2e46f7a1" prot="public" static="no" const="no" explicit="no" inline="yes" virt="non-virtual">
        <type></type>
        <definition>EdgeInfo::~EdgeInfo</definition>
        <argsstring>()</argsstring>
        <name>~EdgeInfo</name>
        <briefdescription>
        </briefdescription>
        <detaileddescription>
        </detaileddescription>
        <inbodydescription>
        </inbodydescription>
        <location file="C:/Users/Mat/Projects/doxygraph/examples/doxygen-1.8.4/src/dot.h" line="50" bodyfile="C:/Users/Mat/Projects/doxygraph/examples/doxygen-1.8.4/src/dot.h" bodystart="50" bodyend="50"/>
      </memberdef>
      </sectiondef>
    <briefdescription>
<para>Attributes of an edge of a dot graph. </para>    </briefdescription>
    <detaileddescription>
    </detaileddescription>
    <location file="C:/Users/Mat/Projects/doxygraph/examples/doxygen-1.8.4/src/dot.h" line="46" bodyfile="C:/Users/Mat/Projects/doxygraph/examples/doxygen-1.8.4/src/dot.h" bodystart="45" bodyend="56"/>
    <listofallmembers>
      <member refid="d8/d63/struct_edge_info_1afd9f10f4693123d11e52bb1127f23228ad86037d0f4029916bab272b972da808e" prot="public" virt="non-virtual"><scope>EdgeInfo</scope><name>Blue</name></member>
      <member refid="d8/d63/struct_edge_info_1afd9f10f4693123d11e52bb1127f23228" prot="public" virt="non-virtual"><scope>EdgeInfo</scope><name>Colors</name></member>
      <member refid="d8/d63/struct_edge_info_1a4fe2d2921d0f51d84da1bf48b3b4f2c5a96c6ed866d802acef7582691e8230b63" prot="public" virt="non-virtual"><scope>EdgeInfo</scope><name>Dashed</name></member>
      <member refid="d8/d63/struct_edge_info_1ace4f72439ec4a9937fa5fb022233e1eb" prot="public" virt="non-virtual"><scope>EdgeInfo</scope><name>EdgeInfo</name></member>
      <member refid="d8/d63/struct_edge_info_1afd9f10f4693123d11e52bb1127f23228a4a29d1be23ca8384e036227c0d375949" prot="public" virt="non-virtual"><scope>EdgeInfo</scope><name>Green</name></member>
      <member refid="d8/d63/struct_edge_info_1afd9f10f4693123d11e52bb1127f23228aa5653e1b61f6d5bf0b762fa8887aaec6" prot="public" virt="non-virtual"><scope>EdgeInfo</scope><name>Grey</name></member>
      <member refid="d8/d63/struct_edge_info_1a67f74484abac64da6f84291550232430" prot="public" virt="non-virtual"><scope>EdgeInfo</scope><name>m_color</name></member>
      <member refid="d8/d63/struct_edge_info_1a1074753351376c3d894e3a1777a643d1" prot="public" virt="non-virtual"><scope>EdgeInfo</scope><name>m_labColor</name></member>
      <member refid="d8/d63/struct_edge_info_1ab735a4292f619dc43efb887bc4b42119" prot="public" virt="non-virtual"><scope>EdgeInfo</scope><name>m_label</name></member>
      <member refid="d8/d63/struct_edge_info_1a9cd01dc1ff370a261f5850a1fa5812f9" prot="public" virt="non-virtual"><scope>EdgeInfo</scope><name>m_style</name></member>
      <member refid="d8/d63/struct_edge_info_1a0f0c4b78066f2ed4ed4e453ad8fdf428" prot="public" virt="non-virtual"><scope>EdgeInfo</scope><name>m_url</name></member>
      <member refid="d8/d63/struct_edge_info_1afd9f10f4693123d11e52bb1127f23228a5dd85875507d2ff6d9aa5ae31ac0ae02" prot="public" virt="non-virtual"><scope>EdgeInfo</scope><name>Orange</name></member>
      <member refid="d8/d63/struct_edge_info_1afd9f10f4693123d11e52bb1127f23228a4f78453f5006dccb5ecea6bd6ae41a98" prot="public" virt="non-virtual"><scope>EdgeInfo</scope><name>Purple</name></member>
      <member refid="d8/d63/struct_edge_info_1afd9f10f4693123d11e52bb1127f23228ac4f6ba2f7702235368f07ff81f6b0c74" prot="public" virt="non-virtual"><scope>EdgeInfo</scope><name>Red</name></member>
      <member refid="d8/d63/struct_edge_info_1a4fe2d2921d0f51d84da1bf48b3b4f2c5a26f6a09cd44415e9be80ccabf5195989" prot="public" virt="non-virtual"><scope>EdgeInfo</scope><name>Solid</name></member>
      <member refid="d8/d63/struct_edge_info_1a4fe2d2921d0f51d84da1bf48b3b4f2c5" prot="public" virt="non-virtual"><scope>EdgeInfo</scope><name>Styles</name></member>
      <member refid="d8/d63/struct_edge_info_1ac1563ffa6c9641e5510503aa2e46f7a1" prot="public" virt="non-virtual"><scope>EdgeInfo</scope><name>~EdgeInfo</name></member>
    </listofallmembers>
  </compounddef>
</doxygen>
