<?xml version='1.0' encoding='UTF-8' standalone='no'?>
<doxygen xmlns:xsi="http://www.w3.org/2001/XMLSchema-instance" xsi:noNamespaceSchemaLocation="compound.xsd" version="1.8.2">
  <compounddef id="dir_97aefd0d527b934f1d99a682da8fe6a9" kind="dir">
    <compoundname>lib</compoundname>
    <innerdir refid="dir_1ea122f7b94457c2332c194612c8b8fe">lib/common</innerdir>
    <briefdescription>
    </briefdescription>
    <detaileddescription>
    </detaileddescription>
    <location file="C:/Users/Mat/Projects/doxygraph/doxyviz/bindviz/graphviz-2.30.1/embuild/lib/"/>
  </compounddef>
</doxygen>
