<?xml version='1.0' encoding='UTF-8' standalone='no'?>
<doxygenindex xmlns:xsi="http://www.w3.org/2001/XMLSchema-instance" xsi:noNamespaceSchemaLocation="index.xsd" version="1.8.2">
  <compound refid="structadjmatrix__t" kind="struct"><name>adjmatrix_t</name>
    <member refid="structadjmatrix__t_1ad7c210a0d484627a69107f3a66f8871b" kind="variable"><name>nrows</name></member>
    <member refid="structadjmatrix__t_1a6346fd72c52ff7d21bac2832ac4e837b" kind="variable"><name>ncols</name></member>
    <member refid="structadjmatrix__t_1a9f0dd9249cb0e2bf16464edb15a57faa" kind="variable"><name>data</name></member>
  </compound>
  <compound refid="structAgedgeinfo__t" kind="struct"><name>Agedgeinfo_t</name>
    <member refid="structAgedgeinfo__t_1af0fae60abf7c6adf053e59982c94fc2d" kind="variable"><name>hdr</name></member>
    <member refid="structAgedgeinfo__t_1af0d404e68e40a0efcbb4a9ec24fb6a30" kind="variable"><name>spl</name></member>
    <member refid="structAgedgeinfo__t_1a9e55cab44f7617dd3505f371666f675b" kind="variable"><name>tail_port</name></member>
    <member refid="structAgedgeinfo__t_1a2c2f1c6f7ca21c4e98f0ea79027808db" kind="variable"><name>head_port</name></member>
    <member refid="structAgedgeinfo__t_1a006512c72204d3bf4bacb5e4f83bacbc" kind="variable"><name>label</name></member>
    <member refid="structAgedgeinfo__t_1a5d4e26c9d810fa7c26266f0c898a0afa" kind="variable"><name>head_label</name></member>
    <member refid="structAgedgeinfo__t_1a40d35a62243b94a58ff29e044f482be7" kind="variable"><name>tail_label</name></member>
    <member refid="structAgedgeinfo__t_1a029f3a3b9d3aa8ee3515868448b85833" kind="variable"><name>xlabel</name></member>
    <member refid="structAgedgeinfo__t_1accb1f3b1f7c66d2e7b38ff01b47a5938" kind="variable"><name>edge_type</name></member>
    <member refid="structAgedgeinfo__t_1a67a00331ede3d8f6ca16dff38ae6bcf7" kind="variable"><name>adjacent</name></member>
    <member refid="structAgedgeinfo__t_1a23464e8feffdb6641e3cdb4e1a4e17de" kind="variable"><name>label_ontop</name></member>
    <member refid="structAgedgeinfo__t_1a1d72bafde872596e9c6bcd08fd942b6e" kind="variable"><name>gui_state</name></member>
    <member refid="structAgedgeinfo__t_1a516f9477fe6062751f44146b44cbf823" kind="variable"><name>to_orig</name></member>
    <member refid="structAgedgeinfo__t_1a072c398230a08371099aa4a7da4254d2" kind="variable"><name>alg</name></member>
    <member refid="structAgedgeinfo__t_1aa1972215e0fcd736154e2240b0647673" kind="variable"><name>factor</name></member>
    <member refid="structAgedgeinfo__t_1a28249be035e3c40c8889c42d7ca04828" kind="variable"><name>dist</name></member>
    <member refid="structAgedgeinfo__t_1ab8e6802cdcf5c9b5382843def5ab9bcd" kind="variable"><name>path</name></member>
    <member refid="structAgedgeinfo__t_1aa1842d22eb2dc9607911d41f27838c4e" kind="variable"><name>showboxes</name></member>
    <member refid="structAgedgeinfo__t_1a7dca1024236157fbdc02df11d2d39356" kind="variable"><name>conc_opp_flag</name></member>
    <member refid="structAgedgeinfo__t_1a2803bd203676845b5b2b964a39ba14f8" kind="variable"><name>xpenalty</name></member>
    <member refid="structAgedgeinfo__t_1a5b0822b2903ba9906b53a393df06bef3" kind="variable"><name>weight</name></member>
    <member refid="structAgedgeinfo__t_1a45f406e53acffe6c3e43d5b9155cc31c" kind="variable"><name>cutvalue</name></member>
    <member refid="structAgedgeinfo__t_1a875293d35123fcf85d5cb1781a3f9047" kind="variable"><name>tree_index</name></member>
    <member refid="structAgedgeinfo__t_1afd22ad0272b9c86e73a15b0394ab7dcc" kind="variable"><name>count</name></member>
    <member refid="structAgedgeinfo__t_1a703e8af5bd92c988ce07a53669ee79ff" kind="variable"><name>minlen</name></member>
    <member refid="structAgedgeinfo__t_1a52c5b0f7fe3f10e69dc8731be8aad531" kind="variable"><name>to_virt</name></member>
  </compound>
  <compound refid="structAgnodeinfo__t" kind="struct"><name>Agnodeinfo_t</name>
    <member refid="structAgnodeinfo__t_1a04e9986e0043b00c1c49ac9d890c58ac" kind="variable"><name>hdr</name></member>
    <member refid="structAgnodeinfo__t_1a9b9cc2413e0fbd69d74f04542d204433" kind="variable"><name>shape</name></member>
    <member refid="structAgnodeinfo__t_1a7d30ccada3964341e92b04450bea9c23" kind="variable"><name>shape_info</name></member>
    <member refid="structAgnodeinfo__t_1a4022a77ce465f3319f1f2d59b2a452c6" kind="variable"><name>coord</name></member>
    <member refid="structAgnodeinfo__t_1a0eb16e79104273a276bc30a10ae4f4d9" kind="variable"><name>width</name></member>
    <member refid="structAgnodeinfo__t_1a37f6de44fbb0cb2e394bd6c43f0bfbef" kind="variable"><name>height</name></member>
    <member refid="structAgnodeinfo__t_1a249e032f928a9d172e0e84b4e2c8eb6e" kind="variable"><name>bb</name></member>
    <member refid="structAgnodeinfo__t_1afb9b91836901786236912a5bcc6e9646" kind="variable"><name>ht</name></member>
    <member refid="structAgnodeinfo__t_1a57c26e1f3129094538de78cfce3b5c4d" kind="variable"><name>lw</name></member>
    <member refid="structAgnodeinfo__t_1a0e8ce4ed8936be519c39f2fdcfa5a38d" kind="variable"><name>rw</name></member>
    <member refid="structAgnodeinfo__t_1a6e217dbc4ea34e6a63c9e74a23c1708f" kind="variable"><name>label</name></member>
    <member refid="structAgnodeinfo__t_1a95dc60ae2925878bc270ffbbd9c84704" kind="variable"><name>xlabel</name></member>
    <member refid="structAgnodeinfo__t_1a2f2406fb2fd238fd003415d428b75948" kind="variable"><name>alg</name></member>
    <member refid="structAgnodeinfo__t_1ae2526e010bdeb496dde00cd04ad7cac1" kind="variable"><name>state</name></member>
    <member refid="structAgnodeinfo__t_1a75c1120d38aff9b8dd0508bc063378f5" kind="variable"><name>gui_state</name></member>
    <member refid="structAgnodeinfo__t_1ade64df258390fe9bdc2b923377370e49" kind="variable"><name>clustnode</name></member>
    <member refid="structAgnodeinfo__t_1a0feabe436db4204390b3dbbe5d7d7d73" kind="variable"><name>pinned</name></member>
    <member refid="structAgnodeinfo__t_1a85edf73145eaf819b85d804bf3975438" kind="variable"><name>id</name></member>
    <member refid="structAgnodeinfo__t_1a5ed3cd9e721ee9c478aec8fe752096d2" kind="variable"><name>heapindex</name></member>
    <member refid="structAgnodeinfo__t_1abe2116feb081319a3b2eea29369a18d1" kind="variable"><name>hops</name></member>
    <member refid="structAgnodeinfo__t_1ab209cadb7e79192e61bfe1791b5a6b64" kind="variable"><name>pos</name></member>
    <member refid="structAgnodeinfo__t_1a6640b9c93b05410452591340d7e440f7" kind="variable"><name>dist</name></member>
    <member refid="structAgnodeinfo__t_1a8ace281110ccb6836d0569a41bdbc2eb" kind="variable"><name>showboxes</name></member>
    <member refid="structAgnodeinfo__t_1ace2edada351eceb87f574d8843ab33d5" kind="variable"><name>has_port</name></member>
    <member refid="structAgnodeinfo__t_1aa756672038e563e41fbe6551eeddb26a" kind="variable"><name>rep</name></member>
    <member refid="structAgnodeinfo__t_1a789c289cda5ed646376b580352508d40" kind="variable"><name>set</name></member>
    <member refid="structAgnodeinfo__t_1a0d4dfc72187560b861802b9ee4abbae3" kind="variable"><name>node_type</name></member>
    <member refid="structAgnodeinfo__t_1adaf48bb3644a3d26d50f0845bce88b15" kind="variable"><name>mark</name></member>
    <member refid="structAgnodeinfo__t_1a588f583535fbb53ada43bdf4bcc8ffd9" kind="variable"><name>onstack</name></member>
    <member refid="structAgnodeinfo__t_1a941b18ffec27aa24e0e36b24c45c8713" kind="variable"><name>ranktype</name></member>
    <member refid="structAgnodeinfo__t_1a62867b6ec9cbc6b6a116c97c5dc3f925" kind="variable"><name>weight_class</name></member>
    <member refid="structAgnodeinfo__t_1ab6462a99c6f362e60a62cc7a8d2e212c" kind="variable"><name>next</name></member>
    <member refid="structAgnodeinfo__t_1a151ea139b0b017e3212638b1c3233957" kind="variable"><name>prev</name></member>
    <member refid="structAgnodeinfo__t_1a9b5958f138a099c3fa19b4c2dcb89524" kind="variable"><name>in</name></member>
    <member refid="structAgnodeinfo__t_1a55c47895ce58eecf4d2c5b2bb4f4efd8" kind="variable"><name>out</name></member>
    <member refid="structAgnodeinfo__t_1a706e552fb9332ae1b096f6493116362c" kind="variable"><name>flat_out</name></member>
    <member refid="structAgnodeinfo__t_1a5d4a9446610041070cbe4bc92d21a47c" kind="variable"><name>flat_in</name></member>
    <member refid="structAgnodeinfo__t_1adba160969a51e7ec4582b064e6b91830" kind="variable"><name>other</name></member>
    <member refid="structAgnodeinfo__t_1aba8f5800f9df651be7171542ca0ebf5d" kind="variable"><name>clust</name></member>
    <member refid="structAgnodeinfo__t_1a789bfc74f3019f3b7fbeaac0a9e96dd5" kind="variable"><name>UF_size</name></member>
    <member refid="structAgnodeinfo__t_1a8be0fcd365f8c4c03eccb9dec07d92e0" kind="variable"><name>UF_parent</name></member>
    <member refid="structAgnodeinfo__t_1a310d44ea755c65d705106ecc9f1ef743" kind="variable"><name>inleaf</name></member>
    <member refid="structAgnodeinfo__t_1a719d725723c17ecda7153bb65af01e54" kind="variable"><name>outleaf</name></member>
    <member refid="structAgnodeinfo__t_1abff4af7c68bd02f9289b7fb7b5d087bb" kind="variable"><name>rank</name></member>
    <member refid="structAgnodeinfo__t_1a67a121c2366f88703549f70b2066190a" kind="variable"><name>order</name></member>
    <member refid="structAgnodeinfo__t_1afce19016a8480ce19ba3e2bf0d0c71bf" kind="variable"><name>mval</name></member>
    <member refid="structAgnodeinfo__t_1afac4e6b893221077d76f2acb2f4c466d" kind="variable"><name>save_in</name></member>
    <member refid="structAgnodeinfo__t_1abed21fa6556bc175a436b49d7b0b1141" kind="variable"><name>save_out</name></member>
    <member refid="structAgnodeinfo__t_1afdb9ebdbd7a77ffad54e35846a93f140" kind="variable"><name>tree_in</name></member>
    <member refid="structAgnodeinfo__t_1a7075eaa0407664f673383f05bad32833" kind="variable"><name>tree_out</name></member>
    <member refid="structAgnodeinfo__t_1ae9fe16328675c6607feaba0608f91306" kind="variable"><name>par</name></member>
    <member refid="structAgnodeinfo__t_1a0e4e42f8e544f29dd9f47997b2708d7b" kind="variable"><name>low</name></member>
    <member refid="structAgnodeinfo__t_1a9efc525b9bfa6e74f8879f509e169b3b" kind="variable"><name>lim</name></member>
    <member refid="structAgnodeinfo__t_1ab88eb1a018df09eff45bc43cb3dace09" kind="variable"><name>priority</name></member>
    <member refid="structAgnodeinfo__t_1aa51d206384f26c970a10027c24a4ddde" kind="variable"><name>pad</name></member>
  </compound>
  <compound refid="structAgraphinfo__t" kind="struct"><name>Agraphinfo_t</name>
    <member refid="structAgraphinfo__t_1ac6710eaa47b8cafeb70f780da0c8b7c7" kind="variable"><name>hdr</name></member>
    <member refid="structAgraphinfo__t_1a16f3ae645ac8947fb2660a3efe48f56a" kind="variable"><name>drawing</name></member>
    <member refid="structAgraphinfo__t_1a5611e8566fb1a060520544caba07dfec" kind="variable"><name>label</name></member>
    <member refid="structAgraphinfo__t_1aed213a818c1eef6ceac20b74fcd6cfdb" kind="variable"><name>bb</name></member>
    <member refid="structAgraphinfo__t_1abfe1c78301a2fda09e4ac05f03652d82" kind="variable"><name>border</name></member>
    <member refid="structAgraphinfo__t_1a663fce49617ef574ce35e71245fb04bb" kind="variable"><name>gui_state</name></member>
    <member refid="structAgraphinfo__t_1ae676de4f320f9dbcfd980aebe35f6036" kind="variable"><name>has_labels</name></member>
    <member refid="structAgraphinfo__t_1aebdfeaf299b904e424ff8ac0abd6aa8f" kind="variable"><name>has_images</name></member>
    <member refid="structAgraphinfo__t_1abb9abd4f0a61642fe3e690b1ccea3cf8" kind="variable"><name>charset</name></member>
    <member refid="structAgraphinfo__t_1a387c217e14e4062d699c5c28b9ee9ecb" kind="variable"><name>rankdir</name></member>
    <member refid="structAgraphinfo__t_1a86f6ad782ae49195e5ff06a57771a1b7" kind="variable"><name>ht1</name></member>
    <member refid="structAgraphinfo__t_1a7ddb56253bda07378139827b47d684c1" kind="variable"><name>ht2</name></member>
    <member refid="structAgraphinfo__t_1af6fc30815825e5690ad3a7ebdd73d5c0" kind="variable"><name>flags</name></member>
    <member refid="structAgraphinfo__t_1ac4f7dffe8d497737b8babee32279b2f4" kind="variable"><name>alg</name></member>
    <member refid="structAgraphinfo__t_1a672892c8ec364a0aaa5102fe67430032" kind="variable"><name>gvc</name></member>
    <member refid="structAgraphinfo__t_1aa40950eaf75d82eac2fe2d262ad9cd69" kind="variable"><name>cleanup</name></member>
    <member refid="structAgraphinfo__t_1a7fab880a15bc546e40c54e654c973bd5" kind="variable"><name>neato_nlist</name></member>
    <member refid="structAgraphinfo__t_1a6d67027255ceff9a2e25f7281b96aeda" kind="variable"><name>move</name></member>
    <member refid="structAgraphinfo__t_1afa85d2de962cabdb58a4ffc298fcfa6a" kind="variable"><name>dist</name></member>
    <member refid="structAgraphinfo__t_1abccb860100209d6e5837c2e6339bf632" kind="variable"><name>spring</name></member>
    <member refid="structAgraphinfo__t_1a2fe1e9dd5405bb6b7bd9af9b5374ebf1" kind="variable"><name>sum_t</name></member>
    <member refid="structAgraphinfo__t_1ad761623d0cd542ec4b3a96d6465092f7" kind="variable"><name>t</name></member>
    <member refid="structAgraphinfo__t_1aa6e7e48624432cca510bfae2e6b25225" kind="variable"><name>ndim</name></member>
    <member refid="structAgraphinfo__t_1ac05aa9ebbff3f09542c9d0121222618f" kind="variable"><name>odim</name></member>
    <member refid="structAgraphinfo__t_1a65ab53c5a698eb5cc8e1c6fd02d69e40" kind="variable"><name>n_cluster</name></member>
    <member refid="structAgraphinfo__t_1a4722b6d41f93a730019096ef69c7d327" kind="variable"><name>clust</name></member>
    <member refid="structAgraphinfo__t_1accc3528fa8210ca59efa1f06e06b8e38" kind="variable"><name>nlist</name></member>
    <member refid="structAgraphinfo__t_1aef7424dd5ba8feaa6cd7dde39aca1dab" kind="variable"><name>rank</name></member>
    <member refid="structAgraphinfo__t_1a160ac52f1da28020ade3b346fbebf7a6" kind="variable"><name>parent</name></member>
    <member refid="structAgraphinfo__t_1aa83d8f9f00b810631a1bbdc92ed67bfd" kind="variable"><name>level</name></member>
    <member refid="structAgraphinfo__t_1a0e253354ca7700f63b57273bc322acf2" kind="variable"><name>minrep</name></member>
    <member refid="structAgraphinfo__t_1a0b6fc4422ae80c31c918b69f555fe8e9" kind="variable"><name>maxrep</name></member>
    <member refid="structAgraphinfo__t_1a3e13e09309f06bef10e620fa146b701e" kind="variable"><name>comp</name></member>
    <member refid="structAgraphinfo__t_1ad2b2a4ef80f54aaf1f59d63b1078df80" kind="variable"><name>minset</name></member>
    <member refid="structAgraphinfo__t_1ac60ccf31da663109d0a00151922ba199" kind="variable"><name>maxset</name></member>
    <member refid="structAgraphinfo__t_1ad2b14652d2e55239c9c71044bda89bb4" kind="variable"><name>n_nodes</name></member>
    <member refid="structAgraphinfo__t_1aa3656b148c9208d09fb2f146c9815deb" kind="variable"><name>minrank</name></member>
    <member refid="structAgraphinfo__t_1a5e008698b78b13b1292dc3f3386df174" kind="variable"><name>maxrank</name></member>
    <member refid="structAgraphinfo__t_1a82383c84fd87dc64dee161cf0914185e" kind="variable"><name>has_flat_edges</name></member>
    <member refid="structAgraphinfo__t_1a6feb803913e2789dd771f10b806afe72" kind="variable"><name>has_sourcerank</name></member>
    <member refid="structAgraphinfo__t_1a59dd916f7c251e77e5a3723beea277d4" kind="variable"><name>has_sinkrank</name></member>
    <member refid="structAgraphinfo__t_1aadf7c0bfd403eaae70fd1866e0ee5fc7" kind="variable"><name>showboxes</name></member>
    <member refid="structAgraphinfo__t_1af9659a001c6ec47ad98e85694a4960b7" kind="variable"><name>fontnames</name></member>
    <member refid="structAgraphinfo__t_1a3038e54d9fc5cd4f204278307fa580b9" kind="variable"><name>nodesep</name></member>
    <member refid="structAgraphinfo__t_1a74da894d104e1d18aef375d388fe05cf" kind="variable"><name>ranksep</name></member>
    <member refid="structAgraphinfo__t_1ac3335bc89d906c82834200758e136d32" kind="variable"><name>ln</name></member>
    <member refid="structAgraphinfo__t_1a74896012b50f579c9681b3ae502b2a53" kind="variable"><name>rn</name></member>
    <member refid="structAgraphinfo__t_1af0331a91a4d5a53c016610871be267ed" kind="variable"><name>leader</name></member>
    <member refid="structAgraphinfo__t_1ae24360a1ab557bd3a213879b154e6c01" kind="variable"><name>rankleader</name></member>
    <member refid="structAgraphinfo__t_1a5eb8aeee289710f0fed0c477f6718fa4" kind="variable"><name>expanded</name></member>
    <member refid="structAgraphinfo__t_1a1e4caf7f5b810adbc9973a76fbd86fba" kind="variable"><name>installed</name></member>
    <member refid="structAgraphinfo__t_1a413eca8823d1c8ee6927130ac5349b22" kind="variable"><name>set_type</name></member>
    <member refid="structAgraphinfo__t_1a0b8dadeeff79b9e9ea46fcc658084205" kind="variable"><name>label_pos</name></member>
    <member refid="structAgraphinfo__t_1a5adc6789cc17e3fbbf3e54c6ee2146b9" kind="variable"><name>exact_ranksep</name></member>
  </compound>
  <compound refid="structbezier" kind="struct"><name>bezier</name>
    <member refid="structbezier_1a4ac62ec53001417740bb348df9246062" kind="variable"><name>list</name></member>
    <member refid="structbezier_1a39e61592ef6564b1e53948f9b3b08508" kind="variable"><name>size</name></member>
    <member refid="structbezier_1aead7ea7b356a4775b709450fee78a65e" kind="variable"><name>sflag</name></member>
    <member refid="structbezier_1a9da369f1bc68c131e02452ec45333ca8" kind="variable"><name>eflag</name></member>
    <member refid="structbezier_1a0e3a565b5f8a4fc5e81abd90e97039fd" kind="variable"><name>sp</name></member>
    <member refid="structbezier_1acc894ddf85fbc92ce92a97c93948a5b5" kind="variable"><name>ep</name></member>
  </compound>
  <compound refid="structelist" kind="struct"><name>elist</name>
    <member refid="structelist_1a1b12a9343009995fa91baf5a65e8f8a2" kind="variable"><name>list</name></member>
    <member refid="structelist_1a2487ff68f9fbef442d432dcaf983c423" kind="variable"><name>size</name></member>
  </compound>
  <compound refid="structfdpParms__t" kind="struct"><name>fdpParms_t</name>
    <member refid="structfdpParms__t_1a219bb6f2af8f0c05ca251521df876bf2" kind="variable"><name>useGrid</name></member>
    <member refid="structfdpParms__t_1a8ae5f98176214d53af471705a2a73a86" kind="variable"><name>useNew</name></member>
    <member refid="structfdpParms__t_1a7e7f47e702b5c991fb2abdcd74703dad" kind="variable"><name>numIters</name></member>
    <member refid="structfdpParms__t_1ae96356a4968dc297f0d8e3ea6f7528a5" kind="variable"><name>unscaled</name></member>
    <member refid="structfdpParms__t_1afe560ff82535c739e244b4db0b606b7c" kind="variable"><name>C</name></member>
    <member refid="structfdpParms__t_1ac8f4c5b6c70d449ea1ab29957054b18c" kind="variable"><name>Tfact</name></member>
    <member refid="structfdpParms__t_1abcdb69b3494d28582e5cb89bb3df1309" kind="variable"><name>K</name></member>
    <member refid="structfdpParms__t_1a1a6a436b2ce0bca3d6742abaefe983dc" kind="variable"><name>T0</name></member>
  </compound>
  <compound refid="structfield__t" kind="struct"><name>field_t</name>
    <member refid="structfield__t_1a621f50392acdebbdff799201b5c06b05" kind="variable"><name>size</name></member>
    <member refid="structfield__t_1aadde0a27e7843971edc29cb0b4945fd6" kind="variable"><name>b</name></member>
    <member refid="structfield__t_1a0f95fd2e7f2f6b4123c31d8cc65edb50" kind="variable"><name>n_flds</name></member>
    <member refid="structfield__t_1a20dd0f691241afc9309b2da60a7eee30" kind="variable"><name>lp</name></member>
    <member refid="structfield__t_1ab1674ad4ce0601f335f0901bd834f4f6" kind="variable"><name>fld</name></member>
    <member refid="structfield__t_1af267237f51e4bbcc08164e53bb57b879" kind="variable"><name>id</name></member>
    <member refid="structfield__t_1ae87a3c2c9fc6cfbd5fd1b7ebac67feb5" kind="variable"><name>LR</name></member>
    <member refid="structfield__t_1afea213dbd2d56ed96dca40bb4007ad8c" kind="variable"><name>sides</name></member>
  </compound>
  <compound refid="structgvlayout__features__t" kind="struct"><name>gvlayout_features_t</name>
    <member refid="structgvlayout__features__t_1a6f77d34f718196164ad0d4f58387d5f0" kind="variable"><name>flags</name></member>
  </compound>
  <compound refid="unioninside__t" kind="union"><name>inside_t</name>
    <member refid="unioninside__t_1a3620bd8adf966518855eb3d6f7e00559" kind="variable"><name>p</name></member>
    <member refid="unioninside__t_1a614e5d44bf0a98a27a1544cb50ed148f" kind="variable"><name>r</name></member>
    <member refid="unioninside__t_1a072f6a9ec11aa04f756bab6a27dccb2d" kind="variable"><name>a</name></member>
    <member refid="unioninside__t_1a789bb3785487dc37f6f11b50fa725cc0" kind="variable"><name>n</name></member>
    <member refid="unioninside__t_1acb06ba5b5c29c0dc784bbe6ddccc8e09" kind="variable"><name>bp</name></member>
    <member refid="unioninside__t_1af33478d8c1b2b828d20560d16065ee08" kind="variable"><name>s</name></member>
  </compound>
  <compound refid="structlayout__t" kind="struct"><name>layout_t</name>
    <member refid="structlayout__t_1aebcb959973c064bb5bfb800011cd1b39" kind="variable"><name>quantum</name></member>
    <member refid="structlayout__t_1a681b77c2e15a36a1fd41adb542ef66d2" kind="variable"><name>scale</name></member>
    <member refid="structlayout__t_1aa28054de640e96bd2a6e4ddc3f2e9c13" kind="variable"><name>ratio</name></member>
    <member refid="structlayout__t_1a8a3d02280088445a3b99f7672377e444" kind="variable"><name>dpi</name></member>
    <member refid="structlayout__t_1a25dccc1bfa4bb804f1939387a9fe0ee9" kind="variable"><name>margin</name></member>
    <member refid="structlayout__t_1ae9608d2576da918be798a4c35e074b17" kind="variable"><name>page</name></member>
    <member refid="structlayout__t_1a1850126f5e5a7e99be147d874c278b9b" kind="variable"><name>size</name></member>
    <member refid="structlayout__t_1a8148ca6307fdaabef9474affdfd38c24" kind="variable"><name>filled</name></member>
    <member refid="structlayout__t_1a41547f2adbbc397c4c6ef65962adad9f" kind="variable"><name>landscape</name></member>
    <member refid="structlayout__t_1af6aa9391a8203ef85274e7b60252c2ca" kind="variable"><name>centered</name></member>
    <member refid="structlayout__t_1afe83ee72a01cb3e4f6fc3b981bedece5" kind="variable"><name>ratio_kind</name></member>
    <member refid="structlayout__t_1a17eebb2a5b1693d06288a814fed9ad72" kind="variable"><name>xdots</name></member>
    <member refid="structlayout__t_1a83e8a0359db3045371f39b852c3633bc" kind="variable"><name>id</name></member>
  </compound>
  <compound refid="structnlist__t" kind="struct"><name>nlist_t</name>
    <member refid="structnlist__t_1a54896b2779ad7de4ad5c8da75661e598" kind="variable"><name>list</name></member>
    <member refid="structnlist__t_1aa19b9ecdab680bf635f2b16de5c6b71a" kind="variable"><name>size</name></member>
  </compound>
  <compound refid="structnodequeue" kind="struct"><name>nodequeue</name>
    <member refid="structnodequeue_1a79f2c7ecf965253780612918819fbc8a" kind="variable"><name>store</name></member>
    <member refid="structnodequeue_1a2ecae4c8f49d7e806d5da32d82675bad" kind="variable"><name>limit</name></member>
    <member refid="structnodequeue_1a4652dc3f4b782c3ec85aa68f5278c31f" kind="variable"><name>head</name></member>
    <member refid="structnodequeue_1abbd2023470c8b3a1f8bca2317604edc3" kind="variable"><name>tail</name></member>
  </compound>
  <compound refid="structpath" kind="struct"><name>path</name>
    <member refid="structpath_1a017227d396a0248031695625623016a7" kind="variable"><name>start</name></member>
    <member refid="structpath_1a4400691cb1af9747afd5c63b55308c17" kind="variable"><name>end</name></member>
    <member refid="structpath_1a951008b669413f84b8f94ca692b95a87" kind="variable"><name>nbox</name></member>
    <member refid="structpath_1a1a8f6710b832eb8feb917a9b8296cfdd" kind="variable"><name>boxes</name></member>
    <member refid="structpath_1aa9eb1739345839b2a242806ceb94dc55" kind="variable"><name>data</name></member>
  </compound>
  <compound refid="structpathend__t" kind="struct"><name>pathend_t</name>
    <member refid="structpathend__t_1a56ff1178e631514dc27e0e57e68a12a5" kind="variable"><name>nb</name></member>
    <member refid="structpathend__t_1af15bd85fa140a888fae5d09e898cffbc" kind="variable"><name>np</name></member>
    <member refid="structpathend__t_1ab04fb05180b885cb47f5239c2e292586" kind="variable"><name>sidemask</name></member>
    <member refid="structpathend__t_1a57607691e740667252bf6e5306a5e557" kind="variable"><name>boxn</name></member>
    <member refid="structpathend__t_1ab0eb2c2f12999ce1c3b7c90870dc457a" kind="variable"><name>boxes</name></member>
  </compound>
  <compound refid="structpolygon__t" kind="struct"><name>polygon_t</name>
    <member refid="structpolygon__t_1a338b552120115b02706569dae7656454" kind="variable"><name>regular</name></member>
    <member refid="structpolygon__t_1a809c53ae7d83d63ea9b76973934e85fe" kind="variable"><name>peripheries</name></member>
    <member refid="structpolygon__t_1aafa8e4dc4f6e5c395a118fa878d72dcb" kind="variable"><name>sides</name></member>
    <member refid="structpolygon__t_1ad108cfe9253d3235ac8e15e6a488aac3" kind="variable"><name>orientation</name></member>
    <member refid="structpolygon__t_1ad7a861622d7b581b786c0a16cbe61135" kind="variable"><name>distortion</name></member>
    <member refid="structpolygon__t_1abbc12c2fe3577a66400ae7d9419ce543" kind="variable"><name>skew</name></member>
    <member refid="structpolygon__t_1a12d68719516446092b01d178837db2ad" kind="variable"><name>option</name></member>
    <member refid="structpolygon__t_1af046cba77647c8d4ab0e16b06c88853e" kind="variable"><name>vertices</name></member>
  </compound>
  <compound refid="structport" kind="struct"><name>port</name>
    <member refid="structport_1a16668498995ef15544f551f444fbd0f8" kind="variable"><name>p</name></member>
    <member refid="structport_1a7cbef1f3a17cbd157763eeeeb98596be" kind="variable"><name>theta</name></member>
    <member refid="structport_1a001322a2772014f388d8c08883ee70ee" kind="variable"><name>bp</name></member>
    <member refid="structport_1a5a62dec0b023059d2c038b68a4f07d22" kind="variable"><name>defined</name></member>
    <member refid="structport_1a4afce90892ba08b94942e844328cdbcd" kind="variable"><name>constrained</name></member>
    <member refid="structport_1afb8722f3758aaba1cbc94c8a4e826069" kind="variable"><name>clip</name></member>
    <member refid="structport_1a4ba417044865d56e2489a4538005edb3" kind="variable"><name>dyna</name></member>
    <member refid="structport_1ac36667da42413cac01eb981e678bdc8a" kind="variable"><name>order</name></member>
    <member refid="structport_1a419aa861cbe9207624dd09be3987c26a" kind="variable"><name>side</name></member>
    <member refid="structport_1a9f1c5a69930afafbd521b9900106b550" kind="variable"><name>name</name></member>
  </compound>
  <compound refid="structrank__t" kind="struct"><name>rank_t</name>
    <member refid="structrank__t_1a4d66550cf0c04854d76217a57a900b5b" kind="variable"><name>n</name></member>
    <member refid="structrank__t_1a4475ac82df1e486b9720294e41154e7e" kind="variable"><name>v</name></member>
    <member refid="structrank__t_1a1c1f795cfbc2ee9d65df715a0b093842" kind="variable"><name>an</name></member>
    <member refid="structrank__t_1ab13c7834e7ce63c1d46952c8fc8d8cb7" kind="variable"><name>av</name></member>
    <member refid="structrank__t_1ae0b0420dd9024cbeada125623338c6ca" kind="variable"><name>ht1</name></member>
    <member refid="structrank__t_1a9b9b515d5d7827683eeb4a519033215a" kind="variable"><name>ht2</name></member>
    <member refid="structrank__t_1a25056752cf09ad80712dcd6a6aa26871" kind="variable"><name>pht1</name></member>
    <member refid="structrank__t_1ace130b3a9d59214ecd8c377be1dcc95e" kind="variable"><name>pht2</name></member>
    <member refid="structrank__t_1a3da88058c38794b568966c1014861cc7" kind="variable"><name>candidate</name></member>
    <member refid="structrank__t_1a39fb99cb1aea3e2eb90c4bb68118e598" kind="variable"><name>valid</name></member>
    <member refid="structrank__t_1a92ffb2a3d2da3d2b7609bcaae563126d" kind="variable"><name>cache_nc</name></member>
    <member refid="structrank__t_1a73a92b022fd3803d56144ee943cabfba" kind="variable"><name>flat</name></member>
  </compound>
  <compound refid="structshape__desc" kind="struct"><name>shape_desc</name>
    <member refid="structshape__desc_1af19b381484ceb76bf8c4a0a9eed2acdd" kind="variable"><name>name</name></member>
    <member refid="structshape__desc_1a8d4ee4dd3c5b8c134f5ea75783f6d89c" kind="variable"><name>fns</name></member>
    <member refid="structshape__desc_1a54d18ab4a65276ed9dcef2a3dbd06b71" kind="variable"><name>polygon</name></member>
    <member refid="structshape__desc_1ad06af5679f9f663f94a409e3030fa82b" kind="variable"><name>usershape</name></member>
  </compound>
  <compound refid="structshape__functions" kind="struct"><name>shape_functions</name>
    <member refid="structshape__functions_1ab973eefdfd9a104ad6007b7ec7e275c9" kind="variable"><name>initfn</name></member>
    <member refid="structshape__functions_1a5bdfddd20e0fb7604b7d5e15c8f57aaf" kind="variable"><name>freefn</name></member>
    <member refid="structshape__functions_1a33509060b5149319bef13250fce36c69" kind="variable"><name>portfn</name></member>
    <member refid="structshape__functions_1a5d267ca743693a71778ed6d74d778fc4" kind="variable"><name>insidefn</name></member>
    <member refid="structshape__functions_1a282f1ff290910518898df6368f7d97f9" kind="variable"><name>pboxfn</name></member>
    <member refid="structshape__functions_1aa37923bbe637a971dda16262a93c1cbe" kind="variable"><name>codefn</name></member>
  </compound>
  <compound refid="structshape__t" kind="struct"><name>shape_t</name>
    <member refid="structshape__t_1ac153df38098f1b9f15a40361ff0da949" kind="variable"><name>nstrokes</name></member>
    <member refid="structshape__t_1a0e3c5e1b587341c8318596d515e37a3c" kind="variable"><name>strokes</name></member>
  </compound>
  <compound refid="structsplineInfo" kind="struct"><name>splineInfo</name>
    <member refid="structsplineInfo_1ab95d385ccfc3c9b89b9c09d765592350" kind="variable"><name>swapEnds</name></member>
    <member refid="structsplineInfo_1a3a31cb7c036d0febf5a31da9f0c154d0" kind="variable"><name>splineMerge</name></member>
    <member refid="structsplineInfo_1af4829172b595849889a8245d0effd98e" kind="variable"><name>ignoreSwap</name></member>
    <member refid="structsplineInfo_1a22976cfd9e85689f83319723003475bd" kind="variable"><name>isOrtho</name></member>
  </compound>
  <compound refid="structsplines" kind="struct"><name>splines</name>
    <member refid="structsplines_1a113be8f9cf84f6db52b5345a3a096858" kind="variable"><name>list</name></member>
    <member refid="structsplines_1abf829fef36acc6caccc2991cbb9efebb" kind="variable"><name>size</name></member>
    <member refid="structsplines_1a5a004f14846cd48aabd0bd230cb4bad1" kind="variable"><name>bb</name></member>
  </compound>
  <compound refid="structstroke__t" kind="struct"><name>stroke_t</name>
    <member refid="structstroke__t_1aa345f1a6413d66eb9274e021d49a4f4c" kind="variable"><name>nvertices</name></member>
    <member refid="structstroke__t_1aa44e31c7ba6bfd00b4482860a427fe83" kind="variable"><name>flags</name></member>
    <member refid="structstroke__t_1a70702d1e3329b9be49585d5ba162e9d0" kind="variable"><name>vertices</name></member>
  </compound>
  <compound refid="structtextlabel__t" kind="struct"><name>textlabel_t</name>
    <member refid="structtextlabel__t_1a282702d28b2bf68dd03e5f7560bbbed3" kind="variable"><name>text</name></member>
    <member refid="structtextlabel__t_1a92b6a2bfcebdfe55b9125681033e466f" kind="variable"><name>fontname</name></member>
    <member refid="structtextlabel__t_1ad0efc0a419353589406dca1934a83163" kind="variable"><name>fontcolor</name></member>
    <member refid="structtextlabel__t_1a6f810dcabd5a2a5f201e20ab4bb57201" kind="variable"><name>charset</name></member>
    <member refid="structtextlabel__t_1ab41f3a59eb73444a9d316e0a992f6ecc" kind="variable"><name>fontsize</name></member>
    <member refid="structtextlabel__t_1af9a1956b79b7a69945b2e45e007f7812" kind="variable"><name>dimen</name></member>
    <member refid="structtextlabel__t_1ac0ec413edfc11af2ecf3bdfe9ee230d8" kind="variable"><name>space</name></member>
    <member refid="structtextlabel__t_1a0284f69f6a1fbc4ca1df0b16853dd7b5" kind="variable"><name>pos</name></member>
    <member refid="structtextlabel__t_1ae9de9ed31ae91223d3da652f60302b07" kind="variable"><name>para</name></member>
    <member refid="structtextlabel__t_1a610f1a5453ec01b337ca4b7511456717" kind="variable"><name>nparas</name></member>
    <member refid="structtextlabel__t_1a3cfc65d935ee4546265df75c251c88b9" kind="variable"><name>txt</name></member>
    <member refid="structtextlabel__t_1ade71cba9f016f3bd63d7c2a863ad02ff" kind="variable"><name>html</name></member>
    <member refid="structtextlabel__t_1aa9c785d1b42799a2b1c9b37f844bbca5" kind="variable"><name>u</name></member>
    <member refid="structtextlabel__t_1a8c07b49a296dd0ee42fa43610b5e7f08" kind="variable"><name>valign</name></member>
    <member refid="structtextlabel__t_1a10d121920314de09112d7539d51134a9" kind="variable"><name>set</name></member>
    <member refid="structtextlabel__t_1a3b3f0d325058d7e22801776afbb59c13" kind="variable"><name>html</name></member>
  </compound>
  <compound refid="types_8h" kind="file"><name>types.h</name>
    <member refid="types_8h_1a8348ff030220824389a59808aa46d30e" kind="define"><name>WITH_CGRAPH</name></member>
    <member refid="types_8h_1aa3446aebe6a6df2452c913c26fecfb64" kind="define"><name>NOT</name></member>
    <member refid="types_8h_1aa93f0eb578d23995850d61f7d61c55c1" kind="define"><name>FALSE</name></member>
    <member refid="types_8h_1aa8cecfc5c5c054d2875c03e77b7be15d" kind="define"><name>TRUE</name></member>
    <member refid="types_8h_1a12d1b461e7a9a9ef358c6bec5264a2e2" kind="define"><name>TAIL_ID</name></member>
    <member refid="types_8h_1aaf9f916d15b0ab383ab871f5031c74eb" kind="define"><name>HEAD_ID</name></member>
    <member refid="types_8h_1a294cef5e272eb4e560857bbe4f3cee6c" kind="define"><name>STROKE_CLOSED</name></member>
    <member refid="types_8h_1aff5a5ede8aacf4290082188b90f43958" kind="define"><name>STROKE_FILLED</name></member>
    <member refid="types_8h_1a7ff3b8ca79f7765b471898f193f65a93" kind="define"><name>STROKE_PENDOWN</name></member>
    <member refid="types_8h_1a8aa5ed929529f67b930d67de58a9d38e" kind="define"><name>STROKE_VERTICES_ALLOCATED</name></member>
    <member refid="types_8h_1a6e210aba484615e657c8c46fab75b850" kind="define"><name>GUI_STATE_ACTIVE</name></member>
    <member refid="types_8h_1ad72428e0e76cd454bc58a3600bca7b23" kind="define"><name>GUI_STATE_SELECTED</name></member>
    <member refid="types_8h_1af0241d18f172aab5e76110b238e0f192" kind="define"><name>GUI_STATE_VISITED</name></member>
    <member refid="types_8h_1adcb50938e305addf6c9632dddb7513d9" kind="define"><name>GUI_STATE_DELETED</name></member>
    <member refid="types_8h_1a6715ffe537007b0fc39be1c1deda1108" kind="define"><name>elist_fastapp</name></member>
    <member refid="types_8h_1a911ab2551bc8ea9e16346460246940fe" kind="define"><name>elist_append</name></member>
    <member refid="types_8h_1ae0026dfea8f7eb0765f419f1fff65886" kind="define"><name>alloc_elist</name></member>
    <member refid="types_8h_1a0daea177ae8f9997439bb552218fc70a" kind="define"><name>free_list</name></member>
    <member refid="types_8h_1a7c4edc4279776663c7e0b498d32415f5" kind="define"><name>GD_parent</name></member>
    <member refid="types_8h_1aa9a0f0587dc81585dd7e19bb37714b19" kind="define"><name>GD_level</name></member>
    <member refid="types_8h_1a304761d6ec6f0b12b6cef1b38d79fa37" kind="define"><name>GD_drawing</name></member>
    <member refid="types_8h_1a901aff57f7816b36b6e5f362c05ac2fe" kind="define"><name>GD_bb</name></member>
    <member refid="types_8h_1af0cd94956a3b6c26beb40b95ec14757f" kind="define"><name>GD_gvc</name></member>
    <member refid="types_8h_1adbe1e26fccc1a3d1c0a78767510e81c6" kind="define"><name>GD_cleanup</name></member>
    <member refid="types_8h_1aeffb42301531359813d5128f243e1124" kind="define"><name>GD_dist</name></member>
    <member refid="types_8h_1a67b630030eacd3cb15dd2433b3a863f5" kind="define"><name>GD_alg</name></member>
    <member refid="types_8h_1a518eb6cf9ba677d9d0315c492dfd582a" kind="define"><name>GD_border</name></member>
    <member refid="types_8h_1a9b6363ce0e100c29380419bb5baa4c3e" kind="define"><name>GD_cl_cnt</name></member>
    <member refid="types_8h_1a5668dcc358c7a2113b24345806c6f59e" kind="define"><name>GD_clust</name></member>
    <member refid="types_8h_1ad268734b2d2575d8e2af51e432748e2e" kind="define"><name>GD_comp</name></member>
    <member refid="types_8h_1af859a2be52c0c4c885468241f9f50cdc" kind="define"><name>GD_exact_ranksep</name></member>
    <member refid="types_8h_1abeb0f73d67e12a8f52c28954d050e1f7" kind="define"><name>GD_expanded</name></member>
    <member refid="types_8h_1a75bb1b66668ed3d3aeb42c85a4448e9a" kind="define"><name>GD_flags</name></member>
    <member refid="types_8h_1af93c88eaf216675d42119439ec9e2a1e" kind="define"><name>GD_gui_state</name></member>
    <member refid="types_8h_1ae0c0e1c4d187901d851cb77143519def" kind="define"><name>GD_charset</name></member>
    <member refid="types_8h_1a52c46fcffcec9b43212679e86a9c1339" kind="define"><name>GD_has_labels</name></member>
    <member refid="types_8h_1a7c90d72524042801c0d132672570dee5" kind="define"><name>GD_has_images</name></member>
    <member refid="types_8h_1a7d659b279f968f7560a4e95e8b92f388" kind="define"><name>GD_has_flat_edges</name></member>
    <member refid="types_8h_1a66401e570966b6972081cc29ce0a5501" kind="define"><name>GD_has_sourcerank</name></member>
    <member refid="types_8h_1a10f2b0ee86f196d370c25f4a02313f46" kind="define"><name>GD_has_sinkrank</name></member>
    <member refid="types_8h_1ae62105b8f1d3ab03b871a1ffb41b60cc" kind="define"><name>GD_ht1</name></member>
    <member refid="types_8h_1aa9979ba2b7959ac3390f5a7a0f46bb9d" kind="define"><name>GD_ht2</name></member>
    <member refid="types_8h_1a9959be0f1ae2ee53478f191af37ade51" kind="define"><name>GD_inleaf</name></member>
    <member refid="types_8h_1a5c6afbddcdf2311322cebb07fd21f3dd" kind="define"><name>GD_installed</name></member>
    <member refid="types_8h_1ad73f51275d97d6aa889862b23950a99b" kind="define"><name>GD_label</name></member>
    <member refid="types_8h_1ac660bf2efd1a9f02e8746d5c80b0491a" kind="define"><name>GD_leader</name></member>
    <member refid="types_8h_1a1d10b818e1ff69372cfb54ee0d469129" kind="define"><name>GD_rankdir2</name></member>
    <member refid="types_8h_1aee757533265228f46df219420f410273" kind="define"><name>GD_rankdir</name></member>
    <member refid="types_8h_1af280ec2b75bc7b00e15e6141c2b3eae7" kind="define"><name>GD_flip</name></member>
    <member refid="types_8h_1ab5f0385f4efbc680994dd7d1739c61b7" kind="define"><name>GD_realrankdir</name></member>
    <member refid="types_8h_1a0858386b028d64c0dbd191691a8be606" kind="define"><name>GD_realflip</name></member>
    <member refid="types_8h_1ae1191ea3f43a6549bc00200e704fd27f" kind="define"><name>GD_ln</name></member>
    <member refid="types_8h_1a20984ce193d2d03b0aa85804f60aa1ae" kind="define"><name>GD_maxrank</name></member>
    <member refid="types_8h_1a248701de5d81b4dc60f61ef53811ad18" kind="define"><name>GD_maxset</name></member>
    <member refid="types_8h_1a0573f46f314d41f1dd3a93b5d5222d6d" kind="define"><name>GD_minrank</name></member>
    <member refid="types_8h_1a9f72a5780dc55294ba4fc9dc43dd4cfc" kind="define"><name>GD_minset</name></member>
    <member refid="types_8h_1a6d5d20d8a29ad9536bc3529b64225e24" kind="define"><name>GD_minrep</name></member>
    <member refid="types_8h_1a44fd0386ed15c0c89a6e8862d6cc3f42" kind="define"><name>GD_maxrep</name></member>
    <member refid="types_8h_1a8732c573a23261f021563cb7889aec18" kind="define"><name>GD_move</name></member>
    <member refid="types_8h_1aa6e5b25c4fec6eb18582a419b9ddd3fc" kind="define"><name>GD_n_cluster</name></member>
    <member refid="types_8h_1aa915c5306ae2812e52cda92baaeac681" kind="define"><name>GD_n_nodes</name></member>
    <member refid="types_8h_1ac7982d95b7f3e2f3aa38108cdaeca3dd" kind="define"><name>GD_ndim</name></member>
    <member refid="types_8h_1af8d793183ce04d75e7ebb59c98136d59" kind="define"><name>GD_odim</name></member>
    <member refid="types_8h_1af5f0296e7ebe013231a5337c3f346a64" kind="define"><name>GD_neato_nlist</name></member>
    <member refid="types_8h_1a90f9dcaed839738a87a918807c5b4a44" kind="define"><name>GD_nlist</name></member>
    <member refid="types_8h_1ada22146929ee5be60bd05c07159d6c9e" kind="define"><name>GD_nodesep</name></member>
    <member refid="types_8h_1ae6a773c42a396683e5f36d9a091e0102" kind="define"><name>GD_outleaf</name></member>
    <member refid="types_8h_1a7ab3956e95627faa3d013a0b7e9be148" kind="define"><name>GD_rank</name></member>
    <member refid="types_8h_1af4f41d9fcc3048ec7cf65ccfe26839b0" kind="define"><name>GD_rankleader</name></member>
    <member refid="types_8h_1afa6fda64bce7de9858030b3bd9ff577c" kind="define"><name>GD_ranksep</name></member>
    <member refid="types_8h_1a6c9ffdd449bb900a5f2a45f26d494b68" kind="define"><name>GD_rn</name></member>
    <member refid="types_8h_1aac3b0f6b60c2b5c3eed9a0cfe90ecb66" kind="define"><name>GD_set_type</name></member>
    <member refid="types_8h_1a96143dd3e09b113a765ea9bbe944f72f" kind="define"><name>GD_label_pos</name></member>
    <member refid="types_8h_1a9be6d03614124729a3f3ecc18851f7b7" kind="define"><name>GD_showboxes</name></member>
    <member refid="types_8h_1a25ebc4c1126df610cfe80ccc012e00a2" kind="define"><name>GD_fontnames</name></member>
    <member refid="types_8h_1af3ac828276b6b469e04bcc567ab4fbe5" kind="define"><name>GD_spring</name></member>
    <member refid="types_8h_1a589a746bbed5d188d6965e7337bf1a75" kind="define"><name>GD_sum_t</name></member>
    <member refid="types_8h_1a9432fa3c11bc7b85dd20bf70a6aaf5d9" kind="define"><name>GD_t</name></member>
    <member refid="types_8h_1a0affbf5af96f331f4426bf5dd340c9ec" kind="define"><name>ND_id</name></member>
    <member refid="types_8h_1a756b74075ae0a75309ad5a012550c5b0" kind="define"><name>ND_alg</name></member>
    <member refid="types_8h_1ab2e2ec5a6d410abc991d5ddae1db134c" kind="define"><name>ND_UF_parent</name></member>
    <member refid="types_8h_1a6c07a73ad18bd14f7ccf938532f541ac" kind="define"><name>ND_set</name></member>
    <member refid="types_8h_1ad00f2be2e982b4737f81b32a62cbcbe2" kind="define"><name>ND_UF_size</name></member>
    <member refid="types_8h_1a24be5471334ac496135e0c94f0377da2" kind="define"><name>ND_bb</name></member>
    <member refid="types_8h_1a56e6c495adc9afcce11b7ecb8a1f4daf" kind="define"><name>ND_clust</name></member>
    <member refid="types_8h_1ae5c4c0a0cc39024b09a5bf94251aceff" kind="define"><name>ND_coord</name></member>
    <member refid="types_8h_1ae9e7b39a3525fb90ba0b334c9e320cf3" kind="define"><name>ND_dist</name></member>
    <member refid="types_8h_1ae4437bfd2417303a177a8955b73cd2f8" kind="define"><name>ND_flat_in</name></member>
    <member refid="types_8h_1a7ac213b39266f3dd86f60bb9f39ee5a5" kind="define"><name>ND_flat_out</name></member>
    <member refid="types_8h_1a1931c9487f15292849c2b49c3e96b6a4" kind="define"><name>ND_gui_state</name></member>
    <member refid="types_8h_1a325000a2fc365352eafcbfb8be910b00" kind="define"><name>ND_has_port</name></member>
    <member refid="types_8h_1aaf40a53b50e0a203b67453a6127bb508" kind="define"><name>ND_rep</name></member>
    <member refid="types_8h_1a656493ad251af9524cfc5552dc213383" kind="define"><name>ND_heapindex</name></member>
    <member refid="types_8h_1aa323a7137791d555fdf08f7f0f2eff02" kind="define"><name>ND_height</name></member>
    <member refid="types_8h_1ac1f79021f7fecf1ff682bf57e9050241" kind="define"><name>ND_hops</name></member>
    <member refid="types_8h_1a1bb4c002fbbf73f2e4061de8efcbe453" kind="define"><name>ND_ht</name></member>
    <member refid="types_8h_1ae5f583e129d6061a535d76fdb170e94c" kind="define"><name>ND_in</name></member>
    <member refid="types_8h_1a595085bed4fb2c71bcb227c776fb37f7" kind="define"><name>ND_inleaf</name></member>
    <member refid="types_8h_1a74eefa711e291975c7d89493d5df1d5b" kind="define"><name>ND_label</name></member>
    <member refid="types_8h_1aca812c68db4d6ec5856ebdcfac4d8284" kind="define"><name>ND_xlabel</name></member>
    <member refid="types_8h_1a2b836cfd06a967ad326d658a8138c146" kind="define"><name>ND_lim</name></member>
    <member refid="types_8h_1adb513eaede379fa8cf40bb5e335e0c32" kind="define"><name>ND_low</name></member>
    <member refid="types_8h_1aafdc3f915c57fc734959a7936feba1c2" kind="define"><name>ND_lw</name></member>
    <member refid="types_8h_1a932f96bdb911ef9d25ff3a5f4f9fcdea" kind="define"><name>ND_mark</name></member>
    <member refid="types_8h_1ab6cf44ed9beadb42dec6cbf1e215d683" kind="define"><name>ND_mval</name></member>
    <member refid="types_8h_1a0e22e496fee82db6b89acdd5ef6c37c7" kind="define"><name>ND_n_cluster</name></member>
    <member refid="types_8h_1a3bb87e7928ed2fd3686ac378858b293f" kind="define"><name>ND_next</name></member>
    <member refid="types_8h_1a9ea2bead61709465110b8141bcf68721" kind="define"><name>ND_node_type</name></member>
    <member refid="types_8h_1a15cbeaea7dab64dcfbcde1cad226c552" kind="define"><name>ND_onstack</name></member>
    <member refid="types_8h_1ac2743f96dd3d2c06547e3d25d9471c7c" kind="define"><name>ND_order</name></member>
    <member refid="types_8h_1a5d0398c1cdeb6735e6b95b7a027c573f" kind="define"><name>ND_other</name></member>
    <member refid="types_8h_1afb8b0da4ea62a1bbd2a4ae3ce52e7384" kind="define"><name>ND_out</name></member>
    <member refid="types_8h_1ab62dbc34dc3168e022f0a0969a5d7bc8" kind="define"><name>ND_outleaf</name></member>
    <member refid="types_8h_1a4bd342b70058683d7d2f510f4b82f819" kind="define"><name>ND_par</name></member>
    <member refid="types_8h_1a50b5fb87a83783653f9a5bd28109ff07" kind="define"><name>ND_pinned</name></member>
    <member refid="types_8h_1add78de551f9363227c013ce673f2b573" kind="define"><name>ND_pos</name></member>
    <member refid="types_8h_1a1805943530ef1049887e85db4bc918b7" kind="define"><name>ND_prev</name></member>
    <member refid="types_8h_1afe5072a4ab915d5cd6a1994c446db319" kind="define"><name>ND_priority</name></member>
    <member refid="types_8h_1a0baa35dbbb9c1b03e40b48b26deb0b38" kind="define"><name>ND_rank</name></member>
    <member refid="types_8h_1ade7cf787f4b798952fcefb4abb3c256d" kind="define"><name>ND_ranktype</name></member>
    <member refid="types_8h_1a9cb8c502c548e420aa8b507b162a2d2e" kind="define"><name>ND_rw</name></member>
    <member refid="types_8h_1a5d7bd45bc6b14c164b47f2e477115d13" kind="define"><name>ND_save_in</name></member>
    <member refid="types_8h_1ab4b05872287c433b1e9b163037827813" kind="define"><name>ND_save_out</name></member>
    <member refid="types_8h_1ae90c22cfce70f108bb551499ac52dc54" kind="define"><name>ND_shape</name></member>
    <member refid="types_8h_1ad25b873ee39c60fc1067d18051dd6ebc" kind="define"><name>ND_shape_info</name></member>
    <member refid="types_8h_1a2d474280f17cea3b13984c60b7fdf335" kind="define"><name>ND_showboxes</name></member>
    <member refid="types_8h_1a359619b85d94d92c966cdff435c80ce6" kind="define"><name>ND_state</name></member>
    <member refid="types_8h_1a9ec32b051f012346111fee4912756843" kind="define"><name>ND_clustnode</name></member>
    <member refid="types_8h_1a06fb60e161258ecbf1558df103ec704c" kind="define"><name>ND_tree_in</name></member>
    <member refid="types_8h_1ac4da309537bc828fd6ecc56046258a48" kind="define"><name>ND_tree_out</name></member>
    <member refid="types_8h_1ad20fffb76a5d5801962b2e9ca678109f" kind="define"><name>ND_weight_class</name></member>
    <member refid="types_8h_1aac55d17a94648f59f637f29aabb3259b" kind="define"><name>ND_width</name></member>
    <member refid="types_8h_1af99fce39f8dcc513002af9c1f97c9b3b" kind="define"><name>ND_xsize</name></member>
    <member refid="types_8h_1a3cee88e9b3eff3a89e96837ca91a723f" kind="define"><name>ND_ysize</name></member>
    <member refid="types_8h_1aa2b7773c035a0866fa49e47682f03806" kind="define"><name>ED_alg</name></member>
    <member refid="types_8h_1a5322ddecbfd78b6219d7858130e8ba89" kind="define"><name>ED_conc_opp_flag</name></member>
    <member refid="types_8h_1a94822e795d402ebafb4f534f43fe58d3" kind="define"><name>ED_count</name></member>
    <member refid="types_8h_1acb80190e3b238a47474e4e9a2d9a9a17" kind="define"><name>ED_cutvalue</name></member>
    <member refid="types_8h_1a9b03efc65b943a56a6da501119f61ff2" kind="define"><name>ED_edge_type</name></member>
    <member refid="types_8h_1acb5bb0e8c848dc4992471c3535dee33d" kind="define"><name>ED_adjacent</name></member>
    <member refid="types_8h_1abb948350e25dda9a74389582ed8876d0" kind="define"><name>ED_factor</name></member>
    <member refid="types_8h_1a872eea083b0fc41d5cbe4aed44078d5b" kind="define"><name>ED_gui_state</name></member>
    <member refid="types_8h_1a7246ae9cbfda66cab6b9050c5e5a3494" kind="define"><name>ED_head_label</name></member>
    <member refid="types_8h_1adec0e33e4e788c1ce603597b89d3055a" kind="define"><name>ED_head_port</name></member>
    <member refid="types_8h_1ae590329810778be5909563f40375c458" kind="define"><name>ED_label</name></member>
    <member refid="types_8h_1a60a2aa92dd94846e103ae74ea88a306a" kind="define"><name>ED_xlabel</name></member>
    <member refid="types_8h_1a634e2a938804e412ae5bd59c4952e1ff" kind="define"><name>ED_label_ontop</name></member>
    <member refid="types_8h_1a33ee77a99cd045f6ce3432ac896dd7ef" kind="define"><name>ED_minlen</name></member>
    <member refid="types_8h_1aab0740676cd17e8496c1de18c579a182" kind="define"><name>ED_path</name></member>
    <member refid="types_8h_1a58e5543a5552a571c9ad286944f5e74d" kind="define"><name>ED_showboxes</name></member>
    <member refid="types_8h_1a8fb5cc3d3b3e8cb72c82e87c843f3432" kind="define"><name>ED_spl</name></member>
    <member refid="types_8h_1abaffd96fcefc50e244c603930299a3fe" kind="define"><name>ED_tail_label</name></member>
    <member refid="types_8h_1aebbf6cf6d8a89d415a8d0b40df2c110d" kind="define"><name>ED_tail_port</name></member>
    <member refid="types_8h_1a0a6706e6b353fb3420b0bacd7d3a2251" kind="define"><name>ED_to_orig</name></member>
    <member refid="types_8h_1af626c847d81347ad341596b6809a05e2" kind="define"><name>ED_to_virt</name></member>
    <member refid="types_8h_1a0ee6b93c9004250a5f12e29e2c894167" kind="define"><name>ED_tree_index</name></member>
    <member refid="types_8h_1a7327a70c8b4346b7ebed6867736b7d53" kind="define"><name>ED_xpenalty</name></member>
    <member refid="types_8h_1a331c2d40ba790391413f9c335bdf1d1b" kind="define"><name>ED_dist</name></member>
    <member refid="types_8h_1aa50ab14aac03a171606749049925384f" kind="define"><name>ED_weight</name></member>
    <member refid="types_8h_1a0e2f3c6c3a245eb9d16b83ff6b2b3c24" kind="define"><name>ag_xget</name></member>
    <member refid="types_8h_1ac513571df7814fe16758f00c2a59fecf" kind="define"><name>SET_RANKDIR</name></member>
    <member refid="types_8h_1ab58bf52067c43e9deb7e9bad4fccfcba" kind="define"><name>agfindedge</name></member>
    <member refid="types_8h_1ae309bfc1ef6997297934402bc684f0f5" kind="define"><name>agfindnode</name></member>
    <member refid="types_8h_1a086057e1ffaf626987d480a024641c6e" kind="define"><name>agfindgraphattr</name></member>
    <member refid="types_8h_1a62ab34e97050c33903a56359783a1753" kind="define"><name>agfindnodeattr</name></member>
    <member refid="types_8h_1a7321b58cb4928637f7309edf433bbea5" kind="define"><name>agfindedgeattr</name></member>
    <member refid="types_8h_1a89b3365676a2806c547d5bc9bf4d9d7c" kind="enum"><name>shape_kind</name></member>
    <member refid="types_8h_1a89b3365676a2806c547d5bc9bf4d9d7ca775dfd155f3c8185d05520101a033ff3" kind="enumvalue"><name>SH_UNSET</name></member>
    <member refid="types_8h_1a89b3365676a2806c547d5bc9bf4d9d7cadd4ea7af512fbabd92af5be76d50e22e" kind="enumvalue"><name>SH_POLY</name></member>
    <member refid="types_8h_1a89b3365676a2806c547d5bc9bf4d9d7ca3d8cb0521bb6b92b2b396cf8cb870d6d" kind="enumvalue"><name>SH_RECORD</name></member>
    <member refid="types_8h_1a89b3365676a2806c547d5bc9bf4d9d7cad9f3e7eed3b6d20cd282bb4856aa363a" kind="enumvalue"><name>SH_POINT</name></member>
    <member refid="types_8h_1a89b3365676a2806c547d5bc9bf4d9d7ca20f460bfd46fdfdf3116925db34ae749" kind="enumvalue"><name>SH_EPSF</name></member>
    <member refid="types_8h_1af8bc308d7a0937e534f4e0aef70628a3" kind="enum"><name>ratio_t</name></member>
    <member refid="types_8h_1af8bc308d7a0937e534f4e0aef70628a3abec06f2a16e9fad36d80732a385b146c" kind="enumvalue"><name>R_NONE</name></member>
    <member refid="types_8h_1af8bc308d7a0937e534f4e0aef70628a3a4d90c50b9b54a8ce4dafdeb83b211d11" kind="enumvalue"><name>R_VALUE</name></member>
    <member refid="types_8h_1af8bc308d7a0937e534f4e0aef70628a3a5a44faf145f63c8202d16d9c5cfa8add" kind="enumvalue"><name>R_FILL</name></member>
    <member refid="types_8h_1af8bc308d7a0937e534f4e0aef70628a3a0d81d612dbac14feb838b55ac96ca292" kind="enumvalue"><name>R_COMPRESS</name></member>
    <member refid="types_8h_1af8bc308d7a0937e534f4e0aef70628a3a084b1de8767c8bf88efae83ecd4ea574" kind="enumvalue"><name>R_AUTO</name></member>
    <member refid="types_8h_1af8bc308d7a0937e534f4e0aef70628a3a929bb8521a6a4dc8bc0b5225d0bc6a41" kind="enumvalue"><name>R_EXPAND</name></member>
    <member refid="types_8h_1a2a6b72cfc1be9a7af92447c2f1372496" kind="enum"><name>fontname_kind</name></member>
    <member refid="types_8h_1a2a6b72cfc1be9a7af92447c2f1372496aa04601a2ac6cdc4251c48d174b0e2509" kind="enumvalue"><name>NATIVEFONTS</name></member>
    <member refid="types_8h_1a2a6b72cfc1be9a7af92447c2f1372496aac9e353cbe29ed058f39ae1b0b05b5e1" kind="enumvalue"><name>PSFONTS</name></member>
    <member refid="types_8h_1a2a6b72cfc1be9a7af92447c2f1372496ab8851f34a473071b4ff971413c9c2acd" kind="enumvalue"><name>SVGFONTS</name></member>
    <member refid="types_8h_1a7670a4e8a07d9ebb00411948b0bbf86d" kind="typedef"><name>boolean</name></member>
    <member refid="types_8h_1a2ba4c0fcec581fce5c8f50aa6ed77a7c" kind="typedef"><name>qsort_cmpf</name></member>
    <member refid="types_8h_1aeb4282511b9faf367949c04047c43151" kind="typedef"><name>bsearch_cmpf</name></member>
    <member refid="types_8h_1aedca4e11cb6b1a3893747040cb785c12" kind="typedef"><name>graph_t</name></member>
    <member refid="types_8h_1aa54efbeed985023658063bdae73347ec" kind="typedef"><name>node_t</name></member>
    <member refid="types_8h_1ab6289995bb0656f4da2ae67d80fea6d2" kind="typedef"><name>edge_t</name></member>
    <member refid="types_8h_1a074b8806dbdd80edff842d96051d4325" kind="typedef"><name>attrsym_t</name></member>
    <member refid="types_8h_1ace6945bb2802e1190d98a4b4319c6d53" kind="typedef"><name>htmllabel_t</name></member>
    <member refid="types_8h_1a04644c2d802fa409c11751c2b08bb78c" kind="typedef"><name>inside_t</name></member>
    <member refid="types_8h_1af2234850855f1dac9dc357cc9b114642" kind="typedef"><name>port</name></member>
    <member refid="types_8h_1a371fbe269bc7553ddc8fae1f5e201bb4" kind="typedef"><name>pathend_t</name></member>
    <member refid="types_8h_1a397f2aa38a23b7d4a78c816ee923778d" kind="typedef"><name>path</name></member>
    <member refid="types_8h_1abad0afca5622b339ece23f26a84af158" kind="typedef"><name>bezier</name></member>
    <member refid="types_8h_1a0b1d74e6322ad6b3cde32925376f4ad4" kind="typedef"><name>splines</name></member>
    <member refid="types_8h_1ae5276710204f75eb7b19383e9573dde0" kind="typedef"><name>textlabel_t</name></member>
    <member refid="types_8h_1a935d3f332b7f7bb5f3b03e6d6c52b194" kind="typedef"><name>polygon_t</name></member>
    <member refid="types_8h_1a5687472ad71e5fc248bac8c8a88a763f" kind="typedef"><name>stroke_t</name></member>
    <member refid="types_8h_1ac6ec5cacbe5a6a13d419cc48ae4d87de" kind="typedef"><name>shape_t</name></member>
    <member refid="types_8h_1a8983b123eec5fac7c3685595437fd9b0" kind="typedef"><name>shape_functions</name></member>
    <member refid="types_8h_1a44684fada1a70857861b484a387e95b2" kind="typedef"><name>shape_desc</name></member>
    <member refid="types_8h_1a58eeae47ea7cfe4f792246801729d42a" kind="typedef"><name>nodequeue</name></member>
    <member refid="types_8h_1a38856516a7a699c286fb2bdbcbaf2c0a" kind="typedef"><name>adjmatrix_t</name></member>
    <member refid="types_8h_1a37612bad59ba7a4dedc26d0ec3e95936" kind="typedef"><name>rank_t</name></member>
    <member refid="types_8h_1ab69795345fba1bc84335de7e5acbc79e" kind="typedef"><name>layout_t</name></member>
    <member refid="types_8h_1a1916da392db47f394449d487c50320cd" kind="typedef"><name>field_t</name></member>
    <member refid="types_8h_1a4f57f877a21ce60808a21686bd960d72" kind="typedef"><name>nlist_t</name></member>
    <member refid="types_8h_1a02fce34bee25f5d4fbf00272ecbd6a7b" kind="typedef"><name>elist</name></member>
    <member refid="types_8h_1ac6f683b4b2273dbc707c02d0d64acae4" kind="typedef"><name>Agraphinfo_t</name></member>
    <member refid="types_8h_1a246e748fc7b9bd99758593e7fcf42b9b" kind="typedef"><name>Agnodeinfo_t</name></member>
    <member refid="types_8h_1aa25fad79b73c9c21982aa3a8dc735801" kind="typedef"><name>Agedgeinfo_t</name></member>
  </compound>
  <compound refid="dir_1ea122f7b94457c2332c194612c8b8fe" kind="dir"><name>lib/common</name>
  </compound>
  <compound refid="dir_97aefd0d527b934f1d99a682da8fe6a9" kind="dir"><name>lib</name>
  </compound>
</doxygenindex>
