<?xml version='1.0' encoding='UTF-8' standalone='no'?>
<doxygen xmlns:xsi="http://www.w3.org/2001/XMLSchema-instance" xsi:noNamespaceSchemaLocation="compound.xsd" version="1.8.2">
  <compounddef id="structsplines" kind="struct" prot="public">
    <compoundname>splines</compoundname>
    <includes refid="types_8h" local="no">types.h</includes>
      <sectiondef kind="public-attrib">
      <memberdef kind="variable" id="structsplines_1a113be8f9cf84f6db52b5345a3a096858" prot="public" static="no" mutable="no">
        <type><ref refid="structbezier" kindref="compound">bezier</ref> *</type>
        <definition>bezier* splines::list</definition>
        <argsstring></argsstring>
        <name>list</name>
        <briefdescription>
        </briefdescription>
        <detaileddescription>
        </detaileddescription>
        <inbodydescription>
        </inbodydescription>
        <location file="C:/Users/Mat/Projects/doxygraph/doxyviz/bindviz/graphviz-2.30.1/embuild/lib/common/types.h" line="124" bodyfile="C:/Users/Mat/Projects/doxygraph/doxyviz/bindviz/graphviz-2.30.1/embuild/lib/common/types.h" bodystart="124" bodyend="-1"/>
      </memberdef>
      <memberdef kind="variable" id="structsplines_1abf829fef36acc6caccc2991cbb9efebb" prot="public" static="no" mutable="no">
        <type>int</type>
        <definition>int splines::size</definition>
        <argsstring></argsstring>
        <name>size</name>
        <briefdescription>
        </briefdescription>
        <detaileddescription>
        </detaileddescription>
        <inbodydescription>
        </inbodydescription>
        <location file="C:/Users/Mat/Projects/doxygraph/doxyviz/bindviz/graphviz-2.30.1/embuild/lib/common/types.h" line="125" bodyfile="C:/Users/Mat/Projects/doxygraph/doxyviz/bindviz/graphviz-2.30.1/embuild/lib/common/types.h" bodystart="125" bodyend="-1"/>
      </memberdef>
      <memberdef kind="variable" id="structsplines_1a5a004f14846cd48aabd0bd230cb4bad1" prot="public" static="no" mutable="no">
        <type>boxf</type>
        <definition>boxf splines::bb</definition>
        <argsstring></argsstring>
        <name>bb</name>
        <briefdescription>
        </briefdescription>
        <detaileddescription>
        </detaileddescription>
        <inbodydescription>
        </inbodydescription>
        <location file="C:/Users/Mat/Projects/doxygraph/doxyviz/bindviz/graphviz-2.30.1/embuild/lib/common/types.h" line="126" bodyfile="C:/Users/Mat/Projects/doxygraph/doxyviz/bindviz/graphviz-2.30.1/embuild/lib/common/types.h" bodystart="126" bodyend="-1"/>
      </memberdef>
      </sectiondef>
    <briefdescription>
    </briefdescription>
    <detaileddescription>
    </detaileddescription>
    <collaborationgraph>
      <node id="142">
        <label>splines</label>
        <link refid="structsplines"/>
        <childnode refid="143" relation="usage">
          <edgelabel>list</edgelabel>
        </childnode>
      </node>
      <node id="143">
        <label>bezier</label>
        <link refid="structbezier"/>
      </node>
    </collaborationgraph>
    <location file="C:/Users/Mat/Projects/doxygraph/doxyviz/bindviz/graphviz-2.30.1/embuild/lib/common/types.h" line="123" bodyfile="C:/Users/Mat/Projects/doxygraph/doxyviz/bindviz/graphviz-2.30.1/embuild/lib/common/types.h" bodystart="123" bodyend="127"/>
    <listofallmembers>
      <member refid="structsplines_1a5a004f14846cd48aabd0bd230cb4bad1" prot="public" virt="non-virtual"><scope>splines</scope><name>bb</name></member>
      <member refid="structsplines_1a113be8f9cf84f6db52b5345a3a096858" prot="public" virt="non-virtual"><scope>splines</scope><name>list</name></member>
      <member refid="structsplines_1abf829fef36acc6caccc2991cbb9efebb" prot="public" virt="non-virtual"><scope>splines</scope><name>size</name></member>
    </listofallmembers>
  </compounddef>
</doxygen>
