<?xml version='1.0' encoding='UTF-8' standalone='no'?>
<doxygen xmlns:xsi="http://www.w3.org/2001/XMLSchema-instance" xsi:noNamespaceSchemaLocation="compound.xsd" version="1.8.2">
  <compounddef id="structAgraphinfo__t" kind="struct" prot="public">
    <compoundname>Agraphinfo_t</compoundname>
    <includes refid="types_8h" local="no">types.h</includes>
      <sectiondef kind="public-attrib">
      <memberdef kind="variable" id="structAgraphinfo__t_1ac6710eaa47b8cafeb70f780da0c8b7c7" prot="public" static="no" mutable="no">
        <type>Agrec_t</type>
        <definition>Agrec_t Agraphinfo_t::hdr</definition>
        <argsstring></argsstring>
        <name>hdr</name>
        <briefdescription>
        </briefdescription>
        <detaileddescription>
        </detaileddescription>
        <inbodydescription>
        </inbodydescription>
        <location file="C:/Users/Mat/Projects/doxygraph/doxyviz/bindviz/graphviz-2.30.1/embuild/lib/common/types.h" line="278" bodyfile="C:/Users/Mat/Projects/doxygraph/doxyviz/bindviz/graphviz-2.30.1/embuild/lib/common/types.h" bodystart="278" bodyend="-1"/>
      </memberdef>
      <memberdef kind="variable" id="structAgraphinfo__t_1a16f3ae645ac8947fb2660a3efe48f56a" prot="public" static="no" mutable="no">
        <type><ref refid="structlayout__t" kindref="compound">layout_t</ref> *</type>
        <definition>layout_t* Agraphinfo_t::drawing</definition>
        <argsstring></argsstring>
        <name>drawing</name>
        <briefdescription>
        </briefdescription>
        <detaileddescription>
        </detaileddescription>
        <inbodydescription>
        </inbodydescription>
        <location file="C:/Users/Mat/Projects/doxygraph/doxyviz/bindviz/graphviz-2.30.1/embuild/lib/common/types.h" line="281" bodyfile="C:/Users/Mat/Projects/doxygraph/doxyviz/bindviz/graphviz-2.30.1/embuild/lib/common/types.h" bodystart="281" bodyend="-1"/>
      </memberdef>
      <memberdef kind="variable" id="structAgraphinfo__t_1a5611e8566fb1a060520544caba07dfec" prot="public" static="no" mutable="no">
        <type><ref refid="structtextlabel__t" kindref="compound">textlabel_t</ref> *</type>
        <definition>textlabel_t* Agraphinfo_t::label</definition>
        <argsstring></argsstring>
        <name>label</name>
        <briefdescription>
        </briefdescription>
        <detaileddescription>
        </detaileddescription>
        <inbodydescription>
        </inbodydescription>
        <location file="C:/Users/Mat/Projects/doxygraph/doxyviz/bindviz/graphviz-2.30.1/embuild/lib/common/types.h" line="282" bodyfile="C:/Users/Mat/Projects/doxygraph/doxyviz/bindviz/graphviz-2.30.1/embuild/lib/common/types.h" bodystart="282" bodyend="-1"/>
      </memberdef>
      <memberdef kind="variable" id="structAgraphinfo__t_1aed213a818c1eef6ceac20b74fcd6cfdb" prot="public" static="no" mutable="no">
        <type>boxf</type>
        <definition>boxf Agraphinfo_t::bb</definition>
        <argsstring></argsstring>
        <name>bb</name>
        <briefdescription>
        </briefdescription>
        <detaileddescription>
        </detaileddescription>
        <inbodydescription>
        </inbodydescription>
        <location file="C:/Users/Mat/Projects/doxygraph/doxyviz/bindviz/graphviz-2.30.1/embuild/lib/common/types.h" line="283" bodyfile="C:/Users/Mat/Projects/doxygraph/doxyviz/bindviz/graphviz-2.30.1/embuild/lib/common/types.h" bodystart="283" bodyend="-1"/>
      </memberdef>
      <memberdef kind="variable" id="structAgraphinfo__t_1abfe1c78301a2fda09e4ac05f03652d82" prot="public" static="no" mutable="no">
        <type>pointf</type>
        <definition>pointf Agraphinfo_t::border[4]</definition>
        <argsstring>[4]</argsstring>
        <name>border</name>
        <briefdescription>
        </briefdescription>
        <detaileddescription>
        </detaileddescription>
        <inbodydescription>
        </inbodydescription>
        <location file="C:/Users/Mat/Projects/doxygraph/doxyviz/bindviz/graphviz-2.30.1/embuild/lib/common/types.h" line="284" bodyfile="C:/Users/Mat/Projects/doxygraph/doxyviz/bindviz/graphviz-2.30.1/embuild/lib/common/types.h" bodystart="284" bodyend="-1"/>
      </memberdef>
      <memberdef kind="variable" id="structAgraphinfo__t_1a663fce49617ef574ce35e71245fb04bb" prot="public" static="no" mutable="no">
        <type>unsigned char</type>
        <definition>unsigned char Agraphinfo_t::gui_state</definition>
        <argsstring></argsstring>
        <name>gui_state</name>
        <briefdescription>
        </briefdescription>
        <detaileddescription>
        </detaileddescription>
        <inbodydescription>
        </inbodydescription>
        <location file="C:/Users/Mat/Projects/doxygraph/doxyviz/bindviz/graphviz-2.30.1/embuild/lib/common/types.h" line="285" bodyfile="C:/Users/Mat/Projects/doxygraph/doxyviz/bindviz/graphviz-2.30.1/embuild/lib/common/types.h" bodystart="285" bodyend="-1"/>
      </memberdef>
      <memberdef kind="variable" id="structAgraphinfo__t_1ae676de4f320f9dbcfd980aebe35f6036" prot="public" static="no" mutable="no">
        <type>unsigned char</type>
        <definition>unsigned char Agraphinfo_t::has_labels</definition>
        <argsstring></argsstring>
        <name>has_labels</name>
        <briefdescription>
        </briefdescription>
        <detaileddescription>
        </detaileddescription>
        <inbodydescription>
        </inbodydescription>
        <location file="C:/Users/Mat/Projects/doxygraph/doxyviz/bindviz/graphviz-2.30.1/embuild/lib/common/types.h" line="286" bodyfile="C:/Users/Mat/Projects/doxygraph/doxyviz/bindviz/graphviz-2.30.1/embuild/lib/common/types.h" bodystart="286" bodyend="-1"/>
      </memberdef>
      <memberdef kind="variable" id="structAgraphinfo__t_1aebdfeaf299b904e424ff8ac0abd6aa8f" prot="public" static="no" mutable="no">
        <type><ref refid="types_8h_1a7670a4e8a07d9ebb00411948b0bbf86d" kindref="member">boolean</ref></type>
        <definition>boolean Agraphinfo_t::has_images</definition>
        <argsstring></argsstring>
        <name>has_images</name>
        <briefdescription>
        </briefdescription>
        <detaileddescription>
        </detaileddescription>
        <inbodydescription>
        </inbodydescription>
        <location file="C:/Users/Mat/Projects/doxygraph/doxyviz/bindviz/graphviz-2.30.1/embuild/lib/common/types.h" line="287" bodyfile="C:/Users/Mat/Projects/doxygraph/doxyviz/bindviz/graphviz-2.30.1/embuild/lib/common/types.h" bodystart="287" bodyend="-1"/>
      </memberdef>
      <memberdef kind="variable" id="structAgraphinfo__t_1abb9abd4f0a61642fe3e690b1ccea3cf8" prot="public" static="no" mutable="no">
        <type>unsigned char</type>
        <definition>unsigned char Agraphinfo_t::charset</definition>
        <argsstring></argsstring>
        <name>charset</name>
        <briefdescription>
        </briefdescription>
        <detaileddescription>
        </detaileddescription>
        <inbodydescription>
        </inbodydescription>
        <location file="C:/Users/Mat/Projects/doxygraph/doxyviz/bindviz/graphviz-2.30.1/embuild/lib/common/types.h" line="288" bodyfile="C:/Users/Mat/Projects/doxygraph/doxyviz/bindviz/graphviz-2.30.1/embuild/lib/common/types.h" bodystart="288" bodyend="-1"/>
      </memberdef>
      <memberdef kind="variable" id="structAgraphinfo__t_1a387c217e14e4062d699c5c28b9ee9ecb" prot="public" static="no" mutable="no">
        <type>int</type>
        <definition>int Agraphinfo_t::rankdir</definition>
        <argsstring></argsstring>
        <name>rankdir</name>
        <briefdescription>
        </briefdescription>
        <detaileddescription>
        </detaileddescription>
        <inbodydescription>
        </inbodydescription>
        <location file="C:/Users/Mat/Projects/doxygraph/doxyviz/bindviz/graphviz-2.30.1/embuild/lib/common/types.h" line="289" bodyfile="C:/Users/Mat/Projects/doxygraph/doxyviz/bindviz/graphviz-2.30.1/embuild/lib/common/types.h" bodystart="289" bodyend="-1"/>
      </memberdef>
      <memberdef kind="variable" id="structAgraphinfo__t_1a86f6ad782ae49195e5ff06a57771a1b7" prot="public" static="no" mutable="no">
        <type>int</type>
        <definition>int Agraphinfo_t::ht1</definition>
        <argsstring></argsstring>
        <name>ht1</name>
        <briefdescription>
        </briefdescription>
        <detaileddescription>
        </detaileddescription>
        <inbodydescription>
        </inbodydescription>
        <location file="C:/Users/Mat/Projects/doxygraph/doxyviz/bindviz/graphviz-2.30.1/embuild/lib/common/types.h" line="290" bodyfile="C:/Users/Mat/Projects/doxygraph/doxyviz/bindviz/graphviz-2.30.1/embuild/lib/common/types.h" bodystart="290" bodyend="-1"/>
      </memberdef>
      <memberdef kind="variable" id="structAgraphinfo__t_1a7ddb56253bda07378139827b47d684c1" prot="public" static="no" mutable="no">
        <type>int</type>
        <definition>int Agraphinfo_t::ht2</definition>
        <argsstring></argsstring>
        <name>ht2</name>
        <briefdescription>
        </briefdescription>
        <detaileddescription>
        </detaileddescription>
        <inbodydescription>
        </inbodydescription>
        <location file="C:/Users/Mat/Projects/doxygraph/doxyviz/bindviz/graphviz-2.30.1/embuild/lib/common/types.h" line="290" bodyfile="C:/Users/Mat/Projects/doxygraph/doxyviz/bindviz/graphviz-2.30.1/embuild/lib/common/types.h" bodystart="290" bodyend="-1"/>
      </memberdef>
      <memberdef kind="variable" id="structAgraphinfo__t_1af6fc30815825e5690ad3a7ebdd73d5c0" prot="public" static="no" mutable="no">
        <type>unsigned short</type>
        <definition>unsigned short Agraphinfo_t::flags</definition>
        <argsstring></argsstring>
        <name>flags</name>
        <briefdescription>
        </briefdescription>
        <detaileddescription>
        </detaileddescription>
        <inbodydescription>
        </inbodydescription>
        <location file="C:/Users/Mat/Projects/doxygraph/doxyviz/bindviz/graphviz-2.30.1/embuild/lib/common/types.h" line="291" bodyfile="C:/Users/Mat/Projects/doxygraph/doxyviz/bindviz/graphviz-2.30.1/embuild/lib/common/types.h" bodystart="291" bodyend="-1"/>
      </memberdef>
      <memberdef kind="variable" id="structAgraphinfo__t_1ac4f7dffe8d497737b8babee32279b2f4" prot="public" static="no" mutable="no">
        <type>void *</type>
        <definition>void* Agraphinfo_t::alg</definition>
        <argsstring></argsstring>
        <name>alg</name>
        <briefdescription>
        </briefdescription>
        <detaileddescription>
        </detaileddescription>
        <inbodydescription>
        </inbodydescription>
        <location file="C:/Users/Mat/Projects/doxygraph/doxyviz/bindviz/graphviz-2.30.1/embuild/lib/common/types.h" line="292" bodyfile="C:/Users/Mat/Projects/doxygraph/doxyviz/bindviz/graphviz-2.30.1/embuild/lib/common/types.h" bodystart="292" bodyend="-1"/>
      </memberdef>
      <memberdef kind="variable" id="structAgraphinfo__t_1a672892c8ec364a0aaa5102fe67430032" prot="public" static="no" mutable="no">
        <type>GVC_t *</type>
        <definition>GVC_t* Agraphinfo_t::gvc</definition>
        <argsstring></argsstring>
        <name>gvc</name>
        <briefdescription>
        </briefdescription>
        <detaileddescription>
        </detaileddescription>
        <inbodydescription>
        </inbodydescription>
        <location file="C:/Users/Mat/Projects/doxygraph/doxyviz/bindviz/graphviz-2.30.1/embuild/lib/common/types.h" line="293" bodyfile="C:/Users/Mat/Projects/doxygraph/doxyviz/bindviz/graphviz-2.30.1/embuild/lib/common/types.h" bodystart="293" bodyend="-1"/>
      </memberdef>
      <memberdef kind="variable" id="structAgraphinfo__t_1aa40950eaf75d82eac2fe2d262ad9cd69" prot="public" static="no" mutable="no">
        <type>void(*</type>
        <definition>void(* Agraphinfo_t::cleanup)(graph_t *g)</definition>
        <argsstring>)(graph_t *g)</argsstring>
        <name>cleanup</name>
        <briefdescription>
        </briefdescription>
        <detaileddescription>
        </detaileddescription>
        <inbodydescription>
        </inbodydescription>
        <location file="C:/Users/Mat/Projects/doxygraph/doxyviz/bindviz/graphviz-2.30.1/embuild/lib/common/types.h" line="294" bodyfile="C:/Users/Mat/Projects/doxygraph/doxyviz/bindviz/graphviz-2.30.1/embuild/lib/common/types.h" bodystart="294" bodyend="-1"/>
      </memberdef>
      <memberdef kind="variable" id="structAgraphinfo__t_1a7fab880a15bc546e40c54e654c973bd5" prot="public" static="no" mutable="no">
        <type><ref refid="types_8h_1aa54efbeed985023658063bdae73347ec" kindref="member">node_t</ref> **</type>
        <definition>node_t** Agraphinfo_t::neato_nlist</definition>
        <argsstring></argsstring>
        <name>neato_nlist</name>
        <briefdescription>
        </briefdescription>
        <detaileddescription>
        </detaileddescription>
        <inbodydescription>
        </inbodydescription>
        <location file="C:/Users/Mat/Projects/doxygraph/doxyviz/bindviz/graphviz-2.30.1/embuild/lib/common/types.h" line="298" bodyfile="C:/Users/Mat/Projects/doxygraph/doxyviz/bindviz/graphviz-2.30.1/embuild/lib/common/types.h" bodystart="298" bodyend="-1"/>
      </memberdef>
      <memberdef kind="variable" id="structAgraphinfo__t_1a6d67027255ceff9a2e25f7281b96aeda" prot="public" static="no" mutable="no">
        <type>int</type>
        <definition>int Agraphinfo_t::move</definition>
        <argsstring></argsstring>
        <name>move</name>
        <briefdescription>
        </briefdescription>
        <detaileddescription>
        </detaileddescription>
        <inbodydescription>
        </inbodydescription>
        <location file="C:/Users/Mat/Projects/doxygraph/doxyviz/bindviz/graphviz-2.30.1/embuild/lib/common/types.h" line="299" bodyfile="C:/Users/Mat/Projects/doxygraph/doxyviz/bindviz/graphviz-2.30.1/embuild/lib/common/types.h" bodystart="299" bodyend="-1"/>
      </memberdef>
      <memberdef kind="variable" id="structAgraphinfo__t_1afa85d2de962cabdb58a4ffc298fcfa6a" prot="public" static="no" mutable="no">
        <type>double **</type>
        <definition>double** Agraphinfo_t::dist</definition>
        <argsstring></argsstring>
        <name>dist</name>
        <briefdescription>
        </briefdescription>
        <detaileddescription>
        </detaileddescription>
        <inbodydescription>
        </inbodydescription>
        <location file="C:/Users/Mat/Projects/doxygraph/doxyviz/bindviz/graphviz-2.30.1/embuild/lib/common/types.h" line="300" bodyfile="C:/Users/Mat/Projects/doxygraph/doxyviz/bindviz/graphviz-2.30.1/embuild/lib/common/types.h" bodystart="300" bodyend="-1"/>
      </memberdef>
      <memberdef kind="variable" id="structAgraphinfo__t_1abccb860100209d6e5837c2e6339bf632" prot="public" static="no" mutable="no">
        <type>double **</type>
        <definition>double ** Agraphinfo_t::spring</definition>
        <argsstring></argsstring>
        <name>spring</name>
        <briefdescription>
        </briefdescription>
        <detaileddescription>
        </detaileddescription>
        <inbodydescription>
        </inbodydescription>
        <location file="C:/Users/Mat/Projects/doxygraph/doxyviz/bindviz/graphviz-2.30.1/embuild/lib/common/types.h" line="300" bodyfile="C:/Users/Mat/Projects/doxygraph/doxyviz/bindviz/graphviz-2.30.1/embuild/lib/common/types.h" bodystart="300" bodyend="-1"/>
      </memberdef>
      <memberdef kind="variable" id="structAgraphinfo__t_1a2fe1e9dd5405bb6b7bd9af9b5374ebf1" prot="public" static="no" mutable="no">
        <type>double **</type>
        <definition>double ** Agraphinfo_t::sum_t</definition>
        <argsstring></argsstring>
        <name>sum_t</name>
        <briefdescription>
        </briefdescription>
        <detaileddescription>
        </detaileddescription>
        <inbodydescription>
        </inbodydescription>
        <location file="C:/Users/Mat/Projects/doxygraph/doxyviz/bindviz/graphviz-2.30.1/embuild/lib/common/types.h" line="300" bodyfile="C:/Users/Mat/Projects/doxygraph/doxyviz/bindviz/graphviz-2.30.1/embuild/lib/common/types.h" bodystart="300" bodyend="-1"/>
      </memberdef>
      <memberdef kind="variable" id="structAgraphinfo__t_1ad761623d0cd542ec4b3a96d6465092f7" prot="public" static="no" mutable="no">
        <type>double ***</type>
        <definition>double *** Agraphinfo_t::t</definition>
        <argsstring></argsstring>
        <name>t</name>
        <briefdescription>
        </briefdescription>
        <detaileddescription>
        </detaileddescription>
        <inbodydescription>
        </inbodydescription>
        <location file="C:/Users/Mat/Projects/doxygraph/doxyviz/bindviz/graphviz-2.30.1/embuild/lib/common/types.h" line="300" bodyfile="C:/Users/Mat/Projects/doxygraph/doxyviz/bindviz/graphviz-2.30.1/embuild/lib/common/types.h" bodystart="300" bodyend="-1"/>
      </memberdef>
      <memberdef kind="variable" id="structAgraphinfo__t_1aa6e7e48624432cca510bfae2e6b25225" prot="public" static="no" mutable="no">
        <type>unsigned short</type>
        <definition>unsigned short Agraphinfo_t::ndim</definition>
        <argsstring></argsstring>
        <name>ndim</name>
        <briefdescription>
        </briefdescription>
        <detaileddescription>
        </detaileddescription>
        <inbodydescription>
        </inbodydescription>
        <location file="C:/Users/Mat/Projects/doxygraph/doxyviz/bindviz/graphviz-2.30.1/embuild/lib/common/types.h" line="301" bodyfile="C:/Users/Mat/Projects/doxygraph/doxyviz/bindviz/graphviz-2.30.1/embuild/lib/common/types.h" bodystart="301" bodyend="-1"/>
      </memberdef>
      <memberdef kind="variable" id="structAgraphinfo__t_1ac05aa9ebbff3f09542c9d0121222618f" prot="public" static="no" mutable="no">
        <type>unsigned short</type>
        <definition>unsigned short Agraphinfo_t::odim</definition>
        <argsstring></argsstring>
        <name>odim</name>
        <briefdescription>
        </briefdescription>
        <detaileddescription>
        </detaileddescription>
        <inbodydescription>
        </inbodydescription>
        <location file="C:/Users/Mat/Projects/doxygraph/doxyviz/bindviz/graphviz-2.30.1/embuild/lib/common/types.h" line="302" bodyfile="C:/Users/Mat/Projects/doxygraph/doxyviz/bindviz/graphviz-2.30.1/embuild/lib/common/types.h" bodystart="302" bodyend="-1"/>
      </memberdef>
      <memberdef kind="variable" id="structAgraphinfo__t_1a65ab53c5a698eb5cc8e1c6fd02d69e40" prot="public" static="no" mutable="no">
        <type>int</type>
        <definition>int Agraphinfo_t::n_cluster</definition>
        <argsstring></argsstring>
        <name>n_cluster</name>
        <briefdescription>
        </briefdescription>
        <detaileddescription>
        </detaileddescription>
        <inbodydescription>
        </inbodydescription>
        <location file="C:/Users/Mat/Projects/doxygraph/doxyviz/bindviz/graphviz-2.30.1/embuild/lib/common/types.h" line="306" bodyfile="C:/Users/Mat/Projects/doxygraph/doxyviz/bindviz/graphviz-2.30.1/embuild/lib/common/types.h" bodystart="306" bodyend="-1"/>
      </memberdef>
      <memberdef kind="variable" id="structAgraphinfo__t_1a4722b6d41f93a730019096ef69c7d327" prot="public" static="no" mutable="no">
        <type><ref refid="types_8h_1aedca4e11cb6b1a3893747040cb785c12" kindref="member">graph_t</ref> **</type>
        <definition>graph_t** Agraphinfo_t::clust</definition>
        <argsstring></argsstring>
        <name>clust</name>
        <briefdescription>
        </briefdescription>
        <detaileddescription>
        </detaileddescription>
        <inbodydescription>
        </inbodydescription>
        <location file="C:/Users/Mat/Projects/doxygraph/doxyviz/bindviz/graphviz-2.30.1/embuild/lib/common/types.h" line="307" bodyfile="C:/Users/Mat/Projects/doxygraph/doxyviz/bindviz/graphviz-2.30.1/embuild/lib/common/types.h" bodystart="307" bodyend="-1"/>
      </memberdef>
      <memberdef kind="variable" id="structAgraphinfo__t_1accc3528fa8210ca59efa1f06e06b8e38" prot="public" static="no" mutable="no">
        <type><ref refid="types_8h_1aa54efbeed985023658063bdae73347ec" kindref="member">node_t</ref> *</type>
        <definition>node_t* Agraphinfo_t::nlist</definition>
        <argsstring></argsstring>
        <name>nlist</name>
        <briefdescription>
        </briefdescription>
        <detaileddescription>
        </detaileddescription>
        <inbodydescription>
        </inbodydescription>
        <location file="C:/Users/Mat/Projects/doxygraph/doxyviz/bindviz/graphviz-2.30.1/embuild/lib/common/types.h" line="308" bodyfile="C:/Users/Mat/Projects/doxygraph/doxyviz/bindviz/graphviz-2.30.1/embuild/lib/common/types.h" bodystart="308" bodyend="-1"/>
      </memberdef>
      <memberdef kind="variable" id="structAgraphinfo__t_1aef7424dd5ba8feaa6cd7dde39aca1dab" prot="public" static="no" mutable="no">
        <type><ref refid="structrank__t" kindref="compound">rank_t</ref> *</type>
        <definition>rank_t* Agraphinfo_t::rank</definition>
        <argsstring></argsstring>
        <name>rank</name>
        <briefdescription>
        </briefdescription>
        <detaileddescription>
        </detaileddescription>
        <inbodydescription>
        </inbodydescription>
        <location file="C:/Users/Mat/Projects/doxygraph/doxyviz/bindviz/graphviz-2.30.1/embuild/lib/common/types.h" line="309" bodyfile="C:/Users/Mat/Projects/doxygraph/doxyviz/bindviz/graphviz-2.30.1/embuild/lib/common/types.h" bodystart="309" bodyend="-1"/>
      </memberdef>
      <memberdef kind="variable" id="structAgraphinfo__t_1a160ac52f1da28020ade3b346fbebf7a6" prot="public" static="no" mutable="no">
        <type><ref refid="types_8h_1aedca4e11cb6b1a3893747040cb785c12" kindref="member">graph_t</ref> *</type>
        <definition>graph_t* Agraphinfo_t::parent</definition>
        <argsstring></argsstring>
        <name>parent</name>
        <briefdescription>
        </briefdescription>
        <detaileddescription>
        </detaileddescription>
        <inbodydescription>
        </inbodydescription>
        <location file="C:/Users/Mat/Projects/doxygraph/doxyviz/bindviz/graphviz-2.30.1/embuild/lib/common/types.h" line="310" bodyfile="C:/Users/Mat/Projects/doxygraph/doxyviz/bindviz/graphviz-2.30.1/embuild/lib/common/types.h" bodystart="310" bodyend="-1"/>
      </memberdef>
      <memberdef kind="variable" id="structAgraphinfo__t_1aa83d8f9f00b810631a1bbdc92ed67bfd" prot="public" static="no" mutable="no">
        <type>int</type>
        <definition>int Agraphinfo_t::level</definition>
        <argsstring></argsstring>
        <name>level</name>
        <briefdescription>
        </briefdescription>
        <detaileddescription>
        </detaileddescription>
        <inbodydescription>
        </inbodydescription>
        <location file="C:/Users/Mat/Projects/doxygraph/doxyviz/bindviz/graphviz-2.30.1/embuild/lib/common/types.h" line="312" bodyfile="C:/Users/Mat/Projects/doxygraph/doxyviz/bindviz/graphviz-2.30.1/embuild/lib/common/types.h" bodystart="312" bodyend="-1"/>
      </memberdef>
      <memberdef kind="variable" id="structAgraphinfo__t_1a0e253354ca7700f63b57273bc322acf2" prot="public" static="no" mutable="no">
        <type><ref refid="types_8h_1aa54efbeed985023658063bdae73347ec" kindref="member">node_t</ref> *</type>
        <definition>node_t* Agraphinfo_t::minrep</definition>
        <argsstring></argsstring>
        <name>minrep</name>
        <briefdescription>
        </briefdescription>
        <detaileddescription>
        </detaileddescription>
        <inbodydescription>
        </inbodydescription>
        <location file="C:/Users/Mat/Projects/doxygraph/doxyviz/bindviz/graphviz-2.30.1/embuild/lib/common/types.h" line="313" bodyfile="C:/Users/Mat/Projects/doxygraph/doxyviz/bindviz/graphviz-2.30.1/embuild/lib/common/types.h" bodystart="313" bodyend="-1"/>
      </memberdef>
      <memberdef kind="variable" id="structAgraphinfo__t_1a0b6fc4422ae80c31c918b69f555fe8e9" prot="public" static="no" mutable="no">
        <type><ref refid="types_8h_1aa54efbeed985023658063bdae73347ec" kindref="member">node_t</ref> *</type>
        <definition>node_t * Agraphinfo_t::maxrep</definition>
        <argsstring></argsstring>
        <name>maxrep</name>
        <briefdescription>
        </briefdescription>
        <detaileddescription>
        </detaileddescription>
        <inbodydescription>
        </inbodydescription>
        <location file="C:/Users/Mat/Projects/doxygraph/doxyviz/bindviz/graphviz-2.30.1/embuild/lib/common/types.h" line="313" bodyfile="C:/Users/Mat/Projects/doxygraph/doxyviz/bindviz/graphviz-2.30.1/embuild/lib/common/types.h" bodystart="313" bodyend="-1"/>
      </memberdef>
      <memberdef kind="variable" id="structAgraphinfo__t_1a3e13e09309f06bef10e620fa146b701e" prot="public" static="no" mutable="no">
        <type><ref refid="structnlist__t" kindref="compound">nlist_t</ref></type>
        <definition>nlist_t Agraphinfo_t::comp</definition>
        <argsstring></argsstring>
        <name>comp</name>
        <briefdescription>
        </briefdescription>
        <detaileddescription>
        </detaileddescription>
        <inbodydescription>
        </inbodydescription>
        <location file="C:/Users/Mat/Projects/doxygraph/doxyviz/bindviz/graphviz-2.30.1/embuild/lib/common/types.h" line="317" bodyfile="C:/Users/Mat/Projects/doxygraph/doxyviz/bindviz/graphviz-2.30.1/embuild/lib/common/types.h" bodystart="317" bodyend="-1"/>
      </memberdef>
      <memberdef kind="variable" id="structAgraphinfo__t_1ad2b2a4ef80f54aaf1f59d63b1078df80" prot="public" static="no" mutable="no">
        <type><ref refid="types_8h_1aa54efbeed985023658063bdae73347ec" kindref="member">node_t</ref> *</type>
        <definition>node_t* Agraphinfo_t::minset</definition>
        <argsstring></argsstring>
        <name>minset</name>
        <briefdescription>
        </briefdescription>
        <detaileddescription>
        </detaileddescription>
        <inbodydescription>
        </inbodydescription>
        <location file="C:/Users/Mat/Projects/doxygraph/doxyviz/bindviz/graphviz-2.30.1/embuild/lib/common/types.h" line="319" bodyfile="C:/Users/Mat/Projects/doxygraph/doxyviz/bindviz/graphviz-2.30.1/embuild/lib/common/types.h" bodystart="319" bodyend="-1"/>
      </memberdef>
      <memberdef kind="variable" id="structAgraphinfo__t_1ac60ccf31da663109d0a00151922ba199" prot="public" static="no" mutable="no">
        <type><ref refid="types_8h_1aa54efbeed985023658063bdae73347ec" kindref="member">node_t</ref> *</type>
        <definition>node_t * Agraphinfo_t::maxset</definition>
        <argsstring></argsstring>
        <name>maxset</name>
        <briefdescription>
        </briefdescription>
        <detaileddescription>
        </detaileddescription>
        <inbodydescription>
        </inbodydescription>
        <location file="C:/Users/Mat/Projects/doxygraph/doxyviz/bindviz/graphviz-2.30.1/embuild/lib/common/types.h" line="319" bodyfile="C:/Users/Mat/Projects/doxygraph/doxyviz/bindviz/graphviz-2.30.1/embuild/lib/common/types.h" bodystart="319" bodyend="-1"/>
      </memberdef>
      <memberdef kind="variable" id="structAgraphinfo__t_1ad2b14652d2e55239c9c71044bda89bb4" prot="public" static="no" mutable="no">
        <type>long</type>
        <definition>long Agraphinfo_t::n_nodes</definition>
        <argsstring></argsstring>
        <name>n_nodes</name>
        <briefdescription>
        </briefdescription>
        <detaileddescription>
        </detaileddescription>
        <inbodydescription>
        </inbodydescription>
        <location file="C:/Users/Mat/Projects/doxygraph/doxyviz/bindviz/graphviz-2.30.1/embuild/lib/common/types.h" line="320" bodyfile="C:/Users/Mat/Projects/doxygraph/doxyviz/bindviz/graphviz-2.30.1/embuild/lib/common/types.h" bodystart="320" bodyend="-1"/>
      </memberdef>
      <memberdef kind="variable" id="structAgraphinfo__t_1aa3656b148c9208d09fb2f146c9815deb" prot="public" static="no" mutable="no">
        <type>short</type>
        <definition>short Agraphinfo_t::minrank</definition>
        <argsstring></argsstring>
        <name>minrank</name>
        <briefdescription>
        </briefdescription>
        <detaileddescription>
        </detaileddescription>
        <inbodydescription>
        </inbodydescription>
        <location file="C:/Users/Mat/Projects/doxygraph/doxyviz/bindviz/graphviz-2.30.1/embuild/lib/common/types.h" line="322" bodyfile="C:/Users/Mat/Projects/doxygraph/doxyviz/bindviz/graphviz-2.30.1/embuild/lib/common/types.h" bodystart="322" bodyend="-1"/>
      </memberdef>
      <memberdef kind="variable" id="structAgraphinfo__t_1a5e008698b78b13b1292dc3f3386df174" prot="public" static="no" mutable="no">
        <type>short</type>
        <definition>short Agraphinfo_t::maxrank</definition>
        <argsstring></argsstring>
        <name>maxrank</name>
        <briefdescription>
        </briefdescription>
        <detaileddescription>
        </detaileddescription>
        <inbodydescription>
        </inbodydescription>
        <location file="C:/Users/Mat/Projects/doxygraph/doxyviz/bindviz/graphviz-2.30.1/embuild/lib/common/types.h" line="322" bodyfile="C:/Users/Mat/Projects/doxygraph/doxyviz/bindviz/graphviz-2.30.1/embuild/lib/common/types.h" bodystart="322" bodyend="-1"/>
      </memberdef>
      <memberdef kind="variable" id="structAgraphinfo__t_1a82383c84fd87dc64dee161cf0914185e" prot="public" static="no" mutable="no">
        <type><ref refid="types_8h_1a7670a4e8a07d9ebb00411948b0bbf86d" kindref="member">boolean</ref></type>
        <definition>boolean Agraphinfo_t::has_flat_edges</definition>
        <argsstring></argsstring>
        <name>has_flat_edges</name>
        <briefdescription>
        </briefdescription>
        <detaileddescription>
        </detaileddescription>
        <inbodydescription>
        </inbodydescription>
        <location file="C:/Users/Mat/Projects/doxygraph/doxyviz/bindviz/graphviz-2.30.1/embuild/lib/common/types.h" line="325" bodyfile="C:/Users/Mat/Projects/doxygraph/doxyviz/bindviz/graphviz-2.30.1/embuild/lib/common/types.h" bodystart="325" bodyend="-1"/>
      </memberdef>
      <memberdef kind="variable" id="structAgraphinfo__t_1a6feb803913e2789dd771f10b806afe72" prot="public" static="no" mutable="no">
        <type><ref refid="types_8h_1a7670a4e8a07d9ebb00411948b0bbf86d" kindref="member">boolean</ref></type>
        <definition>boolean Agraphinfo_t::has_sourcerank</definition>
        <argsstring></argsstring>
        <name>has_sourcerank</name>
        <briefdescription>
        </briefdescription>
        <detaileddescription>
        </detaileddescription>
        <inbodydescription>
        </inbodydescription>
        <location file="C:/Users/Mat/Projects/doxygraph/doxyviz/bindviz/graphviz-2.30.1/embuild/lib/common/types.h" line="327" bodyfile="C:/Users/Mat/Projects/doxygraph/doxyviz/bindviz/graphviz-2.30.1/embuild/lib/common/types.h" bodystart="327" bodyend="-1"/>
      </memberdef>
      <memberdef kind="variable" id="structAgraphinfo__t_1a59dd916f7c251e77e5a3723beea277d4" prot="public" static="no" mutable="no">
        <type><ref refid="types_8h_1a7670a4e8a07d9ebb00411948b0bbf86d" kindref="member">boolean</ref></type>
        <definition>boolean Agraphinfo_t::has_sinkrank</definition>
        <argsstring></argsstring>
        <name>has_sinkrank</name>
        <briefdescription>
        </briefdescription>
        <detaileddescription>
        </detaileddescription>
        <inbodydescription>
        </inbodydescription>
        <location file="C:/Users/Mat/Projects/doxygraph/doxyviz/bindviz/graphviz-2.30.1/embuild/lib/common/types.h" line="328" bodyfile="C:/Users/Mat/Projects/doxygraph/doxyviz/bindviz/graphviz-2.30.1/embuild/lib/common/types.h" bodystart="328" bodyend="-1"/>
      </memberdef>
      <memberdef kind="variable" id="structAgraphinfo__t_1aadf7c0bfd403eaae70fd1866e0ee5fc7" prot="public" static="no" mutable="no">
        <type>unsigned char</type>
        <definition>unsigned char Agraphinfo_t::showboxes</definition>
        <argsstring></argsstring>
        <name>showboxes</name>
        <briefdescription>
        </briefdescription>
        <detaileddescription>
        </detaileddescription>
        <inbodydescription>
        </inbodydescription>
        <location file="C:/Users/Mat/Projects/doxygraph/doxyviz/bindviz/graphviz-2.30.1/embuild/lib/common/types.h" line="330" bodyfile="C:/Users/Mat/Projects/doxygraph/doxyviz/bindviz/graphviz-2.30.1/embuild/lib/common/types.h" bodystart="330" bodyend="-1"/>
      </memberdef>
      <memberdef kind="variable" id="structAgraphinfo__t_1af9659a001c6ec47ad98e85694a4960b7" prot="public" static="no" mutable="no">
        <type><ref refid="types_8h_1a2a6b72cfc1be9a7af92447c2f1372496" kindref="member">fontname_kind</ref></type>
        <definition>fontname_kind Agraphinfo_t::fontnames</definition>
        <argsstring></argsstring>
        <name>fontnames</name>
        <briefdescription>
        </briefdescription>
        <detaileddescription>
        </detaileddescription>
        <inbodydescription>
        </inbodydescription>
        <location file="C:/Users/Mat/Projects/doxygraph/doxyviz/bindviz/graphviz-2.30.1/embuild/lib/common/types.h" line="331" bodyfile="C:/Users/Mat/Projects/doxygraph/doxyviz/bindviz/graphviz-2.30.1/embuild/lib/common/types.h" bodystart="331" bodyend="-1"/>
      </memberdef>
      <memberdef kind="variable" id="structAgraphinfo__t_1a3038e54d9fc5cd4f204278307fa580b9" prot="public" static="no" mutable="no">
        <type>int</type>
        <definition>int Agraphinfo_t::nodesep</definition>
        <argsstring></argsstring>
        <name>nodesep</name>
        <briefdescription>
        </briefdescription>
        <detaileddescription>
        </detaileddescription>
        <inbodydescription>
        </inbodydescription>
        <location file="C:/Users/Mat/Projects/doxygraph/doxyviz/bindviz/graphviz-2.30.1/embuild/lib/common/types.h" line="333" bodyfile="C:/Users/Mat/Projects/doxygraph/doxyviz/bindviz/graphviz-2.30.1/embuild/lib/common/types.h" bodystart="333" bodyend="-1"/>
      </memberdef>
      <memberdef kind="variable" id="structAgraphinfo__t_1a74da894d104e1d18aef375d388fe05cf" prot="public" static="no" mutable="no">
        <type>int</type>
        <definition>int Agraphinfo_t::ranksep</definition>
        <argsstring></argsstring>
        <name>ranksep</name>
        <briefdescription>
        </briefdescription>
        <detaileddescription>
        </detaileddescription>
        <inbodydescription>
        </inbodydescription>
        <location file="C:/Users/Mat/Projects/doxygraph/doxyviz/bindviz/graphviz-2.30.1/embuild/lib/common/types.h" line="333" bodyfile="C:/Users/Mat/Projects/doxygraph/doxyviz/bindviz/graphviz-2.30.1/embuild/lib/common/types.h" bodystart="333" bodyend="-1"/>
      </memberdef>
      <memberdef kind="variable" id="structAgraphinfo__t_1ac3335bc89d906c82834200758e136d32" prot="public" static="no" mutable="no">
        <type><ref refid="types_8h_1aa54efbeed985023658063bdae73347ec" kindref="member">node_t</ref> *</type>
        <definition>node_t* Agraphinfo_t::ln</definition>
        <argsstring></argsstring>
        <name>ln</name>
        <briefdescription>
        </briefdescription>
        <detaileddescription>
        </detaileddescription>
        <inbodydescription>
        </inbodydescription>
        <location file="C:/Users/Mat/Projects/doxygraph/doxyviz/bindviz/graphviz-2.30.1/embuild/lib/common/types.h" line="334" bodyfile="C:/Users/Mat/Projects/doxygraph/doxyviz/bindviz/graphviz-2.30.1/embuild/lib/common/types.h" bodystart="334" bodyend="-1"/>
      </memberdef>
      <memberdef kind="variable" id="structAgraphinfo__t_1a74896012b50f579c9681b3ae502b2a53" prot="public" static="no" mutable="no">
        <type><ref refid="types_8h_1aa54efbeed985023658063bdae73347ec" kindref="member">node_t</ref> *</type>
        <definition>node_t * Agraphinfo_t::rn</definition>
        <argsstring></argsstring>
        <name>rn</name>
        <briefdescription>
        </briefdescription>
        <detaileddescription>
        </detaileddescription>
        <inbodydescription>
        </inbodydescription>
        <location file="C:/Users/Mat/Projects/doxygraph/doxyviz/bindviz/graphviz-2.30.1/embuild/lib/common/types.h" line="334" bodyfile="C:/Users/Mat/Projects/doxygraph/doxyviz/bindviz/graphviz-2.30.1/embuild/lib/common/types.h" bodystart="334" bodyend="-1"/>
      </memberdef>
      <memberdef kind="variable" id="structAgraphinfo__t_1af0331a91a4d5a53c016610871be267ed" prot="public" static="no" mutable="no">
        <type><ref refid="types_8h_1aa54efbeed985023658063bdae73347ec" kindref="member">node_t</ref> *</type>
        <definition>node_t* Agraphinfo_t::leader</definition>
        <argsstring></argsstring>
        <name>leader</name>
        <briefdescription>
        </briefdescription>
        <detaileddescription>
        </detaileddescription>
        <inbodydescription>
        </inbodydescription>
        <location file="C:/Users/Mat/Projects/doxygraph/doxyviz/bindviz/graphviz-2.30.1/embuild/lib/common/types.h" line="337" bodyfile="C:/Users/Mat/Projects/doxygraph/doxyviz/bindviz/graphviz-2.30.1/embuild/lib/common/types.h" bodystart="337" bodyend="-1"/>
      </memberdef>
      <memberdef kind="variable" id="structAgraphinfo__t_1ae24360a1ab557bd3a213879b154e6c01" prot="public" static="no" mutable="no">
        <type><ref refid="types_8h_1aa54efbeed985023658063bdae73347ec" kindref="member">node_t</ref> **</type>
        <definition>node_t ** Agraphinfo_t::rankleader</definition>
        <argsstring></argsstring>
        <name>rankleader</name>
        <briefdescription>
        </briefdescription>
        <detaileddescription>
        </detaileddescription>
        <inbodydescription>
        </inbodydescription>
        <location file="C:/Users/Mat/Projects/doxygraph/doxyviz/bindviz/graphviz-2.30.1/embuild/lib/common/types.h" line="337" bodyfile="C:/Users/Mat/Projects/doxygraph/doxyviz/bindviz/graphviz-2.30.1/embuild/lib/common/types.h" bodystart="337" bodyend="-1"/>
      </memberdef>
      <memberdef kind="variable" id="structAgraphinfo__t_1a5eb8aeee289710f0fed0c477f6718fa4" prot="public" static="no" mutable="no">
        <type><ref refid="types_8h_1a7670a4e8a07d9ebb00411948b0bbf86d" kindref="member">boolean</ref></type>
        <definition>boolean Agraphinfo_t::expanded</definition>
        <argsstring></argsstring>
        <name>expanded</name>
        <briefdescription>
        </briefdescription>
        <detaileddescription>
        </detaileddescription>
        <inbodydescription>
        </inbodydescription>
        <location file="C:/Users/Mat/Projects/doxygraph/doxyviz/bindviz/graphviz-2.30.1/embuild/lib/common/types.h" line="338" bodyfile="C:/Users/Mat/Projects/doxygraph/doxyviz/bindviz/graphviz-2.30.1/embuild/lib/common/types.h" bodystart="338" bodyend="-1"/>
      </memberdef>
      <memberdef kind="variable" id="structAgraphinfo__t_1a1e4caf7f5b810adbc9973a76fbd86fba" prot="public" static="no" mutable="no">
        <type>char</type>
        <definition>char Agraphinfo_t::installed</definition>
        <argsstring></argsstring>
        <name>installed</name>
        <briefdescription>
        </briefdescription>
        <detaileddescription>
        </detaileddescription>
        <inbodydescription>
        </inbodydescription>
        <location file="C:/Users/Mat/Projects/doxygraph/doxyviz/bindviz/graphviz-2.30.1/embuild/lib/common/types.h" line="339" bodyfile="C:/Users/Mat/Projects/doxygraph/doxyviz/bindviz/graphviz-2.30.1/embuild/lib/common/types.h" bodystart="339" bodyend="-1"/>
      </memberdef>
      <memberdef kind="variable" id="structAgraphinfo__t_1a413eca8823d1c8ee6927130ac5349b22" prot="public" static="no" mutable="no">
        <type>char</type>
        <definition>char Agraphinfo_t::set_type</definition>
        <argsstring></argsstring>
        <name>set_type</name>
        <briefdescription>
        </briefdescription>
        <detaileddescription>
        </detaileddescription>
        <inbodydescription>
        </inbodydescription>
        <location file="C:/Users/Mat/Projects/doxygraph/doxyviz/bindviz/graphviz-2.30.1/embuild/lib/common/types.h" line="340" bodyfile="C:/Users/Mat/Projects/doxygraph/doxyviz/bindviz/graphviz-2.30.1/embuild/lib/common/types.h" bodystart="340" bodyend="-1"/>
      </memberdef>
      <memberdef kind="variable" id="structAgraphinfo__t_1a0b8dadeeff79b9e9ea46fcc658084205" prot="public" static="no" mutable="no">
        <type>char</type>
        <definition>char Agraphinfo_t::label_pos</definition>
        <argsstring></argsstring>
        <name>label_pos</name>
        <briefdescription>
        </briefdescription>
        <detaileddescription>
        </detaileddescription>
        <inbodydescription>
        </inbodydescription>
        <location file="C:/Users/Mat/Projects/doxygraph/doxyviz/bindviz/graphviz-2.30.1/embuild/lib/common/types.h" line="341" bodyfile="C:/Users/Mat/Projects/doxygraph/doxyviz/bindviz/graphviz-2.30.1/embuild/lib/common/types.h" bodystart="341" bodyend="-1"/>
      </memberdef>
      <memberdef kind="variable" id="structAgraphinfo__t_1a5adc6789cc17e3fbbf3e54c6ee2146b9" prot="public" static="no" mutable="no">
        <type><ref refid="types_8h_1a7670a4e8a07d9ebb00411948b0bbf86d" kindref="member">boolean</ref></type>
        <definition>boolean Agraphinfo_t::exact_ranksep</definition>
        <argsstring></argsstring>
        <name>exact_ranksep</name>
        <briefdescription>
        </briefdescription>
        <detaileddescription>
        </detaileddescription>
        <inbodydescription>
        </inbodydescription>
        <location file="C:/Users/Mat/Projects/doxygraph/doxyviz/bindviz/graphviz-2.30.1/embuild/lib/common/types.h" line="342" bodyfile="C:/Users/Mat/Projects/doxygraph/doxyviz/bindviz/graphviz-2.30.1/embuild/lib/common/types.h" bodystart="342" bodyend="-1"/>
      </memberdef>
      </sectiondef>
    <briefdescription>
    </briefdescription>
    <detaileddescription>
    </detaileddescription>
    <collaborationgraph>
      <node id="92">
        <label>rank_t</label>
        <link refid="structrank__t"/>
        <childnode refid="93" relation="usage">
          <edgelabel>flat</edgelabel>
        </childnode>
      </node>
      <node id="94">
        <label>layout_t</label>
        <link refid="structlayout__t"/>
      </node>
      <node id="95">
        <label>textlabel_t</label>
        <link refid="structtextlabel__t"/>
      </node>
      <node id="96">
        <label>nlist_t</label>
        <link refid="structnlist__t"/>
      </node>
      <node id="93">
        <label>adjmatrix_t</label>
        <link refid="structadjmatrix__t"/>
      </node>
      <node id="91">
        <label>Agraphinfo_t</label>
        <link refid="structAgraphinfo__t"/>
        <childnode refid="92" relation="usage">
          <edgelabel>rank</edgelabel>
        </childnode>
        <childnode refid="94" relation="usage">
          <edgelabel>drawing</edgelabel>
        </childnode>
        <childnode refid="95" relation="usage">
          <edgelabel>label</edgelabel>
        </childnode>
        <childnode refid="96" relation="usage">
          <edgelabel>comp</edgelabel>
        </childnode>
      </node>
    </collaborationgraph>
    <location file="C:/Users/Mat/Projects/doxygraph/doxyviz/bindviz/graphviz-2.30.1/embuild/lib/common/types.h" line="276" bodyfile="C:/Users/Mat/Projects/doxygraph/doxyviz/bindviz/graphviz-2.30.1/embuild/lib/common/types.h" bodystart="276" bodyend="345"/>
    <listofallmembers>
      <member refid="structAgraphinfo__t_1ac4f7dffe8d497737b8babee32279b2f4" prot="public" virt="non-virtual"><scope>Agraphinfo_t</scope><name>alg</name></member>
      <member refid="structAgraphinfo__t_1aed213a818c1eef6ceac20b74fcd6cfdb" prot="public" virt="non-virtual"><scope>Agraphinfo_t</scope><name>bb</name></member>
      <member refid="structAgraphinfo__t_1abfe1c78301a2fda09e4ac05f03652d82" prot="public" virt="non-virtual"><scope>Agraphinfo_t</scope><name>border</name></member>
      <member refid="structAgraphinfo__t_1abb9abd4f0a61642fe3e690b1ccea3cf8" prot="public" virt="non-virtual"><scope>Agraphinfo_t</scope><name>charset</name></member>
      <member refid="structAgraphinfo__t_1aa40950eaf75d82eac2fe2d262ad9cd69" prot="public" virt="non-virtual"><scope>Agraphinfo_t</scope><name>cleanup</name></member>
      <member refid="structAgraphinfo__t_1a4722b6d41f93a730019096ef69c7d327" prot="public" virt="non-virtual"><scope>Agraphinfo_t</scope><name>clust</name></member>
      <member refid="structAgraphinfo__t_1a3e13e09309f06bef10e620fa146b701e" prot="public" virt="non-virtual"><scope>Agraphinfo_t</scope><name>comp</name></member>
      <member refid="structAgraphinfo__t_1afa85d2de962cabdb58a4ffc298fcfa6a" prot="public" virt="non-virtual"><scope>Agraphinfo_t</scope><name>dist</name></member>
      <member refid="structAgraphinfo__t_1a16f3ae645ac8947fb2660a3efe48f56a" prot="public" virt="non-virtual"><scope>Agraphinfo_t</scope><name>drawing</name></member>
      <member refid="structAgraphinfo__t_1a5adc6789cc17e3fbbf3e54c6ee2146b9" prot="public" virt="non-virtual"><scope>Agraphinfo_t</scope><name>exact_ranksep</name></member>
      <member refid="structAgraphinfo__t_1a5eb8aeee289710f0fed0c477f6718fa4" prot="public" virt="non-virtual"><scope>Agraphinfo_t</scope><name>expanded</name></member>
      <member refid="structAgraphinfo__t_1af6fc30815825e5690ad3a7ebdd73d5c0" prot="public" virt="non-virtual"><scope>Agraphinfo_t</scope><name>flags</name></member>
      <member refid="structAgraphinfo__t_1af9659a001c6ec47ad98e85694a4960b7" prot="public" virt="non-virtual"><scope>Agraphinfo_t</scope><name>fontnames</name></member>
      <member refid="structAgraphinfo__t_1a663fce49617ef574ce35e71245fb04bb" prot="public" virt="non-virtual"><scope>Agraphinfo_t</scope><name>gui_state</name></member>
      <member refid="structAgraphinfo__t_1a672892c8ec364a0aaa5102fe67430032" prot="public" virt="non-virtual"><scope>Agraphinfo_t</scope><name>gvc</name></member>
      <member refid="structAgraphinfo__t_1a82383c84fd87dc64dee161cf0914185e" prot="public" virt="non-virtual"><scope>Agraphinfo_t</scope><name>has_flat_edges</name></member>
      <member refid="structAgraphinfo__t_1aebdfeaf299b904e424ff8ac0abd6aa8f" prot="public" virt="non-virtual"><scope>Agraphinfo_t</scope><name>has_images</name></member>
      <member refid="structAgraphinfo__t_1ae676de4f320f9dbcfd980aebe35f6036" prot="public" virt="non-virtual"><scope>Agraphinfo_t</scope><name>has_labels</name></member>
      <member refid="structAgraphinfo__t_1a59dd916f7c251e77e5a3723beea277d4" prot="public" virt="non-virtual"><scope>Agraphinfo_t</scope><name>has_sinkrank</name></member>
      <member refid="structAgraphinfo__t_1a6feb803913e2789dd771f10b806afe72" prot="public" virt="non-virtual"><scope>Agraphinfo_t</scope><name>has_sourcerank</name></member>
      <member refid="structAgraphinfo__t_1ac6710eaa47b8cafeb70f780da0c8b7c7" prot="public" virt="non-virtual"><scope>Agraphinfo_t</scope><name>hdr</name></member>
      <member refid="structAgraphinfo__t_1a86f6ad782ae49195e5ff06a57771a1b7" prot="public" virt="non-virtual"><scope>Agraphinfo_t</scope><name>ht1</name></member>
      <member refid="structAgraphinfo__t_1a7ddb56253bda07378139827b47d684c1" prot="public" virt="non-virtual"><scope>Agraphinfo_t</scope><name>ht2</name></member>
      <member refid="structAgraphinfo__t_1a1e4caf7f5b810adbc9973a76fbd86fba" prot="public" virt="non-virtual"><scope>Agraphinfo_t</scope><name>installed</name></member>
      <member refid="structAgraphinfo__t_1a5611e8566fb1a060520544caba07dfec" prot="public" virt="non-virtual"><scope>Agraphinfo_t</scope><name>label</name></member>
      <member refid="structAgraphinfo__t_1a0b8dadeeff79b9e9ea46fcc658084205" prot="public" virt="non-virtual"><scope>Agraphinfo_t</scope><name>label_pos</name></member>
      <member refid="structAgraphinfo__t_1af0331a91a4d5a53c016610871be267ed" prot="public" virt="non-virtual"><scope>Agraphinfo_t</scope><name>leader</name></member>
      <member refid="structAgraphinfo__t_1aa83d8f9f00b810631a1bbdc92ed67bfd" prot="public" virt="non-virtual"><scope>Agraphinfo_t</scope><name>level</name></member>
      <member refid="structAgraphinfo__t_1ac3335bc89d906c82834200758e136d32" prot="public" virt="non-virtual"><scope>Agraphinfo_t</scope><name>ln</name></member>
      <member refid="structAgraphinfo__t_1a5e008698b78b13b1292dc3f3386df174" prot="public" virt="non-virtual"><scope>Agraphinfo_t</scope><name>maxrank</name></member>
      <member refid="structAgraphinfo__t_1a0b6fc4422ae80c31c918b69f555fe8e9" prot="public" virt="non-virtual"><scope>Agraphinfo_t</scope><name>maxrep</name></member>
      <member refid="structAgraphinfo__t_1ac60ccf31da663109d0a00151922ba199" prot="public" virt="non-virtual"><scope>Agraphinfo_t</scope><name>maxset</name></member>
      <member refid="structAgraphinfo__t_1aa3656b148c9208d09fb2f146c9815deb" prot="public" virt="non-virtual"><scope>Agraphinfo_t</scope><name>minrank</name></member>
      <member refid="structAgraphinfo__t_1a0e253354ca7700f63b57273bc322acf2" prot="public" virt="non-virtual"><scope>Agraphinfo_t</scope><name>minrep</name></member>
      <member refid="structAgraphinfo__t_1ad2b2a4ef80f54aaf1f59d63b1078df80" prot="public" virt="non-virtual"><scope>Agraphinfo_t</scope><name>minset</name></member>
      <member refid="structAgraphinfo__t_1a6d67027255ceff9a2e25f7281b96aeda" prot="public" virt="non-virtual"><scope>Agraphinfo_t</scope><name>move</name></member>
      <member refid="structAgraphinfo__t_1a65ab53c5a698eb5cc8e1c6fd02d69e40" prot="public" virt="non-virtual"><scope>Agraphinfo_t</scope><name>n_cluster</name></member>
      <member refid="structAgraphinfo__t_1ad2b14652d2e55239c9c71044bda89bb4" prot="public" virt="non-virtual"><scope>Agraphinfo_t</scope><name>n_nodes</name></member>
      <member refid="structAgraphinfo__t_1aa6e7e48624432cca510bfae2e6b25225" prot="public" virt="non-virtual"><scope>Agraphinfo_t</scope><name>ndim</name></member>
      <member refid="structAgraphinfo__t_1a7fab880a15bc546e40c54e654c973bd5" prot="public" virt="non-virtual"><scope>Agraphinfo_t</scope><name>neato_nlist</name></member>
      <member refid="structAgraphinfo__t_1accc3528fa8210ca59efa1f06e06b8e38" prot="public" virt="non-virtual"><scope>Agraphinfo_t</scope><name>nlist</name></member>
      <member refid="structAgraphinfo__t_1a3038e54d9fc5cd4f204278307fa580b9" prot="public" virt="non-virtual"><scope>Agraphinfo_t</scope><name>nodesep</name></member>
      <member refid="structAgraphinfo__t_1ac05aa9ebbff3f09542c9d0121222618f" prot="public" virt="non-virtual"><scope>Agraphinfo_t</scope><name>odim</name></member>
      <member refid="structAgraphinfo__t_1a160ac52f1da28020ade3b346fbebf7a6" prot="public" virt="non-virtual"><scope>Agraphinfo_t</scope><name>parent</name></member>
      <member refid="structAgraphinfo__t_1aef7424dd5ba8feaa6cd7dde39aca1dab" prot="public" virt="non-virtual"><scope>Agraphinfo_t</scope><name>rank</name></member>
      <member refid="structAgraphinfo__t_1a387c217e14e4062d699c5c28b9ee9ecb" prot="public" virt="non-virtual"><scope>Agraphinfo_t</scope><name>rankdir</name></member>
      <member refid="structAgraphinfo__t_1ae24360a1ab557bd3a213879b154e6c01" prot="public" virt="non-virtual"><scope>Agraphinfo_t</scope><name>rankleader</name></member>
      <member refid="structAgraphinfo__t_1a74da894d104e1d18aef375d388fe05cf" prot="public" virt="non-virtual"><scope>Agraphinfo_t</scope><name>ranksep</name></member>
      <member refid="structAgraphinfo__t_1a74896012b50f579c9681b3ae502b2a53" prot="public" virt="non-virtual"><scope>Agraphinfo_t</scope><name>rn</name></member>
      <member refid="structAgraphinfo__t_1a413eca8823d1c8ee6927130ac5349b22" prot="public" virt="non-virtual"><scope>Agraphinfo_t</scope><name>set_type</name></member>
      <member refid="structAgraphinfo__t_1aadf7c0bfd403eaae70fd1866e0ee5fc7" prot="public" virt="non-virtual"><scope>Agraphinfo_t</scope><name>showboxes</name></member>
      <member refid="structAgraphinfo__t_1abccb860100209d6e5837c2e6339bf632" prot="public" virt="non-virtual"><scope>Agraphinfo_t</scope><name>spring</name></member>
      <member refid="structAgraphinfo__t_1a2fe1e9dd5405bb6b7bd9af9b5374ebf1" prot="public" virt="non-virtual"><scope>Agraphinfo_t</scope><name>sum_t</name></member>
      <member refid="structAgraphinfo__t_1ad761623d0cd542ec4b3a96d6465092f7" prot="public" virt="non-virtual"><scope>Agraphinfo_t</scope><name>t</name></member>
    </listofallmembers>
  </compounddef>
</doxygen>
