<?xml version='1.0' encoding='UTF-8' standalone='no'?>
<doxygen xmlns:xsi="http://www.w3.org/2001/XMLSchema-instance" xsi:noNamespaceSchemaLocation="compound.xsd" version="1.8.2">
  <compounddef id="structpath" kind="struct" prot="public">
    <compoundname>path</compoundname>
    <includes refid="types_8h" local="no">types.h</includes>
      <sectiondef kind="public-attrib">
      <memberdef kind="variable" id="structpath_1a017227d396a0248031695625623016a7" prot="public" static="no" mutable="no">
        <type><ref refid="structport" kindref="compound">port</ref></type>
        <definition>port path::start</definition>
        <argsstring></argsstring>
        <name>start</name>
        <briefdescription>
        </briefdescription>
        <detaileddescription>
        </detaileddescription>
        <inbodydescription>
        </inbodydescription>
        <location file="C:/Users/Mat/Projects/doxygraph/doxyviz/bindviz/graphviz-2.30.1/embuild/lib/common/types.h" line="110" bodyfile="C:/Users/Mat/Projects/doxygraph/doxyviz/bindviz/graphviz-2.30.1/embuild/lib/common/types.h" bodystart="110" bodyend="-1"/>
      </memberdef>
      <memberdef kind="variable" id="structpath_1a4400691cb1af9747afd5c63b55308c17" prot="public" static="no" mutable="no">
        <type><ref refid="structport" kindref="compound">port</ref></type>
        <definition>port path::end</definition>
        <argsstring></argsstring>
        <name>end</name>
        <briefdescription>
        </briefdescription>
        <detaileddescription>
        </detaileddescription>
        <inbodydescription>
        </inbodydescription>
        <location file="C:/Users/Mat/Projects/doxygraph/doxyviz/bindviz/graphviz-2.30.1/embuild/lib/common/types.h" line="110" bodyfile="C:/Users/Mat/Projects/doxygraph/doxyviz/bindviz/graphviz-2.30.1/embuild/lib/common/types.h" bodystart="110" bodyend="-1"/>
      </memberdef>
      <memberdef kind="variable" id="structpath_1a951008b669413f84b8f94ca692b95a87" prot="public" static="no" mutable="no">
        <type>int</type>
        <definition>int path::nbox</definition>
        <argsstring></argsstring>
        <name>nbox</name>
        <briefdescription>
        </briefdescription>
        <detaileddescription>
        </detaileddescription>
        <inbodydescription>
        </inbodydescription>
        <location file="C:/Users/Mat/Projects/doxygraph/doxyviz/bindviz/graphviz-2.30.1/embuild/lib/common/types.h" line="111" bodyfile="C:/Users/Mat/Projects/doxygraph/doxyviz/bindviz/graphviz-2.30.1/embuild/lib/common/types.h" bodystart="111" bodyend="-1"/>
      </memberdef>
      <memberdef kind="variable" id="structpath_1a1a8f6710b832eb8feb917a9b8296cfdd" prot="public" static="no" mutable="no">
        <type>boxf *</type>
        <definition>boxf* path::boxes</definition>
        <argsstring></argsstring>
        <name>boxes</name>
        <briefdescription>
        </briefdescription>
        <detaileddescription>
        </detaileddescription>
        <inbodydescription>
        </inbodydescription>
        <location file="C:/Users/Mat/Projects/doxygraph/doxyviz/bindviz/graphviz-2.30.1/embuild/lib/common/types.h" line="112" bodyfile="C:/Users/Mat/Projects/doxygraph/doxyviz/bindviz/graphviz-2.30.1/embuild/lib/common/types.h" bodystart="112" bodyend="-1"/>
      </memberdef>
      <memberdef kind="variable" id="structpath_1aa9eb1739345839b2a242806ceb94dc55" prot="public" static="no" mutable="no">
        <type>void *</type>
        <definition>void* path::data</definition>
        <argsstring></argsstring>
        <name>data</name>
        <briefdescription>
        </briefdescription>
        <detaileddescription>
        </detaileddescription>
        <inbodydescription>
        </inbodydescription>
        <location file="C:/Users/Mat/Projects/doxygraph/doxyviz/bindviz/graphviz-2.30.1/embuild/lib/common/types.h" line="113" bodyfile="C:/Users/Mat/Projects/doxygraph/doxyviz/bindviz/graphviz-2.30.1/embuild/lib/common/types.h" bodystart="113" bodyend="-1"/>
      </memberdef>
      </sectiondef>
    <briefdescription>
    </briefdescription>
    <detaileddescription>
    </detaileddescription>
    <collaborationgraph>
      <node id="117">
        <label>path</label>
        <link refid="structpath"/>
        <childnode refid="118" relation="usage">
          <edgelabel>end</edgelabel>
          <edgelabel>start</edgelabel>
        </childnode>
      </node>
      <node id="118">
        <label>port</label>
        <link refid="structport"/>
      </node>
    </collaborationgraph>
    <location file="C:/Users/Mat/Projects/doxygraph/doxyviz/bindviz/graphviz-2.30.1/embuild/lib/common/types.h" line="109" bodyfile="C:/Users/Mat/Projects/doxygraph/doxyviz/bindviz/graphviz-2.30.1/embuild/lib/common/types.h" bodystart="109" bodyend="114"/>
    <listofallmembers>
      <member refid="structpath_1a1a8f6710b832eb8feb917a9b8296cfdd" prot="public" virt="non-virtual"><scope>path</scope><name>boxes</name></member>
      <member refid="structpath_1aa9eb1739345839b2a242806ceb94dc55" prot="public" virt="non-virtual"><scope>path</scope><name>data</name></member>
      <member refid="structpath_1a4400691cb1af9747afd5c63b55308c17" prot="public" virt="non-virtual"><scope>path</scope><name>end</name></member>
      <member refid="structpath_1a951008b669413f84b8f94ca692b95a87" prot="public" virt="non-virtual"><scope>path</scope><name>nbox</name></member>
      <member refid="structpath_1a017227d396a0248031695625623016a7" prot="public" virt="non-virtual"><scope>path</scope><name>start</name></member>
    </listofallmembers>
  </compounddef>
</doxygen>
