<?xml version='1.0' encoding='UTF-8' standalone='no'?>
<doxygen xmlns:xsi="http://www.w3.org/2001/XMLSchema-instance" xsi:noNamespaceSchemaLocation="compound.xsd" version="1.8.2">
  <compounddef id="structstroke__t" kind="struct" prot="public">
    <compoundname>stroke_t</compoundname>
    <includes refid="types_8h" local="no">types.h</includes>
      <sectiondef kind="public-attrib">
      <memberdef kind="variable" id="structstroke__t_1aa345f1a6413d66eb9274e021d49a4f4c" prot="public" static="no" mutable="no">
        <type>int</type>
        <definition>int stroke_t::nvertices</definition>
        <argsstring></argsstring>
        <name>nvertices</name>
        <briefdescription>
        </briefdescription>
        <detaileddescription>
        </detaileddescription>
        <inbodydescription>
        </inbodydescription>
        <location file="C:/Users/Mat/Projects/doxygraph/doxyviz/bindviz/graphviz-2.30.1/embuild/lib/common/types.h" line="163" bodyfile="C:/Users/Mat/Projects/doxygraph/doxyviz/bindviz/graphviz-2.30.1/embuild/lib/common/types.h" bodystart="163" bodyend="-1"/>
      </memberdef>
      <memberdef kind="variable" id="structstroke__t_1aa44e31c7ba6bfd00b4482860a427fe83" prot="public" static="no" mutable="no">
        <type>int</type>
        <definition>int stroke_t::flags</definition>
        <argsstring></argsstring>
        <name>flags</name>
        <briefdescription>
        </briefdescription>
        <detaileddescription>
        </detaileddescription>
        <inbodydescription>
        </inbodydescription>
        <location file="C:/Users/Mat/Projects/doxygraph/doxyviz/bindviz/graphviz-2.30.1/embuild/lib/common/types.h" line="164" bodyfile="C:/Users/Mat/Projects/doxygraph/doxyviz/bindviz/graphviz-2.30.1/embuild/lib/common/types.h" bodystart="164" bodyend="-1"/>
      </memberdef>
      <memberdef kind="variable" id="structstroke__t_1a70702d1e3329b9be49585d5ba162e9d0" prot="public" static="no" mutable="no">
        <type>pointf *</type>
        <definition>pointf* stroke_t::vertices</definition>
        <argsstring></argsstring>
        <name>vertices</name>
        <briefdescription>
        </briefdescription>
        <detaileddescription>
        </detaileddescription>
        <inbodydescription>
        </inbodydescription>
        <location file="C:/Users/Mat/Projects/doxygraph/doxyviz/bindviz/graphviz-2.30.1/embuild/lib/common/types.h" line="165" bodyfile="C:/Users/Mat/Projects/doxygraph/doxyviz/bindviz/graphviz-2.30.1/embuild/lib/common/types.h" bodystart="165" bodyend="-1"/>
      </memberdef>
      </sectiondef>
    <briefdescription>
    </briefdescription>
    <detaileddescription>
    </detaileddescription>
    <location file="C:/Users/Mat/Projects/doxygraph/doxyviz/bindviz/graphviz-2.30.1/embuild/lib/common/types.h" line="161" bodyfile="C:/Users/Mat/Projects/doxygraph/doxyviz/bindviz/graphviz-2.30.1/embuild/lib/common/types.h" bodystart="161" bodyend="166"/>
    <listofallmembers>
      <member refid="structstroke__t_1aa44e31c7ba6bfd00b4482860a427fe83" prot="public" virt="non-virtual"><scope>stroke_t</scope><name>flags</name></member>
      <member refid="structstroke__t_1aa345f1a6413d66eb9274e021d49a4f4c" prot="public" virt="non-virtual"><scope>stroke_t</scope><name>nvertices</name></member>
      <member refid="structstroke__t_1a70702d1e3329b9be49585d5ba162e9d0" prot="public" virt="non-virtual"><scope>stroke_t</scope><name>vertices</name></member>
    </listofallmembers>
  </compounddef>
</doxygen>
