<?xml version='1.0' encoding='UTF-8' standalone='no'?>
<doxygen xmlns:xsi="http://www.w3.org/2001/XMLSchema-instance" xsi:noNamespaceSchemaLocation="compound.xsd" version="1.8.2">
  <compounddef id="structport" kind="struct" prot="public">
    <compoundname>port</compoundname>
    <includes refid="types_8h" local="no">types.h</includes>
      <sectiondef kind="public-attrib">
      <memberdef kind="variable" id="structport_1a16668498995ef15544f551f444fbd0f8" prot="public" static="no" mutable="no">
        <type>pointf</type>
        <definition>pointf port::p</definition>
        <argsstring></argsstring>
        <name>p</name>
        <briefdescription>
        </briefdescription>
        <detaileddescription>
        </detaileddescription>
        <inbodydescription>
        </inbodydescription>
        <location file="C:/Users/Mat/Projects/doxygraph/doxyviz/bindviz/graphviz-2.30.1/embuild/lib/common/types.h" line="77" bodyfile="C:/Users/Mat/Projects/doxygraph/doxyviz/bindviz/graphviz-2.30.1/embuild/lib/common/types.h" bodystart="77" bodyend="-1"/>
      </memberdef>
      <memberdef kind="variable" id="structport_1a7cbef1f3a17cbd157763eeeeb98596be" prot="public" static="no" mutable="no">
        <type>double</type>
        <definition>double port::theta</definition>
        <argsstring></argsstring>
        <name>theta</name>
        <briefdescription>
        </briefdescription>
        <detaileddescription>
        </detaileddescription>
        <inbodydescription>
        </inbodydescription>
        <location file="C:/Users/Mat/Projects/doxygraph/doxyviz/bindviz/graphviz-2.30.1/embuild/lib/common/types.h" line="78" bodyfile="C:/Users/Mat/Projects/doxygraph/doxyviz/bindviz/graphviz-2.30.1/embuild/lib/common/types.h" bodystart="78" bodyend="-1"/>
      </memberdef>
      <memberdef kind="variable" id="structport_1a001322a2772014f388d8c08883ee70ee" prot="public" static="no" mutable="no">
        <type>boxf *</type>
        <definition>boxf* port::bp</definition>
        <argsstring></argsstring>
        <name>bp</name>
        <briefdescription>
        </briefdescription>
        <detaileddescription>
        </detaileddescription>
        <inbodydescription>
        </inbodydescription>
        <location file="C:/Users/Mat/Projects/doxygraph/doxyviz/bindviz/graphviz-2.30.1/embuild/lib/common/types.h" line="79" bodyfile="C:/Users/Mat/Projects/doxygraph/doxyviz/bindviz/graphviz-2.30.1/embuild/lib/common/types.h" bodystart="79" bodyend="-1"/>
      </memberdef>
      <memberdef kind="variable" id="structport_1a5a62dec0b023059d2c038b68a4f07d22" prot="public" static="no" mutable="no">
        <type><ref refid="types_8h_1a7670a4e8a07d9ebb00411948b0bbf86d" kindref="member">boolean</ref></type>
        <definition>boolean port::defined</definition>
        <argsstring></argsstring>
        <name>defined</name>
        <briefdescription>
        </briefdescription>
        <detaileddescription>
        </detaileddescription>
        <inbodydescription>
        </inbodydescription>
        <location file="C:/Users/Mat/Projects/doxygraph/doxyviz/bindviz/graphviz-2.30.1/embuild/lib/common/types.h" line="82" bodyfile="C:/Users/Mat/Projects/doxygraph/doxyviz/bindviz/graphviz-2.30.1/embuild/lib/common/types.h" bodystart="82" bodyend="-1"/>
      </memberdef>
      <memberdef kind="variable" id="structport_1a4afce90892ba08b94942e844328cdbcd" prot="public" static="no" mutable="no">
        <type><ref refid="types_8h_1a7670a4e8a07d9ebb00411948b0bbf86d" kindref="member">boolean</ref></type>
        <definition>boolean port::constrained</definition>
        <argsstring></argsstring>
        <name>constrained</name>
        <briefdescription>
        </briefdescription>
        <detaileddescription>
        </detaileddescription>
        <inbodydescription>
        </inbodydescription>
        <location file="C:/Users/Mat/Projects/doxygraph/doxyviz/bindviz/graphviz-2.30.1/embuild/lib/common/types.h" line="83" bodyfile="C:/Users/Mat/Projects/doxygraph/doxyviz/bindviz/graphviz-2.30.1/embuild/lib/common/types.h" bodystart="83" bodyend="-1"/>
      </memberdef>
      <memberdef kind="variable" id="structport_1afb8722f3758aaba1cbc94c8a4e826069" prot="public" static="no" mutable="no">
        <type><ref refid="types_8h_1a7670a4e8a07d9ebb00411948b0bbf86d" kindref="member">boolean</ref></type>
        <definition>boolean port::clip</definition>
        <argsstring></argsstring>
        <name>clip</name>
        <briefdescription>
        </briefdescription>
        <detaileddescription>
        </detaileddescription>
        <inbodydescription>
        </inbodydescription>
        <location file="C:/Users/Mat/Projects/doxygraph/doxyviz/bindviz/graphviz-2.30.1/embuild/lib/common/types.h" line="84" bodyfile="C:/Users/Mat/Projects/doxygraph/doxyviz/bindviz/graphviz-2.30.1/embuild/lib/common/types.h" bodystart="84" bodyend="-1"/>
      </memberdef>
      <memberdef kind="variable" id="structport_1a4ba417044865d56e2489a4538005edb3" prot="public" static="no" mutable="no">
        <type><ref refid="types_8h_1a7670a4e8a07d9ebb00411948b0bbf86d" kindref="member">boolean</ref></type>
        <definition>boolean port::dyna</definition>
        <argsstring></argsstring>
        <name>dyna</name>
        <briefdescription>
        </briefdescription>
        <detaileddescription>
        </detaileddescription>
        <inbodydescription>
        </inbodydescription>
        <location file="C:/Users/Mat/Projects/doxygraph/doxyviz/bindviz/graphviz-2.30.1/embuild/lib/common/types.h" line="85" bodyfile="C:/Users/Mat/Projects/doxygraph/doxyviz/bindviz/graphviz-2.30.1/embuild/lib/common/types.h" bodystart="85" bodyend="-1"/>
      </memberdef>
      <memberdef kind="variable" id="structport_1ac36667da42413cac01eb981e678bdc8a" prot="public" static="no" mutable="no">
        <type>unsigned char</type>
        <definition>unsigned char port::order</definition>
        <argsstring></argsstring>
        <name>order</name>
        <briefdescription>
        </briefdescription>
        <detaileddescription>
        </detaileddescription>
        <inbodydescription>
        </inbodydescription>
        <location file="C:/Users/Mat/Projects/doxygraph/doxyviz/bindviz/graphviz-2.30.1/embuild/lib/common/types.h" line="86" bodyfile="C:/Users/Mat/Projects/doxygraph/doxyviz/bindviz/graphviz-2.30.1/embuild/lib/common/types.h" bodystart="86" bodyend="-1"/>
      </memberdef>
      <memberdef kind="variable" id="structport_1a419aa861cbe9207624dd09be3987c26a" prot="public" static="no" mutable="no">
        <type>unsigned char</type>
        <definition>unsigned char port::side</definition>
        <argsstring></argsstring>
        <name>side</name>
        <briefdescription>
        </briefdescription>
        <detaileddescription>
        </detaileddescription>
        <inbodydescription>
        </inbodydescription>
        <location file="C:/Users/Mat/Projects/doxygraph/doxyviz/bindviz/graphviz-2.30.1/embuild/lib/common/types.h" line="87" bodyfile="C:/Users/Mat/Projects/doxygraph/doxyviz/bindviz/graphviz-2.30.1/embuild/lib/common/types.h" bodystart="87" bodyend="-1"/>
      </memberdef>
      <memberdef kind="variable" id="structport_1a9f1c5a69930afafbd521b9900106b550" prot="public" static="no" mutable="no">
        <type>char *</type>
        <definition>char* port::name</definition>
        <argsstring></argsstring>
        <name>name</name>
        <briefdescription>
        </briefdescription>
        <detaileddescription>
        </detaileddescription>
        <inbodydescription>
        </inbodydescription>
        <location file="C:/Users/Mat/Projects/doxygraph/doxyviz/bindviz/graphviz-2.30.1/embuild/lib/common/types.h" line="91" bodyfile="C:/Users/Mat/Projects/doxygraph/doxyviz/bindviz/graphviz-2.30.1/embuild/lib/common/types.h" bodystart="91" bodyend="-1"/>
      </memberdef>
      </sectiondef>
    <briefdescription>
    </briefdescription>
    <detaileddescription>
    </detaileddescription>
    <location file="C:/Users/Mat/Projects/doxygraph/doxyviz/bindviz/graphviz-2.30.1/embuild/lib/common/types.h" line="76" bodyfile="C:/Users/Mat/Projects/doxygraph/doxyviz/bindviz/graphviz-2.30.1/embuild/lib/common/types.h" bodystart="76" bodyend="92"/>
    <listofallmembers>
      <member refid="structport_1a001322a2772014f388d8c08883ee70ee" prot="public" virt="non-virtual"><scope>port</scope><name>bp</name></member>
      <member refid="structport_1afb8722f3758aaba1cbc94c8a4e826069" prot="public" virt="non-virtual"><scope>port</scope><name>clip</name></member>
      <member refid="structport_1a4afce90892ba08b94942e844328cdbcd" prot="public" virt="non-virtual"><scope>port</scope><name>constrained</name></member>
      <member refid="structport_1a5a62dec0b023059d2c038b68a4f07d22" prot="public" virt="non-virtual"><scope>port</scope><name>defined</name></member>
      <member refid="structport_1a4ba417044865d56e2489a4538005edb3" prot="public" virt="non-virtual"><scope>port</scope><name>dyna</name></member>
      <member refid="structport_1a9f1c5a69930afafbd521b9900106b550" prot="public" virt="non-virtual"><scope>port</scope><name>name</name></member>
      <member refid="structport_1ac36667da42413cac01eb981e678bdc8a" prot="public" virt="non-virtual"><scope>port</scope><name>order</name></member>
      <member refid="structport_1a16668498995ef15544f551f444fbd0f8" prot="public" virt="non-virtual"><scope>port</scope><name>p</name></member>
      <member refid="structport_1a419aa861cbe9207624dd09be3987c26a" prot="public" virt="non-virtual"><scope>port</scope><name>side</name></member>
      <member refid="structport_1a7cbef1f3a17cbd157763eeeeb98596be" prot="public" virt="non-virtual"><scope>port</scope><name>theta</name></member>
    </listofallmembers>
  </compounddef>
</doxygen>
