<?xml version='1.0' encoding='UTF-8' standalone='no'?>
<doxygen xmlns:xsi="http://www.w3.org/2001/XMLSchema-instance" xsi:noNamespaceSchemaLocation="compound.xsd" version="1.8.2">
  <compounddef id="structnlist__t" kind="struct" prot="public">
    <compoundname>nlist_t</compoundname>
    <includes refid="types_8h" local="no">types.h</includes>
      <sectiondef kind="public-attrib">
      <memberdef kind="variable" id="structnlist__t_1a54896b2779ad7de4ad5c8da75661e598" prot="public" static="no" mutable="no">
        <type><ref refid="types_8h_1aa54efbeed985023658063bdae73347ec" kindref="member">node_t</ref> **</type>
        <definition>node_t** nlist_t::list</definition>
        <argsstring></argsstring>
        <name>list</name>
        <briefdescription>
        </briefdescription>
        <detaileddescription>
        </detaileddescription>
        <inbodydescription>
        </inbodydescription>
        <location file="C:/Users/Mat/Projects/doxygraph/doxyviz/bindviz/graphviz-2.30.1/embuild/lib/common/types.h" line="255" bodyfile="C:/Users/Mat/Projects/doxygraph/doxyviz/bindviz/graphviz-2.30.1/embuild/lib/common/types.h" bodystart="255" bodyend="-1"/>
      </memberdef>
      <memberdef kind="variable" id="structnlist__t_1aa19b9ecdab680bf635f2b16de5c6b71a" prot="public" static="no" mutable="no">
        <type>int</type>
        <definition>int nlist_t::size</definition>
        <argsstring></argsstring>
        <name>size</name>
        <briefdescription>
        </briefdescription>
        <detaileddescription>
        </detaileddescription>
        <inbodydescription>
        </inbodydescription>
        <location file="C:/Users/Mat/Projects/doxygraph/doxyviz/bindviz/graphviz-2.30.1/embuild/lib/common/types.h" line="256" bodyfile="C:/Users/Mat/Projects/doxygraph/doxyviz/bindviz/graphviz-2.30.1/embuild/lib/common/types.h" bodystart="256" bodyend="-1"/>
      </memberdef>
      </sectiondef>
    <briefdescription>
    </briefdescription>
    <detaileddescription>
    </detaileddescription>
    <location file="C:/Users/Mat/Projects/doxygraph/doxyviz/bindviz/graphviz-2.30.1/embuild/lib/common/types.h" line="254" bodyfile="C:/Users/Mat/Projects/doxygraph/doxyviz/bindviz/graphviz-2.30.1/embuild/lib/common/types.h" bodystart="254" bodyend="257"/>
    <listofallmembers>
      <member refid="structnlist__t_1a54896b2779ad7de4ad5c8da75661e598" prot="public" virt="non-virtual"><scope>nlist_t</scope><name>list</name></member>
      <member refid="structnlist__t_1aa19b9ecdab680bf635f2b16de5c6b71a" prot="public" virt="non-virtual"><scope>nlist_t</scope><name>size</name></member>
    </listofallmembers>
  </compounddef>
</doxygen>
