<?xml version='1.0' encoding='UTF-8' standalone='no'?>
<doxygen xmlns:xsi="http://www.w3.org/2001/XMLSchema-instance" xsi:noNamespaceSchemaLocation="compound.xsd" version="1.8.2">
  <compounddef id="structAgedgeinfo__t" kind="struct" prot="public">
    <compoundname>Agedgeinfo_t</compoundname>
    <includes refid="types_8h" local="no">types.h</includes>
      <sectiondef kind="public-attrib">
      <memberdef kind="variable" id="structAgedgeinfo__t_1af0fae60abf7c6adf053e59982c94fc2d" prot="public" static="no" mutable="no">
        <type>Agrec_t</type>
        <definition>Agrec_t Agedgeinfo_t::hdr</definition>
        <argsstring></argsstring>
        <name>hdr</name>
        <briefdescription>
        </briefdescription>
        <detaileddescription>
        </detaileddescription>
        <inbodydescription>
        </inbodydescription>
        <location file="C:/Users/Mat/Projects/doxygraph/doxyviz/bindviz/graphviz-2.30.1/embuild/lib/common/types.h" line="643" bodyfile="C:/Users/Mat/Projects/doxygraph/doxyviz/bindviz/graphviz-2.30.1/embuild/lib/common/types.h" bodystart="643" bodyend="-1"/>
      </memberdef>
      <memberdef kind="variable" id="structAgedgeinfo__t_1af0d404e68e40a0efcbb4a9ec24fb6a30" prot="public" static="no" mutable="no">
        <type><ref refid="structsplines" kindref="compound">splines</ref> *</type>
        <definition>splines* Agedgeinfo_t::spl</definition>
        <argsstring></argsstring>
        <name>spl</name>
        <briefdescription>
        </briefdescription>
        <detaileddescription>
        </detaileddescription>
        <inbodydescription>
        </inbodydescription>
        <location file="C:/Users/Mat/Projects/doxygraph/doxyviz/bindviz/graphviz-2.30.1/embuild/lib/common/types.h" line="645" bodyfile="C:/Users/Mat/Projects/doxygraph/doxyviz/bindviz/graphviz-2.30.1/embuild/lib/common/types.h" bodystart="645" bodyend="-1"/>
      </memberdef>
      <memberdef kind="variable" id="structAgedgeinfo__t_1a9e55cab44f7617dd3505f371666f675b" prot="public" static="no" mutable="no">
        <type><ref refid="structport" kindref="compound">port</ref></type>
        <definition>port Agedgeinfo_t::tail_port</definition>
        <argsstring></argsstring>
        <name>tail_port</name>
        <briefdescription>
        </briefdescription>
        <detaileddescription>
        </detaileddescription>
        <inbodydescription>
        </inbodydescription>
        <location file="C:/Users/Mat/Projects/doxygraph/doxyviz/bindviz/graphviz-2.30.1/embuild/lib/common/types.h" line="646" bodyfile="C:/Users/Mat/Projects/doxygraph/doxyviz/bindviz/graphviz-2.30.1/embuild/lib/common/types.h" bodystart="646" bodyend="-1"/>
      </memberdef>
      <memberdef kind="variable" id="structAgedgeinfo__t_1a2c2f1c6f7ca21c4e98f0ea79027808db" prot="public" static="no" mutable="no">
        <type><ref refid="structport" kindref="compound">port</ref></type>
        <definition>port Agedgeinfo_t::head_port</definition>
        <argsstring></argsstring>
        <name>head_port</name>
        <briefdescription>
        </briefdescription>
        <detaileddescription>
        </detaileddescription>
        <inbodydescription>
        </inbodydescription>
        <location file="C:/Users/Mat/Projects/doxygraph/doxyviz/bindviz/graphviz-2.30.1/embuild/lib/common/types.h" line="646" bodyfile="C:/Users/Mat/Projects/doxygraph/doxyviz/bindviz/graphviz-2.30.1/embuild/lib/common/types.h" bodystart="646" bodyend="-1"/>
      </memberdef>
      <memberdef kind="variable" id="structAgedgeinfo__t_1a006512c72204d3bf4bacb5e4f83bacbc" prot="public" static="no" mutable="no">
        <type><ref refid="structtextlabel__t" kindref="compound">textlabel_t</ref> *</type>
        <definition>textlabel_t* Agedgeinfo_t::label</definition>
        <argsstring></argsstring>
        <name>label</name>
        <briefdescription>
        </briefdescription>
        <detaileddescription>
        </detaileddescription>
        <inbodydescription>
        </inbodydescription>
        <location file="C:/Users/Mat/Projects/doxygraph/doxyviz/bindviz/graphviz-2.30.1/embuild/lib/common/types.h" line="647" bodyfile="C:/Users/Mat/Projects/doxygraph/doxyviz/bindviz/graphviz-2.30.1/embuild/lib/common/types.h" bodystart="647" bodyend="-1"/>
      </memberdef>
      <memberdef kind="variable" id="structAgedgeinfo__t_1a5d4e26c9d810fa7c26266f0c898a0afa" prot="public" static="no" mutable="no">
        <type><ref refid="structtextlabel__t" kindref="compound">textlabel_t</ref> *</type>
        <definition>textlabel_t * Agedgeinfo_t::head_label</definition>
        <argsstring></argsstring>
        <name>head_label</name>
        <briefdescription>
        </briefdescription>
        <detaileddescription>
        </detaileddescription>
        <inbodydescription>
        </inbodydescription>
        <location file="C:/Users/Mat/Projects/doxygraph/doxyviz/bindviz/graphviz-2.30.1/embuild/lib/common/types.h" line="647" bodyfile="C:/Users/Mat/Projects/doxygraph/doxyviz/bindviz/graphviz-2.30.1/embuild/lib/common/types.h" bodystart="647" bodyend="-1"/>
      </memberdef>
      <memberdef kind="variable" id="structAgedgeinfo__t_1a40d35a62243b94a58ff29e044f482be7" prot="public" static="no" mutable="no">
        <type><ref refid="structtextlabel__t" kindref="compound">textlabel_t</ref> *</type>
        <definition>textlabel_t * Agedgeinfo_t::tail_label</definition>
        <argsstring></argsstring>
        <name>tail_label</name>
        <briefdescription>
        </briefdescription>
        <detaileddescription>
        </detaileddescription>
        <inbodydescription>
        </inbodydescription>
        <location file="C:/Users/Mat/Projects/doxygraph/doxyviz/bindviz/graphviz-2.30.1/embuild/lib/common/types.h" line="647" bodyfile="C:/Users/Mat/Projects/doxygraph/doxyviz/bindviz/graphviz-2.30.1/embuild/lib/common/types.h" bodystart="647" bodyend="-1"/>
      </memberdef>
      <memberdef kind="variable" id="structAgedgeinfo__t_1a029f3a3b9d3aa8ee3515868448b85833" prot="public" static="no" mutable="no">
        <type><ref refid="structtextlabel__t" kindref="compound">textlabel_t</ref> *</type>
        <definition>textlabel_t * Agedgeinfo_t::xlabel</definition>
        <argsstring></argsstring>
        <name>xlabel</name>
        <briefdescription>
        </briefdescription>
        <detaileddescription>
        </detaileddescription>
        <inbodydescription>
        </inbodydescription>
        <location file="C:/Users/Mat/Projects/doxygraph/doxyviz/bindviz/graphviz-2.30.1/embuild/lib/common/types.h" line="647" bodyfile="C:/Users/Mat/Projects/doxygraph/doxyviz/bindviz/graphviz-2.30.1/embuild/lib/common/types.h" bodystart="647" bodyend="-1"/>
      </memberdef>
      <memberdef kind="variable" id="structAgedgeinfo__t_1accb1f3b1f7c66d2e7b38ff01b47a5938" prot="public" static="no" mutable="no">
        <type>char</type>
        <definition>char Agedgeinfo_t::edge_type</definition>
        <argsstring></argsstring>
        <name>edge_type</name>
        <briefdescription>
        </briefdescription>
        <detaileddescription>
        </detaileddescription>
        <inbodydescription>
        </inbodydescription>
        <location file="C:/Users/Mat/Projects/doxygraph/doxyviz/bindviz/graphviz-2.30.1/embuild/lib/common/types.h" line="648" bodyfile="C:/Users/Mat/Projects/doxygraph/doxyviz/bindviz/graphviz-2.30.1/embuild/lib/common/types.h" bodystart="648" bodyend="-1"/>
      </memberdef>
      <memberdef kind="variable" id="structAgedgeinfo__t_1a67a00331ede3d8f6ca16dff38ae6bcf7" prot="public" static="no" mutable="no">
        <type>char</type>
        <definition>char Agedgeinfo_t::adjacent</definition>
        <argsstring></argsstring>
        <name>adjacent</name>
        <briefdescription>
        </briefdescription>
        <detaileddescription>
        </detaileddescription>
        <inbodydescription>
        </inbodydescription>
        <location file="C:/Users/Mat/Projects/doxygraph/doxyviz/bindviz/graphviz-2.30.1/embuild/lib/common/types.h" line="649" bodyfile="C:/Users/Mat/Projects/doxygraph/doxyviz/bindviz/graphviz-2.30.1/embuild/lib/common/types.h" bodystart="649" bodyend="-1"/>
      </memberdef>
      <memberdef kind="variable" id="structAgedgeinfo__t_1a23464e8feffdb6641e3cdb4e1a4e17de" prot="public" static="no" mutable="no">
        <type>char</type>
        <definition>char Agedgeinfo_t::label_ontop</definition>
        <argsstring></argsstring>
        <name>label_ontop</name>
        <briefdescription>
        </briefdescription>
        <detaileddescription>
        </detaileddescription>
        <inbodydescription>
        </inbodydescription>
        <location file="C:/Users/Mat/Projects/doxygraph/doxyviz/bindviz/graphviz-2.30.1/embuild/lib/common/types.h" line="650" bodyfile="C:/Users/Mat/Projects/doxygraph/doxyviz/bindviz/graphviz-2.30.1/embuild/lib/common/types.h" bodystart="650" bodyend="-1"/>
      </memberdef>
      <memberdef kind="variable" id="structAgedgeinfo__t_1a1d72bafde872596e9c6bcd08fd942b6e" prot="public" static="no" mutable="no">
        <type>unsigned char</type>
        <definition>unsigned char Agedgeinfo_t::gui_state</definition>
        <argsstring></argsstring>
        <name>gui_state</name>
        <briefdescription>
        </briefdescription>
        <detaileddescription>
        </detaileddescription>
        <inbodydescription>
        </inbodydescription>
        <location file="C:/Users/Mat/Projects/doxygraph/doxyviz/bindviz/graphviz-2.30.1/embuild/lib/common/types.h" line="651" bodyfile="C:/Users/Mat/Projects/doxygraph/doxyviz/bindviz/graphviz-2.30.1/embuild/lib/common/types.h" bodystart="651" bodyend="-1"/>
      </memberdef>
      <memberdef kind="variable" id="structAgedgeinfo__t_1a516f9477fe6062751f44146b44cbf823" prot="public" static="no" mutable="no">
        <type><ref refid="types_8h_1ab6289995bb0656f4da2ae67d80fea6d2" kindref="member">edge_t</ref> *</type>
        <definition>edge_t* Agedgeinfo_t::to_orig</definition>
        <argsstring></argsstring>
        <name>to_orig</name>
        <briefdescription>
        </briefdescription>
        <detaileddescription>
        </detaileddescription>
        <inbodydescription>
        </inbodydescription>
        <location file="C:/Users/Mat/Projects/doxygraph/doxyviz/bindviz/graphviz-2.30.1/embuild/lib/common/types.h" line="652" bodyfile="C:/Users/Mat/Projects/doxygraph/doxyviz/bindviz/graphviz-2.30.1/embuild/lib/common/types.h" bodystart="652" bodyend="-1"/>
      </memberdef>
      <memberdef kind="variable" id="structAgedgeinfo__t_1a072c398230a08371099aa4a7da4254d2" prot="public" static="no" mutable="no">
        <type>void *</type>
        <definition>void* Agedgeinfo_t::alg</definition>
        <argsstring></argsstring>
        <name>alg</name>
        <briefdescription>
        </briefdescription>
        <detaileddescription>
        </detaileddescription>
        <inbodydescription>
        </inbodydescription>
        <location file="C:/Users/Mat/Projects/doxygraph/doxyviz/bindviz/graphviz-2.30.1/embuild/lib/common/types.h" line="653" bodyfile="C:/Users/Mat/Projects/doxygraph/doxyviz/bindviz/graphviz-2.30.1/embuild/lib/common/types.h" bodystart="653" bodyend="-1"/>
      </memberdef>
      <memberdef kind="variable" id="structAgedgeinfo__t_1aa1972215e0fcd736154e2240b0647673" prot="public" static="no" mutable="no">
        <type>double</type>
        <definition>double Agedgeinfo_t::factor</definition>
        <argsstring></argsstring>
        <name>factor</name>
        <briefdescription>
        </briefdescription>
        <detaileddescription>
        </detaileddescription>
        <inbodydescription>
        </inbodydescription>
        <location file="C:/Users/Mat/Projects/doxygraph/doxyviz/bindviz/graphviz-2.30.1/embuild/lib/common/types.h" line="656" bodyfile="C:/Users/Mat/Projects/doxygraph/doxyviz/bindviz/graphviz-2.30.1/embuild/lib/common/types.h" bodystart="656" bodyend="-1"/>
      </memberdef>
      <memberdef kind="variable" id="structAgedgeinfo__t_1a28249be035e3c40c8889c42d7ca04828" prot="public" static="no" mutable="no">
        <type>double</type>
        <definition>double Agedgeinfo_t::dist</definition>
        <argsstring></argsstring>
        <name>dist</name>
        <briefdescription>
        </briefdescription>
        <detaileddescription>
        </detaileddescription>
        <inbodydescription>
        </inbodydescription>
        <location file="C:/Users/Mat/Projects/doxygraph/doxyviz/bindviz/graphviz-2.30.1/embuild/lib/common/types.h" line="657" bodyfile="C:/Users/Mat/Projects/doxygraph/doxyviz/bindviz/graphviz-2.30.1/embuild/lib/common/types.h" bodystart="657" bodyend="-1"/>
      </memberdef>
      <memberdef kind="variable" id="structAgedgeinfo__t_1ab8e6802cdcf5c9b5382843def5ab9bcd" prot="public" static="no" mutable="no">
        <type>Ppolyline_t</type>
        <definition>Ppolyline_t Agedgeinfo_t::path</definition>
        <argsstring></argsstring>
        <name>path</name>
        <briefdescription>
        </briefdescription>
        <detaileddescription>
        </detaileddescription>
        <inbodydescription>
        </inbodydescription>
        <location file="C:/Users/Mat/Projects/doxygraph/doxyviz/bindviz/graphviz-2.30.1/embuild/lib/common/types.h" line="658" bodyfile="C:/Users/Mat/Projects/doxygraph/doxyviz/bindviz/graphviz-2.30.1/embuild/lib/common/types.h" bodystart="658" bodyend="-1"/>
      </memberdef>
      <memberdef kind="variable" id="structAgedgeinfo__t_1aa1842d22eb2dc9607911d41f27838c4e" prot="public" static="no" mutable="no">
        <type>unsigned char</type>
        <definition>unsigned char Agedgeinfo_t::showboxes</definition>
        <argsstring></argsstring>
        <name>showboxes</name>
        <briefdescription>
        </briefdescription>
        <detaileddescription>
        </detaileddescription>
        <inbodydescription>
        </inbodydescription>
        <location file="C:/Users/Mat/Projects/doxygraph/doxyviz/bindviz/graphviz-2.30.1/embuild/lib/common/types.h" line="661" bodyfile="C:/Users/Mat/Projects/doxygraph/doxyviz/bindviz/graphviz-2.30.1/embuild/lib/common/types.h" bodystart="661" bodyend="-1"/>
      </memberdef>
      <memberdef kind="variable" id="structAgedgeinfo__t_1a7dca1024236157fbdc02df11d2d39356" prot="public" static="no" mutable="no">
        <type><ref refid="types_8h_1a7670a4e8a07d9ebb00411948b0bbf86d" kindref="member">boolean</ref></type>
        <definition>boolean Agedgeinfo_t::conc_opp_flag</definition>
        <argsstring></argsstring>
        <name>conc_opp_flag</name>
        <briefdescription>
        </briefdescription>
        <detaileddescription>
        </detaileddescription>
        <inbodydescription>
        </inbodydescription>
        <location file="C:/Users/Mat/Projects/doxygraph/doxyviz/bindviz/graphviz-2.30.1/embuild/lib/common/types.h" line="662" bodyfile="C:/Users/Mat/Projects/doxygraph/doxyviz/bindviz/graphviz-2.30.1/embuild/lib/common/types.h" bodystart="662" bodyend="-1"/>
      </memberdef>
      <memberdef kind="variable" id="structAgedgeinfo__t_1a2803bd203676845b5b2b964a39ba14f8" prot="public" static="no" mutable="no">
        <type>short</type>
        <definition>short Agedgeinfo_t::xpenalty</definition>
        <argsstring></argsstring>
        <name>xpenalty</name>
        <briefdescription>
        </briefdescription>
        <detaileddescription>
        </detaileddescription>
        <inbodydescription>
        </inbodydescription>
        <location file="C:/Users/Mat/Projects/doxygraph/doxyviz/bindviz/graphviz-2.30.1/embuild/lib/common/types.h" line="663" bodyfile="C:/Users/Mat/Projects/doxygraph/doxyviz/bindviz/graphviz-2.30.1/embuild/lib/common/types.h" bodystart="663" bodyend="-1"/>
      </memberdef>
      <memberdef kind="variable" id="structAgedgeinfo__t_1a5b0822b2903ba9906b53a393df06bef3" prot="public" static="no" mutable="no">
        <type>int</type>
        <definition>int Agedgeinfo_t::weight</definition>
        <argsstring></argsstring>
        <name>weight</name>
        <briefdescription>
        </briefdescription>
        <detaileddescription>
        </detaileddescription>
        <inbodydescription>
        </inbodydescription>
        <location file="C:/Users/Mat/Projects/doxygraph/doxyviz/bindviz/graphviz-2.30.1/embuild/lib/common/types.h" line="664" bodyfile="C:/Users/Mat/Projects/doxygraph/doxyviz/bindviz/graphviz-2.30.1/embuild/lib/common/types.h" bodystart="664" bodyend="-1"/>
      </memberdef>
      <memberdef kind="variable" id="structAgedgeinfo__t_1a45f406e53acffe6c3e43d5b9155cc31c" prot="public" static="no" mutable="no">
        <type>int</type>
        <definition>int Agedgeinfo_t::cutvalue</definition>
        <argsstring></argsstring>
        <name>cutvalue</name>
        <briefdescription>
        </briefdescription>
        <detaileddescription>
        </detaileddescription>
        <inbodydescription>
        </inbodydescription>
        <location file="C:/Users/Mat/Projects/doxygraph/doxyviz/bindviz/graphviz-2.30.1/embuild/lib/common/types.h" line="665" bodyfile="C:/Users/Mat/Projects/doxygraph/doxyviz/bindviz/graphviz-2.30.1/embuild/lib/common/types.h" bodystart="665" bodyend="-1"/>
      </memberdef>
      <memberdef kind="variable" id="structAgedgeinfo__t_1a875293d35123fcf85d5cb1781a3f9047" prot="public" static="no" mutable="no">
        <type>int</type>
        <definition>int Agedgeinfo_t::tree_index</definition>
        <argsstring></argsstring>
        <name>tree_index</name>
        <briefdescription>
        </briefdescription>
        <detaileddescription>
        </detaileddescription>
        <inbodydescription>
        </inbodydescription>
        <location file="C:/Users/Mat/Projects/doxygraph/doxyviz/bindviz/graphviz-2.30.1/embuild/lib/common/types.h" line="665" bodyfile="C:/Users/Mat/Projects/doxygraph/doxyviz/bindviz/graphviz-2.30.1/embuild/lib/common/types.h" bodystart="665" bodyend="-1"/>
      </memberdef>
      <memberdef kind="variable" id="structAgedgeinfo__t_1afd22ad0272b9c86e73a15b0394ab7dcc" prot="public" static="no" mutable="no">
        <type>short</type>
        <definition>short Agedgeinfo_t::count</definition>
        <argsstring></argsstring>
        <name>count</name>
        <briefdescription>
        </briefdescription>
        <detaileddescription>
        </detaileddescription>
        <inbodydescription>
        </inbodydescription>
        <location file="C:/Users/Mat/Projects/doxygraph/doxyviz/bindviz/graphviz-2.30.1/embuild/lib/common/types.h" line="666" bodyfile="C:/Users/Mat/Projects/doxygraph/doxyviz/bindviz/graphviz-2.30.1/embuild/lib/common/types.h" bodystart="666" bodyend="-1"/>
      </memberdef>
      <memberdef kind="variable" id="structAgedgeinfo__t_1a703e8af5bd92c988ce07a53669ee79ff" prot="public" static="no" mutable="no">
        <type>unsigned short</type>
        <definition>unsigned short Agedgeinfo_t::minlen</definition>
        <argsstring></argsstring>
        <name>minlen</name>
        <briefdescription>
        </briefdescription>
        <detaileddescription>
        </detaileddescription>
        <inbodydescription>
        </inbodydescription>
        <location file="C:/Users/Mat/Projects/doxygraph/doxyviz/bindviz/graphviz-2.30.1/embuild/lib/common/types.h" line="667" bodyfile="C:/Users/Mat/Projects/doxygraph/doxyviz/bindviz/graphviz-2.30.1/embuild/lib/common/types.h" bodystart="667" bodyend="-1"/>
      </memberdef>
      <memberdef kind="variable" id="structAgedgeinfo__t_1a52c5b0f7fe3f10e69dc8731be8aad531" prot="public" static="no" mutable="no">
        <type><ref refid="types_8h_1ab6289995bb0656f4da2ae67d80fea6d2" kindref="member">edge_t</ref> *</type>
        <definition>edge_t* Agedgeinfo_t::to_virt</definition>
        <argsstring></argsstring>
        <name>to_virt</name>
        <briefdescription>
        </briefdescription>
        <detaileddescription>
        </detaileddescription>
        <inbodydescription>
        </inbodydescription>
        <location file="C:/Users/Mat/Projects/doxygraph/doxyviz/bindviz/graphviz-2.30.1/embuild/lib/common/types.h" line="668" bodyfile="C:/Users/Mat/Projects/doxygraph/doxyviz/bindviz/graphviz-2.30.1/embuild/lib/common/types.h" bodystart="668" bodyend="-1"/>
      </memberdef>
      </sectiondef>
    <briefdescription>
    </briefdescription>
    <detaileddescription>
    </detaileddescription>
    <collaborationgraph>
      <node id="80">
        <label>splines</label>
        <link refid="structsplines"/>
        <childnode refid="81" relation="usage">
          <edgelabel>list</edgelabel>
        </childnode>
      </node>
      <node id="79">
        <label>textlabel_t</label>
        <link refid="structtextlabel__t"/>
      </node>
      <node id="77">
        <label>Agedgeinfo_t</label>
        <link refid="structAgedgeinfo__t"/>
        <childnode refid="78" relation="usage">
          <edgelabel>tail_port</edgelabel>
          <edgelabel>head_port</edgelabel>
        </childnode>
        <childnode refid="79" relation="usage">
          <edgelabel>head_label</edgelabel>
          <edgelabel>tail_label</edgelabel>
          <edgelabel>xlabel</edgelabel>
          <edgelabel>label</edgelabel>
        </childnode>
        <childnode refid="80" relation="usage">
          <edgelabel>spl</edgelabel>
        </childnode>
      </node>
      <node id="81">
        <label>bezier</label>
        <link refid="structbezier"/>
      </node>
      <node id="78">
        <label>port</label>
        <link refid="structport"/>
      </node>
    </collaborationgraph>
    <location file="C:/Users/Mat/Projects/doxygraph/doxyviz/bindviz/graphviz-2.30.1/embuild/lib/common/types.h" line="641" bodyfile="C:/Users/Mat/Projects/doxygraph/doxyviz/bindviz/graphviz-2.30.1/embuild/lib/common/types.h" bodystart="641" bodyend="670"/>
    <listofallmembers>
      <member refid="structAgedgeinfo__t_1a67a00331ede3d8f6ca16dff38ae6bcf7" prot="public" virt="non-virtual"><scope>Agedgeinfo_t</scope><name>adjacent</name></member>
      <member refid="structAgedgeinfo__t_1a072c398230a08371099aa4a7da4254d2" prot="public" virt="non-virtual"><scope>Agedgeinfo_t</scope><name>alg</name></member>
      <member refid="structAgedgeinfo__t_1a7dca1024236157fbdc02df11d2d39356" prot="public" virt="non-virtual"><scope>Agedgeinfo_t</scope><name>conc_opp_flag</name></member>
      <member refid="structAgedgeinfo__t_1afd22ad0272b9c86e73a15b0394ab7dcc" prot="public" virt="non-virtual"><scope>Agedgeinfo_t</scope><name>count</name></member>
      <member refid="structAgedgeinfo__t_1a45f406e53acffe6c3e43d5b9155cc31c" prot="public" virt="non-virtual"><scope>Agedgeinfo_t</scope><name>cutvalue</name></member>
      <member refid="structAgedgeinfo__t_1a28249be035e3c40c8889c42d7ca04828" prot="public" virt="non-virtual"><scope>Agedgeinfo_t</scope><name>dist</name></member>
      <member refid="structAgedgeinfo__t_1accb1f3b1f7c66d2e7b38ff01b47a5938" prot="public" virt="non-virtual"><scope>Agedgeinfo_t</scope><name>edge_type</name></member>
      <member refid="structAgedgeinfo__t_1aa1972215e0fcd736154e2240b0647673" prot="public" virt="non-virtual"><scope>Agedgeinfo_t</scope><name>factor</name></member>
      <member refid="structAgedgeinfo__t_1a1d72bafde872596e9c6bcd08fd942b6e" prot="public" virt="non-virtual"><scope>Agedgeinfo_t</scope><name>gui_state</name></member>
      <member refid="structAgedgeinfo__t_1af0fae60abf7c6adf053e59982c94fc2d" prot="public" virt="non-virtual"><scope>Agedgeinfo_t</scope><name>hdr</name></member>
      <member refid="structAgedgeinfo__t_1a5d4e26c9d810fa7c26266f0c898a0afa" prot="public" virt="non-virtual"><scope>Agedgeinfo_t</scope><name>head_label</name></member>
      <member refid="structAgedgeinfo__t_1a2c2f1c6f7ca21c4e98f0ea79027808db" prot="public" virt="non-virtual"><scope>Agedgeinfo_t</scope><name>head_port</name></member>
      <member refid="structAgedgeinfo__t_1a006512c72204d3bf4bacb5e4f83bacbc" prot="public" virt="non-virtual"><scope>Agedgeinfo_t</scope><name>label</name></member>
      <member refid="structAgedgeinfo__t_1a23464e8feffdb6641e3cdb4e1a4e17de" prot="public" virt="non-virtual"><scope>Agedgeinfo_t</scope><name>label_ontop</name></member>
      <member refid="structAgedgeinfo__t_1a703e8af5bd92c988ce07a53669ee79ff" prot="public" virt="non-virtual"><scope>Agedgeinfo_t</scope><name>minlen</name></member>
      <member refid="structAgedgeinfo__t_1ab8e6802cdcf5c9b5382843def5ab9bcd" prot="public" virt="non-virtual"><scope>Agedgeinfo_t</scope><name>path</name></member>
      <member refid="structAgedgeinfo__t_1aa1842d22eb2dc9607911d41f27838c4e" prot="public" virt="non-virtual"><scope>Agedgeinfo_t</scope><name>showboxes</name></member>
      <member refid="structAgedgeinfo__t_1af0d404e68e40a0efcbb4a9ec24fb6a30" prot="public" virt="non-virtual"><scope>Agedgeinfo_t</scope><name>spl</name></member>
      <member refid="structAgedgeinfo__t_1a40d35a62243b94a58ff29e044f482be7" prot="public" virt="non-virtual"><scope>Agedgeinfo_t</scope><name>tail_label</name></member>
      <member refid="structAgedgeinfo__t_1a9e55cab44f7617dd3505f371666f675b" prot="public" virt="non-virtual"><scope>Agedgeinfo_t</scope><name>tail_port</name></member>
      <member refid="structAgedgeinfo__t_1a516f9477fe6062751f44146b44cbf823" prot="public" virt="non-virtual"><scope>Agedgeinfo_t</scope><name>to_orig</name></member>
      <member refid="structAgedgeinfo__t_1a52c5b0f7fe3f10e69dc8731be8aad531" prot="public" virt="non-virtual"><scope>Agedgeinfo_t</scope><name>to_virt</name></member>
      <member refid="structAgedgeinfo__t_1a875293d35123fcf85d5cb1781a3f9047" prot="public" virt="non-virtual"><scope>Agedgeinfo_t</scope><name>tree_index</name></member>
      <member refid="structAgedgeinfo__t_1a5b0822b2903ba9906b53a393df06bef3" prot="public" virt="non-virtual"><scope>Agedgeinfo_t</scope><name>weight</name></member>
      <member refid="structAgedgeinfo__t_1a029f3a3b9d3aa8ee3515868448b85833" prot="public" virt="non-virtual"><scope>Agedgeinfo_t</scope><name>xlabel</name></member>
      <member refid="structAgedgeinfo__t_1a2803bd203676845b5b2b964a39ba14f8" prot="public" virt="non-virtual"><scope>Agedgeinfo_t</scope><name>xpenalty</name></member>
    </listofallmembers>
  </compounddef>
</doxygen>
