<?xml version='1.0' encoding='UTF-8' standalone='no'?>
<doxygen xmlns:xsi="http://www.w3.org/2001/XMLSchema-instance" xsi:noNamespaceSchemaLocation="compound.xsd" version="1.8.2">
  <compounddef id="structadjmatrix__t" kind="struct" prot="public">
    <compoundname>adjmatrix_t</compoundname>
    <includes refid="types_8h" local="no">types.h</includes>
      <sectiondef kind="public-attrib">
      <memberdef kind="variable" id="structadjmatrix__t_1ad7c210a0d484627a69107f3a66f8871b" prot="public" static="no" mutable="no">
        <type>int</type>
        <definition>int adjmatrix_t::nrows</definition>
        <argsstring></argsstring>
        <name>nrows</name>
        <briefdescription>
        </briefdescription>
        <detaileddescription>
        </detaileddescription>
        <inbodydescription>
        </inbodydescription>
        <location file="C:/Users/Mat/Projects/doxygraph/doxyviz/bindviz/graphviz-2.30.1/embuild/lib/common/types.h" line="206" bodyfile="C:/Users/Mat/Projects/doxygraph/doxyviz/bindviz/graphviz-2.30.1/embuild/lib/common/types.h" bodystart="206" bodyend="-1"/>
      </memberdef>
      <memberdef kind="variable" id="structadjmatrix__t_1a6346fd72c52ff7d21bac2832ac4e837b" prot="public" static="no" mutable="no">
        <type>int</type>
        <definition>int adjmatrix_t::ncols</definition>
        <argsstring></argsstring>
        <name>ncols</name>
        <briefdescription>
        </briefdescription>
        <detaileddescription>
        </detaileddescription>
        <inbodydescription>
        </inbodydescription>
        <location file="C:/Users/Mat/Projects/doxygraph/doxyviz/bindviz/graphviz-2.30.1/embuild/lib/common/types.h" line="206" bodyfile="C:/Users/Mat/Projects/doxygraph/doxyviz/bindviz/graphviz-2.30.1/embuild/lib/common/types.h" bodystart="206" bodyend="-1"/>
      </memberdef>
      <memberdef kind="variable" id="structadjmatrix__t_1a9f0dd9249cb0e2bf16464edb15a57faa" prot="public" static="no" mutable="no">
        <type>char *</type>
        <definition>char* adjmatrix_t::data</definition>
        <argsstring></argsstring>
        <name>data</name>
        <briefdescription>
        </briefdescription>
        <detaileddescription>
        </detaileddescription>
        <inbodydescription>
        </inbodydescription>
        <location file="C:/Users/Mat/Projects/doxygraph/doxyviz/bindviz/graphviz-2.30.1/embuild/lib/common/types.h" line="207" bodyfile="C:/Users/Mat/Projects/doxygraph/doxyviz/bindviz/graphviz-2.30.1/embuild/lib/common/types.h" bodystart="207" bodyend="-1"/>
      </memberdef>
      </sectiondef>
    <briefdescription>
    </briefdescription>
    <detaileddescription>
    </detaileddescription>
    <location file="C:/Users/Mat/Projects/doxygraph/doxyviz/bindviz/graphviz-2.30.1/embuild/lib/common/types.h" line="205" bodyfile="C:/Users/Mat/Projects/doxygraph/doxyviz/bindviz/graphviz-2.30.1/embuild/lib/common/types.h" bodystart="205" bodyend="208"/>
    <listofallmembers>
      <member refid="structadjmatrix__t_1a9f0dd9249cb0e2bf16464edb15a57faa" prot="public" virt="non-virtual"><scope>adjmatrix_t</scope><name>data</name></member>
      <member refid="structadjmatrix__t_1a6346fd72c52ff7d21bac2832ac4e837b" prot="public" virt="non-virtual"><scope>adjmatrix_t</scope><name>ncols</name></member>
      <member refid="structadjmatrix__t_1ad7c210a0d484627a69107f3a66f8871b" prot="public" virt="non-virtual"><scope>adjmatrix_t</scope><name>nrows</name></member>
    </listofallmembers>
  </compounddef>
</doxygen>
