<?xml version='1.0' encoding='UTF-8' standalone='no'?>
<doxygen xmlns:xsi="http://www.w3.org/2001/XMLSchema-instance" xsi:noNamespaceSchemaLocation="compound.xsd" version="1.8.2">
  <compounddef id="structsplineInfo" kind="struct" prot="public">
    <compoundname>splineInfo</compoundname>
    <includes refid="types_8h" local="no">types.h</includes>
      <sectiondef kind="public-attrib">
      <memberdef kind="variable" id="structsplineInfo_1ab95d385ccfc3c9b89b9c09d765592350" prot="public" static="no" mutable="no">
        <type><ref refid="types_8h_1a7670a4e8a07d9ebb00411948b0bbf86d" kindref="member">boolean</ref>(*</type>
        <definition>boolean(* splineInfo::swapEnds)(edge_t *e)</definition>
        <argsstring>)(edge_t *e)</argsstring>
        <name>swapEnds</name>
        <briefdescription>
        </briefdescription>
        <detaileddescription>
        </detaileddescription>
        <inbodydescription>
        </inbodydescription>
        <location file="C:/Users/Mat/Projects/doxygraph/doxyviz/bindviz/graphviz-2.30.1/embuild/lib/common/types.h" line="95" bodyfile="C:/Users/Mat/Projects/doxygraph/doxyviz/bindviz/graphviz-2.30.1/embuild/lib/common/types.h" bodystart="95" bodyend="-1"/>
      </memberdef>
      <memberdef kind="variable" id="structsplineInfo_1a3a31cb7c036d0febf5a31da9f0c154d0" prot="public" static="no" mutable="no">
        <type><ref refid="types_8h_1a7670a4e8a07d9ebb00411948b0bbf86d" kindref="member">boolean</ref>(*</type>
        <definition>boolean(* splineInfo::splineMerge)(node_t *n)</definition>
        <argsstring>)(node_t *n)</argsstring>
        <name>splineMerge</name>
        <briefdescription>
        </briefdescription>
        <detaileddescription>
        </detaileddescription>
        <inbodydescription>
        </inbodydescription>
        <location file="C:/Users/Mat/Projects/doxygraph/doxyviz/bindviz/graphviz-2.30.1/embuild/lib/common/types.h" line="96" bodyfile="C:/Users/Mat/Projects/doxygraph/doxyviz/bindviz/graphviz-2.30.1/embuild/lib/common/types.h" bodystart="96" bodyend="-1"/>
      </memberdef>
      <memberdef kind="variable" id="structsplineInfo_1af4829172b595849889a8245d0effd98e" prot="public" static="no" mutable="no">
        <type><ref refid="types_8h_1a7670a4e8a07d9ebb00411948b0bbf86d" kindref="member">boolean</ref></type>
        <definition>boolean splineInfo::ignoreSwap</definition>
        <argsstring></argsstring>
        <name>ignoreSwap</name>
        <briefdescription>
        </briefdescription>
        <detaileddescription>
        </detaileddescription>
        <inbodydescription>
        </inbodydescription>
        <location file="C:/Users/Mat/Projects/doxygraph/doxyviz/bindviz/graphviz-2.30.1/embuild/lib/common/types.h" line="97" bodyfile="C:/Users/Mat/Projects/doxygraph/doxyviz/bindviz/graphviz-2.30.1/embuild/lib/common/types.h" bodystart="97" bodyend="-1"/>
      </memberdef>
      <memberdef kind="variable" id="structsplineInfo_1a22976cfd9e85689f83319723003475bd" prot="public" static="no" mutable="no">
        <type><ref refid="types_8h_1a7670a4e8a07d9ebb00411948b0bbf86d" kindref="member">boolean</ref></type>
        <definition>boolean splineInfo::isOrtho</definition>
        <argsstring></argsstring>
        <name>isOrtho</name>
        <briefdescription>
        </briefdescription>
        <detaileddescription>
        </detaileddescription>
        <inbodydescription>
        </inbodydescription>
        <location file="C:/Users/Mat/Projects/doxygraph/doxyviz/bindviz/graphviz-2.30.1/embuild/lib/common/types.h" line="98" bodyfile="C:/Users/Mat/Projects/doxygraph/doxyviz/bindviz/graphviz-2.30.1/embuild/lib/common/types.h" bodystart="98" bodyend="-1"/>
      </memberdef>
      </sectiondef>
    <briefdescription>
    </briefdescription>
    <detaileddescription>
    </detaileddescription>
    <location file="C:/Users/Mat/Projects/doxygraph/doxyviz/bindviz/graphviz-2.30.1/embuild/lib/common/types.h" line="94" bodyfile="C:/Users/Mat/Projects/doxygraph/doxyviz/bindviz/graphviz-2.30.1/embuild/lib/common/types.h" bodystart="94" bodyend="99"/>
    <listofallmembers>
      <member refid="structsplineInfo_1af4829172b595849889a8245d0effd98e" prot="public" virt="non-virtual"><scope>splineInfo</scope><name>ignoreSwap</name></member>
      <member refid="structsplineInfo_1a22976cfd9e85689f83319723003475bd" prot="public" virt="non-virtual"><scope>splineInfo</scope><name>isOrtho</name></member>
      <member refid="structsplineInfo_1a3a31cb7c036d0febf5a31da9f0c154d0" prot="public" virt="non-virtual"><scope>splineInfo</scope><name>splineMerge</name></member>
      <member refid="structsplineInfo_1ab95d385ccfc3c9b89b9c09d765592350" prot="public" virt="non-virtual"><scope>splineInfo</scope><name>swapEnds</name></member>
    </listofallmembers>
  </compounddef>
</doxygen>
