<?xml version='1.0' encoding='UTF-8' standalone='no'?>
<doxygen xmlns:xsi="http://www.w3.org/2001/XMLSchema-instance" xsi:noNamespaceSchemaLocation="compound.xsd" version="1.8.2">
  <compounddef id="d4/dd0/class_formula_dict" kind="class" prot="public">
    <compoundname>FormulaDict</compoundname>
    <basecompoundref prot="public" virt="non-virtual">QDict&lt; Formula &gt;</basecompoundref>
    <includes refid="d3/d9a/formula_8h" local="no">formula.h</includes>
      <sectiondef kind="public-func">
      <memberdef kind="function" id="d4/dd0/class_formula_dict_1a7f3213a2a404f76483a75a4b77158423" prot="public" static="no" const="no" explicit="no" inline="yes" virt="non-virtual">
        <type></type>
        <definition>FormulaDict::FormulaDict</definition>
        <argsstring>(uint size)</argsstring>
        <name>FormulaDict</name>
        <param>
          <type>uint</type>
          <declname>size</declname>
        </param>
        <briefdescription>
        </briefdescription>
        <detaileddescription>
        </detaileddescription>
        <inbodydescription>
        </inbodydescription>
        <location file="C:/Users/Mat/Projects/doxygraph/examples/doxygen-1.8.4/src/formula.h" line="58" bodyfile="C:/Users/Mat/Projects/doxygraph/examples/doxygen-1.8.4/src/formula.h" bodystart="57" bodyend="58"/>
      </memberdef>
      <memberdef kind="function" id="d4/dd0/class_formula_dict_1aac76500973e1efc8241b84a667922aab" prot="public" static="no" const="no" explicit="no" inline="yes" virt="non-virtual">
        <type></type>
        <definition>FormulaDict::~FormulaDict</definition>
        <argsstring>()</argsstring>
        <name>~FormulaDict</name>
        <briefdescription>
        </briefdescription>
        <detaileddescription>
        </detaileddescription>
        <inbodydescription>
        </inbodydescription>
        <location file="C:/Users/Mat/Projects/doxygraph/examples/doxygen-1.8.4/src/formula.h" line="59" bodyfile="C:/Users/Mat/Projects/doxygraph/examples/doxygen-1.8.4/src/formula.h" bodystart="59" bodyend="59"/>
      </memberdef>
      </sectiondef>
    <briefdescription>
<para>Unsorted dictionary of <ref refid="d2/db0/class_formula" kindref="compound">Formula</ref> objects. </para>    </briefdescription>
    <detaileddescription>
    </detaileddescription>
    <inheritancegraph>
      <node id="3460">
        <label>FormulaDict</label>
        <link refid="d4/dd0/class_formula_dict"/>
        <childnode refid="3461" relation="public-inheritance">
        </childnode>
      </node>
      <node id="3461">
        <label>QDict&lt; Formula &gt;</label>
      </node>
    </inheritancegraph>
    <collaborationgraph>
      <node id="3462">
        <label>FormulaDict</label>
        <link refid="d4/dd0/class_formula_dict"/>
        <childnode refid="3463" relation="public-inheritance">
        </childnode>
      </node>
      <node id="3463">
        <label>QDict&lt; Formula &gt;</label>
      </node>
    </collaborationgraph>
    <location file="C:/Users/Mat/Projects/doxygraph/examples/doxygen-1.8.4/src/formula.h" line="55" bodyfile="C:/Users/Mat/Projects/doxygraph/examples/doxygen-1.8.4/src/formula.h" bodystart="54" bodyend="60"/>
    <listofallmembers>
      <member refid="d4/dd0/class_formula_dict_1a7f3213a2a404f76483a75a4b77158423" prot="public" virt="non-virtual"><scope>FormulaDict</scope><name>FormulaDict</name></member>
      <member refid="d4/dd0/class_formula_dict_1aac76500973e1efc8241b84a667922aab" prot="public" virt="non-virtual"><scope>FormulaDict</scope><name>~FormulaDict</name></member>
    </listofallmembers>
  </compounddef>
</doxygen>
