<?xml version='1.0' encoding='UTF-8' standalone='no'?>
<doxygen xmlns:xsi="http://www.w3.org/2001/XMLSchema-instance" xsi:noNamespaceSchemaLocation="compound.xsd" version="1.8.2">
  <compounddef id="d4/d89/struct_latex_doc_visitor_1_1_active_row_span" kind="struct" prot="private">
    <compoundname>LatexDocVisitor::ActiveRowSpan</compoundname>
      <sectiondef kind="public-attrib">
      <memberdef kind="variable" id="d4/d89/struct_latex_doc_visitor_1_1_active_row_span_1a0f3829c8f1e071b6056cc46d4174761f" prot="public" static="no" mutable="no">
        <type><ref refid="d1/d56/class_doc_html_cell" kindref="compound">DocHtmlCell</ref> *</type>
        <definition>DocHtmlCell* LatexDocVisitor::ActiveRowSpan::cell</definition>
        <argsstring></argsstring>
        <name>cell</name>
        <briefdescription>
        </briefdescription>
        <detaileddescription>
        </detaileddescription>
        <inbodydescription>
        </inbodydescription>
        <location file="C:/Users/Mat/Projects/doxygraph/examples/doxygen-1.8.4/src/latexdocvisitor.h" line="144" bodyfile="C:/Users/Mat/Projects/doxygraph/examples/doxygen-1.8.4/src/latexdocvisitor.h" bodystart="144" bodyend="-1"/>
      </memberdef>
      <memberdef kind="variable" id="d4/d89/struct_latex_doc_visitor_1_1_active_row_span_1abf9582dfc2afe12aebe2858e9b78678e" prot="public" static="no" mutable="no">
        <type>int</type>
        <definition>int LatexDocVisitor::ActiveRowSpan::rowSpan</definition>
        <argsstring></argsstring>
        <name>rowSpan</name>
        <briefdescription>
        </briefdescription>
        <detaileddescription>
        </detaileddescription>
        <inbodydescription>
        </inbodydescription>
        <location file="C:/Users/Mat/Projects/doxygraph/examples/doxygen-1.8.4/src/latexdocvisitor.h" line="145" bodyfile="C:/Users/Mat/Projects/doxygraph/examples/doxygen-1.8.4/src/latexdocvisitor.h" bodystart="145" bodyend="-1"/>
      </memberdef>
      <memberdef kind="variable" id="d4/d89/struct_latex_doc_visitor_1_1_active_row_span_1af5ac1d618fdd64338ee9bad63d79ae54" prot="public" static="no" mutable="no">
        <type>int</type>
        <definition>int LatexDocVisitor::ActiveRowSpan::colSpan</definition>
        <argsstring></argsstring>
        <name>colSpan</name>
        <briefdescription>
        </briefdescription>
        <detaileddescription>
        </detaileddescription>
        <inbodydescription>
        </inbodydescription>
        <location file="C:/Users/Mat/Projects/doxygraph/examples/doxygen-1.8.4/src/latexdocvisitor.h" line="146" bodyfile="C:/Users/Mat/Projects/doxygraph/examples/doxygen-1.8.4/src/latexdocvisitor.h" bodystart="146" bodyend="-1"/>
      </memberdef>
      <memberdef kind="variable" id="d4/d89/struct_latex_doc_visitor_1_1_active_row_span_1a98b1b609d32d9b7e8a550e49922d04e8" prot="public" static="no" mutable="no">
        <type>int</type>
        <definition>int LatexDocVisitor::ActiveRowSpan::column</definition>
        <argsstring></argsstring>
        <name>column</name>
        <briefdescription>
        </briefdescription>
        <detaileddescription>
        </detaileddescription>
        <inbodydescription>
        </inbodydescription>
        <location file="C:/Users/Mat/Projects/doxygraph/examples/doxygen-1.8.4/src/latexdocvisitor.h" line="147" bodyfile="C:/Users/Mat/Projects/doxygraph/examples/doxygen-1.8.4/src/latexdocvisitor.h" bodystart="147" bodyend="-1"/>
      </memberdef>
      </sectiondef>
      <sectiondef kind="public-func">
      <memberdef kind="function" id="d4/d89/struct_latex_doc_visitor_1_1_active_row_span_1ad3a947e48b418f3e680daece6d05186e" prot="public" static="no" const="no" explicit="no" inline="yes" virt="non-virtual">
        <type></type>
        <definition>LatexDocVisitor::ActiveRowSpan::ActiveRowSpan</definition>
        <argsstring>(DocHtmlCell *c, int rs, int cs, int col)</argsstring>
        <name>ActiveRowSpan</name>
        <param>
          <type><ref refid="d1/d56/class_doc_html_cell" kindref="compound">DocHtmlCell</ref> *</type>
          <declname>c</declname>
        </param>
        <param>
          <type>int</type>
          <declname>rs</declname>
        </param>
        <param>
          <type>int</type>
          <declname>cs</declname>
        </param>
        <param>
          <type>int</type>
          <declname>col</declname>
        </param>
        <briefdescription>
        </briefdescription>
        <detaileddescription>
        </detaileddescription>
        <inbodydescription>
        </inbodydescription>
        <location file="C:/Users/Mat/Projects/doxygraph/examples/doxygen-1.8.4/src/latexdocvisitor.h" line="143" bodyfile="C:/Users/Mat/Projects/doxygraph/examples/doxygen-1.8.4/src/latexdocvisitor.h" bodystart="142" bodyend="143"/>
      </memberdef>
      </sectiondef>
    <briefdescription>
    </briefdescription>
    <detaileddescription>
    </detaileddescription>
    <collaborationgraph>
      <node id="2478">
        <label>DocHtmlCell</label>
        <link refid="d1/d56/class_doc_html_cell"/>
        <childnode refid="2479" relation="public-inheritance">
        </childnode>
        <childnode refid="2481" relation="public-inheritance">
        </childnode>
      </node>
      <node id="2479">
        <label>CompAccept&lt; DocHtmlCell &gt;</label>
        <link refid="d7/da3/class_comp_accept"/>
        <childnode refid="2480" relation="template-instance">
          <edgelabel>&lt; DocHtmlCell &gt;</edgelabel>
        </childnode>
      </node>
      <node id="2477">
        <label>LatexDocVisitor::ActiveRowSpan</label>
        <childnode refid="2478" relation="usage">
          <edgelabel>cell</edgelabel>
        </childnode>
      </node>
      <node id="2481">
        <label>DocNode</label>
        <link refid="d9/d0e/class_doc_node"/>
        <childnode refid="2481" relation="usage">
          <edgelabel>m_parent</edgelabel>
        </childnode>
      </node>
      <node id="2480">
        <label>CompAccept&lt; T &gt;</label>
        <link refid="d7/da3/class_comp_accept"/>
      </node>
    </collaborationgraph>
    <location file="C:/Users/Mat/Projects/doxygraph/examples/doxygen-1.8.4/src/latexdocvisitor.h" line="141" bodyfile="C:/Users/Mat/Projects/doxygraph/examples/doxygen-1.8.4/src/latexdocvisitor.h" bodystart="140" bodyend="148"/>
    <listofallmembers>
      <member refid="d4/d89/struct_latex_doc_visitor_1_1_active_row_span_1ad3a947e48b418f3e680daece6d05186e" prot="public" virt="non-virtual"><scope>LatexDocVisitor::ActiveRowSpan</scope><name>ActiveRowSpan</name></member>
      <member refid="d4/d89/struct_latex_doc_visitor_1_1_active_row_span_1a0f3829c8f1e071b6056cc46d4174761f" prot="public" virt="non-virtual"><scope>LatexDocVisitor::ActiveRowSpan</scope><name>cell</name></member>
      <member refid="d4/d89/struct_latex_doc_visitor_1_1_active_row_span_1af5ac1d618fdd64338ee9bad63d79ae54" prot="public" virt="non-virtual"><scope>LatexDocVisitor::ActiveRowSpan</scope><name>colSpan</name></member>
      <member refid="d4/d89/struct_latex_doc_visitor_1_1_active_row_span_1a98b1b609d32d9b7e8a550e49922d04e8" prot="public" virt="non-virtual"><scope>LatexDocVisitor::ActiveRowSpan</scope><name>column</name></member>
      <member refid="d4/d89/struct_latex_doc_visitor_1_1_active_row_span_1abf9582dfc2afe12aebe2858e9b78678e" prot="public" virt="non-virtual"><scope>LatexDocVisitor::ActiveRowSpan</scope><name>rowSpan</name></member>
    </listofallmembers>
  </compounddef>
</doxygen>
