<?xml version='1.0' encoding='UTF-8' standalone='no'?>
<doxygen xmlns:xsi="http://www.w3.org/2001/XMLSchema-instance" xsi:noNamespaceSchemaLocation="compound.xsd" version="1.8.2">
  <compounddef id="dd/d20/struct_obj_cache_1_1_cache_node" kind="struct" prot="private">
    <compoundname>ObjCache::CacheNode</compoundname>
      <sectiondef kind="public-attrib">
      <memberdef kind="variable" id="dd/d20/struct_obj_cache_1_1_cache_node_1a9d3efbcae55dac0b7d5b904b9618e23c" prot="public" static="no" mutable="no">
        <type>int</type>
        <definition>int ObjCache::CacheNode::next</definition>
        <argsstring></argsstring>
        <name>next</name>
        <briefdescription>
        </briefdescription>
        <detaileddescription>
        </detaileddescription>
        <inbodydescription>
        </inbodydescription>
        <location file="C:/Users/Mat/Projects/doxygraph/examples/doxygen-1.8.4/src/objcache.h" line="39" bodyfile="C:/Users/Mat/Projects/doxygraph/examples/doxygen-1.8.4/src/objcache.h" bodystart="39" bodyend="-1"/>
      </memberdef>
      <memberdef kind="variable" id="dd/d20/struct_obj_cache_1_1_cache_node_1a1911f61e46a6242f890f28d6c0d0ee31" prot="public" static="no" mutable="no">
        <type>int</type>
        <definition>int ObjCache::CacheNode::prev</definition>
        <argsstring></argsstring>
        <name>prev</name>
        <briefdescription>
        </briefdescription>
        <detaileddescription>
        </detaileddescription>
        <inbodydescription>
        </inbodydescription>
        <location file="C:/Users/Mat/Projects/doxygraph/examples/doxygen-1.8.4/src/objcache.h" line="40" bodyfile="C:/Users/Mat/Projects/doxygraph/examples/doxygen-1.8.4/src/objcache.h" bodystart="40" bodyend="-1"/>
      </memberdef>
      <memberdef kind="variable" id="dd/d20/struct_obj_cache_1_1_cache_node_1ab6372576ad22a3e93a3215ea8c692264" prot="public" static="no" mutable="no">
        <type>void *</type>
        <definition>void* ObjCache::CacheNode::obj</definition>
        <argsstring></argsstring>
        <name>obj</name>
        <briefdescription>
        </briefdescription>
        <detaileddescription>
        </detaileddescription>
        <inbodydescription>
        </inbodydescription>
        <location file="C:/Users/Mat/Projects/doxygraph/examples/doxygen-1.8.4/src/objcache.h" line="41" bodyfile="C:/Users/Mat/Projects/doxygraph/examples/doxygen-1.8.4/src/objcache.h" bodystart="41" bodyend="-1"/>
      </memberdef>
      </sectiondef>
      <sectiondef kind="public-func">
      <memberdef kind="function" id="dd/d20/struct_obj_cache_1_1_cache_node_1a4ada2c01b426b189e68692cd91187f4b" prot="public" static="no" const="no" explicit="no" inline="yes" virt="non-virtual">
        <type></type>
        <definition>ObjCache::CacheNode::CacheNode</definition>
        <argsstring>()</argsstring>
        <name>CacheNode</name>
        <briefdescription>
        </briefdescription>
        <detaileddescription>
        </detaileddescription>
        <inbodydescription>
        </inbodydescription>
        <location file="C:/Users/Mat/Projects/doxygraph/examples/doxygen-1.8.4/src/objcache.h" line="38" bodyfile="C:/Users/Mat/Projects/doxygraph/examples/doxygen-1.8.4/src/objcache.h" bodystart="38" bodyend="38"/>
      </memberdef>
      </sectiondef>
    <briefdescription>
    </briefdescription>
    <detaileddescription>
    </detaileddescription>
    <location file="C:/Users/Mat/Projects/doxygraph/examples/doxygen-1.8.4/src/objcache.h" line="37" bodyfile="C:/Users/Mat/Projects/doxygraph/examples/doxygen-1.8.4/src/objcache.h" bodystart="36" bodyend="42"/>
    <listofallmembers>
      <member refid="dd/d20/struct_obj_cache_1_1_cache_node_1a4ada2c01b426b189e68692cd91187f4b" prot="public" virt="non-virtual"><scope>ObjCache::CacheNode</scope><name>CacheNode</name></member>
      <member refid="dd/d20/struct_obj_cache_1_1_cache_node_1a9d3efbcae55dac0b7d5b904b9618e23c" prot="public" virt="non-virtual"><scope>ObjCache::CacheNode</scope><name>next</name></member>
      <member refid="dd/d20/struct_obj_cache_1_1_cache_node_1ab6372576ad22a3e93a3215ea8c692264" prot="public" virt="non-virtual"><scope>ObjCache::CacheNode</scope><name>obj</name></member>
      <member refid="dd/d20/struct_obj_cache_1_1_cache_node_1a1911f61e46a6242f890f28d6c0d0ee31" prot="public" virt="non-virtual"><scope>ObjCache::CacheNode</scope><name>prev</name></member>
    </listofallmembers>
  </compounddef>
</doxygen>
