<?xml version='1.0' encoding='UTF-8' standalone='no'?>
<doxygen xmlns:xsi="http://www.w3.org/2001/XMLSchema-instance" xsi:noNamespaceSchemaLocation="compound.xsd" version="1.8.2">
  <compounddef id="dd/d34/class_config" kind="class" prot="public">
    <compoundname>Config</compoundname>
    <includes refid="db/d16/config_8h" local="no">config.h</includes>
      <sectiondef kind="user-defined">
      <header>Getting configuration values.</header>
      <memberdef kind="function" id="dd/d34/class_config_1aad7066168aed9379e116c747261100fe" prot="public" static="no" const="yes" explicit="no" inline="no" virt="non-virtual">
        <type>QCString &amp;</type>
        <definition>QCString&amp; Config::getString</definition>
        <argsstring>(const char *fileName, int num, const char *name) const </argsstring>
        <name>getString</name>
        <param>
          <type>const char *</type>
          <declname>fileName</declname>
        </param>
        <param>
          <type>int</type>
          <declname>num</declname>
        </param>
        <param>
          <type>const char *</type>
          <declname>name</declname>
        </param>
        <briefdescription>
        </briefdescription>
        <detaileddescription>
<para>Returns the value of the string option with name <emphasis>fileName</emphasis>. The arguments <emphasis>num</emphasis> and <emphasis>name</emphasis> are for debugging purposes only. There is a convenience function Config_getString() for this. </para>        </detaileddescription>
        <inbodydescription>
        </inbodydescription>
        <location file="C:/Users/Mat/Projects/doxygraph/examples/doxygen-1.8.4/src/config.h" line="434"/>
      </memberdef>
      <memberdef kind="function" id="dd/d34/class_config_1a273068a63ba9425950af4e4bbf04042f" prot="public" static="no" const="yes" explicit="no" inline="no" virt="non-virtual">
        <type>QStrList &amp;</type>
        <definition>QStrList&amp; Config::getList</definition>
        <argsstring>(const char *fileName, int num, const char *name) const </argsstring>
        <name>getList</name>
        <param>
          <type>const char *</type>
          <declname>fileName</declname>
        </param>
        <param>
          <type>int</type>
          <declname>num</declname>
        </param>
        <param>
          <type>const char *</type>
          <declname>name</declname>
        </param>
        <briefdescription>
        </briefdescription>
        <detaileddescription>
<para>Returns the value of the list option with name <emphasis>fileName</emphasis>. The arguments <emphasis>num</emphasis> and <emphasis>name</emphasis> are for debugging purposes only. There is a convenience function Config_getList() for this. </para>        </detaileddescription>
        <inbodydescription>
        </inbodydescription>
        <location file="C:/Users/Mat/Projects/doxygraph/examples/doxygen-1.8.4/src/config.h" line="440"/>
      </memberdef>
      <memberdef kind="function" id="dd/d34/class_config_1a2e06af598f2a74d1ccf264422483c49c" prot="public" static="no" const="yes" explicit="no" inline="no" virt="non-virtual">
        <type>QCString &amp;</type>
        <definition>QCString&amp; Config::getEnum</definition>
        <argsstring>(const char *fileName, int num, const char *name) const </argsstring>
        <name>getEnum</name>
        <param>
          <type>const char *</type>
          <declname>fileName</declname>
        </param>
        <param>
          <type>int</type>
          <declname>num</declname>
        </param>
        <param>
          <type>const char *</type>
          <declname>name</declname>
        </param>
        <briefdescription>
        </briefdescription>
        <detaileddescription>
<para>Returns the value of the enum option with name <emphasis>fileName</emphasis>. The arguments <emphasis>num</emphasis> and <emphasis>name</emphasis> are for debugging purposes only. There is a convenience function Config_getEnum() for this. </para>        </detaileddescription>
        <inbodydescription>
        </inbodydescription>
        <location file="C:/Users/Mat/Projects/doxygraph/examples/doxygen-1.8.4/src/config.h" line="446"/>
      </memberdef>
      <memberdef kind="function" id="dd/d34/class_config_1a21de6fa1d37d90ef800b0a162a1456c9" prot="public" static="no" const="yes" explicit="no" inline="no" virt="non-virtual">
        <type>int &amp;</type>
        <definition>int&amp; Config::getInt</definition>
        <argsstring>(const char *fileName, int num, const char *name) const </argsstring>
        <name>getInt</name>
        <param>
          <type>const char *</type>
          <declname>fileName</declname>
        </param>
        <param>
          <type>int</type>
          <declname>num</declname>
        </param>
        <param>
          <type>const char *</type>
          <declname>name</declname>
        </param>
        <briefdescription>
        </briefdescription>
        <detaileddescription>
<para>Returns the value of the integer option with name <emphasis>fileName</emphasis>. The arguments <emphasis>num</emphasis> and <emphasis>name</emphasis> are for debugging purposes only. There is a convenience function Config_getInt() for this. </para>        </detaileddescription>
        <inbodydescription>
        </inbodydescription>
        <location file="C:/Users/Mat/Projects/doxygraph/examples/doxygen-1.8.4/src/config.h" line="452"/>
      </memberdef>
      <memberdef kind="function" id="dd/d34/class_config_1aca23fd4e84a33522cdbf09befc20355f" prot="public" static="no" const="yes" explicit="no" inline="no" virt="non-virtual">
        <type>bool &amp;</type>
        <definition>bool&amp; Config::getBool</definition>
        <argsstring>(const char *fileName, int num, const char *name) const </argsstring>
        <name>getBool</name>
        <param>
          <type>const char *</type>
          <declname>fileName</declname>
        </param>
        <param>
          <type>int</type>
          <declname>num</declname>
        </param>
        <param>
          <type>const char *</type>
          <declname>name</declname>
        </param>
        <briefdescription>
        </briefdescription>
        <detaileddescription>
<para>Returns the value of the boolean option with name <emphasis>fileName</emphasis>. The arguments <emphasis>num</emphasis> and <emphasis>name</emphasis> are for debugging purposes only. There is a convenience function Config_getBool() for this. </para>        </detaileddescription>
        <inbodydescription>
        </inbodydescription>
        <location file="C:/Users/Mat/Projects/doxygraph/examples/doxygen-1.8.4/src/config.h" line="458"/>
      </memberdef>
      <memberdef kind="function" id="dd/d34/class_config_1ad26b37b110cae51fa88b99bfdccc6a89" prot="public" static="no" const="yes" explicit="no" inline="yes" virt="non-virtual">
        <type><ref refid="d2/dd3/class_config_option" kindref="compound">ConfigOption</ref> *</type>
        <definition>ConfigOption* Config::get</definition>
        <argsstring>(const char *name) const </argsstring>
        <name>get</name>
        <param>
          <type>const char *</type>
          <declname>name</declname>
        </param>
        <briefdescription>
        </briefdescription>
        <detaileddescription>
<para>Returns the <ref refid="d2/dd3/class_config_option" kindref="compound">ConfigOption</ref> corresponding with <emphasis>name</emphasis> or 0 if the option is not supported. </para>        </detaileddescription>
        <inbodydescription>
        </inbodydescription>
        <location file="C:/Users/Mat/Projects/doxygraph/examples/doxygen-1.8.4/src/config.h" line="464" bodyfile="C:/Users/Mat/Projects/doxygraph/examples/doxygen-1.8.4/src/config.h" bodystart="463" bodyend="466"/>
      </memberdef>
      </sectiondef>
      <sectiondef kind="user-defined">
      <header>Adding configuration options.</header>
      <memberdef kind="function" id="dd/d34/class_config_1ae00b233eba398ae52a97715150100cce" prot="public" static="no" const="no" explicit="no" inline="yes" virt="non-virtual">
        <type><ref refid="dd/d89/class_config_info" kindref="compound">ConfigInfo</ref> *</type>
        <definition>ConfigInfo* Config::addInfo</definition>
        <argsstring>(const char *name, const char *doc)</argsstring>
        <name>addInfo</name>
        <param>
          <type>const char *</type>
          <declname>name</declname>
        </param>
        <param>
          <type>const char *</type>
          <declname>doc</declname>
        </param>
        <briefdescription>
        </briefdescription>
        <detaileddescription>
<para>Starts a new configuration section with <emphasis>name</emphasis> and description <emphasis>doc</emphasis>. <simplesect kind="return"><para>An object representing the option. </para></simplesect>
</para>        </detaileddescription>
        <inbodydescription>
        </inbodydescription>
        <location file="C:/Users/Mat/Projects/doxygraph/examples/doxygen-1.8.4/src/config.h" line="478" bodyfile="C:/Users/Mat/Projects/doxygraph/examples/doxygen-1.8.4/src/config.h" bodystart="477" bodyend="482"/>
      </memberdef>
      <memberdef kind="function" id="dd/d34/class_config_1a1651fce3b93ce21da4559c6bd3aa470b" prot="public" static="no" const="no" explicit="no" inline="yes" virt="non-virtual">
        <type><ref refid="d1/dff/class_config_string" kindref="compound">ConfigString</ref> *</type>
        <definition>ConfigString* Config::addString</definition>
        <argsstring>(const char *name, const char *doc)</argsstring>
        <name>addString</name>
        <param>
          <type>const char *</type>
          <declname>name</declname>
        </param>
        <param>
          <type>const char *</type>
          <declname>doc</declname>
        </param>
        <briefdescription>
        </briefdescription>
        <detaileddescription>
<para>Adds a new string option with <emphasis>name</emphasis> and documentation <emphasis>doc</emphasis>. <simplesect kind="return"><para>An object representing the option. </para></simplesect>
</para>        </detaileddescription>
        <inbodydescription>
        </inbodydescription>
        <location file="C:/Users/Mat/Projects/doxygraph/examples/doxygen-1.8.4/src/config.h" line="489" bodyfile="C:/Users/Mat/Projects/doxygraph/examples/doxygen-1.8.4/src/config.h" bodystart="487" bodyend="494"/>
      </memberdef>
      <memberdef kind="function" id="dd/d34/class_config_1ab9fc76c9c08c212d1a4f05a9e532703b" prot="public" static="no" const="no" explicit="no" inline="yes" virt="non-virtual">
        <type><ref refid="df/d59/class_config_enum" kindref="compound">ConfigEnum</ref> *</type>
        <definition>ConfigEnum* Config::addEnum</definition>
        <argsstring>(const char *name, const char *doc, const char *defVal)</argsstring>
        <name>addEnum</name>
        <param>
          <type>const char *</type>
          <declname>name</declname>
        </param>
        <param>
          <type>const char *</type>
          <declname>doc</declname>
        </param>
        <param>
          <type>const char *</type>
          <declname>defVal</declname>
        </param>
        <briefdescription>
        </briefdescription>
        <detaileddescription>
<para>Adds a new enumeration option with <emphasis>name</emphasis> and documentation <emphasis>doc</emphasis> and initial value <emphasis>defVal</emphasis>. <simplesect kind="return"><para>An object representing the option. </para></simplesect>
</para>        </detaileddescription>
        <inbodydescription>
        </inbodydescription>
        <location file="C:/Users/Mat/Projects/doxygraph/examples/doxygen-1.8.4/src/config.h" line="503" bodyfile="C:/Users/Mat/Projects/doxygraph/examples/doxygen-1.8.4/src/config.h" bodystart="500" bodyend="508"/>
      </memberdef>
      <memberdef kind="function" id="dd/d34/class_config_1a8d07cf5f9e8f427eda3949380c7c3207" prot="public" static="no" const="no" explicit="no" inline="yes" virt="non-virtual">
        <type><ref refid="dd/df8/class_config_list" kindref="compound">ConfigList</ref> *</type>
        <definition>ConfigList* Config::addList</definition>
        <argsstring>(const char *name, const char *doc)</argsstring>
        <name>addList</name>
        <param>
          <type>const char *</type>
          <declname>name</declname>
        </param>
        <param>
          <type>const char *</type>
          <declname>doc</declname>
        </param>
        <briefdescription>
        </briefdescription>
        <detaileddescription>
<para>Adds a new string option with <emphasis>name</emphasis> and documentation <emphasis>doc</emphasis>. <simplesect kind="return"><para>An object representing the option. </para></simplesect>
</para>        </detaileddescription>
        <inbodydescription>
        </inbodydescription>
        <location file="C:/Users/Mat/Projects/doxygraph/examples/doxygen-1.8.4/src/config.h" line="515" bodyfile="C:/Users/Mat/Projects/doxygraph/examples/doxygen-1.8.4/src/config.h" bodystart="513" bodyend="520"/>
      </memberdef>
      <memberdef kind="function" id="dd/d34/class_config_1a1d264d5e39c9937449137267e8780cad" prot="public" static="no" const="no" explicit="no" inline="yes" virt="non-virtual">
        <type><ref refid="d4/d52/class_config_int" kindref="compound">ConfigInt</ref> *</type>
        <definition>ConfigInt* Config::addInt</definition>
        <argsstring>(const char *name, const char *doc, int minVal, int maxVal, int defVal)</argsstring>
        <name>addInt</name>
        <param>
          <type>const char *</type>
          <declname>name</declname>
        </param>
        <param>
          <type>const char *</type>
          <declname>doc</declname>
        </param>
        <param>
          <type>int</type>
          <declname>minVal</declname>
        </param>
        <param>
          <type>int</type>
          <declname>maxVal</declname>
        </param>
        <param>
          <type>int</type>
          <declname>defVal</declname>
        </param>
        <briefdescription>
        </briefdescription>
        <detaileddescription>
<para>Adds a new integer option with <emphasis>name</emphasis> and documentation <emphasis>doc</emphasis>. The integer has a range between <emphasis>minVal</emphasis> and <emphasis>maxVal</emphasis> and a default value of <emphasis>defVal</emphasis>. <simplesect kind="return"><para>An object representing the option. </para></simplesect>
</para>        </detaileddescription>
        <inbodydescription>
        </inbodydescription>
        <location file="C:/Users/Mat/Projects/doxygraph/examples/doxygen-1.8.4/src/config.h" line="530" bodyfile="C:/Users/Mat/Projects/doxygraph/examples/doxygen-1.8.4/src/config.h" bodystart="527" bodyend="535"/>
      </memberdef>
      <memberdef kind="function" id="dd/d34/class_config_1aa9fe790cffa0da8616a64a8e4c7d5836" prot="public" static="no" const="no" explicit="no" inline="yes" virt="non-virtual">
        <type><ref refid="d4/ded/class_config_bool" kindref="compound">ConfigBool</ref> *</type>
        <definition>ConfigBool* Config::addBool</definition>
        <argsstring>(const char *name, const char *doc, bool defVal)</argsstring>
        <name>addBool</name>
        <param>
          <type>const char *</type>
          <declname>name</declname>
        </param>
        <param>
          <type>const char *</type>
          <declname>doc</declname>
        </param>
        <param>
          <type>bool</type>
          <declname>defVal</declname>
        </param>
        <briefdescription>
        </briefdescription>
        <detaileddescription>
<para>Adds a new boolean option with <emphasis>name</emphasis> and documentation <emphasis>doc</emphasis>. The boolean has a default value of <emphasis>defVal</emphasis>. <simplesect kind="return"><para>An object representing the option. </para></simplesect>
</para>        </detaileddescription>
        <inbodydescription>
        </inbodydescription>
        <location file="C:/Users/Mat/Projects/doxygraph/examples/doxygen-1.8.4/src/config.h" line="544" bodyfile="C:/Users/Mat/Projects/doxygraph/examples/doxygen-1.8.4/src/config.h" bodystart="541" bodyend="549"/>
      </memberdef>
      <memberdef kind="function" id="dd/d34/class_config_1a7ff40d5f1a20ac34ecc2d497dd6cd3da" prot="public" static="no" const="no" explicit="no" inline="yes" virt="non-virtual">
        <type><ref refid="d2/dd3/class_config_option" kindref="compound">ConfigOption</ref> *</type>
        <definition>ConfigOption* Config::addObsolete</definition>
        <argsstring>(const char *name)</argsstring>
        <name>addObsolete</name>
        <param>
          <type>const char *</type>
          <declname>name</declname>
        </param>
        <briefdescription>
        </briefdescription>
        <detaileddescription>
<para>Adds an option that has become obsolete. </para>        </detaileddescription>
        <inbodydescription>
        </inbodydescription>
        <location file="C:/Users/Mat/Projects/doxygraph/examples/doxygen-1.8.4/src/config.h" line="552" bodyfile="C:/Users/Mat/Projects/doxygraph/examples/doxygen-1.8.4/src/config.h" bodystart="551" bodyend="557"/>
      </memberdef>
      <memberdef kind="function" id="dd/d34/class_config_1accfc0c75837e284e8e5c7d2770afcf4f" prot="public" static="no" const="no" explicit="no" inline="yes" virt="non-virtual">
        <type><ref refid="d2/dd3/class_config_option" kindref="compound">ConfigOption</ref> *</type>
        <definition>ConfigOption* Config::addDisabled</definition>
        <argsstring>(const char *name)</argsstring>
        <name>addDisabled</name>
        <param>
          <type>const char *</type>
          <declname>name</declname>
        </param>
        <briefdescription>
        </briefdescription>
        <detaileddescription>
<para>Adds an option that has been disabled at compile time. </para>        </detaileddescription>
        <inbodydescription>
        </inbodydescription>
        <location file="C:/Users/Mat/Projects/doxygraph/examples/doxygen-1.8.4/src/config.h" line="560" bodyfile="C:/Users/Mat/Projects/doxygraph/examples/doxygen-1.8.4/src/config.h" bodystart="559" bodyend="565"/>
      </memberdef>
      </sectiondef>
      <sectiondef kind="private-attrib">
      <memberdef kind="variable" id="dd/d34/class_config_1ada92996b6c21a283e0ba6b9588116153" prot="private" static="no" mutable="no">
        <type><ref refid="db/daa/class_q_list" kindref="compound">QList</ref>&lt; <ref refid="d2/dd3/class_config_option" kindref="compound">ConfigOption</ref> &gt; *</type>
        <definition>QList&lt;ConfigOption&gt;* Config::m_options</definition>
        <argsstring></argsstring>
        <name>m_options</name>
        <briefdescription>
        </briefdescription>
        <detaileddescription>
        </detaileddescription>
        <inbodydescription>
        </inbodydescription>
        <location file="C:/Users/Mat/Projects/doxygraph/examples/doxygen-1.8.4/src/config.h" line="654" bodyfile="C:/Users/Mat/Projects/doxygraph/examples/doxygen-1.8.4/src/config.h" bodystart="654" bodyend="-1"/>
      </memberdef>
      <memberdef kind="variable" id="dd/d34/class_config_1a3d4e48313234d4fb582f6ae3b23209e1" prot="private" static="no" mutable="no">
        <type><ref refid="db/daa/class_q_list" kindref="compound">QList</ref>&lt; <ref refid="d2/dd3/class_config_option" kindref="compound">ConfigOption</ref> &gt; *</type>
        <definition>QList&lt;ConfigOption&gt;* Config::m_obsolete</definition>
        <argsstring></argsstring>
        <name>m_obsolete</name>
        <briefdescription>
        </briefdescription>
        <detaileddescription>
        </detaileddescription>
        <inbodydescription>
        </inbodydescription>
        <location file="C:/Users/Mat/Projects/doxygraph/examples/doxygen-1.8.4/src/config.h" line="655" bodyfile="C:/Users/Mat/Projects/doxygraph/examples/doxygen-1.8.4/src/config.h" bodystart="655" bodyend="-1"/>
      </memberdef>
      <memberdef kind="variable" id="dd/d34/class_config_1aeb344d20cfa6af902577306a9434ffdc" prot="private" static="no" mutable="no">
        <type><ref refid="db/daa/class_q_list" kindref="compound">QList</ref>&lt; <ref refid="d2/dd3/class_config_option" kindref="compound">ConfigOption</ref> &gt; *</type>
        <definition>QList&lt;ConfigOption&gt;* Config::m_disabled</definition>
        <argsstring></argsstring>
        <name>m_disabled</name>
        <briefdescription>
        </briefdescription>
        <detaileddescription>
        </detaileddescription>
        <inbodydescription>
        </inbodydescription>
        <location file="C:/Users/Mat/Projects/doxygraph/examples/doxygen-1.8.4/src/config.h" line="656" bodyfile="C:/Users/Mat/Projects/doxygraph/examples/doxygen-1.8.4/src/config.h" bodystart="656" bodyend="-1"/>
      </memberdef>
      <memberdef kind="variable" id="dd/d34/class_config_1ae1ba2cfe27f2c6a458d6187e73f523f7" prot="private" static="no" mutable="no">
        <type>QDict&lt; <ref refid="d2/dd3/class_config_option" kindref="compound">ConfigOption</ref> &gt; *</type>
        <definition>QDict&lt;ConfigOption&gt;* Config::m_dict</definition>
        <argsstring></argsstring>
        <name>m_dict</name>
        <briefdescription>
        </briefdescription>
        <detaileddescription>
        </detaileddescription>
        <inbodydescription>
        </inbodydescription>
        <location file="C:/Users/Mat/Projects/doxygraph/examples/doxygen-1.8.4/src/config.h" line="657" bodyfile="C:/Users/Mat/Projects/doxygraph/examples/doxygen-1.8.4/src/config.h" bodystart="657" bodyend="-1"/>
      </memberdef>
      <memberdef kind="variable" id="dd/d34/class_config_1a27163d6329a9723201d6e828838aedb4" prot="private" static="no" mutable="no">
        <type>QCString</type>
        <definition>QCString Config::m_userComment</definition>
        <argsstring></argsstring>
        <name>m_userComment</name>
        <briefdescription>
        </briefdescription>
        <detaileddescription>
        </detaileddescription>
        <inbodydescription>
        </inbodydescription>
        <location file="C:/Users/Mat/Projects/doxygraph/examples/doxygen-1.8.4/src/config.h" line="659" bodyfile="C:/Users/Mat/Projects/doxygraph/examples/doxygen-1.8.4/src/config.h" bodystart="659" bodyend="-1"/>
      </memberdef>
      <memberdef kind="variable" id="dd/d34/class_config_1aa04f6b8867c83eeb677437c37fcafe21" prot="private" static="no" mutable="no">
        <type>bool</type>
        <definition>bool Config::m_initialized</definition>
        <argsstring></argsstring>
        <name>m_initialized</name>
        <briefdescription>
        </briefdescription>
        <detaileddescription>
        </detaileddescription>
        <inbodydescription>
        </inbodydescription>
        <location file="C:/Users/Mat/Projects/doxygraph/examples/doxygen-1.8.4/src/config.h" line="660" bodyfile="C:/Users/Mat/Projects/doxygraph/examples/doxygen-1.8.4/src/config.h" bodystart="660" bodyend="-1"/>
      </memberdef>
      </sectiondef>
      <sectiondef kind="private-static-attrib">
      <memberdef kind="variable" id="dd/d34/class_config_1a5f89e152dbc1c6d27491ac3a109a049a" prot="private" static="yes" mutable="no">
        <type><ref refid="dd/d34/class_config" kindref="compound">Config</ref> *</type>
        <definition>Config* Config::m_instance</definition>
        <argsstring></argsstring>
        <name>m_instance</name>
        <briefdescription>
        </briefdescription>
        <detaileddescription>
        </detaileddescription>
        <inbodydescription>
        </inbodydescription>
        <location file="C:/Users/Mat/Projects/doxygraph/examples/doxygen-1.8.4/src/config.h" line="658" bodyfile="C:/Users/Mat/Projects/doxygraph/examples/doxygen-1.8.4/src/config.h" bodystart="658" bodyend="-1"/>
      </memberdef>
      </sectiondef>
      <sectiondef kind="public-static-func">
      <memberdef kind="function" id="dd/d34/class_config_1ad62b66142ca8c837019cd04de34c8caa" prot="public" static="yes" const="no" explicit="no" inline="yes" virt="non-virtual">
        <type><ref refid="dd/d34/class_config" kindref="compound">Config</ref> *</type>
        <definition>static Config* Config::instance</definition>
        <argsstring>()</argsstring>
        <name>instance</name>
        <briefdescription>
        </briefdescription>
        <detaileddescription>
<para>Returns the one and only instance of this class </para>        </detaileddescription>
        <inbodydescription>
        </inbodydescription>
        <location file="C:/Users/Mat/Projects/doxygraph/examples/doxygen-1.8.4/src/config.h" line="406" bodyfile="C:/Users/Mat/Projects/doxygraph/examples/doxygen-1.8.4/src/config.h" bodystart="405" bodyend="409"/>
      </memberdef>
      <memberdef kind="function" id="dd/d34/class_config_1a9ac848ef56b0923434a50bf658ed147a" prot="public" static="yes" const="no" explicit="no" inline="yes" virt="non-virtual">
        <type>void</type>
        <definition>static void Config::deleteInstance</definition>
        <argsstring>()</argsstring>
        <name>deleteInstance</name>
        <briefdescription>
        </briefdescription>
        <detaileddescription>
<para>Delete the instance </para>        </detaileddescription>
        <inbodydescription>
        </inbodydescription>
        <location file="C:/Users/Mat/Projects/doxygraph/examples/doxygen-1.8.4/src/config.h" line="412" bodyfile="C:/Users/Mat/Projects/doxygraph/examples/doxygen-1.8.4/src/config.h" bodystart="411" bodyend="415"/>
      </memberdef>
      </sectiondef>
      <sectiondef kind="public-func">
      <memberdef kind="function" id="dd/d34/class_config_1a59615f7624930345909a761a2b965368" prot="public" static="no" const="no" explicit="no" inline="yes" virt="non-virtual">
        <type>QListIterator&lt; <ref refid="d2/dd3/class_config_option" kindref="compound">ConfigOption</ref> &gt;</type>
        <definition>QListIterator&lt;ConfigOption&gt; Config::iterator</definition>
        <argsstring>()</argsstring>
        <name>iterator</name>
        <briefdescription>
        </briefdescription>
        <detaileddescription>
<para>Returns an iterator that can by used to iterate over the configuration options. </para>        </detaileddescription>
        <inbodydescription>
        </inbodydescription>
        <location file="C:/Users/Mat/Projects/doxygraph/examples/doxygen-1.8.4/src/config.h" line="421" bodyfile="C:/Users/Mat/Projects/doxygraph/examples/doxygen-1.8.4/src/config.h" bodystart="420" bodyend="423"/>
      </memberdef>
      <memberdef kind="function" id="dd/d34/class_config_1ae9e299c7239061edc8c369f51d3948e6" prot="public" static="no" const="no" explicit="no" inline="no" virt="non-virtual">
        <type>void</type>
        <definition>void Config::writeTemplate</definition>
        <argsstring>(FTextStream &amp;t, bool shortIndex, bool updateOnly)</argsstring>
        <name>writeTemplate</name>
        <param>
          <type><ref refid="dc/d3c/class_f_text_stream" kindref="compound">FTextStream</ref> &amp;</type>
          <declname>t</declname>
        </param>
        <param>
          <type>bool</type>
          <declname>shortIndex</declname>
        </param>
        <param>
          <type>bool</type>
          <declname>updateOnly</declname>
        </param>
        <briefdescription>
        </briefdescription>
        <detaileddescription>
<para>Writes a template configuration to stream <emphasis>t</emphasis>. If <emphasis>shortIndex</emphasis> is <computeroutput>TRUE</computeroutput> the description of each configuration option will be omitted. </para>        </detaileddescription>
        <inbodydescription>
        </inbodydescription>
        <location file="C:/Users/Mat/Projects/doxygraph/examples/doxygen-1.8.4/src/config.h" line="572"/>
      </memberdef>
      <memberdef kind="function" id="dd/d34/class_config_1aebf15fc68e1b907ab56d68094735134e" prot="public" static="no" const="no" explicit="no" inline="no" virt="non-virtual">
        <type>void</type>
        <definition>void Config::writeXML</definition>
        <argsstring>(FTextStream &amp;t)</argsstring>
        <name>writeXML</name>
        <param>
          <type><ref refid="dc/d3c/class_f_text_stream" kindref="compound">FTextStream</ref> &amp;</type>
          <declname>t</declname>
        </param>
        <briefdescription>
<para>Write XML representation of the config file. </para>        </briefdescription>
        <detaileddescription>
        </detaileddescription>
        <inbodydescription>
        </inbodydescription>
        <location file="C:/Users/Mat/Projects/doxygraph/examples/doxygen-1.8.4/src/config.h" line="575"/>
      </memberdef>
      <memberdef kind="function" id="dd/d34/class_config_1a0be224084aa38a9d479ed0260baf27a6" prot="public" static="no" const="no" explicit="no" inline="no" virt="non-virtual">
        <type>void</type>
        <definition>void Config::convertStrToVal</definition>
        <argsstring>()</argsstring>
        <name>convertStrToVal</name>
        <briefdescription>
        </briefdescription>
        <detaileddescription>
<para>Converts the string values read from the configuration file to real values for non-string type options (like int, and bools) </para>        </detaileddescription>
        <inbodydescription>
        </inbodydescription>
        <location file="C:/Users/Mat/Projects/doxygraph/examples/doxygen-1.8.4/src/config.h" line="584"/>
      </memberdef>
      <memberdef kind="function" id="dd/d34/class_config_1a6b714f42522fe1359a3ae30fef026d9b" prot="public" static="no" const="no" explicit="no" inline="no" virt="non-virtual">
        <type>void</type>
        <definition>void Config::substituteEnvironmentVars</definition>
        <argsstring>()</argsstring>
        <name>substituteEnvironmentVars</name>
        <briefdescription>
        </briefdescription>
        <detaileddescription>
<para>Replaces references to environment variable by the actual value of the environment variable. </para>        </detaileddescription>
        <inbodydescription>
        </inbodydescription>
        <location file="C:/Users/Mat/Projects/doxygraph/examples/doxygen-1.8.4/src/config.h" line="589"/>
      </memberdef>
      <memberdef kind="function" id="dd/d34/class_config_1a2d04091f571813bab7171cf713917aff" prot="public" static="no" const="no" explicit="no" inline="no" virt="non-virtual">
        <type>void</type>
        <definition>void Config::check</definition>
        <argsstring>()</argsstring>
        <name>check</name>
        <briefdescription>
        </briefdescription>
        <detaileddescription>
<para>Checks if the values of the variable are correct, adjusts them if needed, and report any errors. </para>        </detaileddescription>
        <inbodydescription>
        </inbodydescription>
        <location file="C:/Users/Mat/Projects/doxygraph/examples/doxygen-1.8.4/src/config.h" line="594"/>
      </memberdef>
      <memberdef kind="function" id="dd/d34/class_config_1a91bcb187ed95ec673137e413a4d77203" prot="public" static="no" const="no" explicit="no" inline="no" virt="non-virtual">
        <type>void</type>
        <definition>void Config::init</definition>
        <argsstring>()</argsstring>
        <name>init</name>
        <briefdescription>
        </briefdescription>
        <detaileddescription>
<para>Initialize config variables to their default value </para>        </detaileddescription>
        <inbodydescription>
        </inbodydescription>
        <location file="C:/Users/Mat/Projects/doxygraph/examples/doxygen-1.8.4/src/config.h" line="597"/>
      </memberdef>
      <memberdef kind="function" id="dd/d34/class_config_1a4588d1c40c8a95da00b047ddf13a3f3c" prot="public" static="no" const="no" explicit="no" inline="no" virt="non-virtual">
        <type>bool</type>
        <definition>bool Config::parseString</definition>
        <argsstring>(const char *fn, const char *str)</argsstring>
        <name>parseString</name>
        <param>
          <type>const char *</type>
          <declname>fn</declname>
        </param>
        <param>
          <type>const char *</type>
          <declname>str</declname>
        </param>
        <briefdescription>
        </briefdescription>
        <detaileddescription>
<para>Parse a configuration data in string <emphasis>str</emphasis>. <simplesect kind="return"><para>TRUE if successful, or FALSE if the string could not be parsed. </para></simplesect>
</para>        </detaileddescription>
        <inbodydescription>
        </inbodydescription>
        <location file="C:/Users/Mat/Projects/doxygraph/examples/doxygen-1.8.4/src/config.h" line="603"/>
      </memberdef>
      <memberdef kind="function" id="dd/d34/class_config_1ad24d9fb4336f610c7c98cc4ddb9730e7" prot="public" static="no" const="no" explicit="no" inline="no" virt="non-virtual">
        <type>bool</type>
        <definition>bool Config::parse</definition>
        <argsstring>(const char *fn)</argsstring>
        <name>parse</name>
        <param>
          <type>const char *</type>
          <declname>fn</declname>
        </param>
        <briefdescription>
        </briefdescription>
        <detaileddescription>
<para>Parse a configuration file with name <emphasis>fn</emphasis>. <simplesect kind="return"><para>TRUE if successful, FALSE if the file could not be opened or read. </para></simplesect>
</para>        </detaileddescription>
        <inbodydescription>
        </inbodydescription>
        <location file="C:/Users/Mat/Projects/doxygraph/examples/doxygen-1.8.4/src/config.h" line="609"/>
      </memberdef>
      <memberdef kind="function" id="dd/d34/class_config_1a648a61e504c9f71dd1e568c85e5c41c1" prot="public" static="no" const="no" explicit="no" inline="no" virt="non-virtual">
        <type>void</type>
        <definition>void Config::create</definition>
        <argsstring>()</argsstring>
        <name>create</name>
        <briefdescription>
        </briefdescription>
        <detaileddescription>
<para>Called from the constructor, will add doxygen&apos;s default options to the configuration object </para>        </detaileddescription>
        <inbodydescription>
        </inbodydescription>
        <location file="C:/Users/Mat/Projects/doxygraph/examples/doxygen-1.8.4/src/config.h" line="614"/>
      </memberdef>
      <memberdef kind="function" id="dd/d34/class_config_1a3545a504bca96d2b17f2f15d2ad7e501" prot="public" static="no" const="no" explicit="no" inline="yes" virt="non-virtual">
        <type>void</type>
        <definition>void Config::appendUserComment</definition>
        <argsstring>(const QCString &amp;u)</argsstring>
        <name>appendUserComment</name>
        <param>
          <type>const QCString &amp;</type>
          <declname>u</declname>
        </param>
        <briefdescription>
        </briefdescription>
        <detaileddescription>
<para>Append user comment </para>        </detaileddescription>
        <inbodydescription>
        </inbodydescription>
        <location file="C:/Users/Mat/Projects/doxygraph/examples/doxygen-1.8.4/src/config.h" line="619" bodyfile="C:/Users/Mat/Projects/doxygraph/examples/doxygen-1.8.4/src/config.h" bodystart="618" bodyend="621"/>
      </memberdef>
      <memberdef kind="function" id="dd/d34/class_config_1a6ecb2d94f351474c1e80665df55bf686" prot="public" static="no" const="no" explicit="no" inline="yes" virt="non-virtual">
        <type>QCString</type>
        <definition>QCString Config::takeUserComment</definition>
        <argsstring>()</argsstring>
        <name>takeUserComment</name>
        <briefdescription>
        </briefdescription>
        <detaileddescription>
<para>Take the user comment and reset it internally <simplesect kind="return"><para>user comment </para></simplesect>
</para>        </detaileddescription>
        <inbodydescription>
        </inbodydescription>
        <location file="C:/Users/Mat/Projects/doxygraph/examples/doxygen-1.8.4/src/config.h" line="626" bodyfile="C:/Users/Mat/Projects/doxygraph/examples/doxygen-1.8.4/src/config.h" bodystart="625" bodyend="630"/>
      </memberdef>
      </sectiondef>
      <sectiondef kind="protected-func">
      <memberdef kind="function" id="dd/d34/class_config_1abd0c571c116924871e30444b192b792a" prot="protected" static="no" const="no" explicit="no" inline="yes" virt="non-virtual">
        <type></type>
        <definition>Config::Config</definition>
        <argsstring>()</argsstring>
        <name>Config</name>
        <briefdescription>
        </briefdescription>
        <detaileddescription>
        </detaileddescription>
        <inbodydescription>
        </inbodydescription>
        <location file="C:/Users/Mat/Projects/doxygraph/examples/doxygen-1.8.4/src/config.h" line="635" bodyfile="C:/Users/Mat/Projects/doxygraph/examples/doxygen-1.8.4/src/config.h" bodystart="634" bodyend="644"/>
      </memberdef>
      <memberdef kind="function" id="dd/d34/class_config_1a543dce59b66475c5108088ee4ce1cdfc" prot="protected" static="no" const="no" explicit="no" inline="yes" virt="non-virtual">
        <type></type>
        <definition>Config::~Config</definition>
        <argsstring>()</argsstring>
        <name>~Config</name>
        <briefdescription>
        </briefdescription>
        <detaileddescription>
        </detaileddescription>
        <inbodydescription>
        </inbodydescription>
        <location file="C:/Users/Mat/Projects/doxygraph/examples/doxygen-1.8.4/src/config.h" line="646" bodyfile="C:/Users/Mat/Projects/doxygraph/examples/doxygen-1.8.4/src/config.h" bodystart="645" bodyend="651"/>
      </memberdef>
      </sectiondef>
    <briefdescription>
<para>Singleton for configuration variables. </para>    </briefdescription>
    <detaileddescription>
<para>This object holds the global static variables read from a user-supplied configuration file. The static member <ref refid="dd/d34/class_config_1ad62b66142ca8c837019cd04de34c8caa" kindref="member">instance()</ref> can be used to get a pointer to the one and only instance.</para><para>Set all variables to their default values by calling <ref refid="dd/d34/class_config_1ad62b66142ca8c837019cd04de34c8caa" kindref="member">Config::instance()</ref>-&gt;<ref refid="dd/d34/class_config_1a91bcb187ed95ec673137e413a4d77203" kindref="member">init()</ref> </para>    </detaileddescription>
    <location file="C:/Users/Mat/Projects/doxygraph/examples/doxygen-1.8.4/src/config.h" line="398" bodyfile="C:/Users/Mat/Projects/doxygraph/examples/doxygen-1.8.4/src/config.h" bodystart="397" bodyend="661"/>
    <listofallmembers>
      <member refid="dd/d34/class_config_1aa9fe790cffa0da8616a64a8e4c7d5836" prot="public" virt="non-virtual"><scope>Config</scope><name>addBool</name></member>
      <member refid="dd/d34/class_config_1accfc0c75837e284e8e5c7d2770afcf4f" prot="public" virt="non-virtual"><scope>Config</scope><name>addDisabled</name></member>
      <member refid="dd/d34/class_config_1ab9fc76c9c08c212d1a4f05a9e532703b" prot="public" virt="non-virtual"><scope>Config</scope><name>addEnum</name></member>
      <member refid="dd/d34/class_config_1ae00b233eba398ae52a97715150100cce" prot="public" virt="non-virtual"><scope>Config</scope><name>addInfo</name></member>
      <member refid="dd/d34/class_config_1a1d264d5e39c9937449137267e8780cad" prot="public" virt="non-virtual"><scope>Config</scope><name>addInt</name></member>
      <member refid="dd/d34/class_config_1a8d07cf5f9e8f427eda3949380c7c3207" prot="public" virt="non-virtual"><scope>Config</scope><name>addList</name></member>
      <member refid="dd/d34/class_config_1a7ff40d5f1a20ac34ecc2d497dd6cd3da" prot="public" virt="non-virtual"><scope>Config</scope><name>addObsolete</name></member>
      <member refid="dd/d34/class_config_1a1651fce3b93ce21da4559c6bd3aa470b" prot="public" virt="non-virtual"><scope>Config</scope><name>addString</name></member>
      <member refid="dd/d34/class_config_1a3545a504bca96d2b17f2f15d2ad7e501" prot="public" virt="non-virtual"><scope>Config</scope><name>appendUserComment</name></member>
      <member refid="dd/d34/class_config_1a2d04091f571813bab7171cf713917aff" prot="public" virt="non-virtual"><scope>Config</scope><name>check</name></member>
      <member refid="dd/d34/class_config_1abd0c571c116924871e30444b192b792a" prot="protected" virt="non-virtual"><scope>Config</scope><name>Config</name></member>
      <member refid="dd/d34/class_config_1a0be224084aa38a9d479ed0260baf27a6" prot="public" virt="non-virtual"><scope>Config</scope><name>convertStrToVal</name></member>
      <member refid="dd/d34/class_config_1a648a61e504c9f71dd1e568c85e5c41c1" prot="public" virt="non-virtual"><scope>Config</scope><name>create</name></member>
      <member refid="dd/d34/class_config_1a9ac848ef56b0923434a50bf658ed147a" prot="public" virt="non-virtual"><scope>Config</scope><name>deleteInstance</name></member>
      <member refid="dd/d34/class_config_1ad26b37b110cae51fa88b99bfdccc6a89" prot="public" virt="non-virtual"><scope>Config</scope><name>get</name></member>
      <member refid="dd/d34/class_config_1aca23fd4e84a33522cdbf09befc20355f" prot="public" virt="non-virtual"><scope>Config</scope><name>getBool</name></member>
      <member refid="dd/d34/class_config_1a2e06af598f2a74d1ccf264422483c49c" prot="public" virt="non-virtual"><scope>Config</scope><name>getEnum</name></member>
      <member refid="dd/d34/class_config_1a21de6fa1d37d90ef800b0a162a1456c9" prot="public" virt="non-virtual"><scope>Config</scope><name>getInt</name></member>
      <member refid="dd/d34/class_config_1a273068a63ba9425950af4e4bbf04042f" prot="public" virt="non-virtual"><scope>Config</scope><name>getList</name></member>
      <member refid="dd/d34/class_config_1aad7066168aed9379e116c747261100fe" prot="public" virt="non-virtual"><scope>Config</scope><name>getString</name></member>
      <member refid="dd/d34/class_config_1a91bcb187ed95ec673137e413a4d77203" prot="public" virt="non-virtual"><scope>Config</scope><name>init</name></member>
      <member refid="dd/d34/class_config_1ad62b66142ca8c837019cd04de34c8caa" prot="public" virt="non-virtual"><scope>Config</scope><name>instance</name></member>
      <member refid="dd/d34/class_config_1a59615f7624930345909a761a2b965368" prot="public" virt="non-virtual"><scope>Config</scope><name>iterator</name></member>
      <member refid="dd/d34/class_config_1ae1ba2cfe27f2c6a458d6187e73f523f7" prot="private" virt="non-virtual"><scope>Config</scope><name>m_dict</name></member>
      <member refid="dd/d34/class_config_1aeb344d20cfa6af902577306a9434ffdc" prot="private" virt="non-virtual"><scope>Config</scope><name>m_disabled</name></member>
      <member refid="dd/d34/class_config_1aa04f6b8867c83eeb677437c37fcafe21" prot="private" virt="non-virtual"><scope>Config</scope><name>m_initialized</name></member>
      <member refid="dd/d34/class_config_1a5f89e152dbc1c6d27491ac3a109a049a" prot="private" virt="non-virtual"><scope>Config</scope><name>m_instance</name></member>
      <member refid="dd/d34/class_config_1a3d4e48313234d4fb582f6ae3b23209e1" prot="private" virt="non-virtual"><scope>Config</scope><name>m_obsolete</name></member>
      <member refid="dd/d34/class_config_1ada92996b6c21a283e0ba6b9588116153" prot="private" virt="non-virtual"><scope>Config</scope><name>m_options</name></member>
      <member refid="dd/d34/class_config_1a27163d6329a9723201d6e828838aedb4" prot="private" virt="non-virtual"><scope>Config</scope><name>m_userComment</name></member>
      <member refid="dd/d34/class_config_1ad24d9fb4336f610c7c98cc4ddb9730e7" prot="public" virt="non-virtual"><scope>Config</scope><name>parse</name></member>
      <member refid="dd/d34/class_config_1a4588d1c40c8a95da00b047ddf13a3f3c" prot="public" virt="non-virtual"><scope>Config</scope><name>parseString</name></member>
      <member refid="dd/d34/class_config_1a6b714f42522fe1359a3ae30fef026d9b" prot="public" virt="non-virtual"><scope>Config</scope><name>substituteEnvironmentVars</name></member>
      <member refid="dd/d34/class_config_1a6ecb2d94f351474c1e80665df55bf686" prot="public" virt="non-virtual"><scope>Config</scope><name>takeUserComment</name></member>
      <member refid="dd/d34/class_config_1ae9e299c7239061edc8c369f51d3948e6" prot="public" virt="non-virtual"><scope>Config</scope><name>writeTemplate</name></member>
      <member refid="dd/d34/class_config_1aebf15fc68e1b907ab56d68094735134e" prot="public" virt="non-virtual"><scope>Config</scope><name>writeXML</name></member>
      <member refid="dd/d34/class_config_1a543dce59b66475c5108088ee4ce1cdfc" prot="protected" virt="non-virtual"><scope>Config</scope><name>~Config</name></member>
    </listofallmembers>
  </compounddef>
</doxygen>
