<?xml version='1.0' encoding='UTF-8' standalone='no'?>
<doxygen xmlns:xsi="http://www.w3.org/2001/XMLSchema-instance" xsi:noNamespaceSchemaLocation="compound.xsd" version="1.8.2">
  <compounddef id="d3/d0c/class_tag_class_info" kind="class" prot="public">
    <compoundname>TagClassInfo</compoundname>
      <sectiondef kind="public-type">
      <memberdef kind="enum" id="d3/d0c/class_tag_class_info_1accc1e7a47f78728ae2d5da7b06a1244e" prot="public" static="no">
        <name>Kind</name>
        <enumvalue id="d3/d0c/class_tag_class_info_1accc1e7a47f78728ae2d5da7b06a1244ea692d98814080bce7c062e87e6c6a0300" prot="public">
          <name>Class</name>
          <briefdescription>
          </briefdescription>
          <detaileddescription>
          </detaileddescription>
        </enumvalue>
        <enumvalue id="d3/d0c/class_tag_class_info_1accc1e7a47f78728ae2d5da7b06a1244ea59bfc0810295428999716a8bf144a208" prot="public">
          <name>Struct</name>
          <briefdescription>
          </briefdescription>
          <detaileddescription>
          </detaileddescription>
        </enumvalue>
        <enumvalue id="d3/d0c/class_tag_class_info_1accc1e7a47f78728ae2d5da7b06a1244eac8d90445d7a2fb0c7a675ce503788bb8" prot="public">
          <name>Union</name>
          <briefdescription>
          </briefdescription>
          <detaileddescription>
          </detaileddescription>
        </enumvalue>
        <enumvalue id="d3/d0c/class_tag_class_info_1accc1e7a47f78728ae2d5da7b06a1244ea65c7eb1c0f851cd8080446e25dc617ba" prot="public">
          <name>Interface</name>
          <briefdescription>
          </briefdescription>
          <detaileddescription>
          </detaileddescription>
        </enumvalue>
        <enumvalue id="d3/d0c/class_tag_class_info_1accc1e7a47f78728ae2d5da7b06a1244ea86caade126b24cf11ec8c71a097b5fba" prot="public">
          <name>Exception</name>
          <briefdescription>
          </briefdescription>
          <detaileddescription>
          </detaileddescription>
        </enumvalue>
        <enumvalue id="d3/d0c/class_tag_class_info_1accc1e7a47f78728ae2d5da7b06a1244eaba52decdcd84b41aa2922d11aac6dc68" prot="public">
          <name>Protocol</name>
          <briefdescription>
          </briefdescription>
          <detaileddescription>
          </detaileddescription>
        </enumvalue>
        <enumvalue id="d3/d0c/class_tag_class_info_1accc1e7a47f78728ae2d5da7b06a1244ea81b6f5991f9fcf8f252e4408271dad6f" prot="public">
          <name>Category</name>
          <briefdescription>
          </briefdescription>
          <detaileddescription>
          </detaileddescription>
        </enumvalue>
        <briefdescription>
        </briefdescription>
        <detaileddescription>
        </detaileddescription>
        <inbodydescription>
        </inbodydescription>
        <location file="C:/Users/Mat/Projects/doxygraph/examples/doxygen-1.8.4/src/tagreader.cpp" line="86" bodyfile="C:/Users/Mat/Projects/doxygraph/examples/doxygen-1.8.4/src/tagreader.cpp" bodystart="86" bodyend="86"/>
      </memberdef>
      </sectiondef>
      <sectiondef kind="public-attrib">
      <memberdef kind="variable" id="d3/d0c/class_tag_class_info_1a79d7786b7290613addec8ad9e5a395e4" prot="public" static="no" mutable="no">
        <type>QCString</type>
        <definition>QCString TagClassInfo::name</definition>
        <argsstring></argsstring>
        <name>name</name>
        <briefdescription>
        </briefdescription>
        <detaileddescription>
        </detaileddescription>
        <inbodydescription>
        </inbodydescription>
        <location file="C:/Users/Mat/Projects/doxygraph/examples/doxygen-1.8.4/src/tagreader.cpp" line="89" bodyfile="C:/Users/Mat/Projects/doxygraph/examples/doxygen-1.8.4/src/tagreader.cpp" bodystart="89" bodyend="-1"/>
      </memberdef>
      <memberdef kind="variable" id="d3/d0c/class_tag_class_info_1a6cd5acb814b8cacb3521a8702591e670" prot="public" static="no" mutable="no">
        <type>QCString</type>
        <definition>QCString TagClassInfo::filename</definition>
        <argsstring></argsstring>
        <name>filename</name>
        <briefdescription>
        </briefdescription>
        <detaileddescription>
        </detaileddescription>
        <inbodydescription>
        </inbodydescription>
        <location file="C:/Users/Mat/Projects/doxygraph/examples/doxygen-1.8.4/src/tagreader.cpp" line="90" bodyfile="C:/Users/Mat/Projects/doxygraph/examples/doxygen-1.8.4/src/tagreader.cpp" bodystart="90" bodyend="-1"/>
      </memberdef>
      <memberdef kind="variable" id="d3/d0c/class_tag_class_info_1ad188dbbabd08fdb1e2c31bd1886c2c0e" prot="public" static="no" mutable="no">
        <type>QCString</type>
        <definition>QCString TagClassInfo::clangId</definition>
        <argsstring></argsstring>
        <name>clangId</name>
        <briefdescription>
        </briefdescription>
        <detaileddescription>
        </detaileddescription>
        <inbodydescription>
        </inbodydescription>
        <location file="C:/Users/Mat/Projects/doxygraph/examples/doxygen-1.8.4/src/tagreader.cpp" line="91" bodyfile="C:/Users/Mat/Projects/doxygraph/examples/doxygen-1.8.4/src/tagreader.cpp" bodystart="91" bodyend="-1"/>
      </memberdef>
      <memberdef kind="variable" id="d3/d0c/class_tag_class_info_1a9afef69d35cafd8cd8517cb86c6c9aa7" prot="public" static="no" mutable="no">
        <type>TagAnchorInfoList</type>
        <definition>TagAnchorInfoList TagClassInfo::docAnchors</definition>
        <argsstring></argsstring>
        <name>docAnchors</name>
        <briefdescription>
        </briefdescription>
        <detaileddescription>
        </detaileddescription>
        <inbodydescription>
        </inbodydescription>
        <location file="C:/Users/Mat/Projects/doxygraph/examples/doxygen-1.8.4/src/tagreader.cpp" line="92" bodyfile="C:/Users/Mat/Projects/doxygraph/examples/doxygen-1.8.4/src/tagreader.cpp" bodystart="92" bodyend="-1"/>
      </memberdef>
      <memberdef kind="variable" id="d3/d0c/class_tag_class_info_1a809c36b15edd5f67a9722ee088ad266c" prot="public" static="no" mutable="no">
        <type><ref refid="db/daa/class_q_list" kindref="compound">QList</ref>&lt; <ref refid="de/d64/struct_base_info" kindref="compound">BaseInfo</ref> &gt; *</type>
        <definition>QList&lt;BaseInfo&gt;* TagClassInfo::bases</definition>
        <argsstring></argsstring>
        <name>bases</name>
        <briefdescription>
        </briefdescription>
        <detaileddescription>
        </detaileddescription>
        <inbodydescription>
        </inbodydescription>
        <location file="C:/Users/Mat/Projects/doxygraph/examples/doxygen-1.8.4/src/tagreader.cpp" line="93" bodyfile="C:/Users/Mat/Projects/doxygraph/examples/doxygen-1.8.4/src/tagreader.cpp" bodystart="93" bodyend="-1"/>
      </memberdef>
      <memberdef kind="variable" id="d3/d0c/class_tag_class_info_1a010128f2ab7efcbc44492d4163e80bf8" prot="public" static="no" mutable="no">
        <type><ref refid="db/daa/class_q_list" kindref="compound">QList</ref>&lt; TagMemberInfo &gt;</type>
        <definition>QList&lt;TagMemberInfo&gt; TagClassInfo::members</definition>
        <argsstring></argsstring>
        <name>members</name>
        <briefdescription>
        </briefdescription>
        <detaileddescription>
        </detaileddescription>
        <inbodydescription>
        </inbodydescription>
        <location file="C:/Users/Mat/Projects/doxygraph/examples/doxygen-1.8.4/src/tagreader.cpp" line="94" bodyfile="C:/Users/Mat/Projects/doxygraph/examples/doxygen-1.8.4/src/tagreader.cpp" bodystart="94" bodyend="-1"/>
      </memberdef>
      <memberdef kind="variable" id="d3/d0c/class_tag_class_info_1adfe7ae86150e4eeff7f7e8817fc171ff" prot="public" static="no" mutable="no">
        <type><ref refid="db/daa/class_q_list" kindref="compound">QList</ref>&lt; QCString &gt; *</type>
        <definition>QList&lt;QCString&gt;* TagClassInfo::templateArguments</definition>
        <argsstring></argsstring>
        <name>templateArguments</name>
        <briefdescription>
        </briefdescription>
        <detaileddescription>
        </detaileddescription>
        <inbodydescription>
        </inbodydescription>
        <location file="C:/Users/Mat/Projects/doxygraph/examples/doxygen-1.8.4/src/tagreader.cpp" line="95" bodyfile="C:/Users/Mat/Projects/doxygraph/examples/doxygen-1.8.4/src/tagreader.cpp" bodystart="95" bodyend="-1"/>
      </memberdef>
      <memberdef kind="variable" id="d3/d0c/class_tag_class_info_1a04cfdb8cc5bf903eada7770d675038af" prot="public" static="no" mutable="no">
        <type>QStringList</type>
        <definition>QStringList TagClassInfo::classList</definition>
        <argsstring></argsstring>
        <name>classList</name>
        <briefdescription>
        </briefdescription>
        <detaileddescription>
        </detaileddescription>
        <inbodydescription>
        </inbodydescription>
        <location file="C:/Users/Mat/Projects/doxygraph/examples/doxygen-1.8.4/src/tagreader.cpp" line="96" bodyfile="C:/Users/Mat/Projects/doxygraph/examples/doxygen-1.8.4/src/tagreader.cpp" bodystart="96" bodyend="-1"/>
      </memberdef>
      <memberdef kind="variable" id="d3/d0c/class_tag_class_info_1aec6fc8257dce19a4ff40e968ce3a7b8b" prot="public" static="no" mutable="no">
        <type>Kind</type>
        <definition>Kind TagClassInfo::kind</definition>
        <argsstring></argsstring>
        <name>kind</name>
        <briefdescription>
        </briefdescription>
        <detaileddescription>
        </detaileddescription>
        <inbodydescription>
        </inbodydescription>
        <location file="C:/Users/Mat/Projects/doxygraph/examples/doxygen-1.8.4/src/tagreader.cpp" line="97" bodyfile="C:/Users/Mat/Projects/doxygraph/examples/doxygen-1.8.4/src/tagreader.cpp" bodystart="97" bodyend="-1"/>
      </memberdef>
      <memberdef kind="variable" id="d3/d0c/class_tag_class_info_1a0814ea347ddb07527c3c6481edd3be4c" prot="public" static="no" mutable="no">
        <type>bool</type>
        <definition>bool TagClassInfo::isObjC</definition>
        <argsstring></argsstring>
        <name>isObjC</name>
        <briefdescription>
        </briefdescription>
        <detaileddescription>
        </detaileddescription>
        <inbodydescription>
        </inbodydescription>
        <location file="C:/Users/Mat/Projects/doxygraph/examples/doxygen-1.8.4/src/tagreader.cpp" line="98" bodyfile="C:/Users/Mat/Projects/doxygraph/examples/doxygen-1.8.4/src/tagreader.cpp" bodystart="98" bodyend="-1"/>
      </memberdef>
      </sectiondef>
      <sectiondef kind="public-func">
      <memberdef kind="function" id="d3/d0c/class_tag_class_info_1a1d270b82494f024ee1c0ff13a78937db" prot="public" static="no" const="no" explicit="no" inline="yes" virt="non-virtual">
        <type></type>
        <definition>TagClassInfo::TagClassInfo</definition>
        <argsstring>()</argsstring>
        <name>TagClassInfo</name>
        <briefdescription>
        </briefdescription>
        <detaileddescription>
        </detaileddescription>
        <inbodydescription>
        </inbodydescription>
        <location file="C:/Users/Mat/Projects/doxygraph/examples/doxygen-1.8.4/src/tagreader.cpp" line="87" bodyfile="C:/Users/Mat/Projects/doxygraph/examples/doxygen-1.8.4/src/tagreader.cpp" bodystart="87" bodyend="87"/>
      </memberdef>
      <memberdef kind="function" id="d3/d0c/class_tag_class_info_1aae7fec5485b21ba6f67dc393f02dbc7e" prot="public" static="no" const="no" explicit="no" inline="yes" virt="non-virtual">
        <type></type>
        <definition>TagClassInfo::~TagClassInfo</definition>
        <argsstring>()</argsstring>
        <name>~TagClassInfo</name>
        <briefdescription>
        </briefdescription>
        <detaileddescription>
        </detaileddescription>
        <inbodydescription>
        </inbodydescription>
        <location file="C:/Users/Mat/Projects/doxygraph/examples/doxygen-1.8.4/src/tagreader.cpp" line="88" bodyfile="C:/Users/Mat/Projects/doxygraph/examples/doxygen-1.8.4/src/tagreader.cpp" bodystart="88" bodyend="88"/>
      </memberdef>
      </sectiondef>
    <briefdescription>
<para>Container for class specific info that can be read from a tagfile. </para>    </briefdescription>
    <detaileddescription>
    </detaileddescription>
    <collaborationgraph>
      <node id="4201">
        <label>TagAnchorInfoList</label>
        <childnode refid="4202" relation="public-inheritance">
        </childnode>
      </node>
      <node id="4200">
        <label>TagClassInfo</label>
        <childnode refid="4201" relation="usage">
          <edgelabel>docAnchors</edgelabel>
        </childnode>
      </node>
      <node id="4202">
        <label>QList&lt; TagAnchorInfo &gt;</label>
        <link refid="db/daa/class_q_list"/>
      </node>
    </collaborationgraph>
    <location file="C:/Users/Mat/Projects/doxygraph/examples/doxygen-1.8.4/src/tagreader.cpp" line="84" bodyfile="C:/Users/Mat/Projects/doxygraph/examples/doxygen-1.8.4/src/tagreader.cpp" bodystart="83" bodyend="99"/>
    <listofallmembers>
      <member refid="d3/d0c/class_tag_class_info_1a809c36b15edd5f67a9722ee088ad266c" prot="public" virt="non-virtual"><scope>TagClassInfo</scope><name>bases</name></member>
      <member refid="d3/d0c/class_tag_class_info_1accc1e7a47f78728ae2d5da7b06a1244ea81b6f5991f9fcf8f252e4408271dad6f" prot="public" virt="non-virtual"><scope>TagClassInfo</scope><name>Category</name></member>
      <member refid="d3/d0c/class_tag_class_info_1ad188dbbabd08fdb1e2c31bd1886c2c0e" prot="public" virt="non-virtual"><scope>TagClassInfo</scope><name>clangId</name></member>
      <member refid="d3/d0c/class_tag_class_info_1accc1e7a47f78728ae2d5da7b06a1244ea692d98814080bce7c062e87e6c6a0300" prot="public" virt="non-virtual"><scope>TagClassInfo</scope><name>Class</name></member>
      <member refid="d3/d0c/class_tag_class_info_1a04cfdb8cc5bf903eada7770d675038af" prot="public" virt="non-virtual"><scope>TagClassInfo</scope><name>classList</name></member>
      <member refid="d3/d0c/class_tag_class_info_1a9afef69d35cafd8cd8517cb86c6c9aa7" prot="public" virt="non-virtual"><scope>TagClassInfo</scope><name>docAnchors</name></member>
      <member refid="d3/d0c/class_tag_class_info_1accc1e7a47f78728ae2d5da7b06a1244ea86caade126b24cf11ec8c71a097b5fba" prot="public" virt="non-virtual"><scope>TagClassInfo</scope><name>Exception</name></member>
      <member refid="d3/d0c/class_tag_class_info_1a6cd5acb814b8cacb3521a8702591e670" prot="public" virt="non-virtual"><scope>TagClassInfo</scope><name>filename</name></member>
      <member refid="d3/d0c/class_tag_class_info_1accc1e7a47f78728ae2d5da7b06a1244ea65c7eb1c0f851cd8080446e25dc617ba" prot="public" virt="non-virtual"><scope>TagClassInfo</scope><name>Interface</name></member>
      <member refid="d3/d0c/class_tag_class_info_1a0814ea347ddb07527c3c6481edd3be4c" prot="public" virt="non-virtual"><scope>TagClassInfo</scope><name>isObjC</name></member>
      <member refid="d3/d0c/class_tag_class_info_1aec6fc8257dce19a4ff40e968ce3a7b8b" prot="public" virt="non-virtual"><scope>TagClassInfo</scope><name>kind</name></member>
      <member refid="d3/d0c/class_tag_class_info_1accc1e7a47f78728ae2d5da7b06a1244e" prot="public" virt="non-virtual"><scope>TagClassInfo</scope><name>Kind</name></member>
      <member refid="d3/d0c/class_tag_class_info_1a010128f2ab7efcbc44492d4163e80bf8" prot="public" virt="non-virtual"><scope>TagClassInfo</scope><name>members</name></member>
      <member refid="d3/d0c/class_tag_class_info_1a79d7786b7290613addec8ad9e5a395e4" prot="public" virt="non-virtual"><scope>TagClassInfo</scope><name>name</name></member>
      <member refid="d3/d0c/class_tag_class_info_1accc1e7a47f78728ae2d5da7b06a1244eaba52decdcd84b41aa2922d11aac6dc68" prot="public" virt="non-virtual"><scope>TagClassInfo</scope><name>Protocol</name></member>
      <member refid="d3/d0c/class_tag_class_info_1accc1e7a47f78728ae2d5da7b06a1244ea59bfc0810295428999716a8bf144a208" prot="public" virt="non-virtual"><scope>TagClassInfo</scope><name>Struct</name></member>
      <member refid="d3/d0c/class_tag_class_info_1a1d270b82494f024ee1c0ff13a78937db" prot="public" virt="non-virtual"><scope>TagClassInfo</scope><name>TagClassInfo</name></member>
      <member refid="d3/d0c/class_tag_class_info_1adfe7ae86150e4eeff7f7e8817fc171ff" prot="public" virt="non-virtual"><scope>TagClassInfo</scope><name>templateArguments</name></member>
      <member refid="d3/d0c/class_tag_class_info_1accc1e7a47f78728ae2d5da7b06a1244eac8d90445d7a2fb0c7a675ce503788bb8" prot="public" virt="non-virtual"><scope>TagClassInfo</scope><name>Union</name></member>
      <member refid="d3/d0c/class_tag_class_info_1aae7fec5485b21ba6f67dc393f02dbc7e" prot="public" virt="non-virtual"><scope>TagClassInfo</scope><name>~TagClassInfo</name></member>
    </listofallmembers>
  </compounddef>
</doxygen>
