<?xml version='1.0' encoding='UTF-8' standalone='no'?>
<doxygen xmlns:xsi="http://www.w3.org/2001/XMLSchema-instance" xsi:noNamespaceSchemaLocation="compound.xsd" version="1.8.2">
  <compounddef id="dc/d60/jquery__p1__js_8h" kind="file">
    <compoundname>jquery_p1_js.h</compoundname>
    <includedby refid="d8/d6e/htmlgen_8cpp" local="yes">src/htmlgen.cpp</includedby>
    <invincdepgraph>
      <node id="2791">
        <label>src/htmlgen.cpp</label>
        <link refid="d8/d6e/htmlgen_8cpp_source"/>
      </node>
      <node id="2790">
        <label>src/jquery_p1_js.h</label>
        <link refid="jquery_p1_js.h"/>
        <childnode refid="2791" relation="include">
        </childnode>
      </node>
    </invincdepgraph>
    <briefdescription>
    </briefdescription>
    <detaileddescription>
    </detaileddescription>
    <programlisting>
<codeline lineno="1"><highlight class="stringliteral">&quot;/*!\n&quot;</highlight><highlight class="normal"></highlight></codeline>
<codeline lineno="2"><highlight class="normal"></highlight><highlight class="stringliteral">&quot;<sp/>*<sp/>jQuery<sp/>JavaScript<sp/>Library<sp/>v1.7.1\n&quot;</highlight><highlight class="normal"></highlight></codeline>
<codeline lineno="3"><highlight class="normal"></highlight><highlight class="stringliteral">&quot;<sp/>*<sp/>http://jquery.com/\n&quot;</highlight><highlight class="normal"></highlight></codeline>
<codeline lineno="4"><highlight class="normal"></highlight><highlight class="stringliteral">&quot;<sp/>*\n&quot;</highlight><highlight class="normal"></highlight></codeline>
<codeline lineno="5"><highlight class="normal"></highlight><highlight class="stringliteral">&quot;<sp/>*<sp/>Copyright<sp/>2011,<sp/>John<sp/>Resig\n&quot;</highlight><highlight class="normal"></highlight></codeline>
<codeline lineno="6"><highlight class="normal"></highlight><highlight class="stringliteral">&quot;<sp/>*<sp/>Dual<sp/>licensed<sp/>under<sp/>the<sp/>MIT<sp/>or<sp/>GPL<sp/>Version<sp/>2<sp/>licenses.\n&quot;</highlight><highlight class="normal"></highlight></codeline>
<codeline lineno="7"><highlight class="normal"></highlight><highlight class="stringliteral">&quot;<sp/>*<sp/>http://jquery.org/license\n&quot;</highlight><highlight class="normal"></highlight></codeline>
<codeline lineno="8"><highlight class="normal"></highlight><highlight class="stringliteral">&quot;<sp/>*\n&quot;</highlight><highlight class="normal"></highlight></codeline>
<codeline lineno="9"><highlight class="normal"></highlight><highlight class="stringliteral">&quot;<sp/>*<sp/>Includes<sp/>Sizzle.js\n&quot;</highlight><highlight class="normal"></highlight></codeline>
<codeline lineno="10"><highlight class="normal"></highlight><highlight class="stringliteral">&quot;<sp/>*<sp/>http://sizzlejs.com/\n&quot;</highlight><highlight class="normal"></highlight></codeline>
<codeline lineno="11"><highlight class="normal"></highlight><highlight class="stringliteral">&quot;<sp/>*<sp/>Copyright<sp/>2011,<sp/>The<sp/>Dojo<sp/>Foundation\n&quot;</highlight><highlight class="normal"></highlight></codeline>
<codeline lineno="12"><highlight class="normal"></highlight><highlight class="stringliteral">&quot;<sp/>*<sp/>Released<sp/>under<sp/>the<sp/>MIT,<sp/>BSD,<sp/>and<sp/>GPL<sp/>Licenses.\n&quot;</highlight><highlight class="normal"></highlight></codeline>
<codeline lineno="13"><highlight class="normal"></highlight><highlight class="stringliteral">&quot;<sp/>*\n&quot;</highlight><highlight class="normal"></highlight></codeline>
<codeline lineno="14"><highlight class="normal"></highlight><highlight class="stringliteral">&quot;<sp/>*<sp/>Date:<sp/>Mon<sp/>Nov<sp/>21<sp/>21:11:03<sp/>2011<sp/>-0500\n&quot;</highlight><highlight class="normal"></highlight></codeline>
<codeline lineno="15"><highlight class="normal"></highlight><highlight class="stringliteral">&quot;<sp/>*/\n&quot;</highlight><highlight class="normal"></highlight></codeline>
<codeline lineno="16"><highlight class="normal"></highlight><highlight class="stringliteral">&quot;(function(bb,L){var<sp/>av=bb.document,bu=bb.navigator,bl=bb.location;var<sp/>b=(function(){var<sp/>bF=function(b0,b1){return<sp/>new<sp/>bF.fn.init(b0,b1,bD)},bU=bb.jQuery,bH=bb.$,bD,bY=/^(?:[^#&lt;]*(&lt;[\\w\\W]+&gt;)[^&gt;]*$|#([\\w\\-]*)$)/,bM=/\\S/,bI=/^\\s+/,bE=/\\s+$/,bA=/^&lt;(\\w+)\\s*\\/?&gt;(?:&lt;\\/\\1&gt;)?$/,bN=/^[\\],:{}\\s]*$/,bW=/\\\\(?:[\&quot;\\\\\\/bfnrt]|u[0-9a-fA-F]{4})/g,bP=/\&quot;[^\&quot;\\\\\\n\\r]*\&quot;|true|false|null|-?\\d+(?:\\.\\d*)?(?:[eE][+\\-]?\\d+)?/g,bJ=/(?:^|:|,)(?:\\s*\\[)+/g,by=/(webkit)[<sp/>\\/]([\\w.]+)/,bR=/(opera)(?:.*version)?[<sp/>\\/]([\\w.]+)/,bQ=/(msie)<sp/>([\\w.]+)/,bS=/(mozilla)(?:.*?<sp/>rv:([\\w.]+))?/,bB=/-([a-z]|[0-9])/ig,bZ=/^-ms-/,bT=function(b0,b1){return(b1+\&quot;\&quot;).toUpperCase()},bX=bu.userAgent,bV,bC,e,bL=Object.prototype.toString,bG=Object.prototype.hasOwnProperty,bz=Array.prototype.push,bK=Array.prototype.slice,bO=String.prototype.trim,bv=Array.prototype.indexOf,bx={};bF.fn=bF.prototype={constructor:bF,init:function(b0,b4,b3){var<sp/>b2,b5,b1,b6;if(!b0){return<sp/>this}if(b0.nodeType){this.context=this[0]=b0;this.length=1;return<sp/>this}if(b0===\&quot;body\&quot;&amp;&amp;!b4&amp;&amp;av.body){this.context=av;this[0]=av.body;this.selector=b0;this.length=1;return<sp/>this}if(typeof<sp/>b0===\&quot;string\&quot;){if(b0.charAt(0)===\&quot;&lt;\&quot;&amp;&amp;b0.charAt(b0.length-1)===\&quot;&gt;\&quot;&amp;&amp;b0.length&gt;=3){b2=[null,b0,null]}else{b2=bY.exec(b0)}if(b2&amp;&amp;(b2[1]||!b4)){if(b2[1]){b4=b4<sp/>instanceof<sp/>bF?b4[0]:b4;b6=(b4?b4.ownerDocument||b4:av);b1=bA.exec(b0);if(b1){if(bF.isPlainObject(b4)){b0=[av.createElement(b1[1])];bF.fn.attr.call(b0,b4,true)}else{b0=[b6.createElement(b1[1])]}}else{b1=bF.buildFragment([b2[1]],[b6]);b0=(b1.cacheable?bF.clone(b1.fragment):b1.fragment).childNodes}return<sp/>bF.merge(this,b0)}else{b5=av.getElementById(b2[2]);if(b5&amp;&amp;b5.parentNode){if(b5.id!==b2[2]){return<sp/>b3.find(b0)}this.length=1;this[0]=b5}this.context=av;this.selector=b0;return<sp/>this}}else{if(!b4||b4.jquery){return(b4||b3).find(b0)}else{return<sp/>this.constructor(b4).find(b0)}}}else{if(bF.isFunction(b0)){return<sp/>b3.ready(b0)}}if(b0.selector!==L){this.selector=b0.selector;this.context=b0.context}return<sp/>bF.makeArray(b0,this)},selector:\&quot;\&quot;,jquery:\&quot;1.7.1\&quot;,length:0,size:function(){return<sp/>this.length},toArray:function(){return<sp/>bK.call(this,0)},get:function(b0){return<sp/>b0==null?this.toArray():(b0&lt;0?this[this.length+b0]:this[b0])},pushStack:function(b1,b3,b0){var<sp/>b2=this.constructor();if(bF.isArray(b1)){bz.apply(b2,b1)}else{bF.merge(b2,b1)}b2.prevObject=this;b2.context=this.context;if(b3===\&quot;find\&quot;){b2.selector=this.selector+(this.selector?\&quot;<sp/>\&quot;:\&quot;\&quot;)+b0}else{if(b3){b2.selector=this.selector+\&quot;.\&quot;+b3+\&quot;(\&quot;+b0+\&quot;)\&quot;}}return<sp/>b2},each:function(b1,b0){return<sp/>bF.each(this,b1,b0)},ready:function(b0){bF.bindReady();bC.add(b0);return<sp/>this},eq:function(b0){b0=+b0;return<sp/>b0===-1?this.slice(b0):this.slice(b0,b0+1)},first:function(){return<sp/>this.eq(0)},last:function(){return<sp/>this.eq(-1)},slice:function(){return<sp/>this.pushStack(bK.apply(this,arguments),\&quot;slice\&quot;,bK.call(arguments).join(\&quot;,\&quot;))},map:function(b0){return<sp/>this.pushStack(bF.map(this,function(b2,b1){return<sp/>b0.call(b2,b1,b2)}))},end:function(){return<sp/>this.prevObject||this.constructor(null)},push:bz,sort:[].sort,splice:[].splice};bF.fn.init.prototype=bF.fn;bF.extend=bF.fn.extend=function(){var<sp/>b9,b2,b0,b1,b6,b7,b5=arguments[0]||{},b4=1,b3=arguments.length,b8=false;if(typeof<sp/>b5===\&quot;boolean\&quot;){b8=b5;b5=arguments[1]||{};b4=2}if(typeof<sp/>b5!==\&quot;object\&quot;&amp;&amp;!bF.isFunction(b5)){b5={}}if(b3===b4){b5=this;--b4}for(;b4&lt;b3;b4++){if((b9=arguments[b4])!=null){for(b2<sp/>in<sp/>b9){b0=b5[b2];b1=b9[b2];if(b5===b1){continue}if(b8&amp;&amp;b1&amp;&amp;(bF.isPlainObject(b1)||(b6=bF.isArray(b1)))){if(b6){b6=false;b7=b0&amp;&amp;bF.isArray(b0)?b0:[]}else{b7=b0&amp;&amp;bF.isPlainObject(b0)?b0:{}}b5[b2]=bF.extend(b8,b7,b1)}else{if(b1!==L){b5[b2]=b1}}}}}return<sp/>b5};bF.extend({noConflict:function(b0){if(bb.$===bF){bb.$=bH}if(b0&amp;&amp;bb.jQuery===bF){bb.jQuery=bU}return<sp/>bF},isReady:false,readyWait:1,holdReady:function(b0){if(b0){bF.readyWait++}else{bF.ready(true)}},ready:function(b0){if((b0===true&amp;&amp;!--bF.readyWait)||(b0!==true&amp;&amp;!bF.isReady)){if(!av.body){return<sp/>setTimeout(bF.ready,1)}bF.isReady=true;if(b0!==true&amp;&amp;--bF.readyWait&gt;0){return}bC.fireWith(av,[bF]);if(bF.fn.trigger){bF(av).trigger(\&quot;ready\&quot;).off(\&quot;ready\&quot;)}}},bindReady:function(){if(bC){return}bC=bF.Callbacks(\&quot;once<sp/>memory\&quot;);if(av.readyState===\&quot;complete\&quot;){return<sp/>setTimeout(bF.ready,1)}if(av.addEventListener){av.addEventListener(\&quot;DOMContentLoaded\&quot;,e,false);bb.addEventListener(\&quot;load\&quot;,bF.ready,false)}else{if(av.attachEvent){av.attachEvent(\&quot;onreadystatechange\&quot;,e);bb.attachEvent(\&quot;onload\&quot;,bF.ready);var<sp/>b0=false;try{b0=bb.frameElement==null}catch(b1){}if(av.documentElement.doScroll&amp;&amp;b0){bw()}}}},isFunction:function(b0){return<sp/>bF.type(b0)===\&quot;function\&quot;},isArray:Array.isArray||function(b0){return<sp/>bF.type(b0)===\&quot;array\&quot;},isWindow:function(b0){return<sp/>b0&amp;&amp;typeof<sp/>b0===\&quot;object\&quot;&amp;&amp;\&quot;setInterval\&quot;<sp/>in<sp/>b0},isNumeric:function(b0){return<sp/>!isNaN(parseFloat(b0))&amp;&amp;isFinite(b0)},type:function(b0){return<sp/>b0==null?String(b0):bx[bL.call(b0)]||\&quot;object\&quot;},isPlainObject:function(b2){if(!b2||bF.type(b2)!==\&quot;object\&quot;||b2.nodeType||bF.isWindow(b2)){return<sp/>false}try{if(b2.constructor&amp;&amp;!bG.call(b2,\&quot;constructor\&quot;)&amp;&amp;!bG.call(b2.constructor.prototype,\&quot;isPrototypeOf\&quot;)){return<sp/>false}}catch(b1){return<sp/>false}var<sp/>b0;for(b0<sp/>in<sp/>b2){}return<sp/>b0===L||bG.call(b2,b0)},isEmptyObject:function(b1){for(var<sp/>b0<sp/>in<sp/>b1){return<sp/>false}return<sp/>true},error:function(b0){throw<sp/>new<sp/>Error(b0)},parseJSON:function(b0){if(typeof<sp/>b0!==\&quot;string\&quot;||!b0){return<sp/>null}b0=bF.trim(b0);if(bb.JSON&amp;&amp;bb.JSON.parse){return<sp/>bb.JSON.parse(b0)}if(bN.test(b0.replace(bW,\&quot;@\&quot;).replace(bP,\&quot;]\&quot;).replace(bJ,\&quot;\&quot;))){return(new<sp/>Function(\&quot;return<sp/>\&quot;+b0))()}bF.error(\&quot;Invalid<sp/>JSON:<sp/>\&quot;+b0)},parseXML:function(b2){var<sp/>b0,b1;try{if(bb.DOMParser){b1=new<sp/>DOMParser();b0=b1.parseFromString(b2,\&quot;text/xml\&quot;)}else{b0=new<sp/>ActiveXObject(\&quot;Microsoft.XMLDOM\&quot;);b0.async=\&quot;false\&quot;;b0.loadXML(b2)}}catch(b3){b0=L}if(!b0||!b0.documentElement||b0.getElementsByTagName(\&quot;parsererror\&quot;).length){bF.error(\&quot;Invalid<sp/>XML:<sp/>\&quot;+b2)}return<sp/>b0},noop:function(){},globalEval:function(b0){if(b0&amp;&amp;bM.test(b0)){(bb.execScript||function(b1){bb[\&quot;eval\&quot;].call(bb,b1)})(b0)}},camelCase:function(b0){return<sp/>b0.replace(bZ,\&quot;ms-\&quot;).replace(bB,bT)},nodeName:function(b1,b0){return<sp/>b1.nodeName&amp;&amp;b1.nodeName.toUpperCase()===b0.toUpperCase()},each:function(b3,b6,b2){var<sp/>b1,b4=0,b5=b3.length,b0=b5===L||bF.isFunction(b3);if(b2){if(b0){for(b1<sp/>in<sp/>b3){if(b6.apply(b3[b1],b2)===false){break}}}else{for(;b4&lt;b5;){if(b6.apply(b3[b4++],b2)===false){break}}}}else{if(b0){for(b1<sp/>in<sp/>b3){if(b6.call(b3[b1],b1,b3[b1])===false){break}}}else{for(;b4&lt;b5;){if(b6.call(b3[b4],b4,b3[b4++])===false){break}}}}return<sp/>b3},trim:bO?function(b0){return<sp/>b0==null?\&quot;\&quot;:bO.call(b0)}:function(b0){return<sp/>b0==null?\&quot;\&quot;:b0.toString().replace(bI,\&quot;\&quot;).replace(bE,\&quot;\&quot;)},makeArray:function(b3,b1){var<sp/>b0=b1||[];if(b3!=null){var<sp/>b2=bF.type(b3);if(b3.length==null||b2===\&quot;string\&quot;||b2===\&quot;function\&quot;||b2===\&quot;regexp\&quot;||bF.isWindow(b3)){bz.call(b0,b3)}else{bF.merge(b0,b3)}}return<sp/>b0},inArray:function(b2,b3,b1){var<sp/>b0;if(b3){if(bv){return<sp/>bv.call(b3,b2,b1)}b0=b3.length;b1=b1?b1&lt;0?Math.max(0,b0+b1):b1:0;for(;b1&lt;b0;b1++){if(b1<sp/>in<sp/>b3&amp;&amp;b3[b1]===b2){return<sp/>b1}}}return<sp/>-1},merge:function(b4,b2){var<sp/>b3=b4.length,b1=0;if(typeof<sp/>b2.length===\&quot;number\&quot;){for(var<sp/>b0=b2.length;b1&lt;b0;b1++){b4[b3++]=b2[b1]}}else{while(b2[b1]!==L){b4[b3++]=b2[b1++]}}b4.length=b3;return<sp/>b4},grep:function(b1,b6,b0){var<sp/>b2=[],b5;b0=!!b0;for(var<sp/>b3=0,b4=b1.length;b3&lt;b4;b3++){b5=!!b6(b1[b3],b3);if(b0!==b5){b2.push(b1[b3])}}return<sp/>b2},map:function(b0,b7,b8){var<sp/>b5,b6,b4=[],b2=0,b1=b0.length,b3=b0<sp/>instanceof<sp/>bF||b1!==L&amp;&amp;typeof<sp/>b1===\&quot;number\&quot;&amp;&amp;((b1&gt;0&amp;&amp;b0[0]&amp;&amp;b0[b1-1])||b1===0||bF.isArray(b0));if(b3){for(;b2&lt;b1;b2++){b5=b7(b0[b2],b2,b8);if(b5!=null){b4[b4.length]=b5}}}else{for(b6<sp/>in<sp/>b0){b5=b7(b0[b6],b6,b8);if(b5!=null){b4[b4.length]=b5}}}return<sp/>b4.concat.apply([],b4)},guid:1,proxy:function(b4,b3){if(typeof<sp/>b3===\&quot;string\&quot;){var<sp/>b2=b4[b3];b3=b4;b4=b2}if(!bF.isFunction(b4)){return<sp/>L}var<sp/>b0=bK.call(arguments,2),b1=function(){return<sp/>b4.apply(b3,b0.concat(bK.call(arguments)))};b1.guid=b4.guid=b4.guid||b1.guid||bF.guid++;return<sp/>b1},access:function(b0,b8,b6,b2,b5,b7){var<sp/>b1=b0.length;if(typeof<sp/>b8===\&quot;object\&quot;){for(var<sp/>b3<sp/>in<sp/>b8){bF.access(b0,b3,b8[b3],b2,b5,b6)}return<sp/>b0}if(b6!==L){b2=!b7&amp;&amp;b2&amp;&amp;bF.isFunction(b6);for(var<sp/>b4=0;b4&lt;b1;b4++){b5(b0[b4],b8,b2?b6.call(b0[b4],b4,b5(b0[b4],b8)):b6,b7)}return<sp/>b0}return<sp/>b1?b5(b0[0],b8):L},now:function(){return(new<sp/>Date()).getTime()},uaMatch:function(b1){b1=b1.toLowerCase();var<sp/>b0=by.exec(b1)||bR.exec(b1)||bQ.exec(b1)||b1.indexOf(\&quot;compatible\&quot;)&lt;0&amp;&amp;bS.exec(b1)||[];return{browser:b0[1]||\&quot;\&quot;,version:b0[2]||\&quot;0\&quot;}},sub:function(){function<sp/>b0(b3,b4){return<sp/>new<sp/>b0.fn.init(b3,b4)}bF.extend(true,b0,this);b0.superclass=this;b0.fn=b0.prototype=this();b0.fn.constructor=b0;b0.sub=this.sub;b0.fn.init=function<sp/>b2(b3,b4){if(b4&amp;&amp;b4<sp/>instanceof<sp/>bF&amp;&amp;!(b4<sp/>instanceof<sp/>b0)){b4=b0(b4)}return<sp/>bF.fn.init.call(this,b3,b4,b1)};b0.fn.init.prototype=b0.fn;var<sp/>b1=b0(av);return<sp/>b0},browser:{}});bF.each(\&quot;Boolean<sp/>Number<sp/>String<sp/>Function<sp/>Array<sp/>Date<sp/>RegExp<sp/>Object\&quot;.split(\&quot;<sp/>\&quot;),function(b1,b0){bx[\&quot;[object<sp/>\&quot;+b0+\&quot;]\&quot;]=b0.toLowerCase()});bV=bF.uaMatch(bX);if(bV.browser){bF.browser[bV.browser]=true;bF.browser.version=bV.version}if(bF.browser.webkit){bF.browser.safari=true}if(bM.test(\&quot;\\xA0\&quot;)){bI=/^[\\s\\xA0]+/;bE=/[\\s\\xA0]+$/}bD=bF(av);if(av.addEventListener){e=function(){av.removeEventListener(\&quot;DOMContentLoaded\&quot;,e,false);bF.ready()}}else{if(av.attachEvent){e=function(){if(av.readyState===\&quot;complete\&quot;){av.detachEvent(\&quot;onreadystatechange\&quot;,e);bF.ready()}}}}function<sp/>bw(){if(bF.isReady){return}try{av.documentElement.doScroll(\&quot;left\&quot;)}catch(b0){setTimeout(bw,1);return}bF.ready()}return<sp/>bF})();var<sp/>a2={};function<sp/>X(e){var<sp/>bv=a2[e]={},bw,bx;e=e.split(/\\s+/);for(bw=0,bx=e.length;bw&lt;bx;bw++){bv[e[bw]]=true}return<sp/>bv}b.Callbacks=function(bw){bw=bw?(a2[bw]||X(bw)):{};var<sp/>bB=[],bC=[],bx,by,bv,bz,bA,bE=function(bF){var<sp/>bG,bJ,bI,bH,bK;for(bG=0,bJ=bF.length;bG&lt;bJ;bG++){bI=bF[bG];bH=b.type(bI);if(bH===\&quot;array\&quot;){bE(bI)}else{if(bH===\&quot;function\&quot;){if(!bw.unique||!bD.has(bI)){bB.push(bI)}}}}},e=function(bG,bF){bF=bF||[];bx=!bw.memory||[bG,bF];by=true;bA=bv||0;bv=0;bz=bB.length;for(;bB&amp;&amp;bA&lt;bz;bA++){if(bB[bA].apply(bG,bF)===false&amp;&amp;bw.stopOnFalse){bx=true;break}}by=false;if(bB){if(!bw.once){if(bC&amp;&amp;bC.length){bx=bC.shift();bD.fireWith(bx[0],bx[1])}}else{if(bx===true){bD.disable()}else{bB=[]}}}},bD={add:function(){if(bB){var<sp/>bF=bB.length;bE(arguments);if(by){bz=bB.length}else{if(bx&amp;&amp;bx!==true){bv=bF;e(bx[0],bx[1])}}}return<sp/>this},remove:function(){if(bB){var<sp/>bF=arguments,bH=0,bI=bF.length;for(;bH&lt;bI;bH++){for(var<sp/>bG=0;bG&lt;bB.length;bG++){if(bF[bH]===bB[bG]){if(by){if(bG&lt;=bz){bz--;if(bG&lt;=bA){bA--}}}bB.splice(bG--,1);if(bw.unique){break}}}}}return<sp/>this},has:function(bG){if(bB){var<sp/>bF=0,bH=bB.length;for(;bF&lt;bH;bF++){if(bG===bB[bF]){return<sp/>true}}}return<sp/>false},empty:function(){bB=[];return<sp/>this},disable:function(){bB=bC=bx=L;return<sp/>this},disabled:function(){return<sp/>!bB},lock:function(){bC=L;if(!bx||bx===true){bD.disable()}return<sp/>this},locked:function(){return<sp/>!bC},fireWith:function(bG,bF){if(bC){if(by){if(!bw.once){bC.push([bG,bF])}}else{if(!(bw.once&amp;&amp;bx)){e(bG,bF)}}}return<sp/>this},fire:function(){bD.fireWith(this,arguments);return<sp/>this},fired:function(){return<sp/>!!bx}};return<sp/>bD};var<sp/>aJ=[].slice;b.extend({Deferred:function(by){var<sp/>bx=b.Callbacks(\&quot;once<sp/>memory\&quot;),bw=b.Callbacks(\&quot;once<sp/>memory\&quot;),bv=b.Callbacks(\&quot;memory\&quot;),e=\&quot;pending\&quot;,bA={resolve:bx,reject:bw,notify:bv},bC={done:bx.add,fail:bw.add,progress:bv.add,state:function(){return<sp/>e},isResolved:bx.fired,isRejected:bw.fired,then:function(bE,bD,bF){bB.done(bE).fail(bD).progress(bF);return<sp/>this},always:function(){bB.done.apply(bB,arguments).fail.apply(bB,arguments);return<sp/>this},pipe:function(bF,bE,bD){return<sp/>b.Deferred(function(bG){b.each({done:[bF,\&quot;resolve\&quot;],fail:[bE,\&quot;reject\&quot;],progress:[bD,\&quot;notify\&quot;]},function(bI,bL){var<sp/>bH=bL[0],bK=bL[1],bJ;if(b.isFunction(bH)){bB[bI](function(){bJ=bH.apply(this,arguments);if(bJ&amp;&amp;b.isFunction(bJ.promise)){bJ.promise().then(bG.resolve,bG.reject,bG.notify)}else{bG[bK+\&quot;With\&quot;](this===bB?bG:this,[bJ])}})}else{bB[bI](bG[bK])}})}).promise()},promise:function(bE){if(bE==null){bE=bC}else{for(var<sp/>bD<sp/>in<sp/>bC){bE[bD]=bC[bD]}}return<sp/>bE}},bB=bC.promise({}),bz;for(bz<sp/>in<sp/>bA){bB[bz]=bA[bz].fire;bB[bz+\&quot;With\&quot;]=bA[bz].fireWith}bB.done(function(){e=\&quot;resolved\&quot;},bw.disable,bv.lock).fail(function(){e=\&quot;rejected\&quot;},bx.disable,bv.lock);if(by){by.call(bB,bB)}return<sp/>bB},when:function(bA){var<sp/>bx=aJ.call(arguments,0),bv=0,e=bx.length,bB=new<sp/>Array(e),bw=e,by=e,bC=e&lt;=1&amp;&amp;bA&amp;&amp;b.isFunction(bA.promise)?bA:b.Deferred(),bE=bC.promise();function<sp/>bD(bF){return<sp/>function(bG){bx[bF]=arguments.length&gt;1?aJ.call(arguments,0):bG;if(!(--bw)){bC.resolveWith(bC,bx)}}}function<sp/>bz(bF){return<sp/>function(bG){bB[bF]=arguments.length&gt;1?aJ.call(arguments,0):bG;bC.notifyWith(bE,bB)}}if(e&gt;1){for(;bv&lt;e;bv++){if(bx[bv]&amp;&amp;bx[bv].promise&amp;&amp;b.isFunction(bx[bv].promise)){bx[bv].promise().then(bD(bv),bC.reject,bz(bv))\n&quot;</highlight><highlight class="normal"></highlight></codeline>
<codeline lineno="17"><highlight class="normal"></highlight><highlight class="stringliteral">&quot;}else{--bw}}if(!bw){bC.resolveWith(bC,bx)}}else{if(bC!==bA){bC.resolveWith(bC,e?[bA]:[])}}return<sp/>bE}});b.support=(function(){var<sp/>bJ,bI,bF,bG,bx,bE,bA,bD,bz,bK,bB,by,bw,bv=av.createElement(\&quot;div\&quot;),bH=av.documentElement;bv.setAttribute(\&quot;className\&quot;,\&quot;t\&quot;);bv.innerHTML=\&quot;<sp/><sp/><sp/>&lt;link/&gt;&lt;table&gt;&lt;/table&gt;&lt;a<sp/>href=&apos;/a&apos;<sp/>style=&apos;top:1px;float:left;opacity:.55;&apos;&gt;a&lt;/a&gt;&lt;input<sp/>type=&apos;checkbox&apos;/&gt;\&quot;;bI=bv.getElementsByTagName(\&quot;*\&quot;);bF=bv.getElementsByTagName(\&quot;a\&quot;)[0];if(!bI||!bI.length||!bF){return{}}bG=av.createElement(\&quot;select\&quot;);bx=bG.appendChild(av.createElement(\&quot;option\&quot;));bE=bv.getElementsByTagName(\&quot;input\&quot;)[0];bJ={leadingWhitespace:(bv.firstChild.nodeType===3),tbody:!bv.getElementsByTagName(\&quot;tbody\&quot;).length,htmlSerialize:!!bv.getElementsByTagName(\&quot;link\&quot;).length,style:/top/.test(bF.getAttribute(\&quot;style\&quot;)),hrefNormalized:(bF.getAttribute(\&quot;href\&quot;)===\&quot;/a\&quot;),opacity:/^0.55/.test(bF.style.opacity),cssFloat:!!bF.style.cssFloat,checkOn:(bE.value===\&quot;on\&quot;),optSelected:bx.selected,getSetAttribute:bv.className!==\&quot;t\&quot;,enctype:!!av.createElement(\&quot;form\&quot;).enctype,html5Clone:av.createElement(\&quot;nav\&quot;).cloneNode(true).outerHTML!==\&quot;&lt;:nav&gt;&lt;/:nav&gt;\&quot;,submitBubbles:true,changeBubbles:true,focusinBubbles:false,deleteExpando:true,noCloneEvent:true,inlineBlockNeedsLayout:false,shrinkWrapBlocks:false,reliableMarginRight:true};bE.checked=true;bJ.noCloneChecked=bE.cloneNode(true).checked;bG.disabled=true;bJ.optDisabled=!bx.disabled;try{delete<sp/>bv.test}catch(bC){bJ.deleteExpando=false}if(!bv.addEventListener&amp;&amp;bv.attachEvent&amp;&amp;bv.fireEvent){bv.attachEvent(\&quot;onclick\&quot;,function(){bJ.noCloneEvent=false});bv.cloneNode(true).fireEvent(\&quot;onclick\&quot;)}bE=av.createElement(\&quot;input\&quot;);bE.value=\&quot;t\&quot;;bE.setAttribute(\&quot;type\&quot;,\&quot;radio\&quot;);bJ.radioValue=bE.value===\&quot;t\&quot;;bE.setAttribute(\&quot;checked\&quot;,\&quot;checked\&quot;);bv.appendChild(bE);bD=av.createDocumentFragment();bD.appendChild(bv.lastChild);bJ.checkClone=bD.cloneNode(true).cloneNode(true).lastChild.checked;bJ.appendChecked=bE.checked;bD.removeChild(bE);bD.appendChild(bv);bv.innerHTML=\&quot;\&quot;;if(bb.getComputedStyle){bA=av.createElement(\&quot;div\&quot;);bA.style.width=\&quot;0\&quot;;bA.style.marginRight=\&quot;0\&quot;;bv.style.width=\&quot;2px\&quot;;bv.appendChild(bA);bJ.reliableMarginRight=(parseInt((bb.getComputedStyle(bA,null)||{marginRight:0}).marginRight,10)||0)===0}if(bv.attachEvent){for(by<sp/>in<sp/>{submit:1,change:1,focusin:1}){bB=\&quot;on\&quot;+by;bw=(bB<sp/>in<sp/>bv);if(!bw){bv.setAttribute(bB,\&quot;return;\&quot;);bw=(typeof<sp/>bv[bB]===\&quot;function\&quot;)}bJ[by+\&quot;Bubbles\&quot;]=bw}}bD.removeChild(bv);bD=bG=bx=bA=bv=bE=null;b(function(){var<sp/>bM,bU,bV,bT,bN,bO,bL,bS,bR,e,bP,bQ=av.getElementsByTagName(\&quot;body\&quot;)[0];if(!bQ){return}bL=1;bS=\&quot;position:absolute;top:0;left:0;width:1px;height:1px;margin:0;\&quot;;bR=\&quot;visibility:hidden;border:0;\&quot;;e=\&quot;style=&apos;\&quot;+bS+\&quot;border:5px<sp/>solid<sp/>#000;padding:0;&apos;\&quot;;bP=\&quot;&lt;div<sp/>\&quot;+e+\&quot;&gt;&lt;div&gt;&lt;/div&gt;&lt;/div&gt;&lt;table<sp/>\&quot;+e+\&quot;<sp/>cellpadding=&apos;0&apos;<sp/>cellspacing=&apos;0&apos;&gt;&lt;tr&gt;&lt;td&gt;&lt;/td&gt;&lt;/tr&gt;&lt;/table&gt;\&quot;;bM=av.createElement(\&quot;div\&quot;);bM.style.cssText=bR+\&quot;width:0;height:0;position:static;top:0;margin-top:\&quot;+bL+\&quot;px\&quot;;bQ.insertBefore(bM,bQ.firstChild);bv=av.createElement(\&quot;div\&quot;);bM.appendChild(bv);bv.innerHTML=\&quot;&lt;table&gt;&lt;tr&gt;&lt;td<sp/>style=&apos;padding:0;border:0;display:none&apos;&gt;&lt;/td&gt;&lt;td&gt;t&lt;/td&gt;&lt;/tr&gt;&lt;/table&gt;\&quot;;bz=bv.getElementsByTagName(\&quot;td\&quot;);bw=(bz[0].offsetHeight===0);bz[0].style.display=\&quot;\&quot;;bz[1].style.display=\&quot;none\&quot;;bJ.reliableHiddenOffsets=bw&amp;&amp;(bz[0].offsetHeight===0);bv.innerHTML=\&quot;\&quot;;bv.style.width=bv.style.paddingLeft=\&quot;1px\&quot;;b.boxModel=bJ.boxModel=bv.offsetWidth===2;if(typeof<sp/>bv.style.zoom!==\&quot;undefined\&quot;){bv.style.display=\&quot;inline\&quot;;bv.style.zoom=1;bJ.inlineBlockNeedsLayout=(bv.offsetWidth===2);bv.style.display=\&quot;\&quot;;bv.innerHTML=\&quot;&lt;div<sp/>style=&apos;width:4px;&apos;&gt;&lt;/div&gt;\&quot;;bJ.shrinkWrapBlocks=(bv.offsetWidth!==2)}bv.style.cssText=bS+bR;bv.innerHTML=bP;bU=bv.firstChild;bV=bU.firstChild;bN=bU.nextSibling.firstChild.firstChild;bO={doesNotAddBorder:(bV.offsetTop!==5),doesAddBorderForTableAndCells:(bN.offsetTop===5)};bV.style.position=\&quot;fixed\&quot;;bV.style.top=\&quot;20px\&quot;;bO.fixedPosition=(bV.offsetTop===20||bV.offsetTop===15);bV.style.position=bV.style.top=\&quot;\&quot;;bU.style.overflow=\&quot;hidden\&quot;;bU.style.position=\&quot;relative\&quot;;bO.subtractsBorderForOverflowNotVisible=(bV.offsetTop===-5);bO.doesNotIncludeMarginInBodyOffset=(bQ.offsetTop!==bL);bQ.removeChild(bM);bv=bM=null;b.extend(bJ,bO)});return<sp/>bJ})();var<sp/>aS=/^(?:\\{.*\\}|\\[.*\\])$/,aA=/([A-Z])/g;b.extend({cache:{},uuid:0,expando:\&quot;jQuery\&quot;+(b.fn.jquery+Math.random()).replace(/\\D/g,\&quot;\&quot;),noData:{embed:true,object:\&quot;clsid:D27CDB6E-AE6D-11cf-96B8-444553540000\&quot;,applet:true},hasData:function(e){e=e.nodeType?b.cache[e[b.expando]]:e[b.expando];return<sp/>!!e&amp;&amp;!S(e)},data:function(bx,bv,bz,by){if(!b.acceptData(bx)){return}var<sp/>bG,bA,bD,bE=b.expando,bC=typeof<sp/>bv===\&quot;string\&quot;,bF=bx.nodeType,e=bF?b.cache:bx,bw=bF?bx[bE]:bx[bE]&amp;&amp;bE,bB=bv===\&quot;events\&quot;;if((!bw||!e[bw]||(!bB&amp;&amp;!by&amp;&amp;!e[bw].data))&amp;&amp;bC&amp;&amp;bz===L){return}if(!bw){if(bF){bx[bE]=bw=++b.uuid}else{bw=bE}}if(!e[bw]){e[bw]={};if(!bF){e[bw].toJSON=b.noop}}if(typeof<sp/>bv===\&quot;object\&quot;||typeof<sp/>bv===\&quot;function\&quot;){if(by){e[bw]=b.extend(e[bw],bv)}else{e[bw].data=b.extend(e[bw].data,bv)}}bG=bA=e[bw];if(!by){if(!bA.data){bA.data={}}bA=bA.data}if(bz!==L){bA[b.camelCase(bv)]=bz}if(bB&amp;&amp;!bA[bv]){return<sp/>bG.events}if(bC){bD=bA[bv];if(bD==null){bD=bA[b.camelCase(bv)]}}else{bD=bA}return<sp/>bD},removeData:function(bx,bv,by){if(!b.acceptData(bx)){return}var<sp/>bB,bA,bz,bC=b.expando,bD=bx.nodeType,e=bD?b.cache:bx,bw=bD?bx[bC]:bC;if(!e[bw]){return}if(bv){bB=by?e[bw]:e[bw].data;if(bB){if(!b.isArray(bv)){if(bv<sp/>in<sp/>bB){bv=[bv]}else{bv=b.camelCase(bv);if(bv<sp/>in<sp/>bB){bv=[bv]}else{bv=bv.split(\&quot;<sp/>\&quot;)}}}for(bA=0,bz=bv.length;bA&lt;bz;bA++){delete<sp/>bB[bv[bA]]}if(!(by?S:b.isEmptyObject)(bB)){return}}}if(!by){delete<sp/>e[bw].data;if(!S(e[bw])){return}}if(b.support.deleteExpando||!e.setInterval){delete<sp/>e[bw]}else{e[bw]=null}if(bD){if(b.support.deleteExpando){delete<sp/>bx[bC]}else{if(bx.removeAttribute){bx.removeAttribute(bC)}else{bx[bC]=null}}}},_data:function(bv,e,bw){return<sp/>b.data(bv,e,bw,true)},acceptData:function(bv){if(bv.nodeName){var<sp/>e=b.noData[bv.nodeName.toLowerCase()];if(e){return<sp/>!(e===true||bv.getAttribute(\&quot;classid\&quot;)!==e)}}return<sp/>true}});b.fn.extend({data:function(by,bA){var<sp/>bB,e,bw,bz=null;if(typeof<sp/>by===\&quot;undefined\&quot;){if(this.length){bz=b.data(this[0]);if(this[0].nodeType===1&amp;&amp;!b._data(this[0],\&quot;parsedAttrs\&quot;)){e=this[0].attributes;for(var<sp/>bx=0,bv=e.length;bx&lt;bv;bx++){bw=e[bx].name;if(bw.indexOf(\&quot;data-\&quot;)===0){bw=b.camelCase(bw.substring(5));a5(this[0],bw,bz[bw])}}b._data(this[0],\&quot;parsedAttrs\&quot;,true)}}return<sp/>bz}else{if(typeof<sp/>by===\&quot;object\&quot;){return<sp/>this.each(function(){b.data(this,by)})}}bB=by.split(\&quot;.\&quot;);bB[1]=bB[1]?\&quot;.\&quot;+bB[1]:\&quot;\&quot;;if(bA===L){bz=this.triggerHandler(\&quot;getData\&quot;+bB[1]+\&quot;!\&quot;,[bB[0]]);if(bz===L&amp;&amp;this.length){bz=b.data(this[0],by);bz=a5(this[0],by,bz)}return<sp/>bz===L&amp;&amp;bB[1]?this.data(bB[0]):bz}else{return<sp/>this.each(function(){var<sp/>bC=b(this),bD=[bB[0],bA];bC.triggerHandler(\&quot;setData\&quot;+bB[1]+\&quot;!\&quot;,bD);b.data(this,by,bA);bC.triggerHandler(\&quot;changeData\&quot;+bB[1]+\&quot;!\&quot;,bD)})}},removeData:function(e){return<sp/>this.each(function(){b.removeData(this,e)})}});function<sp/>a5(bx,bw,by){if(by===L&amp;&amp;bx.nodeType===1){var<sp/>bv=\&quot;data-\&quot;+bw.replace(aA,\&quot;-$1\&quot;).toLowerCase();by=bx.getAttribute(bv);if(typeof<sp/>by===\&quot;string\&quot;){try{by=by===\&quot;true\&quot;?true:by===\&quot;false\&quot;?false:by===\&quot;null\&quot;?null:b.isNumeric(by)?parseFloat(by):aS.test(by)?b.parseJSON(by):by}catch(bz){}b.data(bx,bw,by)}else{by=L}}return<sp/>by}function<sp/>S(bv){for(var<sp/>e<sp/>in<sp/>bv){if(e===\&quot;data\&quot;&amp;&amp;b.isEmptyObject(bv[e])){continue}if(e!==\&quot;toJSON\&quot;){return<sp/>false}}return<sp/>true}function<sp/>bi(by,bx,bA){var<sp/>bw=bx+\&quot;defer\&quot;,bv=bx+\&quot;queue\&quot;,e=bx+\&quot;mark\&quot;,bz=b._data(by,bw);if(bz&amp;&amp;(bA===\&quot;queue\&quot;||!b._data(by,bv))&amp;&amp;(bA===\&quot;mark\&quot;||!b._data(by,e))){setTimeout(function(){if(!b._data(by,bv)&amp;&amp;!b._data(by,e)){b.removeData(by,bw,true);bz.fire()}},0)}}b.extend({_mark:function(bv,e){if(bv){e=(e||\&quot;fx\&quot;)+\&quot;mark\&quot;;b._data(bv,e,(b._data(bv,e)||0)+1)}},_unmark:function(by,bx,bv){if(by!==true){bv=bx;bx=by;by=false}if(bx){bv=bv||\&quot;fx\&quot;;var<sp/>e=bv+\&quot;mark\&quot;,bw=by?0:((b._data(bx,e)||1)-1);if(bw){b._data(bx,e,bw)}else{b.removeData(bx,e,true);bi(bx,bv,\&quot;mark\&quot;)}}},queue:function(bv,e,bx){var<sp/>bw;if(bv){e=(e||\&quot;fx\&quot;)+\&quot;queue\&quot;;bw=b._data(bv,e);if(bx){if(!bw||b.isArray(bx)){bw=b._data(bv,e,b.makeArray(bx))}else{bw.push(bx)}}return<sp/>bw||[]}},dequeue:function(by,bx){bx=bx||\&quot;fx\&quot;;var<sp/>bv=b.queue(by,bx),bw=bv.shift(),e={};if(bw===\&quot;inprogress\&quot;){bw=bv.shift()}if(bw){if(bx===\&quot;fx\&quot;){bv.unshift(\&quot;inprogress\&quot;)}b._data(by,bx+\&quot;.run\&quot;,e);bw.call(by,function(){b.dequeue(by,bx)},e)}if(!bv.length){b.removeData(by,bx+\&quot;queue<sp/>\&quot;+bx+\&quot;.run\&quot;,true);bi(by,bx,\&quot;queue\&quot;)}}});b.fn.extend({queue:function(e,bv){if(typeof<sp/>e!==\&quot;string\&quot;){bv=e;e=\&quot;fx\&quot;}if(bv===L){return<sp/>b.queue(this[0],e)}return<sp/>this.each(function(){var<sp/>bw=b.queue(this,e,bv);if(e===\&quot;fx\&quot;&amp;&amp;bw[0]!==\&quot;inprogress\&quot;){b.dequeue(this,e)}})},dequeue:function(e){return<sp/>this.each(function(){b.dequeue(this,e)})},delay:function(bv,e){bv=b.fx?b.fx.speeds[bv]||bv:bv;e=e||\&quot;fx\&quot;;return<sp/>this.queue(e,function(bx,bw){var<sp/>by=setTimeout(bx,bv);bw.stop=function(){clearTimeout(by)}})},clearQueue:function(e){return<sp/>this.queue(e||\&quot;fx\&quot;,[])},promise:function(bD,bw){if(typeof<sp/>bD!==\&quot;string\&quot;){bw=bD;bD=L}bD=bD||\&quot;fx\&quot;;var<sp/>e=b.Deferred(),bv=this,by=bv.length,bB=1,bz=bD+\&quot;defer\&quot;,bA=bD+\&quot;queue\&quot;,bC=bD+\&quot;mark\&quot;,bx;function<sp/>bE(){if(!(--bB)){e.resolveWith(bv,[bv])}}while(by--){if((bx=b.data(bv[by],bz,L,true)||(b.data(bv[by],bA,L,true)||b.data(bv[by],bC,L,true))&amp;&amp;b.data(bv[by],bz,b.Callbacks(\&quot;once<sp/>memory\&quot;),true))){bB++;bx.add(bE)}}bE();return<sp/>e.promise()}});var<sp/>aP=/[\\n\\t\\r]/g,af=/\\s+/,aU=/\\r/g,g=/^(?:button|input)$/i,D=/^(?:button|input|object|select|textarea)$/i,l=/^a(?:rea)?$/i,ao=/^(?:autofocus|autoplay|async|checked|controls|defer|disabled|hidden|loop|multiple|open|readonly|required|scoped|selected)$/i,F=b.support.getSetAttribute,be,aY,aF;b.fn.extend({attr:function(e,bv){return<sp/>b.access(this,e,bv,true,b.attr)},removeAttr:function(e){return<sp/>this.each(function(){b.removeAttr(this,e)})},prop:function(e,bv){return<sp/>b.access(this,e,bv,true,b.prop)},removeProp:function(e){e=b.propFix[e]||e;return<sp/>this.each(function(){try{this[e]=L;delete<sp/>this[e]}catch(bv){}})},addClass:function(by){var<sp/>bA,bw,bv,bx,bz,bB,e;if(b.isFunction(by)){return<sp/>this.each(function(bC){b(this).addClass(by.call(this,bC,this.className))})}if(by&amp;&amp;typeof<sp/>by===\&quot;string\&quot;){bA=by.split(af);for(bw=0,bv=this.length;bw&lt;bv;bw++){bx=this[bw];if(bx.nodeType===1){if(!bx.className&amp;&amp;bA.length===1){bx.className=by}else{bz=\&quot;<sp/>\&quot;+bx.className+\&quot;<sp/>\&quot;;for(bB=0,e=bA.length;bB&lt;e;bB++){if(!~bz.indexOf(\&quot;<sp/>\&quot;+bA[bB]+\&quot;<sp/>\&quot;)){bz+=bA[bB]+\&quot;<sp/>\&quot;}}bx.className=b.trim(bz)}}}}return<sp/>this},removeClass:function(bz){var<sp/>bA,bw,bv,by,bx,bB,e;if(b.isFunction(bz)){return<sp/>this.each(function(bC){b(this).removeClass(bz.call(this,bC,this.className))})}if((bz&amp;&amp;typeof<sp/>bz===\&quot;string\&quot;)||bz===L){bA=(bz||\&quot;\&quot;).split(af);for(bw=0,bv=this.length;bw&lt;bv;bw++){by=this[bw];if(by.nodeType===1&amp;&amp;by.className){if(bz){bx=(\&quot;<sp/>\&quot;+by.className+\&quot;<sp/>\&quot;).replace(aP,\&quot;<sp/>\&quot;);for(bB=0,e=bA.length;bB&lt;e;bB++){bx=bx.replace(\&quot;<sp/>\&quot;+bA[bB]+\&quot;<sp/>\&quot;,\&quot;<sp/>\&quot;)}by.className=b.trim(bx)}else{by.className=\&quot;\&quot;}}}}return<sp/>this},toggleClass:function(bx,bv){var<sp/>bw=typeof<sp/>bx,e=typeof<sp/>bv===\&quot;boolean\&quot;;if(b.isFunction(bx)){return<sp/>this.each(function(by){b(this).toggleClass(bx.call(this,by,this.className,bv),bv)})}return<sp/>this.each(function(){if(bw===\&quot;string\&quot;){var<sp/>bA,bz=0,by=b(this),bB=bv,bC=bx.split(af);while((bA=bC[bz++])){bB=e?bB:!by.hasClass(bA);by[bB?\&quot;addClass\&quot;:\&quot;removeClass\&quot;](bA)}}else{if(bw===\&quot;undefined\&quot;||bw===\&quot;boolean\&quot;){if(this.className){b._data(this,\&quot;__className__\&quot;,this.className)}this.className=this.className||bx===false?\&quot;\&quot;:b._data(this,\&quot;__className__\&quot;)||\&quot;\&quot;}}})},hasClass:function(e){var<sp/>bx=\&quot;<sp/>\&quot;+e+\&quot;<sp/>\&quot;,bw=0,bv=this.length;for(;bw&lt;bv;bw++){if(this[bw].nodeType===1&amp;&amp;(\&quot;<sp/>\&quot;+this[bw].className+\&quot;<sp/>\&quot;).replace(aP,\&quot;<sp/>\&quot;).indexOf(bx)&gt;-1){return<sp/>true}}return<sp/>false},val:function(bx){var<sp/>e,bv,by,bw=this[0];if(!arguments.length){if(bw){e=b.valHooks[bw.nodeName.toLowerCase()]||b.valHooks[bw.type];if(e&amp;&amp;\&quot;get\&quot;<sp/>in<sp/>e&amp;&amp;(bv=e.get(bw,\&quot;value\&quot;))!==L){return<sp/>bv}bv=bw.value;return<sp/>typeof<sp/>bv===\&quot;string\&quot;?bv.replace(aU,\&quot;\&quot;):bv==null?\&quot;\&quot;:bv}return}by=b.isFunction(bx);return<sp/>this.each(function(bA){var<sp/>bz=b(this),bB;if(this.nodeType!==1){return}if(by){bB=bx.call(this,bA,bz.val())}else{bB=bx}if(bB==null){bB=\&quot;\&quot;}else{if(typeof<sp/>bB===\&quot;number\&quot;){bB+=\&quot;\&quot;}else{if(b.isArray(bB)){bB=b.map(bB,function(bC){return<sp/>bC==null?\&quot;\&quot;:bC+\&quot;\&quot;})}}}e=b.valHooks[this.nodeName.toLowerCase()]||b.valHooks[this.type];if(!e||!(\&quot;set\&quot;<sp/>in<sp/>e)||e.set(this,bB,\&quot;value\&quot;)===L){this.value=bB}})}});b.extend({valHooks:{option:{get:function(e){var<sp/>bv=e.attributes.value;return<sp/>!bv||bv.specified?e.value:e.text}},select:{get:function(e){var<sp/>bA,bv,bz,bx,by=e.selectedIndex,bB=[],bC=e.options,bw=e.type===\&quot;select-one\&quot;;if(by&lt;0){return<sp/>null}bv=bw?by:0;bz=bw?by+1:bC.length;for(;bv&lt;bz;bv++){bx=bC[bv];if(bx.selected&amp;&amp;(b.support.optDisabled?!bx.disabled:bx.getAttribute(\&quot;disabled\&quot;)===null)&amp;&amp;(!bx.parentNode.disabled||!b.nodeName(bx.parentNode,\&quot;optgroup\&quot;))){bA=b(bx).val();if(bw){return<sp/>bA}bB.push(bA)}}if(bw&amp;&amp;!bB.length&amp;&amp;bC.length){return<sp/>b(bC[by]).val()}return<sp/>bB},set:function(bv,bw){var<sp/>e=b.makeArray(bw);b(bv).find(\&quot;option\&quot;).each(function(){this.selected=b.inArray(b(this).val(),e)&gt;=0});if(!e.length){bv.selectedIndex=-1}return<sp/>e}}},attrFn:{val:true,css:true,html:true,text:true,data:true,width:true,height:true,offset:true},attr:function(bA,bx,bB,bz){var<sp/>bw,e,by,bv=bA.nodeType;\n&quot;</highlight><highlight class="normal"></highlight></codeline>
<codeline lineno="18"><highlight class="normal"></highlight><highlight class="stringliteral">&quot;if(!bA||bv===3||bv===8||bv===2){return}if(bz&amp;&amp;bx<sp/>in<sp/>b.attrFn){return<sp/>b(bA)[bx](bB)}if(typeof<sp/>bA.getAttribute===\&quot;undefined\&quot;){return<sp/>b.prop(bA,bx,bB)}by=bv!==1||!b.isXMLDoc(bA);if(by){bx=bx.toLowerCase();e=b.attrHooks[bx]||(ao.test(bx)?aY:be)}if(bB!==L){if(bB===null){b.removeAttr(bA,bx);return}else{if(e&amp;&amp;\&quot;set\&quot;<sp/>in<sp/>e&amp;&amp;by&amp;&amp;(bw=e.set(bA,bB,bx))!==L){return<sp/>bw}else{bA.setAttribute(bx,\&quot;\&quot;+bB);return<sp/>bB}}}else{if(e&amp;&amp;\&quot;get\&quot;<sp/>in<sp/>e&amp;&amp;by&amp;&amp;(bw=e.get(bA,bx))!==null){return<sp/>bw}else{bw=bA.getAttribute(bx);return<sp/>bw===null?L:bw}}},removeAttr:function(bx,bz){var<sp/>by,bA,bv,e,bw=0;if(bz&amp;&amp;bx.nodeType===1){bA=bz.toLowerCase().split(af);e=bA.length;for(;bw&lt;e;bw++){bv=bA[bw];if(bv){by=b.propFix[bv]||bv;b.attr(bx,bv,\&quot;\&quot;);bx.removeAttribute(F?bv:by);if(ao.test(bv)&amp;&amp;by<sp/>in<sp/>bx){bx[by]=false}}}}},attrHooks:{type:{set:function(e,bv){if(g.test(e.nodeName)&amp;&amp;e.parentNode){b.error(\&quot;type<sp/>property<sp/>can&apos;t<sp/>be<sp/>changed\&quot;)}else{if(!b.support.radioValue&amp;&amp;bv===\&quot;radio\&quot;&amp;&amp;b.nodeName(e,\&quot;input\&quot;)){var<sp/>bw=e.value;e.setAttribute(\&quot;type\&quot;,bv);if(bw){e.value=bw}return<sp/>bv}}}},value:{get:function(bv,e){if(be&amp;&amp;b.nodeName(bv,\&quot;button\&quot;)){return<sp/>be.get(bv,e)}return<sp/>e<sp/>in<sp/>bv?bv.value:null},set:function(bv,bw,e){if(be&amp;&amp;b.nodeName(bv,\&quot;button\&quot;)){return<sp/>be.set(bv,bw,e)}bv.value=bw}}},propFix:{tabindex:\&quot;tabIndex\&quot;,readonly:\&quot;readOnly\&quot;,\&quot;for\&quot;:\&quot;htmlFor\&quot;,\&quot;class\&quot;:\&quot;className\&quot;,maxlength:\&quot;maxLength\&quot;,cellspacing:\&quot;cellSpacing\&quot;,cellpadding:\&quot;cellPadding\&quot;,rowspan:\&quot;rowSpan\&quot;,colspan:\&quot;colSpan\&quot;,usemap:\&quot;useMap\&quot;,frameborder:\&quot;frameBorder\&quot;,contenteditable:\&quot;contentEditable\&quot;},prop:function(bz,bx,bA){var<sp/>bw,e,by,bv=bz.nodeType;if(!bz||bv===3||bv===8||bv===2){return}by=bv!==1||!b.isXMLDoc(bz);if(by){bx=b.propFix[bx]||bx;e=b.propHooks[bx]}if(bA!==L){if(e&amp;&amp;\&quot;set\&quot;<sp/>in<sp/>e&amp;&amp;(bw=e.set(bz,bA,bx))!==L){return<sp/>bw}else{return(bz[bx]=bA)}}else{if(e&amp;&amp;\&quot;get\&quot;<sp/>in<sp/>e&amp;&amp;(bw=e.get(bz,bx))!==null){return<sp/>bw}else{return<sp/>bz[bx]}}},propHooks:{tabIndex:{get:function(bv){var<sp/>e=bv.getAttributeNode(\&quot;tabindex\&quot;);return<sp/>e&amp;&amp;e.specified?parseInt(e.value,10):D.test(bv.nodeName)||l.test(bv.nodeName)&amp;&amp;bv.href?0:L}}}});b.attrHooks.tabindex=b.propHooks.tabIndex;aY={get:function(bv,e){var<sp/>bx,bw=b.prop(bv,e);return<sp/>bw===true||typeof<sp/>bw!==\&quot;boolean\&quot;&amp;&amp;(bx=bv.getAttributeNode(e))&amp;&amp;bx.nodeValue!==false?e.toLowerCase():L},set:function(bv,bx,e){var<sp/>bw;if(bx===false){b.removeAttr(bv,e)}else{bw=b.propFix[e]||e;if(bw<sp/>in<sp/>bv){bv[bw]=true}bv.setAttribute(e,e.toLowerCase())}return<sp/>e}};if(!F){aF={name:true,id:true};be=b.valHooks.button={get:function(bw,bv){var<sp/>e;e=bw.getAttributeNode(bv);return<sp/>e&amp;&amp;(aF[bv]?e.nodeValue!==\&quot;\&quot;:e.specified)?e.nodeValue:L},set:function(bw,bx,bv){var<sp/>e=bw.getAttributeNode(bv);if(!e){e=av.createAttribute(bv);bw.setAttributeNode(e)}return(e.nodeValue=bx+\&quot;\&quot;)}};b.attrHooks.tabindex.set=be.set;b.each([\&quot;width\&quot;,\&quot;height\&quot;],function(bv,e){b.attrHooks[e]=b.extend(b.attrHooks[e],{set:function(bw,bx){if(bx===\&quot;\&quot;){bw.setAttribute(e,\&quot;auto\&quot;);return<sp/>bx}}})});b.attrHooks.contenteditable={get:be.get,set:function(bv,bw,e){if(bw===\&quot;\&quot;){bw=\&quot;false\&quot;}be.set(bv,bw,e)}}}if(!b.support.hrefNormalized){b.each([\&quot;href\&quot;,\&quot;src\&quot;,\&quot;width\&quot;,\&quot;height\&quot;],function(bv,e){b.attrHooks[e]=b.extend(b.attrHooks[e],{get:function(bx){var<sp/>bw=bx.getAttribute(e,2);return<sp/>bw===null?L:bw}})})}if(!b.support.style){b.attrHooks.style={get:function(e){return<sp/>e.style.cssText.toLowerCase()||L},set:function(e,bv){return(e.style.cssText=\&quot;\&quot;+bv)}}}if(!b.support.optSelected){b.propHooks.selected=b.extend(b.propHooks.selected,{get:function(bv){var<sp/>e=bv.parentNode;if(e){e.selectedIndex;if(e.parentNode){e.parentNode.selectedIndex}}return<sp/>null}})}if(!b.support.enctype){b.propFix.enctype=\&quot;encoding\&quot;}if(!b.support.checkOn){b.each([\&quot;radio\&quot;,\&quot;checkbox\&quot;],function(){b.valHooks[this]={get:function(e){return<sp/>e.getAttribute(\&quot;value\&quot;)===null?\&quot;on\&quot;:e.value}}})}b.each([\&quot;radio\&quot;,\&quot;checkbox\&quot;],function(){b.valHooks[this]=b.extend(b.valHooks[this],{set:function(e,bv){if(b.isArray(bv)){return(e.checked=b.inArray(b(e).val(),bv)&gt;=0)}}})});var<sp/>bd=/^(?:textarea|input|select)$/i,n=/^([^\\.]*)?(?:\\.(.+))?$/,J=/\\bhover(\\.\\S+)?\\b/,aO=/^key/,bf=/^(?:mouse|contextmenu)|click/,T=/^(?:focusinfocus|focusoutblur)$/,U=/^(\\w*)(?:#([\\w\\-]+))?(?:\\.([\\w\\-]+))?$/,Y=function(e){var<sp/>bv=U.exec(e);if(bv){bv[1]=(bv[1]||\&quot;\&quot;).toLowerCase();bv[3]=bv[3]&amp;&amp;new<sp/>RegExp(\&quot;(?:^|\\\\s)\&quot;+bv[3]+\&quot;(?:\\\\s|$)\&quot;)}return<sp/>bv},j=function(bw,e){var<sp/>bv=bw.attributes||{};return((!e[1]||bw.nodeName.toLowerCase()===e[1])&amp;&amp;(!e[2]||(bv.id||{}).value===e[2])&amp;&amp;(!e[3]||e[3].test((bv[\&quot;class\&quot;]||{}).value)))},bt=function(e){return<sp/>b.event.special.hover?e:e.replace(J,\&quot;mouseenter$1<sp/>mouseleave$1\&quot;)};b.event={add:function(bx,bC,bJ,bA,by){var<sp/>bD,bB,bK,bI,bH,bF,e,bG,bv,bz,bw,bE;if(bx.nodeType===3||bx.nodeType===8||!bC||!bJ||!(bD=b._data(bx))){return}if(bJ.handler){bv=bJ;bJ=bv.handler}if(!bJ.guid){bJ.guid=b.guid++}bK=bD.events;if(!bK){bD.events=bK={}}bB=bD.handle;if(!bB){bD.handle=bB=function(bL){return<sp/>typeof<sp/>b!==\&quot;undefined\&quot;&amp;&amp;(!bL||b.event.triggered!==bL.type)?b.event.dispatch.apply(bB.elem,arguments):L};bB.elem=bx}bC=b.trim(bt(bC)).split(\&quot;<sp/>\&quot;);for(bI=0;bI&lt;bC.length;bI++){bH=n.exec(bC[bI])||[];bF=bH[1];e=(bH[2]||\&quot;\&quot;).split(\&quot;.\&quot;).sort();bE=b.event.special[bF]||{};bF=(by?bE.delegateType:bE.bindType)||bF;bE=b.event.special[bF]||{};bG=b.extend({type:bF,origType:bH[1],data:bA,handler:bJ,guid:bJ.guid,selector:by,quick:Y(by),namespace:e.join(\&quot;.\&quot;)},bv);bw=bK[bF];if(!bw){bw=bK[bF]=[];bw.delegateCount=0;if(!bE.setup||bE.setup.call(bx,bA,e,bB)===false){if(bx.addEventListener){bx.addEventListener(bF,bB,false)}else{if(bx.attachEvent){bx.attachEvent(\&quot;on\&quot;+bF,bB)}}}}if(bE.add){bE.add.call(bx,bG);if(!bG.handler.guid){bG.handler.guid=bJ.guid}}if(by){bw.splice(bw.delegateCount++,0,bG)}else{bw.push(bG)}b.event.global[bF]=true}bx=null},global:{},remove:function(bJ,bE,bv,bH,bB){var<sp/>bI=b.hasData(bJ)&amp;&amp;b._data(bJ),bF,bx,bz,bL,bC,bA,bG,bw,by,bK,bD,e;if(!bI||!(bw=bI.events)){return}bE=b.trim(bt(bE||\&quot;\&quot;)).split(\&quot;<sp/>\&quot;);for(bF=0;bF&lt;bE.length;bF++){bx=n.exec(bE[bF])||[];bz=bL=bx[1];bC=bx[2];if(!bz){for(bz<sp/>in<sp/>bw){b.event.remove(bJ,bz+bE[bF],bv,bH,true)}continue}by=b.event.special[bz]||{};bz=(bH?by.delegateType:by.bindType)||bz;bD=bw[bz]||[];bA=bD.length;bC=bC?new<sp/>RegExp(\&quot;(^|\\\\.)\&quot;+bC.split(\&quot;.\&quot;).sort().join(\&quot;\\\\.(?:.*\\\\.)?\&quot;)+\&quot;(\\\\.|$)\&quot;):null;for(bG=0;bG&lt;bD.length;bG++){e=bD[bG];if((bB||bL===e.origType)&amp;&amp;(!bv||bv.guid===e.guid)&amp;&amp;(!bC||bC.test(e.namespace))&amp;&amp;(!bH||bH===e.selector||bH===\&quot;**\&quot;&amp;&amp;e.selector)){bD.splice(bG--,1);if(e.selector){bD.delegateCount--}if(by.remove){by.remove.call(bJ,e)}}}if(bD.length===0&amp;&amp;bA!==bD.length){if(!by.teardown||by.teardown.call(bJ,bC)===false){b.removeEvent(bJ,bz,bI.handle)}delete<sp/>bw[bz]}}if(b.isEmptyObject(bw)){bK=bI.handle;if(bK){bK.elem=null}b.removeData(bJ,[\&quot;events\&quot;,\&quot;handle\&quot;],true)}},customEvent:{getData:true,setData:true,changeData:true},trigger:function(bv,bD,bA,bJ){if(bA&amp;&amp;(bA.nodeType===3||bA.nodeType===8)){return}var<sp/>bG=bv.type||bv,bx=[],e,bw,bC,bH,bz,by,bF,bE,bB,bI;if(T.test(bG+b.event.triggered)){return}if(bG.indexOf(\&quot;!\&quot;)&gt;=0){bG=bG.slice(0,-1);bw=true}if(bG.indexOf(\&quot;.\&quot;)&gt;=0){bx=bG.split(\&quot;.\&quot;);bG=bx.shift();bx.sort()}if((!bA||b.event.customEvent[bG])&amp;&amp;!b.event.global[bG]){return}bv=typeof<sp/>bv===\&quot;object\&quot;?bv[b.expando]?bv:new<sp/>b.Event(bG,bv):new<sp/>b.Event(bG);bv.type=bG;bv.isTrigger=true;bv.exclusive=bw;bv.namespace=bx.join(\&quot;.\&quot;);bv.namespace_re=bv.namespace?new<sp/>RegExp(\&quot;(^|\\\\.)\&quot;+bx.join(\&quot;\\\\.(?:.*\\\\.)?\&quot;)+\&quot;(\\\\.|$)\&quot;):null;by=bG.indexOf(\&quot;:\&quot;)&lt;0?\&quot;on\&quot;+bG:\&quot;\&quot;;if(!bA){e=b.cache;for(bC<sp/>in<sp/>e){if(e[bC].events&amp;&amp;e[bC].events[bG]){b.event.trigger(bv,bD,e[bC].handle.elem,true)}}return}bv.result=L;if(!bv.target){bv.target=bA}bD=bD!=null?b.makeArray(bD):[];bD.unshift(bv);bF=b.event.special[bG]||{};if(bF.trigger&amp;&amp;bF.trigger.apply(bA,bD)===false){return}bB=[[bA,bF.bindType||bG]];if(!bJ&amp;&amp;!bF.noBubble&amp;&amp;!b.isWindow(bA)){bI=bF.delegateType||bG;bH=T.test(bI+bG)?bA:bA.parentNode;bz=null;for(;bH;bH=bH.parentNode){bB.push([bH,bI]);bz=bH}if(bz&amp;&amp;bz===bA.ownerDocument){bB.push([bz.defaultView||bz.parentWindow||bb,bI])}}for(bC=0;bC&lt;bB.length&amp;&amp;!bv.isPropagationStopped();bC++){bH=bB[bC][0];bv.type=bB[bC][1];bE=(b._data(bH,\&quot;events\&quot;)||{})[bv.type]&amp;&amp;b._data(bH,\&quot;handle\&quot;);if(bE){bE.apply(bH,bD)}bE=by&amp;&amp;bH[by];if(bE&amp;&amp;b.acceptData(bH)&amp;&amp;bE.apply(bH,bD)===false){bv.preventDefault()}}bv.type=bG;if(!bJ&amp;&amp;!bv.isDefaultPrevented()){if((!bF._default||bF._default.apply(bA.ownerDocument,bD)===false)&amp;&amp;!(bG===\&quot;click\&quot;&amp;&amp;b.nodeName(bA,\&quot;a\&quot;))&amp;&amp;b.acceptData(bA)){if(by&amp;&amp;bA[bG]&amp;&amp;((bG!==\&quot;focus\&quot;&amp;&amp;bG!==\&quot;blur\&quot;)||bv.target.offsetWidth!==0)&amp;&amp;!b.isWindow(bA)){bz=bA[by];if(bz){bA[by]=null}b.event.triggered=bG;bA[bG]();b.event.triggered=L;if(bz){bA[by]=bz}}}}return<sp/>bv.result},dispatch:function(e){e=b.event.fix(e||bb.event);var<sp/>bz=((b._data(this,\&quot;events\&quot;)||{})[e.type]||[]),bA=bz.delegateCount,bG=[].slice.call(arguments,0),by=!e.exclusive&amp;&amp;!e.namespace,bH=[],bC,bB,bK,bx,bF,bE,bv,bD,bI,bw,bJ;bG[0]=e;e.delegateTarget=this;if(bA&amp;&amp;!e.target.disabled&amp;&amp;!(e.button&amp;&amp;e.type===\&quot;click\&quot;)){bx=b(this);bx.context=this.ownerDocument||this;for(bK=e.target;bK!=this;bK=bK.parentNode||this){bE={};bD=[];bx[0]=bK;for(bC=0;bC&lt;bA;bC++){bI=bz[bC];bw=bI.selector;if(bE[bw]===L){bE[bw]=(bI.quick?j(bK,bI.quick):bx.is(bw))}if(bE[bw]){bD.push(bI)}}if(bD.length){bH.push({elem:bK,matches:bD})}}}if(bz.length&gt;bA){bH.push({elem:this,matches:bz.slice(bA)})}for(bC=0;bC&lt;bH.length&amp;&amp;!e.isPropagationStopped();bC++){bv=bH[bC];e.currentTarget=bv.elem;for(bB=0;bB&lt;bv.matches.length&amp;&amp;!e.isImmediatePropagationStopped();bB++){bI=bv.matches[bB];if(by||(!e.namespace&amp;&amp;!bI.namespace)||e.namespace_re&amp;&amp;e.namespace_re.test(bI.namespace)){e.data=bI.data;e.handleObj=bI;bF=((b.event.special[bI.origType]||{}).handle||bI.handler).apply(bv.elem,bG);if(bF!==L){e.result=bF;if(bF===false){e.preventDefault();e.stopPropagation()}}}}}return<sp/>e.result},props:\&quot;attrChange<sp/>attrName<sp/>relatedNode<sp/>srcElement<sp/>altKey<sp/>bubbles<sp/>cancelable<sp/>ctrlKey<sp/>currentTarget<sp/>eventPhase<sp/>metaKey<sp/>relatedTarget<sp/>shiftKey<sp/>target<sp/>timeStamp<sp/>view<sp/>which\&quot;.split(\&quot;<sp/>\&quot;),fixHooks:{},keyHooks:{props:\&quot;char<sp/>charCode<sp/>key<sp/>keyCode\&quot;.split(\&quot;<sp/>\&quot;),filter:function(bv,e){if(bv.which==null){bv.which=e.charCode!=null?e.charCode:e.keyCode}return<sp/>bv}},mouseHooks:{props:\&quot;button<sp/>buttons<sp/>clientX<sp/>clientY<sp/>fromElement<sp/>offsetX<sp/>offsetY<sp/>pageX<sp/>pageY<sp/>screenX<sp/>screenY<sp/>toElement\&quot;.split(\&quot;<sp/>\&quot;),filter:function(bx,bw){var<sp/>by,bz,e,bv=bw.button,bA=bw.fromElement;if(bx.pageX==null&amp;&amp;bw.clientX!=null){by=bx.target.ownerDocument||av;bz=by.documentElement;e=by.body;bx.pageX=bw.clientX+(bz&amp;&amp;bz.scrollLeft||e&amp;&amp;e.scrollLeft||0)-(bz&amp;&amp;bz.clientLeft||e&amp;&amp;e.clientLeft||0);bx.pageY=bw.clientY+(bz&amp;&amp;bz.scrollTop||e&amp;&amp;e.scrollTop||0)-(bz&amp;&amp;bz.clientTop||e&amp;&amp;e.clientTop||0)}if(!bx.relatedTarget&amp;&amp;bA){bx.relatedTarget=bA===bx.target?bw.toElement:bA}if(!bx.which&amp;&amp;bv!==L){bx.which=(bv&amp;1?1:(bv&amp;2?3:(bv&amp;4?2:0)))}return<sp/>bx}},fix:function(bw){if(bw[b.expando]){return<sp/>bw}var<sp/>bv,bz,e=bw,bx=b.event.fixHooks[bw.type]||{},by=bx.props?this.props.concat(bx.props):this.props;bw=b.Event(e);for(bv=by.length;bv;){bz=by[--bv];bw[bz]=e[bz]}if(!bw.target){bw.target=e.srcElement||av}if(bw.target.nodeType===3){bw.target=bw.target.parentNode}if(bw.metaKey===L){bw.metaKey=bw.ctrlKey}return<sp/>bx.filter?bx.filter(bw,e):bw},special:{ready:{setup:b.bindReady},load:{noBubble:true},focus:{delegateType:\&quot;focusin\&quot;},blur:{delegateType:\&quot;focusout\&quot;},beforeunload:{setup:function(bw,bv,e){if(b.isWindow(this)){this.onbeforeunload=e}},teardown:function(bv,e){if(this.onbeforeunload===e){this.onbeforeunload=null}}}},simulate:function(bw,by,bx,bv){var<sp/>bz=b.extend(new<sp/>b.Event(),bx,{type:bw,isSimulated:true,originalEvent:{}});if(bv){b.event.trigger(bz,null,by)}else{b.event.dispatch.call(by,bz)}if(bz.isDefaultPrevented()){bx.preventDefault()}}};b.event.handle=b.event.dispatch;b.removeEvent=av.removeEventListener?function(bv,e,bw){if(bv.removeEventListener){bv.removeEventListener(e,bw,false)}}:function(bv,e,bw){if(bv.detachEvent){bv.detachEvent(\&quot;on\&quot;+e,bw)}};b.Event=function(bv,e){if(!(this<sp/>instanceof<sp/>b.Event)){return<sp/>new<sp/>b.Event(bv,e)}if(bv&amp;&amp;bv.type){this.originalEvent=bv;this.type=bv.type;this.isDefaultPrevented=(bv.defaultPrevented||bv.returnValue===false||bv.getPreventDefault&amp;&amp;bv.getPreventDefault())?i:bk}else{this.type=bv}if(e){b.extend(this,e)}this.timeStamp=bv&amp;&amp;bv.timeStamp||b.now();this[b.expando]=true};function<sp/>bk(){return<sp/>false}function<sp/>i(){return<sp/>true}b.Event.prototype={preventDefault:function(){this.isDefaultPrevented=i;var<sp/>bv=this.originalEvent;if(!bv){return}if(bv.preventDefault){bv.preventDefault()}else{bv.returnValue=false}},stopPropagation:function(){this.isPropagationStopped=i;var<sp/>bv=this.originalEvent;if(!bv){return}if(bv.stopPropagation){bv.stopPropagation()}bv.cancelBubble=true},stopImmediatePropagation:function(){this.isImmediatePropagationStopped=i;this.stopPropagation()},isDefaultPrevented:bk,isPropagationStopped:bk,isImmediatePropagationStopped:bk};b.each({mouseenter:\&quot;mouseover\&quot;,mouseleave:\&quot;mouseout\&quot;},function(bv,e){b.event.special[bv]={delegateType:e,bindType:e,handle:function(bz){var<sp/>bB=this,bA=bz.relatedTarget,by=bz.handleObj,bw=by.selector,bx;if(!bA||(bA!==bB&amp;&amp;!b.contains(bB,bA))){bz.type=by.origType;bx=by.handler.apply(this,arguments);bz.type=e}return<sp/>bx}}});if(!b.support.submitBubbles){b.event.special.submit={setup:function(){if(b.nodeName(this,\&quot;form\&quot;)){return<sp/>false\n&quot;</highlight><highlight class="normal"></highlight></codeline>
    </programlisting>
    <location file="C:/Users/Mat/Projects/doxygraph/examples/doxygen-1.8.4/src/jquery_p1_js.h"/>
  </compounddef>
</doxygen>
