<?xml version='1.0' encoding='UTF-8' standalone='no'?>
<doxygen xmlns:xsi="http://www.w3.org/2001/XMLSchema-instance" xsi:noNamespaceSchemaLocation="compound.xsd" version="1.8.2">
  <compounddef id="df/d11/class_member_group_list" kind="class" prot="public">
    <compoundname>MemberGroupList</compoundname>
    <basecompoundref refid="db/daa/class_q_list" prot="public" virt="non-virtual">QList&lt; MemberGroup &gt;</basecompoundref>
    <includes refid="d9/d11/membergroup_8h" local="no">membergroup.h</includes>
    <briefdescription>
<para>A list of <ref refid="da/d32/class_member_group" kindref="compound">MemberGroup</ref> objects. </para>    </briefdescription>
    <detaileddescription>
    </detaileddescription>
    <inheritancegraph>
      <node id="3739">
        <label>QList&lt; MemberGroup &gt;</label>
        <link refid="db/daa/class_q_list"/>
      </node>
      <node id="3738">
        <label>MemberGroupList</label>
        <link refid="df/d11/class_member_group_list"/>
        <childnode refid="3739" relation="public-inheritance">
        </childnode>
      </node>
    </inheritancegraph>
    <collaborationgraph>
      <node id="3741">
        <label>QList&lt; MemberGroup &gt;</label>
        <link refid="db/daa/class_q_list"/>
      </node>
      <node id="3740">
        <label>MemberGroupList</label>
        <link refid="df/d11/class_member_group_list"/>
        <childnode refid="3741" relation="public-inheritance">
        </childnode>
      </node>
    </collaborationgraph>
    <location file="C:/Users/Mat/Projects/doxygraph/examples/doxygen-1.8.4/src/membergroup.h" line="111" bodyfile="C:/Users/Mat/Projects/doxygraph/examples/doxygen-1.8.4/src/membergroup.h" bodystart="110" bodyend="112"/>
    <listofallmembers>
    </listofallmembers>
  </compounddef>
</doxygen>
