<?xml version='1.0' encoding='UTF-8' standalone='no'?>
<doxygen xmlns:xsi="http://www.w3.org/2001/XMLSchema-instance" xsi:noNamespaceSchemaLocation="compound.xsd" version="1.8.2">
  <compounddef id="da/d46/struct_link_ref" kind="struct" prot="public">
    <compoundname>LinkRef</compoundname>
      <sectiondef kind="public-attrib">
      <memberdef kind="variable" id="da/d46/struct_link_ref_1a7753b92d513129453ff61aef22e9e16f" prot="public" static="no" mutable="no">
        <type>QCString</type>
        <definition>QCString LinkRef::link</definition>
        <argsstring></argsstring>
        <name>link</name>
        <briefdescription>
        </briefdescription>
        <detaileddescription>
        </detaileddescription>
        <inbodydescription>
        </inbodydescription>
        <location file="C:/Users/Mat/Projects/doxygraph/examples/doxygen-1.8.4/src/markdown.cpp" line="78" bodyfile="C:/Users/Mat/Projects/doxygraph/examples/doxygen-1.8.4/src/markdown.cpp" bodystart="78" bodyend="-1"/>
      </memberdef>
      <memberdef kind="variable" id="da/d46/struct_link_ref_1ae4e9faaf86404c38b23a6deaea875e33" prot="public" static="no" mutable="no">
        <type>QCString</type>
        <definition>QCString LinkRef::title</definition>
        <argsstring></argsstring>
        <name>title</name>
        <briefdescription>
        </briefdescription>
        <detaileddescription>
        </detaileddescription>
        <inbodydescription>
        </inbodydescription>
        <location file="C:/Users/Mat/Projects/doxygraph/examples/doxygen-1.8.4/src/markdown.cpp" line="79" bodyfile="C:/Users/Mat/Projects/doxygraph/examples/doxygen-1.8.4/src/markdown.cpp" bodystart="79" bodyend="-1"/>
      </memberdef>
      </sectiondef>
      <sectiondef kind="public-func">
      <memberdef kind="function" id="da/d46/struct_link_ref_1a85268dc2649bc7716a29c36a664f7641" prot="public" static="no" const="no" explicit="no" inline="yes" virt="non-virtual">
        <type></type>
        <definition>LinkRef::LinkRef</definition>
        <argsstring>(const QCString &amp;l, const QCString &amp;t)</argsstring>
        <name>LinkRef</name>
        <param>
          <type>const QCString &amp;</type>
          <declname>l</declname>
        </param>
        <param>
          <type>const QCString &amp;</type>
          <declname>t</declname>
        </param>
        <briefdescription>
        </briefdescription>
        <detaileddescription>
        </detaileddescription>
        <inbodydescription>
        </inbodydescription>
        <location file="C:/Users/Mat/Projects/doxygraph/examples/doxygen-1.8.4/src/markdown.cpp" line="77" bodyfile="C:/Users/Mat/Projects/doxygraph/examples/doxygen-1.8.4/src/markdown.cpp" bodystart="77" bodyend="77"/>
      </memberdef>
      </sectiondef>
    <briefdescription>
    </briefdescription>
    <detaileddescription>
    </detaileddescription>
    <location file="C:/Users/Mat/Projects/doxygraph/examples/doxygen-1.8.4/src/markdown.cpp" line="76" bodyfile="C:/Users/Mat/Projects/doxygraph/examples/doxygen-1.8.4/src/markdown.cpp" bodystart="75" bodyend="80"/>
    <listofallmembers>
      <member refid="da/d46/struct_link_ref_1a7753b92d513129453ff61aef22e9e16f" prot="public" virt="non-virtual"><scope>LinkRef</scope><name>link</name></member>
      <member refid="da/d46/struct_link_ref_1a85268dc2649bc7716a29c36a664f7641" prot="public" virt="non-virtual"><scope>LinkRef</scope><name>LinkRef</name></member>
      <member refid="da/d46/struct_link_ref_1ae4e9faaf86404c38b23a6deaea875e33" prot="public" virt="non-virtual"><scope>LinkRef</scope><name>title</name></member>
    </listofallmembers>
  </compounddef>
</doxygen>
