<?xml version='1.0' encoding='UTF-8' standalone='no'?>
<doxygen xmlns:xsi="http://www.w3.org/2001/XMLSchema-instance" xsi:noNamespaceSchemaLocation="compound.xsd" version="1.8.2">
  <compounddef id="d1/db6/class_tag_include_info" kind="class" prot="public">
    <compoundname>TagIncludeInfo</compoundname>
      <sectiondef kind="public-attrib">
      <memberdef kind="variable" id="d1/db6/class_tag_include_info_1aae780b8503cb519554b16f9d767c4e38" prot="public" static="no" mutable="no">
        <type>QCString</type>
        <definition>QCString TagIncludeInfo::id</definition>
        <argsstring></argsstring>
        <name>id</name>
        <briefdescription>
        </briefdescription>
        <detaileddescription>
        </detaileddescription>
        <inbodydescription>
        </inbodydescription>
        <location file="C:/Users/Mat/Projects/doxygraph/examples/doxygen-1.8.4/src/tagreader.cpp" line="131" bodyfile="C:/Users/Mat/Projects/doxygraph/examples/doxygen-1.8.4/src/tagreader.cpp" bodystart="131" bodyend="-1"/>
      </memberdef>
      <memberdef kind="variable" id="d1/db6/class_tag_include_info_1a60a7cf6f8fe2465630b5fbead1bcf44d" prot="public" static="no" mutable="no">
        <type>QCString</type>
        <definition>QCString TagIncludeInfo::name</definition>
        <argsstring></argsstring>
        <name>name</name>
        <briefdescription>
        </briefdescription>
        <detaileddescription>
        </detaileddescription>
        <inbodydescription>
        </inbodydescription>
        <location file="C:/Users/Mat/Projects/doxygraph/examples/doxygen-1.8.4/src/tagreader.cpp" line="132" bodyfile="C:/Users/Mat/Projects/doxygraph/examples/doxygen-1.8.4/src/tagreader.cpp" bodystart="132" bodyend="-1"/>
      </memberdef>
      <memberdef kind="variable" id="d1/db6/class_tag_include_info_1ae282ee1c7897b57c6b6155742097c230" prot="public" static="no" mutable="no">
        <type>QCString</type>
        <definition>QCString TagIncludeInfo::text</definition>
        <argsstring></argsstring>
        <name>text</name>
        <briefdescription>
        </briefdescription>
        <detaileddescription>
        </detaileddescription>
        <inbodydescription>
        </inbodydescription>
        <location file="C:/Users/Mat/Projects/doxygraph/examples/doxygen-1.8.4/src/tagreader.cpp" line="133" bodyfile="C:/Users/Mat/Projects/doxygraph/examples/doxygen-1.8.4/src/tagreader.cpp" bodystart="133" bodyend="-1"/>
      </memberdef>
      <memberdef kind="variable" id="d1/db6/class_tag_include_info_1a4926eb44b0f0e2324b58501d4facb4b5" prot="public" static="no" mutable="no">
        <type>bool</type>
        <definition>bool TagIncludeInfo::isLocal</definition>
        <argsstring></argsstring>
        <name>isLocal</name>
        <briefdescription>
        </briefdescription>
        <detaileddescription>
        </detaileddescription>
        <inbodydescription>
        </inbodydescription>
        <location file="C:/Users/Mat/Projects/doxygraph/examples/doxygen-1.8.4/src/tagreader.cpp" line="134" bodyfile="C:/Users/Mat/Projects/doxygraph/examples/doxygen-1.8.4/src/tagreader.cpp" bodystart="134" bodyend="-1"/>
      </memberdef>
      <memberdef kind="variable" id="d1/db6/class_tag_include_info_1a9798905f48ab4a543317647199c206d0" prot="public" static="no" mutable="no">
        <type>bool</type>
        <definition>bool TagIncludeInfo::isImported</definition>
        <argsstring></argsstring>
        <name>isImported</name>
        <briefdescription>
        </briefdescription>
        <detaileddescription>
        </detaileddescription>
        <inbodydescription>
        </inbodydescription>
        <location file="C:/Users/Mat/Projects/doxygraph/examples/doxygen-1.8.4/src/tagreader.cpp" line="135" bodyfile="C:/Users/Mat/Projects/doxygraph/examples/doxygen-1.8.4/src/tagreader.cpp" bodystart="135" bodyend="-1"/>
      </memberdef>
      </sectiondef>
    <briefdescription>
<para>Container for include info that can be read from a tagfile. </para>    </briefdescription>
    <detaileddescription>
    </detaileddescription>
    <location file="C:/Users/Mat/Projects/doxygraph/examples/doxygen-1.8.4/src/tagreader.cpp" line="129" bodyfile="C:/Users/Mat/Projects/doxygraph/examples/doxygen-1.8.4/src/tagreader.cpp" bodystart="128" bodyend="136"/>
    <listofallmembers>
      <member refid="d1/db6/class_tag_include_info_1aae780b8503cb519554b16f9d767c4e38" prot="public" virt="non-virtual"><scope>TagIncludeInfo</scope><name>id</name></member>
      <member refid="d1/db6/class_tag_include_info_1a9798905f48ab4a543317647199c206d0" prot="public" virt="non-virtual"><scope>TagIncludeInfo</scope><name>isImported</name></member>
      <member refid="d1/db6/class_tag_include_info_1a4926eb44b0f0e2324b58501d4facb4b5" prot="public" virt="non-virtual"><scope>TagIncludeInfo</scope><name>isLocal</name></member>
      <member refid="d1/db6/class_tag_include_info_1a60a7cf6f8fe2465630b5fbead1bcf44d" prot="public" virt="non-virtual"><scope>TagIncludeInfo</scope><name>name</name></member>
      <member refid="d1/db6/class_tag_include_info_1ae282ee1c7897b57c6b6155742097c230" prot="public" virt="non-virtual"><scope>TagIncludeInfo</scope><name>text</name></member>
    </listofallmembers>
  </compounddef>
</doxygen>
