<?xml version='1.0' encoding='UTF-8' standalone='no'?>
<doxygen xmlns:xsi="http://www.w3.org/2001/XMLSchema-instance" xsi:noNamespaceSchemaLocation="compound.xsd" version="1.8.2">
  <compounddef id="d4/d52/class_config_int" kind="class" prot="public">
    <compoundname>ConfigInt</compoundname>
    <basecompoundref refid="d2/dd3/class_config_option" prot="public" virt="non-virtual">ConfigOption</basecompoundref>
    <includes refid="db/d16/config_8h" local="no">config.h</includes>
      <sectiondef kind="private-attrib">
      <memberdef kind="variable" id="d4/d52/class_config_int_1aa7e6a8356e9e10bda43ab145605f6f1d" prot="private" static="no" mutable="no">
        <type>int</type>
        <definition>int ConfigInt::m_value</definition>
        <argsstring></argsstring>
        <name>m_value</name>
        <briefdescription>
        </briefdescription>
        <detaileddescription>
        </detaileddescription>
        <inbodydescription>
        </inbodydescription>
        <location file="C:/Users/Mat/Projects/doxygraph/examples/doxygen-1.8.4/src/config.h" line="298" bodyfile="C:/Users/Mat/Projects/doxygraph/examples/doxygen-1.8.4/src/config.h" bodystart="298" bodyend="-1"/>
      </memberdef>
      <memberdef kind="variable" id="d4/d52/class_config_int_1ac7de94b39eaeae44adf454fc0cfc4948" prot="private" static="no" mutable="no">
        <type>int</type>
        <definition>int ConfigInt::m_defValue</definition>
        <argsstring></argsstring>
        <name>m_defValue</name>
        <briefdescription>
        </briefdescription>
        <detaileddescription>
        </detaileddescription>
        <inbodydescription>
        </inbodydescription>
        <location file="C:/Users/Mat/Projects/doxygraph/examples/doxygen-1.8.4/src/config.h" line="299" bodyfile="C:/Users/Mat/Projects/doxygraph/examples/doxygen-1.8.4/src/config.h" bodystart="299" bodyend="-1"/>
      </memberdef>
      <memberdef kind="variable" id="d4/d52/class_config_int_1a049b50af51f97be4d016f0024d0fc83c" prot="private" static="no" mutable="no">
        <type>int</type>
        <definition>int ConfigInt::m_minVal</definition>
        <argsstring></argsstring>
        <name>m_minVal</name>
        <briefdescription>
        </briefdescription>
        <detaileddescription>
        </detaileddescription>
        <inbodydescription>
        </inbodydescription>
        <location file="C:/Users/Mat/Projects/doxygraph/examples/doxygen-1.8.4/src/config.h" line="300" bodyfile="C:/Users/Mat/Projects/doxygraph/examples/doxygen-1.8.4/src/config.h" bodystart="300" bodyend="-1"/>
      </memberdef>
      <memberdef kind="variable" id="d4/d52/class_config_int_1a915eccce79f281db89e960354a20d162" prot="private" static="no" mutable="no">
        <type>int</type>
        <definition>int ConfigInt::m_maxVal</definition>
        <argsstring></argsstring>
        <name>m_maxVal</name>
        <briefdescription>
        </briefdescription>
        <detaileddescription>
        </detaileddescription>
        <inbodydescription>
        </inbodydescription>
        <location file="C:/Users/Mat/Projects/doxygraph/examples/doxygen-1.8.4/src/config.h" line="301" bodyfile="C:/Users/Mat/Projects/doxygraph/examples/doxygen-1.8.4/src/config.h" bodystart="301" bodyend="-1"/>
      </memberdef>
      <memberdef kind="variable" id="d4/d52/class_config_int_1ad8bb315421ab52bb9afd38bf41c6be5a" prot="private" static="no" mutable="no">
        <type>QCString</type>
        <definition>QCString ConfigInt::m_valueString</definition>
        <argsstring></argsstring>
        <name>m_valueString</name>
        <briefdescription>
        </briefdescription>
        <detaileddescription>
        </detaileddescription>
        <inbodydescription>
        </inbodydescription>
        <location file="C:/Users/Mat/Projects/doxygraph/examples/doxygen-1.8.4/src/config.h" line="302" bodyfile="C:/Users/Mat/Projects/doxygraph/examples/doxygen-1.8.4/src/config.h" bodystart="302" bodyend="-1"/>
      </memberdef>
      </sectiondef>
      <sectiondef kind="public-func">
      <memberdef kind="function" id="d4/d52/class_config_int_1a07aa951c7f1a25bc0eec264b74015fb9" prot="public" static="no" const="no" explicit="no" inline="yes" virt="non-virtual">
        <type></type>
        <definition>ConfigInt::ConfigInt</definition>
        <argsstring>(const char *name, const char *doc, int minVal, int maxVal, int defVal)</argsstring>
        <name>ConfigInt</name>
        <param>
          <type>const char *</type>
          <declname>name</declname>
        </param>
        <param>
          <type>const char *</type>
          <declname>doc</declname>
        </param>
        <param>
          <type>int</type>
          <declname>minVal</declname>
        </param>
        <param>
          <type>int</type>
          <declname>maxVal</declname>
        </param>
        <param>
          <type>int</type>
          <declname>defVal</declname>
        </param>
        <briefdescription>
        </briefdescription>
        <detaileddescription>
        </detaileddescription>
        <inbodydescription>
        </inbodydescription>
        <location file="C:/Users/Mat/Projects/doxygraph/examples/doxygen-1.8.4/src/config.h" line="258" bodyfile="C:/Users/Mat/Projects/doxygraph/examples/doxygen-1.8.4/src/config.h" bodystart="256" bodyend="265"/>
      </memberdef>
      <memberdef kind="function" id="d4/d52/class_config_int_1ae5592ee93881e4e45116f4b0533dc754" prot="public" static="no" const="no" explicit="no" inline="yes" virt="non-virtual">
        <type>QCString *</type>
        <definition>QCString* ConfigInt::valueStringRef</definition>
        <argsstring>()</argsstring>
        <name>valueStringRef</name>
        <briefdescription>
        </briefdescription>
        <detaileddescription>
        </detaileddescription>
        <inbodydescription>
        </inbodydescription>
        <location file="C:/Users/Mat/Projects/doxygraph/examples/doxygen-1.8.4/src/config.h" line="266" bodyfile="C:/Users/Mat/Projects/doxygraph/examples/doxygen-1.8.4/src/config.h" bodystart="266" bodyend="266"/>
      </memberdef>
      <memberdef kind="function" id="d4/d52/class_config_int_1a35bd47ef87d178b694f29b168945afc0" prot="public" static="no" const="no" explicit="no" inline="yes" virt="non-virtual">
        <type>int *</type>
        <definition>int* ConfigInt::valueRef</definition>
        <argsstring>()</argsstring>
        <name>valueRef</name>
        <briefdescription>
        </briefdescription>
        <detaileddescription>
        </detaileddescription>
        <inbodydescription>
        </inbodydescription>
        <location file="C:/Users/Mat/Projects/doxygraph/examples/doxygen-1.8.4/src/config.h" line="267" bodyfile="C:/Users/Mat/Projects/doxygraph/examples/doxygen-1.8.4/src/config.h" bodystart="267" bodyend="267"/>
      </memberdef>
      <memberdef kind="function" id="d4/d52/class_config_int_1ae4b735a2b36f1a9bea1937b7e5a05e6d" prot="public" static="no" const="yes" explicit="no" inline="yes" virt="non-virtual">
        <type>int</type>
        <definition>int ConfigInt::minVal</definition>
        <argsstring>() const </argsstring>
        <name>minVal</name>
        <briefdescription>
        </briefdescription>
        <detaileddescription>
        </detaileddescription>
        <inbodydescription>
        </inbodydescription>
        <location file="C:/Users/Mat/Projects/doxygraph/examples/doxygen-1.8.4/src/config.h" line="268" bodyfile="C:/Users/Mat/Projects/doxygraph/examples/doxygen-1.8.4/src/config.h" bodystart="268" bodyend="268"/>
      </memberdef>
      <memberdef kind="function" id="d4/d52/class_config_int_1a65e129389120459570faccdef4ef1532" prot="public" static="no" const="yes" explicit="no" inline="yes" virt="non-virtual">
        <type>int</type>
        <definition>int ConfigInt::maxVal</definition>
        <argsstring>() const </argsstring>
        <name>maxVal</name>
        <briefdescription>
        </briefdescription>
        <detaileddescription>
        </detaileddescription>
        <inbodydescription>
        </inbodydescription>
        <location file="C:/Users/Mat/Projects/doxygraph/examples/doxygen-1.8.4/src/config.h" line="269" bodyfile="C:/Users/Mat/Projects/doxygraph/examples/doxygen-1.8.4/src/config.h" bodystart="269" bodyend="269"/>
      </memberdef>
      <memberdef kind="function" id="d4/d52/class_config_int_1ac4e9191ee5da6cef185c07dd686f94fb" prot="public" static="no" const="no" explicit="no" inline="no" virt="virtual">
        <type>void</type>
        <definition>void ConfigInt::convertStrToVal</definition>
        <argsstring>()</argsstring>
        <name>convertStrToVal</name>
        <reimplements refid="d2/dd3/class_config_option_1af1d26523f37d742316ddc4c0f9add4fc">convertStrToVal</reimplements>
        <briefdescription>
        </briefdescription>
        <detaileddescription>
        </detaileddescription>
        <inbodydescription>
        </inbodydescription>
        <location file="C:/Users/Mat/Projects/doxygraph/examples/doxygen-1.8.4/src/config.h" line="270"/>
      </memberdef>
      <memberdef kind="function" id="d4/d52/class_config_int_1a9c8052e1163a97d8d798b317c2eb1cbf" prot="public" static="no" const="no" explicit="no" inline="no" virt="virtual">
        <type>void</type>
        <definition>void ConfigInt::substEnvVars</definition>
        <argsstring>()</argsstring>
        <name>substEnvVars</name>
        <reimplements refid="d2/dd3/class_config_option_1aeb6ac539f2fe79e07f2baefd5c4d89c1">substEnvVars</reimplements>
        <briefdescription>
        </briefdescription>
        <detaileddescription>
        </detaileddescription>
        <inbodydescription>
        </inbodydescription>
        <location file="C:/Users/Mat/Projects/doxygraph/examples/doxygen-1.8.4/src/config.h" line="271"/>
      </memberdef>
      <memberdef kind="function" id="d4/d52/class_config_int_1a2194c67246255b4106f70604c3bfb48d" prot="public" static="no" const="no" explicit="no" inline="yes" virt="virtual">
        <type>void</type>
        <definition>void ConfigInt::writeTemplate</definition>
        <argsstring>(FTextStream &amp;t, bool sl, bool upd)</argsstring>
        <name>writeTemplate</name>
        <reimplements refid="d2/dd3/class_config_option_1a4af9c041d81cc919e5aae2210087bc38">writeTemplate</reimplements>
        <param>
          <type><ref refid="dc/d3c/class_f_text_stream" kindref="compound">FTextStream</ref> &amp;</type>
          <declname>t</declname>
        </param>
        <param>
          <type>bool</type>
          <declname>sl</declname>
        </param>
        <param>
          <type>bool</type>
          <declname>upd</declname>
        </param>
        <briefdescription>
        </briefdescription>
        <detaileddescription>
        </detaileddescription>
        <inbodydescription>
        </inbodydescription>
        <location file="C:/Users/Mat/Projects/doxygraph/examples/doxygen-1.8.4/src/config.h" line="273" bodyfile="C:/Users/Mat/Projects/doxygraph/examples/doxygen-1.8.4/src/config.h" bodystart="272" bodyend="294"/>
      </memberdef>
      <memberdef kind="function" id="d4/d52/class_config_int_1ad19bcc4ece0bc36edb5bd560759defb3" prot="public" static="no" const="no" explicit="no" inline="no" virt="virtual">
        <type>void</type>
        <definition>void ConfigInt::writeXML</definition>
        <argsstring>(FTextStream &amp;)</argsstring>
        <name>writeXML</name>
        <reimplements refid="d2/dd3/class_config_option_1a20d0443904feac374c4b7dbf08e5b5c2">writeXML</reimplements>
        <param>
          <type><ref refid="dc/d3c/class_f_text_stream" kindref="compound">FTextStream</ref> &amp;</type>
        </param>
        <briefdescription>
        </briefdescription>
        <detaileddescription>
        </detaileddescription>
        <inbodydescription>
        </inbodydescription>
        <location file="C:/Users/Mat/Projects/doxygraph/examples/doxygen-1.8.4/src/config.h" line="295"/>
      </memberdef>
      <memberdef kind="function" id="d4/d52/class_config_int_1a20733b898775fb0b75c9a3e70662c3bf" prot="public" static="no" const="no" explicit="no" inline="yes" virt="virtual">
        <type>void</type>
        <definition>void ConfigInt::init</definition>
        <argsstring>()</argsstring>
        <name>init</name>
        <reimplements refid="d2/dd3/class_config_option_1a1dabfad39230674fc07f5f535392fd35">init</reimplements>
        <briefdescription>
        </briefdescription>
        <detaileddescription>
        </detaileddescription>
        <inbodydescription>
        </inbodydescription>
        <location file="C:/Users/Mat/Projects/doxygraph/examples/doxygen-1.8.4/src/config.h" line="296" bodyfile="C:/Users/Mat/Projects/doxygraph/examples/doxygen-1.8.4/src/config.h" bodystart="296" bodyend="296"/>
      </memberdef>
      </sectiondef>
    <briefdescription>
<para>Class representing an integer type option. </para>    </briefdescription>
    <detaileddescription>
    </detaileddescription>
    <inheritancegraph>
      <node id="2723">
        <label>ConfigOption</label>
        <link refid="d2/dd3/class_config_option"/>
      </node>
      <node id="2722">
        <label>ConfigInt</label>
        <link refid="d4/d52/class_config_int"/>
        <childnode refid="2723" relation="public-inheritance">
        </childnode>
      </node>
    </inheritancegraph>
    <collaborationgraph>
      <node id="2725">
        <label>ConfigOption</label>
        <link refid="d2/dd3/class_config_option"/>
      </node>
      <node id="2724">
        <label>ConfigInt</label>
        <link refid="d4/d52/class_config_int"/>
        <childnode refid="2725" relation="public-inheritance">
        </childnode>
      </node>
    </collaborationgraph>
    <location file="C:/Users/Mat/Projects/doxygraph/examples/doxygen-1.8.4/src/config.h" line="254" bodyfile="C:/Users/Mat/Projects/doxygraph/examples/doxygen-1.8.4/src/config.h" bodystart="253" bodyend="303"/>
    <listofallmembers>
      <member refid="d2/dd3/class_config_option_1a290d4454155543728847a75ade256a32" prot="public" virt="non-virtual"><scope>ConfigInt</scope><name>addDependency</name></member>
      <member refid="d4/d52/class_config_int_1a07aa951c7f1a25bc0eec264b74015fb9" prot="public" virt="non-virtual"><scope>ConfigInt</scope><name>ConfigInt</name></member>
      <member refid="d2/dd3/class_config_option_1a3ce6753bba05ab1ee7e5eaaec6d8f1ac" prot="public" virt="non-virtual"><scope>ConfigInt</scope><name>ConfigOption</name></member>
      <member refid="d4/d52/class_config_int_1ac4e9191ee5da6cef185c07dd686f94fb" prot="public" virt="virtual"><scope>ConfigInt</scope><name>convertStrToVal</name></member>
      <member refid="d2/dd3/class_config_option_1a7eff0847fc30aa6cbc457009625d13d1" prot="protected" virt="non-virtual"><scope>ConfigInt</scope><name>convertToComment</name></member>
      <member refid="d2/dd3/class_config_option_1acd3c60d9556e68951d43dc3422024cdb" prot="public" virt="non-virtual"><scope>ConfigInt</scope><name>dependsOn</name></member>
      <member refid="d2/dd3/class_config_option_1aca53064314cae27e5e650c780c10015c" prot="public" virt="non-virtual"><scope>ConfigInt</scope><name>docs</name></member>
      <member refid="d4/d52/class_config_int_1a20733b898775fb0b75c9a3e70662c3bf" prot="public" virt="virtual"><scope>ConfigInt</scope><name>init</name></member>
      <member refid="d2/dd3/class_config_option_1a9c75888abf6d37cfe9d00ac40ecc474d" prot="public" virt="non-virtual"><scope>ConfigInt</scope><name>kind</name></member>
      <member refid="d4/d52/class_config_int_1ac7de94b39eaeae44adf454fc0cfc4948" prot="private" virt="non-virtual"><scope>ConfigInt</scope><name>m_defValue</name></member>
      <member refid="d2/dd3/class_config_option_1a5146ef81dc662e3c5b2f1e9d1f3c600e" prot="protected" virt="non-virtual"><scope>ConfigInt</scope><name>m_dependency</name></member>
      <member refid="d2/dd3/class_config_option_1a28fdea8e9fdf86e73faae697454c17ab" prot="protected" virt="non-virtual"><scope>ConfigInt</scope><name>m_doc</name></member>
      <member refid="d2/dd3/class_config_option_1a4953007ad225b5996adf18275f59e922" prot="protected" virt="non-virtual"><scope>ConfigInt</scope><name>m_encoding</name></member>
      <member refid="d2/dd3/class_config_option_1a64896a35334d6ab865f8038fb65024ac" prot="protected" virt="non-virtual"><scope>ConfigInt</scope><name>m_kind</name></member>
      <member refid="d4/d52/class_config_int_1a915eccce79f281db89e960354a20d162" prot="private" virt="non-virtual"><scope>ConfigInt</scope><name>m_maxVal</name></member>
      <member refid="d4/d52/class_config_int_1a049b50af51f97be4d016f0024d0fc83c" prot="private" virt="non-virtual"><scope>ConfigInt</scope><name>m_minVal</name></member>
      <member refid="d2/dd3/class_config_option_1a4f081d447f2443212d0d032da63b20d7" prot="protected" virt="non-virtual"><scope>ConfigInt</scope><name>m_name</name></member>
      <member refid="d2/dd3/class_config_option_1aa3ef6fe13a480dad1404aee1bb0f2d11" prot="protected" virt="non-virtual"><scope>ConfigInt</scope><name>m_spaces</name></member>
      <member refid="d2/dd3/class_config_option_1a5e54ead18c124c6c6c03ed3b678a7103" prot="protected" virt="non-virtual"><scope>ConfigInt</scope><name>m_userComment</name></member>
      <member refid="d4/d52/class_config_int_1aa7e6a8356e9e10bda43ab145605f6f1d" prot="private" virt="non-virtual"><scope>ConfigInt</scope><name>m_value</name></member>
      <member refid="d4/d52/class_config_int_1ad8bb315421ab52bb9afd38bf41c6be5a" prot="private" virt="non-virtual"><scope>ConfigInt</scope><name>m_valueString</name></member>
      <member refid="d2/dd3/class_config_option_1a843270e309a4227d54b459dca07f1c86aa40e4123355dbeb41dc6ca0c68c0d346" prot="public" virt="non-virtual"><scope>ConfigInt</scope><name>MAX_OPTION_LENGTH</name></member>
      <member refid="d4/d52/class_config_int_1a65e129389120459570faccdef4ef1532" prot="public" virt="non-virtual"><scope>ConfigInt</scope><name>maxVal</name></member>
      <member refid="d4/d52/class_config_int_1ae4b735a2b36f1a9bea1937b7e5a05e6d" prot="public" virt="non-virtual"><scope>ConfigInt</scope><name>minVal</name></member>
      <member refid="d2/dd3/class_config_option_1a2f226c32b0c447c1fa628660f42859c4" prot="public" virt="non-virtual"><scope>ConfigInt</scope><name>name</name></member>
      <member refid="d2/dd3/class_config_option_1ad60cb308cdf307e72796dc2fc2a40fdaa306962172c18f2b309fb729e66e32e81" prot="public" virt="non-virtual"><scope>ConfigInt</scope><name>O_Bool</name></member>
      <member refid="d2/dd3/class_config_option_1ad60cb308cdf307e72796dc2fc2a40fdaa116df5f47c0442ad31ca0193cf540701" prot="public" virt="non-virtual"><scope>ConfigInt</scope><name>O_Disabled</name></member>
      <member refid="d2/dd3/class_config_option_1ad60cb308cdf307e72796dc2fc2a40fdaa1ba2565ddffed94550a83a5b537e6a31" prot="public" virt="non-virtual"><scope>ConfigInt</scope><name>O_Enum</name></member>
      <member refid="d2/dd3/class_config_option_1ad60cb308cdf307e72796dc2fc2a40fdaade872bcb27f40e3380fb20be7cea9e57" prot="public" virt="non-virtual"><scope>ConfigInt</scope><name>O_Info</name></member>
      <member refid="d2/dd3/class_config_option_1ad60cb308cdf307e72796dc2fc2a40fdaac029c8062b88308de12914e88e12dcd8" prot="public" virt="non-virtual"><scope>ConfigInt</scope><name>O_Int</name></member>
      <member refid="d2/dd3/class_config_option_1ad60cb308cdf307e72796dc2fc2a40fdaa18c0785bb1948fb57402ee80324ef1a7" prot="public" virt="non-virtual"><scope>ConfigInt</scope><name>O_List</name></member>
      <member refid="d2/dd3/class_config_option_1ad60cb308cdf307e72796dc2fc2a40fdaab60c019594029c214e601ec24988d6ac" prot="public" virt="non-virtual"><scope>ConfigInt</scope><name>O_Obsolete</name></member>
      <member refid="d2/dd3/class_config_option_1ad60cb308cdf307e72796dc2fc2a40fdaa3aa84b958a247d79889f28f4244a7d7f" prot="public" virt="non-virtual"><scope>ConfigInt</scope><name>O_String</name></member>
      <member refid="d2/dd3/class_config_option_1ad60cb308cdf307e72796dc2fc2a40fda" prot="public" virt="non-virtual"><scope>ConfigInt</scope><name>OptionType</name></member>
      <member refid="d2/dd3/class_config_option_1a0ac357ec83d2014603c8d70a00c27a33" prot="public" virt="non-virtual"><scope>ConfigInt</scope><name>setEncoding</name></member>
      <member refid="d2/dd3/class_config_option_1a5baa3fb6c4fb6ec667eb91172f3f398a" prot="public" virt="non-virtual"><scope>ConfigInt</scope><name>setUserComment</name></member>
      <member refid="d4/d52/class_config_int_1a9c8052e1163a97d8d798b317c2eb1cbf" prot="public" virt="virtual"><scope>ConfigInt</scope><name>substEnvVars</name></member>
      <member refid="d4/d52/class_config_int_1a35bd47ef87d178b694f29b168945afc0" prot="public" virt="non-virtual"><scope>ConfigInt</scope><name>valueRef</name></member>
      <member refid="d4/d52/class_config_int_1ae5592ee93881e4e45116f4b0533dc754" prot="public" virt="non-virtual"><scope>ConfigInt</scope><name>valueStringRef</name></member>
      <member refid="d2/dd3/class_config_option_1a0762b14d6706667da888cd9c56c6f1e7" prot="protected" virt="non-virtual"><scope>ConfigInt</scope><name>writeBoolValue</name></member>
      <member refid="d2/dd3/class_config_option_1a759c9a9621a46b28dcedd5c22a0e271f" prot="protected" virt="non-virtual"><scope>ConfigInt</scope><name>writeIntValue</name></member>
      <member refid="d2/dd3/class_config_option_1abd1fe2acb02bd19ed4ec67b6a60ce446" prot="protected" virt="non-virtual"><scope>ConfigInt</scope><name>writeStringList</name></member>
      <member refid="d2/dd3/class_config_option_1a6e36e0022317d91fd50398119420ad02" prot="protected" virt="non-virtual"><scope>ConfigInt</scope><name>writeStringValue</name></member>
      <member refid="d4/d52/class_config_int_1a2194c67246255b4106f70604c3bfb48d" prot="public" virt="virtual"><scope>ConfigInt</scope><name>writeTemplate</name></member>
      <member refid="d4/d52/class_config_int_1ad19bcc4ece0bc36edb5bd560759defb3" prot="public" virt="virtual"><scope>ConfigInt</scope><name>writeXML</name></member>
      <member refid="d2/dd3/class_config_option_1ae9ef259a262e4422ade948313b6dd74a" prot="public" virt="virtual"><scope>ConfigInt</scope><name>~ConfigOption</name></member>
    </listofallmembers>
  </compounddef>
</doxygen>
