<?xml version='1.0' encoding='UTF-8' standalone='no'?>
<doxygen xmlns:xsi="http://www.w3.org/2001/XMLSchema-instance" xsi:noNamespaceSchemaLocation="compound.xsd" version="1.8.2">
  <compounddef id="d4/dd1/class_class_list_iterator" kind="class" prot="public">
    <compoundname>ClassListIterator</compoundname>
    <basecompoundref prot="public" virt="non-virtual">QListIterator&lt; ClassDef &gt;</basecompoundref>
    <includes refid="d2/df8/classlist_8h" local="no">classlist.h</includes>
      <sectiondef kind="public-func">
      <memberdef kind="function" id="d4/dd1/class_class_list_iterator_1acfe9686c7b01cfc4cc9ef5f1d308db92" prot="public" static="no" const="no" explicit="no" inline="no" virt="non-virtual">
        <type></type>
        <definition>ClassListIterator::ClassListIterator</definition>
        <argsstring>(const ClassList &amp;list)</argsstring>
        <name>ClassListIterator</name>
        <param>
          <type>const <ref refid="d7/da3/class_class_list" kindref="compound">ClassList</ref> &amp;</type>
          <declname>list</declname>
        </param>
        <briefdescription>
        </briefdescription>
        <detaileddescription>
        </detaileddescription>
        <inbodydescription>
        </inbodydescription>
        <location file="C:/Users/Mat/Projects/doxygraph/examples/doxygen-1.8.4/src/classlist.h" line="43" bodyfile="C:/Users/Mat/Projects/doxygraph/examples/doxygen-1.8.4/src/classlist.cpp" bodystart="64" bodyend="67"/>
      </memberdef>
      </sectiondef>
    <briefdescription>
<para>An iterator for <ref refid="d1/dcf/class_class_def" kindref="compound">ClassDef</ref> objects in a <ref refid="d7/da3/class_class_list" kindref="compound">ClassList</ref>. </para>    </briefdescription>
    <detaileddescription>
    </detaileddescription>
    <inheritancegraph>
      <node id="2596">
        <label>ClassListIterator</label>
        <link refid="d4/dd1/class_class_list_iterator"/>
        <childnode refid="2597" relation="public-inheritance">
        </childnode>
      </node>
      <node id="2597">
        <label>QListIterator&lt; ClassDef &gt;</label>
      </node>
    </inheritancegraph>
    <collaborationgraph>
      <node id="2598">
        <label>ClassListIterator</label>
        <link refid="d4/dd1/class_class_list_iterator"/>
        <childnode refid="2599" relation="public-inheritance">
        </childnode>
      </node>
      <node id="2599">
        <label>QListIterator&lt; ClassDef &gt;</label>
      </node>
    </collaborationgraph>
    <location file="C:/Users/Mat/Projects/doxygraph/examples/doxygen-1.8.4/src/classlist.h" line="41" bodyfile="C:/Users/Mat/Projects/doxygraph/examples/doxygen-1.8.4/src/classlist.h" bodystart="40" bodyend="44"/>
    <listofallmembers>
      <member refid="d4/dd1/class_class_list_iterator_1acfe9686c7b01cfc4cc9ef5f1d308db92" prot="public" virt="non-virtual"><scope>ClassListIterator</scope><name>ClassListIterator</name></member>
    </listofallmembers>
  </compounddef>
</doxygen>
