<?xml version='1.0' encoding='UTF-8' standalone='no'?>
<doxygen xmlns:xsi="http://www.w3.org/2001/XMLSchema-instance" xsi:noNamespaceSchemaLocation="compound.xsd" version="1.8.2">
  <compounddef id="d6/dd6/class_member_s_dict" kind="class" prot="public">
    <compoundname>MemberSDict</compoundname>
    <basecompoundref refid="d1/d50/class_s_dict" prot="public" virt="non-virtual">SDict&lt; MemberDef &gt;</basecompoundref>
    <includes refid="dd/d78/memberlist_8h" local="no">memberlist.h</includes>
      <sectiondef kind="public-func">
      <memberdef kind="function" id="d6/dd6/class_member_s_dict_1a108f18271926bf4be8d3ec9a9f7ecb5a" prot="public" static="no" const="no" explicit="no" inline="yes" virt="non-virtual">
        <type></type>
        <definition>MemberSDict::MemberSDict</definition>
        <argsstring>(int size=17)</argsstring>
        <name>MemberSDict</name>
        <param>
          <type>int</type>
          <declname>size</declname>
          <defval>17</defval>
        </param>
        <briefdescription>
        </briefdescription>
        <detaileddescription>
        </detaileddescription>
        <inbodydescription>
        </inbodydescription>
        <location file="C:/Users/Mat/Projects/doxygraph/examples/doxygen-1.8.4/src/memberlist.h" line="122" bodyfile="C:/Users/Mat/Projects/doxygraph/examples/doxygen-1.8.4/src/memberlist.h" bodystart="122" bodyend="122"/>
      </memberdef>
      <memberdef kind="function" id="d6/dd6/class_member_s_dict_1a0e618b00b2a1b2b175a36f6c0f7fccf1" prot="public" static="no" const="no" explicit="no" inline="yes" virt="virtual">
        <type></type>
        <definition>virtual MemberSDict::~MemberSDict</definition>
        <argsstring>()</argsstring>
        <name>~MemberSDict</name>
        <briefdescription>
        </briefdescription>
        <detaileddescription>
        </detaileddescription>
        <inbodydescription>
        </inbodydescription>
        <location file="C:/Users/Mat/Projects/doxygraph/examples/doxygen-1.8.4/src/memberlist.h" line="123" bodyfile="C:/Users/Mat/Projects/doxygraph/examples/doxygen-1.8.4/src/memberlist.h" bodystart="123" bodyend="123"/>
      </memberdef>
      <memberdef kind="function" id="d6/dd6/class_member_s_dict_1a4965f2c77163eb04280d71b9bfe29198" prot="public" static="no" const="no" explicit="no" inline="no" virt="virtual">
        <type>int</type>
        <definition>int MemberSDict::compareItems</definition>
        <argsstring>(QCollection::Item item1, QCollection::Item item2)</argsstring>
        <name>compareItems</name>
        <reimplements refid="d1/d50/class_s_dict_1a99cd2f7d27403649ab8b7e60d06f487e">compareItems</reimplements>
        <param>
          <type>QCollection::Item</type>
          <declname>item1</declname>
        </param>
        <param>
          <type>QCollection::Item</type>
          <declname>item2</declname>
        </param>
        <briefdescription>
        </briefdescription>
        <detaileddescription>
<para>Function that is used to compare two items when sorting. Overload this to properly sort items. <simplesect kind="see"><para><ref refid="d1/d50/class_s_dict_1a25a85aeba441b4c855ea7be25a4741b5" kindref="member">inSort()</ref> </para></simplesect>
</para>        </detaileddescription>
        <inbodydescription>
        </inbodydescription>
        <location file="C:/Users/Mat/Projects/doxygraph/examples/doxygen-1.8.4/src/memberlist.h" line="124" bodyfile="C:/Users/Mat/Projects/doxygraph/examples/doxygen-1.8.4/src/memberlist.cpp" bodystart="938" bodyend="956"/>
        <references refid="d5/dcc/class_definition_1adf4945611e38928b4dd6846c912d4b3a" compoundref="df/da1/definition_8h" startline="180" endline="180">Definition::getDefLine</references>
        <references refid="d5/dcc/class_definition_1a99481361779e85f0c1556709de7d9e5b" compoundref="df/da1/definition_8h" startline="109" endline="109">Definition::name</references>
      </memberdef>
      </sectiondef>
    <briefdescription>
<para>A sorted dictionary of <ref refid="da/d09/class_member_def" kindref="compound">MemberDef</ref> objects. </para>    </briefdescription>
    <detaileddescription>
    </detaileddescription>
    <inheritancegraph>
      <node id="3800">
        <label>SDict&lt; T &gt;</label>
        <link refid="d1/d50/class_s_dict"/>
      </node>
      <node id="3798">
        <label>MemberSDict</label>
        <link refid="d6/dd6/class_member_s_dict"/>
        <childnode refid="3799" relation="public-inheritance">
        </childnode>
      </node>
      <node id="3799">
        <label>SDict&lt; MemberDef &gt;</label>
        <link refid="d1/d50/class_s_dict"/>
        <childnode refid="3800" relation="template-instance">
          <edgelabel>&lt; MemberDef &gt;</edgelabel>
        </childnode>
      </node>
    </inheritancegraph>
    <collaborationgraph>
      <node id="3803">
        <label>SDict&lt; T &gt;</label>
        <link refid="d1/d50/class_s_dict"/>
      </node>
      <node id="3801">
        <label>MemberSDict</label>
        <link refid="d6/dd6/class_member_s_dict"/>
        <childnode refid="3802" relation="public-inheritance">
        </childnode>
      </node>
      <node id="3802">
        <label>SDict&lt; MemberDef &gt;</label>
        <link refid="d1/d50/class_s_dict"/>
        <childnode refid="3803" relation="template-instance">
          <edgelabel>&lt; MemberDef &gt;</edgelabel>
        </childnode>
      </node>
    </collaborationgraph>
    <location file="C:/Users/Mat/Projects/doxygraph/examples/doxygen-1.8.4/src/memberlist.h" line="120" bodyfile="C:/Users/Mat/Projects/doxygraph/examples/doxygen-1.8.4/src/memberlist.h" bodystart="119" bodyend="125"/>
    <listofallmembers>
      <member refid="d1/d50/class_s_dict_1a121842d9858421076b81ed663034d62c" prot="public" virt="non-virtual"><scope>MemberSDict</scope><name>append</name></member>
      <member refid="d1/d50/class_s_dict_1ab993899004fc3cfc8f00f131e0b6a29d" prot="public" virt="non-virtual"><scope>MemberSDict</scope><name>at</name></member>
      <member refid="d1/d50/class_s_dict_1afd6bec6aaf77e2943f42cec1208bc46d" prot="public" virt="non-virtual"><scope>MemberSDict</scope><name>clear</name></member>
      <member refid="d6/dd6/class_member_s_dict_1a4965f2c77163eb04280d71b9bfe29198" prot="public" virt="virtual"><scope>MemberSDict</scope><name>compareItems</name></member>
      <member refid="d1/d50/class_s_dict_1a9e95eebac3e87938cc5bc1f79d078c8a" prot="public" virt="non-virtual"><scope>MemberSDict</scope><name>count</name></member>
      <member refid="d1/d50/class_s_dict_1aec67482d780157680d46f48a7ed5e7bd" prot="public" virt="non-virtual"><scope>MemberSDict</scope><name>find</name></member>
      <member refid="d1/d50/class_s_dict_1a357a25974d906de30d2e34de08b35a4e" prot="public" virt="non-virtual"><scope>MemberSDict</scope><name>find</name></member>
      <member refid="d1/d50/class_s_dict_1abc60b1cc06b0643753906387b7cccfe2" prot="public" virt="non-virtual"><scope>MemberSDict</scope><name>find</name></member>
      <member refid="d1/d50/class_s_dict_1a6a05b33d4c87325d4f2826921910c89d" prot="public" virt="non-virtual"><scope>MemberSDict</scope><name>findAt</name></member>
      <member refid="d1/d50/class_s_dict_1a7f0a7e316d26fccdf7d0d351837a6614" prot="public" virt="non-virtual"><scope>MemberSDict</scope><name>insertAt</name></member>
      <member refid="d1/d50/class_s_dict_1a25a85aeba441b4c855ea7be25a4741b5" prot="public" virt="non-virtual"><scope>MemberSDict</scope><name>inSort</name></member>
      <member refid="d6/dd6/class_member_s_dict_1a108f18271926bf4be8d3ec9a9f7ecb5a" prot="public" virt="non-virtual"><scope>MemberSDict</scope><name>MemberSDict</name></member>
      <member refid="d1/d50/class_s_dict_1a1858d5cdf864c4fa6476137ace8bb7f5" prot="public" virt="non-virtual"><scope>MemberSDict</scope><name>operator[]</name></member>
      <member refid="d1/d50/class_s_dict_1adcfbdc244e81360522457c8a84069f2b" prot="public" virt="non-virtual"><scope>MemberSDict</scope><name>prepend</name></member>
      <member refid="d1/d50/class_s_dict_1ad647b04c9dff33ac0182c4d83b025c77" prot="public" virt="non-virtual"><scope>MemberSDict</scope><name>remove</name></member>
      <member refid="d1/d50/class_s_dict_1a42ccd9c8ed71acbe2771ac65df817323" prot="public" virt="non-virtual"><scope>MemberSDict</scope><name>SDict</name></member>
      <member refid="d1/d50/class_s_dict_1ac5ed340a2e6b4b4fb8398254cd35ef55" prot="public" virt="non-virtual"><scope>MemberSDict</scope><name>setAutoDelete</name></member>
      <member refid="d1/d50/class_s_dict_1ab6da88a61ee284dfbd07830fcd63aed3" prot="public" virt="non-virtual"><scope>MemberSDict</scope><name>sort</name></member>
      <member refid="d1/d50/class_s_dict_1ac5aa2cf317cef817cf585efdab3663d7" prot="public" virt="non-virtual"><scope>MemberSDict</scope><name>take</name></member>
      <member refid="d6/dd6/class_member_s_dict_1a0e618b00b2a1b2b175a36f6c0f7fccf1" prot="public" virt="virtual"><scope>MemberSDict</scope><name>~MemberSDict</name></member>
      <member refid="d1/d50/class_s_dict_1a49594f6c587e0915be3861538a3c96cb" prot="public" virt="virtual"><scope>MemberSDict</scope><name>~SDict</name></member>
    </listofallmembers>
  </compounddef>
</doxygen>
