<?xml version='1.0' encoding='UTF-8' standalone='no'?>
<doxygen xmlns:xsi="http://www.w3.org/2001/XMLSchema-instance" xsi:noNamespaceSchemaLocation="compound.xsd" version="1.8.2">
  <compounddef id="d1/d12/struct_member_group_info" kind="struct" prot="public">
    <compoundname>MemberGroupInfo</compoundname>
    <includes refid="d9/d11/membergroup_8h" local="no">membergroup.h</includes>
      <sectiondef kind="public-attrib">
      <memberdef kind="variable" id="d1/d12/struct_member_group_info_1ae9064c66b617952b9c0f924ef30ce226" prot="public" static="no" mutable="no">
        <type>QCString</type>
        <definition>QCString MemberGroupInfo::header</definition>
        <argsstring></argsstring>
        <name>header</name>
        <briefdescription>
        </briefdescription>
        <detaileddescription>
        </detaileddescription>
        <inbodydescription>
        </inbodydescription>
        <location file="C:/Users/Mat/Projects/doxygraph/examples/doxygen-1.8.4/src/membergroup.h" line="140" bodyfile="C:/Users/Mat/Projects/doxygraph/examples/doxygen-1.8.4/src/membergroup.h" bodystart="140" bodyend="-1"/>
      </memberdef>
      <memberdef kind="variable" id="d1/d12/struct_member_group_info_1a263221a15d1c749d14edc584881a27b3" prot="public" static="no" mutable="no">
        <type>QCString</type>
        <definition>QCString MemberGroupInfo::doc</definition>
        <argsstring></argsstring>
        <name>doc</name>
        <briefdescription>
        </briefdescription>
        <detaileddescription>
        </detaileddescription>
        <inbodydescription>
        </inbodydescription>
        <location file="C:/Users/Mat/Projects/doxygraph/examples/doxygen-1.8.4/src/membergroup.h" line="141" bodyfile="C:/Users/Mat/Projects/doxygraph/examples/doxygen-1.8.4/src/membergroup.h" bodystart="141" bodyend="-1"/>
      </memberdef>
      <memberdef kind="variable" id="d1/d12/struct_member_group_info_1ac6b12091c7246d55a69990307d9038e9" prot="public" static="no" mutable="no">
        <type>QCString</type>
        <definition>QCString MemberGroupInfo::docFile</definition>
        <argsstring></argsstring>
        <name>docFile</name>
        <briefdescription>
        </briefdescription>
        <detaileddescription>
        </detaileddescription>
        <inbodydescription>
        </inbodydescription>
        <location file="C:/Users/Mat/Projects/doxygraph/examples/doxygen-1.8.4/src/membergroup.h" line="142" bodyfile="C:/Users/Mat/Projects/doxygraph/examples/doxygen-1.8.4/src/membergroup.h" bodystart="142" bodyend="-1"/>
      </memberdef>
      <memberdef kind="variable" id="d1/d12/struct_member_group_info_1a652f192bb091e84a9f5405ec5e20f49b" prot="public" static="no" mutable="no">
        <type>QCString</type>
        <definition>QCString MemberGroupInfo::compoundName</definition>
        <argsstring></argsstring>
        <name>compoundName</name>
        <briefdescription>
        </briefdescription>
        <detaileddescription>
        </detaileddescription>
        <inbodydescription>
        </inbodydescription>
        <location file="C:/Users/Mat/Projects/doxygraph/examples/doxygen-1.8.4/src/membergroup.h" line="143" bodyfile="C:/Users/Mat/Projects/doxygraph/examples/doxygen-1.8.4/src/membergroup.h" bodystart="143" bodyend="-1"/>
      </memberdef>
      <memberdef kind="variable" id="d1/d12/struct_member_group_info_1ab8d0845ef9ecaa1d3d09374098316fca" prot="public" static="no" mutable="no">
        <type><ref refid="db/daa/class_q_list" kindref="compound">QList</ref>&lt; <ref refid="d8/dd5/struct_list_item_info" kindref="compound">ListItemInfo</ref> &gt; *</type>
        <definition>QList&lt;ListItemInfo&gt;* MemberGroupInfo::m_sli</definition>
        <argsstring></argsstring>
        <name>m_sli</name>
        <briefdescription>
        </briefdescription>
        <detaileddescription>
        </detaileddescription>
        <inbodydescription>
        </inbodydescription>
        <location file="C:/Users/Mat/Projects/doxygraph/examples/doxygen-1.8.4/src/membergroup.h" line="144" bodyfile="C:/Users/Mat/Projects/doxygraph/examples/doxygen-1.8.4/src/membergroup.h" bodystart="144" bodyend="-1"/>
      </memberdef>
      </sectiondef>
      <sectiondef kind="public-func">
      <memberdef kind="function" id="d1/d12/struct_member_group_info_1af99afc0278dd0a62ff1f0a3b61b9c1b8" prot="public" static="no" const="no" explicit="no" inline="yes" virt="non-virtual">
        <type></type>
        <definition>MemberGroupInfo::MemberGroupInfo</definition>
        <argsstring>()</argsstring>
        <name>MemberGroupInfo</name>
        <briefdescription>
        </briefdescription>
        <detaileddescription>
        </detaileddescription>
        <inbodydescription>
        </inbodydescription>
        <location file="C:/Users/Mat/Projects/doxygraph/examples/doxygen-1.8.4/src/membergroup.h" line="137" bodyfile="C:/Users/Mat/Projects/doxygraph/examples/doxygen-1.8.4/src/membergroup.h" bodystart="137" bodyend="137"/>
      </memberdef>
      <memberdef kind="function" id="d1/d12/struct_member_group_info_1acc32bb9afded667e4df16c5c91692f66" prot="public" static="no" const="no" explicit="no" inline="yes" virt="non-virtual">
        <type></type>
        <definition>MemberGroupInfo::~MemberGroupInfo</definition>
        <argsstring>()</argsstring>
        <name>~MemberGroupInfo</name>
        <briefdescription>
        </briefdescription>
        <detaileddescription>
        </detaileddescription>
        <inbodydescription>
        </inbodydescription>
        <location file="C:/Users/Mat/Projects/doxygraph/examples/doxygen-1.8.4/src/membergroup.h" line="138" bodyfile="C:/Users/Mat/Projects/doxygraph/examples/doxygen-1.8.4/src/membergroup.h" bodystart="138" bodyend="138"/>
      </memberdef>
      <memberdef kind="function" id="d1/d12/struct_member_group_info_1a4e4a2794cd25b882ccacbcb4a7a127db" prot="public" static="no" const="no" explicit="no" inline="no" virt="non-virtual">
        <type>void</type>
        <definition>void MemberGroupInfo::setRefItems</definition>
        <argsstring>(const QList&lt; ListItemInfo &gt; *sli)</argsstring>
        <name>setRefItems</name>
        <param>
          <type>const <ref refid="db/daa/class_q_list" kindref="compound">QList</ref>&lt; <ref refid="d8/dd5/struct_list_item_info" kindref="compound">ListItemInfo</ref> &gt; *</type>
          <declname>sli</declname>
        </param>
        <briefdescription>
        </briefdescription>
        <detaileddescription>
        </detaileddescription>
        <inbodydescription>
        </inbodydescription>
        <location file="C:/Users/Mat/Projects/doxygraph/examples/doxygen-1.8.4/src/membergroup.h" line="139" bodyfile="C:/Users/Mat/Projects/doxygraph/examples/doxygen-1.8.4/src/membergroup.cpp" bodystart="394" bodyend="408"/>
      </memberdef>
      </sectiondef>
    <briefdescription>
<para>Data collected for a member group. </para>    </briefdescription>
    <detaileddescription>
    </detaileddescription>
    <location file="C:/Users/Mat/Projects/doxygraph/examples/doxygen-1.8.4/src/membergroup.h" line="136" bodyfile="C:/Users/Mat/Projects/doxygraph/examples/doxygen-1.8.4/src/membergroup.h" bodystart="135" bodyend="145"/>
    <listofallmembers>
      <member refid="d1/d12/struct_member_group_info_1a652f192bb091e84a9f5405ec5e20f49b" prot="public" virt="non-virtual"><scope>MemberGroupInfo</scope><name>compoundName</name></member>
      <member refid="d1/d12/struct_member_group_info_1a263221a15d1c749d14edc584881a27b3" prot="public" virt="non-virtual"><scope>MemberGroupInfo</scope><name>doc</name></member>
      <member refid="d1/d12/struct_member_group_info_1ac6b12091c7246d55a69990307d9038e9" prot="public" virt="non-virtual"><scope>MemberGroupInfo</scope><name>docFile</name></member>
      <member refid="d1/d12/struct_member_group_info_1ae9064c66b617952b9c0f924ef30ce226" prot="public" virt="non-virtual"><scope>MemberGroupInfo</scope><name>header</name></member>
      <member refid="d1/d12/struct_member_group_info_1ab8d0845ef9ecaa1d3d09374098316fca" prot="public" virt="non-virtual"><scope>MemberGroupInfo</scope><name>m_sli</name></member>
      <member refid="d1/d12/struct_member_group_info_1af99afc0278dd0a62ff1f0a3b61b9c1b8" prot="public" virt="non-virtual"><scope>MemberGroupInfo</scope><name>MemberGroupInfo</name></member>
      <member refid="d1/d12/struct_member_group_info_1a4e4a2794cd25b882ccacbcb4a7a127db" prot="public" virt="non-virtual"><scope>MemberGroupInfo</scope><name>setRefItems</name></member>
      <member refid="d1/d12/struct_member_group_info_1acc32bb9afded667e4df16c5c91692f66" prot="public" virt="non-virtual"><scope>MemberGroupInfo</scope><name>~MemberGroupInfo</name></member>
    </listofallmembers>
  </compounddef>
</doxygen>
