<?xml version='1.0' encoding='UTF-8' standalone='no'?>
<doxygen xmlns:xsi="http://www.w3.org/2001/XMLSchema-instance" xsi:noNamespaceSchemaLocation="compound.xsd" version="1.8.2">
  <compounddef id="d6/d7d/class_alpha_index_table_rows_iterator" kind="class" prot="public">
    <compoundname>AlphaIndexTableRowsIterator</compoundname>
    <basecompoundref prot="public" virt="non-virtual">QListIterator&lt; AlphaIndexTableCell &gt;</basecompoundref>
      <sectiondef kind="public-func">
      <memberdef kind="function" id="d6/d7d/class_alpha_index_table_rows_iterator_1af4dfd3a88c6e9da47903727f9c6df44f" prot="public" static="no" const="no" explicit="no" inline="yes" virt="non-virtual">
        <type></type>
        <definition>AlphaIndexTableRowsIterator::AlphaIndexTableRowsIterator</definition>
        <argsstring>(const AlphaIndexTableRows &amp;list)</argsstring>
        <name>AlphaIndexTableRowsIterator</name>
        <param>
          <type>const AlphaIndexTableRows &amp;</type>
          <declname>list</declname>
        </param>
        <briefdescription>
        </briefdescription>
        <detaileddescription>
        </detaileddescription>
        <inbodydescription>
        </inbodydescription>
        <location file="C:/Users/Mat/Projects/doxygraph/examples/doxygen-1.8.4/src/index.cpp" line="1763" bodyfile="C:/Users/Mat/Projects/doxygraph/examples/doxygen-1.8.4/src/index.cpp" bodystart="1762" bodyend="1763"/>
      </memberdef>
      </sectiondef>
    <briefdescription>
<para>Iterator for the cells in a row of the alphabetical class index. </para>    </briefdescription>
    <detaileddescription>
    </detaileddescription>
    <inheritancegraph>
      <node id="2492">
        <label>AlphaIndexTableRowsIterator</label>
        <childnode refid="2493" relation="public-inheritance">
        </childnode>
      </node>
      <node id="2493">
        <label>QListIterator&lt; AlphaIndexTableCell &gt;</label>
      </node>
    </inheritancegraph>
    <collaborationgraph>
      <node id="2494">
        <label>AlphaIndexTableRowsIterator</label>
        <childnode refid="2495" relation="public-inheritance">
        </childnode>
      </node>
      <node id="2495">
        <label>QListIterator&lt; AlphaIndexTableCell &gt;</label>
      </node>
    </collaborationgraph>
    <location file="C:/Users/Mat/Projects/doxygraph/examples/doxygen-1.8.4/src/index.cpp" line="1760" bodyfile="C:/Users/Mat/Projects/doxygraph/examples/doxygen-1.8.4/src/index.cpp" bodystart="1759" bodyend="1764"/>
    <listofallmembers>
      <member refid="d6/d7d/class_alpha_index_table_rows_iterator_1af4dfd3a88c6e9da47903727f9c6df44f" prot="public" virt="non-virtual"><scope>AlphaIndexTableRowsIterator</scope><name>AlphaIndexTableRowsIterator</name></member>
    </listofallmembers>
  </compounddef>
</doxygen>
