<?xml version='1.0' encoding='UTF-8' standalone='no'?>
<doxygen xmlns:xsi="http://www.w3.org/2001/XMLSchema-instance" xsi:noNamespaceSchemaLocation="compound.xsd" version="1.8.2">
  <compounddef id="d5/d47/struct_d_bus_x_m_l_handler_1_1_element_data" kind="struct" prot="private">
    <compoundname>DBusXMLHandler::ElementData</compoundname>
      <sectiondef kind="public-attrib">
      <memberdef kind="variable" id="d5/d47/struct_d_bus_x_m_l_handler_1_1_element_data_1a0c3b18e65ac04424abe4b990a3fe2d07" prot="public" static="no" mutable="no">
        <type>QCString</type>
        <definition>QCString DBusXMLHandler::ElementData::element</definition>
        <argsstring></argsstring>
        <name>element</name>
        <briefdescription>
        </briefdescription>
        <detaileddescription>
        </detaileddescription>
        <inbodydescription>
        </inbodydescription>
        <location file="C:/Users/Mat/Projects/doxygraph/examples/doxygen-1.8.4/src/dbusxmlscanner.cpp" line="746" bodyfile="C:/Users/Mat/Projects/doxygraph/examples/doxygen-1.8.4/src/dbusxmlscanner.cpp" bodystart="746" bodyend="-1"/>
      </memberdef>
      <memberdef kind="variable" id="d5/d47/struct_d_bus_x_m_l_handler_1_1_element_data_1a55a3c4452e6d9cc975d9729f329c4d0c" prot="public" static="no" mutable="no">
        <type>QCString</type>
        <definition>QCString DBusXMLHandler::ElementData::text</definition>
        <argsstring></argsstring>
        <name>text</name>
        <briefdescription>
        </briefdescription>
        <detaileddescription>
        </detaileddescription>
        <inbodydescription>
        </inbodydescription>
        <location file="C:/Users/Mat/Projects/doxygraph/examples/doxygen-1.8.4/src/dbusxmlscanner.cpp" line="747" bodyfile="C:/Users/Mat/Projects/doxygraph/examples/doxygen-1.8.4/src/dbusxmlscanner.cpp" bodystart="747" bodyend="-1"/>
      </memberdef>
      </sectiondef>
      <sectiondef kind="public-func">
      <memberdef kind="function" id="d5/d47/struct_d_bus_x_m_l_handler_1_1_element_data_1a13bf52716df48108b00a9aa6841a89bc" prot="public" static="no" const="no" explicit="no" inline="yes" virt="non-virtual">
        <type></type>
        <definition>DBusXMLHandler::ElementData::ElementData</definition>
        <argsstring>(const QCString &amp;e)</argsstring>
        <name>ElementData</name>
        <param>
          <type>const QCString &amp;</type>
          <declname>e</declname>
        </param>
        <briefdescription>
        </briefdescription>
        <detaileddescription>
        </detaileddescription>
        <inbodydescription>
        </inbodydescription>
        <location file="C:/Users/Mat/Projects/doxygraph/examples/doxygen-1.8.4/src/dbusxmlscanner.cpp" line="743" bodyfile="C:/Users/Mat/Projects/doxygraph/examples/doxygen-1.8.4/src/dbusxmlscanner.cpp" bodystart="741" bodyend="743"/>
      </memberdef>
      <memberdef kind="function" id="d5/d47/struct_d_bus_x_m_l_handler_1_1_element_data_1a376e8568bee27f18fe92285250702f28" prot="public" static="no" const="no" explicit="no" inline="yes" virt="non-virtual">
        <type></type>
        <definition>DBusXMLHandler::ElementData::~ElementData</definition>
        <argsstring>()</argsstring>
        <name>~ElementData</name>
        <briefdescription>
        </briefdescription>
        <detaileddescription>
        </detaileddescription>
        <inbodydescription>
        </inbodydescription>
        <location file="C:/Users/Mat/Projects/doxygraph/examples/doxygen-1.8.4/src/dbusxmlscanner.cpp" line="744" bodyfile="C:/Users/Mat/Projects/doxygraph/examples/doxygen-1.8.4/src/dbusxmlscanner.cpp" bodystart="744" bodyend="744"/>
      </memberdef>
      </sectiondef>
    <briefdescription>
    </briefdescription>
    <detaileddescription>
    </detaileddescription>
    <location file="C:/Users/Mat/Projects/doxygraph/examples/doxygen-1.8.4/src/dbusxmlscanner.cpp" line="740" bodyfile="C:/Users/Mat/Projects/doxygraph/examples/doxygen-1.8.4/src/dbusxmlscanner.cpp" bodystart="739" bodyend="748"/>
    <listofallmembers>
      <member refid="d5/d47/struct_d_bus_x_m_l_handler_1_1_element_data_1a0c3b18e65ac04424abe4b990a3fe2d07" prot="public" virt="non-virtual"><scope>DBusXMLHandler::ElementData</scope><name>element</name></member>
      <member refid="d5/d47/struct_d_bus_x_m_l_handler_1_1_element_data_1a13bf52716df48108b00a9aa6841a89bc" prot="public" virt="non-virtual"><scope>DBusXMLHandler::ElementData</scope><name>ElementData</name></member>
      <member refid="d5/d47/struct_d_bus_x_m_l_handler_1_1_element_data_1a55a3c4452e6d9cc975d9729f329c4d0c" prot="public" virt="non-virtual"><scope>DBusXMLHandler::ElementData</scope><name>text</name></member>
      <member refid="d5/d47/struct_d_bus_x_m_l_handler_1_1_element_data_1a376e8568bee27f18fe92285250702f28" prot="public" virt="non-virtual"><scope>DBusXMLHandler::ElementData</scope><name>~ElementData</name></member>
    </listofallmembers>
  </compounddef>
</doxygen>
