<?xml version='1.0' encoding='UTF-8' standalone='no'?>
<doxygen xmlns:xsi="http://www.w3.org/2001/XMLSchema-instance" xsi:noNamespaceSchemaLocation="compound.xsd" version="1.8.2">
  <compounddef id="d7/d46/class_base_class_list" kind="class" prot="public">
    <compoundname>BaseClassList</compoundname>
    <basecompoundref refid="db/daa/class_q_list" prot="public" virt="non-virtual">QList&lt; BaseClassDef &gt;</basecompoundref>
    <includes refid="d1/da6/classdef_8h" local="no">classdef.h</includes>
      <sectiondef kind="public-func">
      <memberdef kind="function" id="d7/d46/class_base_class_list_1a019b74649fd70ba9be5f167494214d29" prot="public" static="no" const="no" explicit="no" inline="yes" virt="non-virtual">
        <type></type>
        <definition>BaseClassList::~BaseClassList</definition>
        <argsstring>()</argsstring>
        <name>~BaseClassList</name>
        <briefdescription>
        </briefdescription>
        <detaileddescription>
        </detaileddescription>
        <inbodydescription>
        </inbodydescription>
        <location file="C:/Users/Mat/Projects/doxygraph/examples/doxygen-1.8.4/src/classdef.h" line="510" bodyfile="C:/Users/Mat/Projects/doxygraph/examples/doxygen-1.8.4/src/classdef.h" bodystart="510" bodyend="510"/>
      </memberdef>
      <memberdef kind="function" id="d7/d46/class_base_class_list_1ac926a0aca2b2f2efb04df24b18669b3a" prot="public" static="no" const="no" explicit="no" inline="yes" virt="non-virtual">
        <type>int</type>
        <definition>int BaseClassList::compareItems</definition>
        <argsstring>(QCollection::Item item1, QCollection::Item item2)</argsstring>
        <name>compareItems</name>
        <param>
          <type>QCollection::Item</type>
          <declname>item1</declname>
        </param>
        <param>
          <type>QCollection::Item</type>
          <declname>item2</declname>
        </param>
        <briefdescription>
        </briefdescription>
        <detaileddescription>
        </detaileddescription>
        <inbodydescription>
        </inbodydescription>
        <location file="C:/Users/Mat/Projects/doxygraph/examples/doxygen-1.8.4/src/classdef.h" line="512" bodyfile="C:/Users/Mat/Projects/doxygraph/examples/doxygen-1.8.4/src/classdef.h" bodystart="511" bodyend="519"/>
      </memberdef>
      </sectiondef>
    <briefdescription>
<para>List of base classes. </para>    </briefdescription>
    <detaileddescription>
<para>The classes are alphabetically sorted on name if inSort() is used. </para>    </detaileddescription>
    <inheritancegraph>
      <node id="2507">
        <label>BaseClassList</label>
        <link refid="d7/d46/class_base_class_list"/>
        <childnode refid="2508" relation="public-inheritance">
        </childnode>
      </node>
      <node id="2508">
        <label>QList&lt; BaseClassDef &gt;</label>
        <link refid="db/daa/class_q_list"/>
      </node>
    </inheritancegraph>
    <collaborationgraph>
      <node id="2509">
        <label>BaseClassList</label>
        <link refid="d7/d46/class_base_class_list"/>
        <childnode refid="2510" relation="public-inheritance">
        </childnode>
      </node>
      <node id="2510">
        <label>QList&lt; BaseClassDef &gt;</label>
        <link refid="db/daa/class_q_list"/>
      </node>
    </collaborationgraph>
    <location file="C:/Users/Mat/Projects/doxygraph/examples/doxygen-1.8.4/src/classdef.h" line="508" bodyfile="C:/Users/Mat/Projects/doxygraph/examples/doxygen-1.8.4/src/classdef.h" bodystart="507" bodyend="520"/>
    <listofallmembers>
      <member refid="d7/d46/class_base_class_list_1ac926a0aca2b2f2efb04df24b18669b3a" prot="public" virt="non-virtual"><scope>BaseClassList</scope><name>compareItems</name></member>
      <member refid="d7/d46/class_base_class_list_1a019b74649fd70ba9be5f167494214d29" prot="public" virt="non-virtual"><scope>BaseClassList</scope><name>~BaseClassList</name></member>
    </listofallmembers>
  </compounddef>
</doxygen>
