<?xml version='1.0' encoding='UTF-8' standalone='no'?>
<doxygen xmlns:xsi="http://www.w3.org/2001/XMLSchema-instance" xsi:noNamespaceSchemaLocation="compound.xsd" version="1.8.2">
  <compounddef id="d5/d5b/struct_section_info" kind="struct" prot="public">
    <compoundname>SectionInfo</compoundname>
    <includes refid="d1/d2a/section_8h" local="no">section.h</includes>
      <sectiondef kind="public-type">
      <memberdef kind="enum" id="d5/d5b/struct_section_info_1a32308f52dd59422b14fb75a92c90ebf1" prot="public" static="no">
        <name>SectionType</name>
        <enumvalue id="d5/d5b/struct_section_info_1a32308f52dd59422b14fb75a92c90ebf1ab7fe9ec79f1d04f6e6be2a58b9b47405" prot="public">
          <name>Page</name>
          <initializer>= 0</initializer>
          <briefdescription>
          </briefdescription>
          <detaileddescription>
          </detaileddescription>
        </enumvalue>
        <enumvalue id="d5/d5b/struct_section_info_1a32308f52dd59422b14fb75a92c90ebf1a15dc8071785cc7fe6101a290d5450e57" prot="public">
          <name>Section</name>
          <initializer>= 1</initializer>
          <briefdescription>
          </briefdescription>
          <detaileddescription>
          </detaileddescription>
        </enumvalue>
        <enumvalue id="d5/d5b/struct_section_info_1a32308f52dd59422b14fb75a92c90ebf1a68f0c1758676721ca67c36c1dc151816" prot="public">
          <name>Subsection</name>
          <initializer>= 2</initializer>
          <briefdescription>
          </briefdescription>
          <detaileddescription>
          </detaileddescription>
        </enumvalue>
        <enumvalue id="d5/d5b/struct_section_info_1a32308f52dd59422b14fb75a92c90ebf1acdfc66de4770347c39215c584c175c53" prot="public">
          <name>Subsubsection</name>
          <initializer>= 3</initializer>
          <briefdescription>
          </briefdescription>
          <detaileddescription>
          </detaileddescription>
        </enumvalue>
        <enumvalue id="d5/d5b/struct_section_info_1a32308f52dd59422b14fb75a92c90ebf1a85d1f347c175312d178170b0dd3ed35c" prot="public">
          <name>Paragraph</name>
          <initializer>= 4</initializer>
          <briefdescription>
          </briefdescription>
          <detaileddescription>
          </detaileddescription>
        </enumvalue>
        <enumvalue id="d5/d5b/struct_section_info_1a32308f52dd59422b14fb75a92c90ebf1a49cff4beb26b3e91717992c9228bd15b" prot="public">
          <name>Anchor</name>
          <initializer>= 5</initializer>
          <briefdescription>
          </briefdescription>
          <detaileddescription>
          </detaileddescription>
        </enumvalue>
        <briefdescription>
        </briefdescription>
        <detaileddescription>
        </detaileddescription>
        <inbodydescription>
        </inbodydescription>
        <location file="C:/Users/Mat/Projects/doxygraph/examples/doxygen-1.8.4/src/section.h" line="29" bodyfile="C:/Users/Mat/Projects/doxygraph/examples/doxygen-1.8.4/src/section.h" bodystart="29" bodyend="35"/>
      </memberdef>
      </sectiondef>
      <sectiondef kind="public-attrib">
      <memberdef kind="variable" id="d5/d5b/struct_section_info_1a3f1540ed748f49b622915063e97a0a9c" prot="public" static="no" mutable="no">
        <type>QCString</type>
        <definition>QCString SectionInfo::label</definition>
        <argsstring></argsstring>
        <name>label</name>
        <briefdescription>
        </briefdescription>
        <detaileddescription>
        </detaileddescription>
        <inbodydescription>
        </inbodydescription>
        <location file="C:/Users/Mat/Projects/doxygraph/examples/doxygen-1.8.4/src/section.h" line="49" bodyfile="C:/Users/Mat/Projects/doxygraph/examples/doxygen-1.8.4/src/section.h" bodystart="49" bodyend="-1"/>
      </memberdef>
      <memberdef kind="variable" id="d5/d5b/struct_section_info_1a6351881d52095f7bbe11e96a7102f9a6" prot="public" static="no" mutable="no">
        <type>QCString</type>
        <definition>QCString SectionInfo::title</definition>
        <argsstring></argsstring>
        <name>title</name>
        <briefdescription>
        </briefdescription>
        <detaileddescription>
        </detaileddescription>
        <inbodydescription>
        </inbodydescription>
        <location file="C:/Users/Mat/Projects/doxygraph/examples/doxygen-1.8.4/src/section.h" line="50" bodyfile="C:/Users/Mat/Projects/doxygraph/examples/doxygen-1.8.4/src/section.h" bodystart="50" bodyend="-1"/>
      </memberdef>
      <memberdef kind="variable" id="d5/d5b/struct_section_info_1a028667b2061a4cfa8a5ed9765e0583d2" prot="public" static="no" mutable="no">
        <type>SectionType</type>
        <definition>SectionType SectionInfo::type</definition>
        <argsstring></argsstring>
        <name>type</name>
        <briefdescription>
        </briefdescription>
        <detaileddescription>
        </detaileddescription>
        <inbodydescription>
        </inbodydescription>
        <location file="C:/Users/Mat/Projects/doxygraph/examples/doxygen-1.8.4/src/section.h" line="51" bodyfile="C:/Users/Mat/Projects/doxygraph/examples/doxygen-1.8.4/src/section.h" bodystart="51" bodyend="-1"/>
      </memberdef>
      <memberdef kind="variable" id="d5/d5b/struct_section_info_1ad0f4c1f86263d2a044d2b5a183bb3387" prot="public" static="no" mutable="no">
        <type>QCString</type>
        <definition>QCString SectionInfo::ref</definition>
        <argsstring></argsstring>
        <name>ref</name>
        <briefdescription>
        </briefdescription>
        <detaileddescription>
        </detaileddescription>
        <inbodydescription>
        </inbodydescription>
        <location file="C:/Users/Mat/Projects/doxygraph/examples/doxygen-1.8.4/src/section.h" line="52" bodyfile="C:/Users/Mat/Projects/doxygraph/examples/doxygen-1.8.4/src/section.h" bodystart="52" bodyend="-1"/>
      </memberdef>
      <memberdef kind="variable" id="d5/d5b/struct_section_info_1aae5dcda2890356ecfcb2cd21f12c2ef7" prot="public" static="no" mutable="no">
        <type><ref refid="d5/dcc/class_definition" kindref="compound">Definition</ref> *</type>
        <definition>Definition* SectionInfo::definition</definition>
        <argsstring></argsstring>
        <name>definition</name>
        <briefdescription>
        </briefdescription>
        <detaileddescription>
        </detaileddescription>
        <inbodydescription>
        </inbodydescription>
        <location file="C:/Users/Mat/Projects/doxygraph/examples/doxygen-1.8.4/src/section.h" line="53" bodyfile="C:/Users/Mat/Projects/doxygraph/examples/doxygen-1.8.4/src/section.h" bodystart="53" bodyend="-1"/>
      </memberdef>
      <memberdef kind="variable" id="d5/d5b/struct_section_info_1a8973ffe375fd2b350a04f51f0785fd58" prot="public" static="no" mutable="no">
        <type>QCString</type>
        <definition>QCString SectionInfo::fileName</definition>
        <argsstring></argsstring>
        <name>fileName</name>
        <briefdescription>
        </briefdescription>
        <detaileddescription>
        </detaileddescription>
        <inbodydescription>
        </inbodydescription>
        <location file="C:/Users/Mat/Projects/doxygraph/examples/doxygen-1.8.4/src/section.h" line="54" bodyfile="C:/Users/Mat/Projects/doxygraph/examples/doxygen-1.8.4/src/section.h" bodystart="54" bodyend="-1"/>
      </memberdef>
      <memberdef kind="variable" id="d5/d5b/struct_section_info_1a6f1606b8414caf31008f55d8b33d4fcc" prot="public" static="no" mutable="no">
        <type>bool</type>
        <definition>bool SectionInfo::generated</definition>
        <argsstring></argsstring>
        <name>generated</name>
        <briefdescription>
        </briefdescription>
        <detaileddescription>
        </detaileddescription>
        <inbodydescription>
        </inbodydescription>
        <location file="C:/Users/Mat/Projects/doxygraph/examples/doxygen-1.8.4/src/section.h" line="55" bodyfile="C:/Users/Mat/Projects/doxygraph/examples/doxygen-1.8.4/src/section.h" bodystart="55" bodyend="-1"/>
      </memberdef>
      <memberdef kind="variable" id="d5/d5b/struct_section_info_1ac215add41d774d87dfd6a56acb4570c5" prot="public" static="no" mutable="no">
        <type>int</type>
        <definition>int SectionInfo::level</definition>
        <argsstring></argsstring>
        <name>level</name>
        <briefdescription>
        </briefdescription>
        <detaileddescription>
        </detaileddescription>
        <inbodydescription>
        </inbodydescription>
        <location file="C:/Users/Mat/Projects/doxygraph/examples/doxygen-1.8.4/src/section.h" line="56" bodyfile="C:/Users/Mat/Projects/doxygraph/examples/doxygen-1.8.4/src/section.h" bodystart="56" bodyend="-1"/>
      </memberdef>
      </sectiondef>
      <sectiondef kind="public-func">
      <memberdef kind="function" id="d5/d5b/struct_section_info_1a70e3c15f58fda8a68a772673cf99b3c7" prot="public" static="no" const="no" explicit="no" inline="yes" virt="non-virtual">
        <type></type>
        <definition>SectionInfo::SectionInfo</definition>
        <argsstring>(const char *f, const char *l, const char *t, SectionType st, int lev, const char *r=0)</argsstring>
        <name>SectionInfo</name>
        <param>
          <type>const char *</type>
          <declname>f</declname>
        </param>
        <param>
          <type>const char *</type>
          <declname>l</declname>
        </param>
        <param>
          <type>const char *</type>
          <declname>t</declname>
        </param>
        <param>
          <type>SectionType</type>
          <declname>st</declname>
        </param>
        <param>
          <type>int</type>
          <declname>lev</declname>
        </param>
        <param>
          <type>const char *</type>
          <declname>r</declname>
          <defval>0</defval>
        </param>
        <briefdescription>
        </briefdescription>
        <detaileddescription>
        </detaileddescription>
        <inbodydescription>
        </inbodydescription>
        <location file="C:/Users/Mat/Projects/doxygraph/examples/doxygen-1.8.4/src/section.h" line="40" bodyfile="C:/Users/Mat/Projects/doxygraph/examples/doxygen-1.8.4/src/section.h" bodystart="36" bodyend="41"/>
      </memberdef>
      <memberdef kind="function" id="d5/d5b/struct_section_info_1acd07dd13cd3d649a7a103e91d5c59cd9" prot="public" static="no" const="no" explicit="no" inline="yes" virt="non-virtual">
        <type></type>
        <definition>SectionInfo::SectionInfo</definition>
        <argsstring>(const SectionInfo &amp;s)</argsstring>
        <name>SectionInfo</name>
        <param>
          <type>const <ref refid="d5/d5b/struct_section_info" kindref="compound">SectionInfo</ref> &amp;</type>
          <declname>s</declname>
        </param>
        <briefdescription>
        </briefdescription>
        <detaileddescription>
        </detaileddescription>
        <inbodydescription>
        </inbodydescription>
        <location file="C:/Users/Mat/Projects/doxygraph/examples/doxygen-1.8.4/src/section.h" line="43" bodyfile="C:/Users/Mat/Projects/doxygraph/examples/doxygen-1.8.4/src/section.h" bodystart="42" bodyend="47"/>
      </memberdef>
      <memberdef kind="function" id="d5/d5b/struct_section_info_1affd6ea0ae5137a85cb23f82abff8dd9e" prot="public" static="no" const="no" explicit="no" inline="yes" virt="non-virtual">
        <type></type>
        <definition>SectionInfo::~SectionInfo</definition>
        <argsstring>()</argsstring>
        <name>~SectionInfo</name>
        <briefdescription>
        </briefdescription>
        <detaileddescription>
        </detaileddescription>
        <inbodydescription>
        </inbodydescription>
        <location file="C:/Users/Mat/Projects/doxygraph/examples/doxygen-1.8.4/src/section.h" line="48" bodyfile="C:/Users/Mat/Projects/doxygraph/examples/doxygen-1.8.4/src/section.h" bodystart="48" bodyend="48"/>
      </memberdef>
      </sectiondef>
    <briefdescription>
<para>Class representing a section in a page. </para>    </briefdescription>
    <detaileddescription>
    </detaileddescription>
    <collaborationgraph>
      <node id="4099">
        <label>Definition</label>
        <link refid="d5/dcc/class_definition"/>
        <childnode refid="4100" relation="public-inheritance">
        </childnode>
      </node>
      <node id="4098">
        <label>SectionInfo</label>
        <link refid="d5/d5b/struct_section_info"/>
        <childnode refid="4099" relation="usage">
          <edgelabel>definition</edgelabel>
        </childnode>
      </node>
      <node id="4100">
        <label>DefinitionIntf</label>
        <link refid="d9/d4a/class_definition_intf"/>
      </node>
    </collaborationgraph>
    <location file="C:/Users/Mat/Projects/doxygraph/examples/doxygen-1.8.4/src/section.h" line="28" bodyfile="C:/Users/Mat/Projects/doxygraph/examples/doxygen-1.8.4/src/section.h" bodystart="27" bodyend="57"/>
    <listofallmembers>
      <member refid="d5/d5b/struct_section_info_1a32308f52dd59422b14fb75a92c90ebf1a49cff4beb26b3e91717992c9228bd15b" prot="public" virt="non-virtual"><scope>SectionInfo</scope><name>Anchor</name></member>
      <member refid="d5/d5b/struct_section_info_1aae5dcda2890356ecfcb2cd21f12c2ef7" prot="public" virt="non-virtual"><scope>SectionInfo</scope><name>definition</name></member>
      <member refid="d5/d5b/struct_section_info_1a8973ffe375fd2b350a04f51f0785fd58" prot="public" virt="non-virtual"><scope>SectionInfo</scope><name>fileName</name></member>
      <member refid="d5/d5b/struct_section_info_1a6f1606b8414caf31008f55d8b33d4fcc" prot="public" virt="non-virtual"><scope>SectionInfo</scope><name>generated</name></member>
      <member refid="d5/d5b/struct_section_info_1a3f1540ed748f49b622915063e97a0a9c" prot="public" virt="non-virtual"><scope>SectionInfo</scope><name>label</name></member>
      <member refid="d5/d5b/struct_section_info_1ac215add41d774d87dfd6a56acb4570c5" prot="public" virt="non-virtual"><scope>SectionInfo</scope><name>level</name></member>
      <member refid="d5/d5b/struct_section_info_1a32308f52dd59422b14fb75a92c90ebf1ab7fe9ec79f1d04f6e6be2a58b9b47405" prot="public" virt="non-virtual"><scope>SectionInfo</scope><name>Page</name></member>
      <member refid="d5/d5b/struct_section_info_1a32308f52dd59422b14fb75a92c90ebf1a85d1f347c175312d178170b0dd3ed35c" prot="public" virt="non-virtual"><scope>SectionInfo</scope><name>Paragraph</name></member>
      <member refid="d5/d5b/struct_section_info_1ad0f4c1f86263d2a044d2b5a183bb3387" prot="public" virt="non-virtual"><scope>SectionInfo</scope><name>ref</name></member>
      <member refid="d5/d5b/struct_section_info_1a32308f52dd59422b14fb75a92c90ebf1a15dc8071785cc7fe6101a290d5450e57" prot="public" virt="non-virtual"><scope>SectionInfo</scope><name>Section</name></member>
      <member refid="d5/d5b/struct_section_info_1a70e3c15f58fda8a68a772673cf99b3c7" prot="public" virt="non-virtual"><scope>SectionInfo</scope><name>SectionInfo</name></member>
      <member refid="d5/d5b/struct_section_info_1acd07dd13cd3d649a7a103e91d5c59cd9" prot="public" virt="non-virtual"><scope>SectionInfo</scope><name>SectionInfo</name></member>
      <member refid="d5/d5b/struct_section_info_1a32308f52dd59422b14fb75a92c90ebf1" prot="public" virt="non-virtual"><scope>SectionInfo</scope><name>SectionType</name></member>
      <member refid="d5/d5b/struct_section_info_1a32308f52dd59422b14fb75a92c90ebf1a68f0c1758676721ca67c36c1dc151816" prot="public" virt="non-virtual"><scope>SectionInfo</scope><name>Subsection</name></member>
      <member refid="d5/d5b/struct_section_info_1a32308f52dd59422b14fb75a92c90ebf1acdfc66de4770347c39215c584c175c53" prot="public" virt="non-virtual"><scope>SectionInfo</scope><name>Subsubsection</name></member>
      <member refid="d5/d5b/struct_section_info_1a6351881d52095f7bbe11e96a7102f9a6" prot="public" virt="non-virtual"><scope>SectionInfo</scope><name>title</name></member>
      <member refid="d5/d5b/struct_section_info_1a028667b2061a4cfa8a5ed9765e0583d2" prot="public" virt="non-virtual"><scope>SectionInfo</scope><name>type</name></member>
      <member refid="d5/d5b/struct_section_info_1affd6ea0ae5137a85cb23f82abff8dd9e" prot="public" virt="non-virtual"><scope>SectionInfo</scope><name>~SectionInfo</name></member>
    </listofallmembers>
  </compounddef>
</doxygen>
