<?xml version='1.0' encoding='UTF-8' standalone='no'?>
<doxygen xmlns:xsi="http://www.w3.org/2001/XMLSchema-instance" xsi:noNamespaceSchemaLocation="compound.xsd" version="1.8.2">
  <compounddef id="df/d42/class_used_dir" kind="class" prot="public">
    <compoundname>UsedDir</compoundname>
    <includes refid="d6/d15/dirdef_8h" local="no">dirdef.h</includes>
      <sectiondef kind="private-attrib">
      <memberdef kind="variable" id="df/d42/class_used_dir_1ab38889e46a2ab7e5bf20ce6368b16bee" prot="private" static="no" mutable="no">
        <type><ref refid="d4/dd4/class_dir_def" kindref="compound">DirDef</ref> *</type>
        <definition>DirDef* UsedDir::m_dir</definition>
        <argsstring></argsstring>
        <name>m_dir</name>
        <briefdescription>
        </briefdescription>
        <detaileddescription>
        </detaileddescription>
        <inbodydescription>
        </inbodydescription>
        <location file="C:/Users/Mat/Projects/doxygraph/examples/doxygen-1.8.4/src/dirdef.h" line="140" bodyfile="C:/Users/Mat/Projects/doxygraph/examples/doxygen-1.8.4/src/dirdef.h" bodystart="140" bodyend="-1"/>
      </memberdef>
      <memberdef kind="variable" id="df/d42/class_used_dir_1a29a53947d2fc01a1afee6d18b6178653" prot="private" static="no" mutable="no">
        <type><ref refid="d0/d5d/class_file_pair_dict" kindref="compound">FilePairDict</ref></type>
        <definition>FilePairDict UsedDir::m_filePairs</definition>
        <argsstring></argsstring>
        <name>m_filePairs</name>
        <briefdescription>
        </briefdescription>
        <detaileddescription>
        </detaileddescription>
        <inbodydescription>
        </inbodydescription>
        <location file="C:/Users/Mat/Projects/doxygraph/examples/doxygen-1.8.4/src/dirdef.h" line="141" bodyfile="C:/Users/Mat/Projects/doxygraph/examples/doxygen-1.8.4/src/dirdef.h" bodystart="141" bodyend="-1"/>
      </memberdef>
      <memberdef kind="variable" id="df/d42/class_used_dir_1ae9c74916c53b2a7c88408dbce2fc6338" prot="private" static="no" mutable="no">
        <type>bool</type>
        <definition>bool UsedDir::m_inherited</definition>
        <argsstring></argsstring>
        <name>m_inherited</name>
        <briefdescription>
        </briefdescription>
        <detaileddescription>
        </detaileddescription>
        <inbodydescription>
        </inbodydescription>
        <location file="C:/Users/Mat/Projects/doxygraph/examples/doxygen-1.8.4/src/dirdef.h" line="142" bodyfile="C:/Users/Mat/Projects/doxygraph/examples/doxygen-1.8.4/src/dirdef.h" bodystart="142" bodyend="-1"/>
      </memberdef>
      </sectiondef>
      <sectiondef kind="public-func">
      <memberdef kind="function" id="df/d42/class_used_dir_1a46516c4ec3cea28c6fa305b15ba0ffee" prot="public" static="no" const="no" explicit="no" inline="no" virt="non-virtual">
        <type></type>
        <definition>UsedDir::UsedDir</definition>
        <argsstring>(DirDef *dir, bool inherited)</argsstring>
        <name>UsedDir</name>
        <param>
          <type><ref refid="d4/dd4/class_dir_def" kindref="compound">DirDef</ref> *</type>
          <declname>dir</declname>
        </param>
        <param>
          <type>bool</type>
          <declname>inherited</declname>
        </param>
        <briefdescription>
        </briefdescription>
        <detaileddescription>
        </detaileddescription>
        <inbodydescription>
        </inbodydescription>
        <location file="C:/Users/Mat/Projects/doxygraph/examples/doxygen-1.8.4/src/dirdef.h" line="131" bodyfile="C:/Users/Mat/Projects/doxygraph/examples/doxygen-1.8.4/src/dirdef.cpp" bodystart="594" bodyend="598"/>
      </memberdef>
      <memberdef kind="function" id="df/d42/class_used_dir_1a5bd1a329733b6036d161f36139ed3915" prot="public" static="no" const="no" explicit="no" inline="no" virt="virtual">
        <type></type>
        <definition>UsedDir::~UsedDir</definition>
        <argsstring>()</argsstring>
        <name>~UsedDir</name>
        <briefdescription>
        </briefdescription>
        <detaileddescription>
        </detaileddescription>
        <inbodydescription>
        </inbodydescription>
        <location file="C:/Users/Mat/Projects/doxygraph/examples/doxygen-1.8.4/src/dirdef.h" line="132" bodyfile="C:/Users/Mat/Projects/doxygraph/examples/doxygen-1.8.4/src/dirdef.cpp" bodystart="600" bodyend="602"/>
      </memberdef>
      <memberdef kind="function" id="df/d42/class_used_dir_1ae5ae1dc265b0d82b60ffe52938bf549b" prot="public" static="no" const="no" explicit="no" inline="no" virt="non-virtual">
        <type>void</type>
        <definition>void UsedDir::addFileDep</definition>
        <argsstring>(FileDef *srcFd, FileDef *dstFd)</argsstring>
        <name>addFileDep</name>
        <param>
          <type><ref refid="de/db0/class_file_def" kindref="compound">FileDef</ref> *</type>
          <declname>srcFd</declname>
        </param>
        <param>
          <type><ref refid="de/db0/class_file_def" kindref="compound">FileDef</ref> *</type>
          <declname>dstFd</declname>
        </param>
        <briefdescription>
        </briefdescription>
        <detaileddescription>
        </detaileddescription>
        <inbodydescription>
        </inbodydescription>
        <location file="C:/Users/Mat/Projects/doxygraph/examples/doxygen-1.8.4/src/dirdef.h" line="133" bodyfile="C:/Users/Mat/Projects/doxygraph/examples/doxygen-1.8.4/src/dirdef.cpp" bodystart="605" bodyend="609"/>
      </memberdef>
      <memberdef kind="function" id="df/d42/class_used_dir_1ac420432f250c5c034c3bfc60d65099a1" prot="public" static="no" const="no" explicit="no" inline="no" virt="non-virtual">
        <type><ref refid="d2/d31/class_file_pair" kindref="compound">FilePair</ref> *</type>
        <definition>FilePair * UsedDir::findFilePair</definition>
        <argsstring>(const char *name)</argsstring>
        <name>findFilePair</name>
        <param>
          <type>const char *</type>
          <declname>name</declname>
        </param>
        <briefdescription>
        </briefdescription>
        <detaileddescription>
        </detaileddescription>
        <inbodydescription>
        </inbodydescription>
        <location file="C:/Users/Mat/Projects/doxygraph/examples/doxygen-1.8.4/src/dirdef.h" line="134" bodyfile="C:/Users/Mat/Projects/doxygraph/examples/doxygen-1.8.4/src/dirdef.cpp" bodystart="611" bodyend="615"/>
      </memberdef>
      <memberdef kind="function" id="df/d42/class_used_dir_1a639dc9c90cb9c9362c5dfb0ddc548602" prot="public" static="no" const="yes" explicit="no" inline="yes" virt="non-virtual">
        <type>const <ref refid="d0/d5d/class_file_pair_dict" kindref="compound">FilePairDict</ref> &amp;</type>
        <definition>const FilePairDict&amp; UsedDir::filePairs</definition>
        <argsstring>() const </argsstring>
        <name>filePairs</name>
        <briefdescription>
        </briefdescription>
        <detaileddescription>
        </detaileddescription>
        <inbodydescription>
        </inbodydescription>
        <location file="C:/Users/Mat/Projects/doxygraph/examples/doxygen-1.8.4/src/dirdef.h" line="135" bodyfile="C:/Users/Mat/Projects/doxygraph/examples/doxygen-1.8.4/src/dirdef.h" bodystart="135" bodyend="135"/>
      </memberdef>
      <memberdef kind="function" id="df/d42/class_used_dir_1a467b8a03d2e9c61ff0692cfd539a4c79" prot="public" static="no" const="yes" explicit="no" inline="yes" virt="non-virtual">
        <type>const <ref refid="d4/dd4/class_dir_def" kindref="compound">DirDef</ref> *</type>
        <definition>const DirDef* UsedDir::dir</definition>
        <argsstring>() const </argsstring>
        <name>dir</name>
        <briefdescription>
        </briefdescription>
        <detaileddescription>
        </detaileddescription>
        <inbodydescription>
        </inbodydescription>
        <location file="C:/Users/Mat/Projects/doxygraph/examples/doxygen-1.8.4/src/dirdef.h" line="136" bodyfile="C:/Users/Mat/Projects/doxygraph/examples/doxygen-1.8.4/src/dirdef.h" bodystart="136" bodyend="136"/>
      </memberdef>
      <memberdef kind="function" id="df/d42/class_used_dir_1a4673343f118cca155ea46d6dcf37139e" prot="public" static="no" const="yes" explicit="no" inline="yes" virt="non-virtual">
        <type>bool</type>
        <definition>bool UsedDir::inherited</definition>
        <argsstring>() const </argsstring>
        <name>inherited</name>
        <briefdescription>
        </briefdescription>
        <detaileddescription>
        </detaileddescription>
        <inbodydescription>
        </inbodydescription>
        <location file="C:/Users/Mat/Projects/doxygraph/examples/doxygen-1.8.4/src/dirdef.h" line="137" bodyfile="C:/Users/Mat/Projects/doxygraph/examples/doxygen-1.8.4/src/dirdef.h" bodystart="137" bodyend="137"/>
      </memberdef>
      </sectiondef>
    <briefdescription>
<para>Usage information of a directory. </para>    </briefdescription>
    <detaileddescription>
    </detaileddescription>
    <location file="C:/Users/Mat/Projects/doxygraph/examples/doxygen-1.8.4/src/dirdef.h" line="129" bodyfile="C:/Users/Mat/Projects/doxygraph/examples/doxygen-1.8.4/src/dirdef.h" bodystart="128" bodyend="143"/>
    <listofallmembers>
      <member refid="df/d42/class_used_dir_1ae5ae1dc265b0d82b60ffe52938bf549b" prot="public" virt="non-virtual"><scope>UsedDir</scope><name>addFileDep</name></member>
      <member refid="df/d42/class_used_dir_1a467b8a03d2e9c61ff0692cfd539a4c79" prot="public" virt="non-virtual"><scope>UsedDir</scope><name>dir</name></member>
      <member refid="df/d42/class_used_dir_1a639dc9c90cb9c9362c5dfb0ddc548602" prot="public" virt="non-virtual"><scope>UsedDir</scope><name>filePairs</name></member>
      <member refid="df/d42/class_used_dir_1ac420432f250c5c034c3bfc60d65099a1" prot="public" virt="non-virtual"><scope>UsedDir</scope><name>findFilePair</name></member>
      <member refid="df/d42/class_used_dir_1a4673343f118cca155ea46d6dcf37139e" prot="public" virt="non-virtual"><scope>UsedDir</scope><name>inherited</name></member>
      <member refid="df/d42/class_used_dir_1ab38889e46a2ab7e5bf20ce6368b16bee" prot="private" virt="non-virtual"><scope>UsedDir</scope><name>m_dir</name></member>
      <member refid="df/d42/class_used_dir_1a29a53947d2fc01a1afee6d18b6178653" prot="private" virt="non-virtual"><scope>UsedDir</scope><name>m_filePairs</name></member>
      <member refid="df/d42/class_used_dir_1ae9c74916c53b2a7c88408dbce2fc6338" prot="private" virt="non-virtual"><scope>UsedDir</scope><name>m_inherited</name></member>
      <member refid="df/d42/class_used_dir_1a46516c4ec3cea28c6fa305b15ba0ffee" prot="public" virt="non-virtual"><scope>UsedDir</scope><name>UsedDir</name></member>
      <member refid="df/d42/class_used_dir_1a5bd1a329733b6036d161f36139ed3915" prot="public" virt="virtual"><scope>UsedDir</scope><name>~UsedDir</name></member>
    </listofallmembers>
  </compounddef>
</doxygen>
