<?xml version='1.0' encoding='UTF-8' standalone='no'?>
<doxygen xmlns:xsi="http://www.w3.org/2001/XMLSchema-instance" xsi:noNamespaceSchemaLocation="compound.xsd" version="1.8.2">
  <compounddef id="d3/d36/struct_lode_p_n_g___info_raw" kind="struct" prot="public">
    <compoundname>LodePNG_InfoRaw</compoundname>
      <sectiondef kind="public-attrib">
      <memberdef kind="variable" id="d3/d36/struct_lode_p_n_g___info_raw_1ae9fa1c020358980be41f861ab71589fb" prot="public" static="no" mutable="no">
        <type><ref refid="d5/d0f/struct_lode_p_n_g___info_color" kindref="compound">LodePNG_InfoColor</ref></type>
        <definition>LodePNG_InfoColor LodePNG_InfoRaw::color</definition>
        <argsstring></argsstring>
        <name>color</name>
        <briefdescription>
        </briefdescription>
        <detaileddescription>
        </detaileddescription>
        <inbodydescription>
        </inbodydescription>
        <location file="C:/Users/Mat/Projects/doxygraph/examples/doxygen-1.8.4/src/lodepng.h" line="266" bodyfile="C:/Users/Mat/Projects/doxygraph/examples/doxygen-1.8.4/src/lodepng.h" bodystart="266" bodyend="-1"/>
      </memberdef>
      </sectiondef>
    <briefdescription>
    </briefdescription>
    <detaileddescription>
    </detaileddescription>
    <collaborationgraph>
      <node id="3670">
        <label>LodePNG_InfoRaw</label>
        <link refid="d3/d36/struct_lode_p_n_g___info_raw"/>
        <childnode refid="3671" relation="usage">
          <edgelabel>color</edgelabel>
        </childnode>
      </node>
      <node id="3671">
        <label>LodePNG_InfoColor</label>
        <link refid="d5/d0f/struct_lode_p_n_g___info_color"/>
      </node>
    </collaborationgraph>
    <location file="C:/Users/Mat/Projects/doxygraph/examples/doxygen-1.8.4/src/lodepng.h" line="265" bodyfile="C:/Users/Mat/Projects/doxygraph/examples/doxygen-1.8.4/src/lodepng.h" bodystart="264" bodyend="267"/>
    <listofallmembers>
      <member refid="d3/d36/struct_lode_p_n_g___info_raw_1ae9fa1c020358980be41f861ab71589fb" prot="public" virt="non-virtual"><scope>LodePNG_InfoRaw</scope><name>color</name></member>
    </listofallmembers>
  </compounddef>
</doxygen>
