<?xml version='1.0' encoding='UTF-8' standalone='no'?>
<doxygen xmlns:xsi="http://www.w3.org/2001/XMLSchema-instance" xsi:noNamespaceSchemaLocation="compound.xsd" version="1.8.2">
  <compounddef id="d7/dd5/struct_doc_info" kind="struct" prot="public">
    <compoundname>DocInfo</compoundname>
    <includes refid="df/da1/definition_8h" local="no">definition.h</includes>
      <sectiondef kind="public-attrib">
      <memberdef kind="variable" id="d7/dd5/struct_doc_info_1a543c5554fb4ecb5b71acd47f6ea39374" prot="public" static="no" mutable="no">
        <type>QCString</type>
        <definition>QCString DocInfo::doc</definition>
        <argsstring></argsstring>
        <name>doc</name>
        <briefdescription>
        </briefdescription>
        <detaileddescription>
        </detaileddescription>
        <inbodydescription>
        </inbodydescription>
        <location file="C:/Users/Mat/Projects/doxygraph/examples/doxygen-1.8.4/src/definition.h" line="41" bodyfile="C:/Users/Mat/Projects/doxygraph/examples/doxygen-1.8.4/src/definition.h" bodystart="41" bodyend="-1"/>
      </memberdef>
      <memberdef kind="variable" id="d7/dd5/struct_doc_info_1aa2776b16e60d965359c3c950cd08cf7d" prot="public" static="no" mutable="no">
        <type>int</type>
        <definition>int DocInfo::line</definition>
        <argsstring></argsstring>
        <name>line</name>
        <briefdescription>
        </briefdescription>
        <detaileddescription>
        </detaileddescription>
        <inbodydescription>
        </inbodydescription>
        <location file="C:/Users/Mat/Projects/doxygraph/examples/doxygen-1.8.4/src/definition.h" line="42" bodyfile="C:/Users/Mat/Projects/doxygraph/examples/doxygen-1.8.4/src/definition.h" bodystart="42" bodyend="-1"/>
      </memberdef>
      <memberdef kind="variable" id="d7/dd5/struct_doc_info_1ab1a7c311382d55b036dc8731428e0765" prot="public" static="no" mutable="no">
        <type>QCString</type>
        <definition>QCString DocInfo::file</definition>
        <argsstring></argsstring>
        <name>file</name>
        <briefdescription>
        </briefdescription>
        <detaileddescription>
        </detaileddescription>
        <inbodydescription>
        </inbodydescription>
        <location file="C:/Users/Mat/Projects/doxygraph/examples/doxygen-1.8.4/src/definition.h" line="43" bodyfile="C:/Users/Mat/Projects/doxygraph/examples/doxygen-1.8.4/src/definition.h" bodystart="43" bodyend="-1"/>
      </memberdef>
      </sectiondef>
    <briefdescription>
<para>Data associated with a detailed description. </para>    </briefdescription>
    <detaileddescription>
    </detaileddescription>
    <location file="C:/Users/Mat/Projects/doxygraph/examples/doxygen-1.8.4/src/definition.h" line="40" bodyfile="C:/Users/Mat/Projects/doxygraph/examples/doxygen-1.8.4/src/definition.h" bodystart="39" bodyend="44"/>
    <listofallmembers>
      <member refid="d7/dd5/struct_doc_info_1a543c5554fb4ecb5b71acd47f6ea39374" prot="public" virt="non-virtual"><scope>DocInfo</scope><name>doc</name></member>
      <member refid="d7/dd5/struct_doc_info_1ab1a7c311382d55b036dc8731428e0765" prot="public" virt="non-virtual"><scope>DocInfo</scope><name>file</name></member>
      <member refid="d7/dd5/struct_doc_info_1aa2776b16e60d965359c3c950cd08cf7d" prot="public" virt="non-virtual"><scope>DocInfo</scope><name>line</name></member>
    </listofallmembers>
  </compounddef>
</doxygen>
