<?xml version='1.0' encoding='UTF-8' standalone='no'?>
<doxygen xmlns:xsi="http://www.w3.org/2001/XMLSchema-instance" xsi:noNamespaceSchemaLocation="compound.xsd" version="1.8.2">
  <compounddef id="d4/d8d/class_namespace_s_dict" kind="class" prot="public">
    <compoundname>NamespaceSDict</compoundname>
    <basecompoundref refid="d1/d50/class_s_dict" prot="public" virt="non-virtual">SDict&lt; NamespaceDef &gt;</basecompoundref>
    <includes refid="d7/d97/namespacedef_8h" local="no">namespacedef.h</includes>
      <sectiondef kind="public-func">
      <memberdef kind="function" id="d4/d8d/class_namespace_s_dict_1aca50aebc3e81c2baaae42f80b1195acb" prot="public" static="no" const="no" explicit="no" inline="yes" virt="non-virtual">
        <type></type>
        <definition>NamespaceSDict::NamespaceSDict</definition>
        <argsstring>(int size=17)</argsstring>
        <name>NamespaceSDict</name>
        <param>
          <type>int</type>
          <declname>size</declname>
          <defval>17</defval>
        </param>
        <briefdescription>
        </briefdescription>
        <detaileddescription>
        </detaileddescription>
        <inbodydescription>
        </inbodydescription>
        <location file="C:/Users/Mat/Projects/doxygraph/examples/doxygen-1.8.4/src/namespacedef.h" line="167" bodyfile="C:/Users/Mat/Projects/doxygraph/examples/doxygen-1.8.4/src/namespacedef.h" bodystart="167" bodyend="167"/>
      </memberdef>
      <memberdef kind="function" id="d4/d8d/class_namespace_s_dict_1aadc2c85b9e7e98f5145b1111ea2a13f9" prot="public" static="no" const="no" explicit="no" inline="yes" virt="non-virtual">
        <type></type>
        <definition>NamespaceSDict::~NamespaceSDict</definition>
        <argsstring>()</argsstring>
        <name>~NamespaceSDict</name>
        <briefdescription>
        </briefdescription>
        <detaileddescription>
        </detaileddescription>
        <inbodydescription>
        </inbodydescription>
        <location file="C:/Users/Mat/Projects/doxygraph/examples/doxygen-1.8.4/src/namespacedef.h" line="168" bodyfile="C:/Users/Mat/Projects/doxygraph/examples/doxygen-1.8.4/src/namespacedef.h" bodystart="168" bodyend="168"/>
      </memberdef>
      <memberdef kind="function" id="d4/d8d/class_namespace_s_dict_1a3b77bf1aa3ab01bd70bf9504a8b79e40" prot="public" static="no" const="no" explicit="no" inline="yes" virt="virtual">
        <type>int</type>
        <definition>int NamespaceSDict::compareItems</definition>
        <argsstring>(QCollection::Item item1, QCollection::Item item2)</argsstring>
        <name>compareItems</name>
        <reimplements refid="d1/d50/class_s_dict_1a99cd2f7d27403649ab8b7e60d06f487e">compareItems</reimplements>
        <param>
          <type>QCollection::Item</type>
          <declname>item1</declname>
        </param>
        <param>
          <type>QCollection::Item</type>
          <declname>item2</declname>
        </param>
        <briefdescription>
        </briefdescription>
        <detaileddescription>
<para>Function that is used to compare two items when sorting. Overload this to properly sort items. <simplesect kind="see"><para><ref refid="d1/d50/class_s_dict_1a25a85aeba441b4c855ea7be25a4741b5" kindref="member">inSort()</ref> </para></simplesect>
</para>        </detaileddescription>
        <inbodydescription>
        </inbodydescription>
        <location file="C:/Users/Mat/Projects/doxygraph/examples/doxygen-1.8.4/src/namespacedef.h" line="170" bodyfile="C:/Users/Mat/Projects/doxygraph/examples/doxygen-1.8.4/src/namespacedef.h" bodystart="169" bodyend="174"/>
      </memberdef>
      <memberdef kind="function" id="d4/d8d/class_namespace_s_dict_1a4db0950fbb99b10f4656d385961746ca" prot="public" static="no" const="no" explicit="no" inline="no" virt="non-virtual">
        <type>void</type>
        <definition>void NamespaceSDict::writeDeclaration</definition>
        <argsstring>(OutputList &amp;ol, const char *title, bool isConstantGroup=false, bool localName=FALSE)</argsstring>
        <name>writeDeclaration</name>
        <param>
          <type><ref refid="df/dc8/class_output_list" kindref="compound">OutputList</ref> &amp;</type>
          <declname>ol</declname>
        </param>
        <param>
          <type>const char *</type>
          <declname>title</declname>
        </param>
        <param>
          <type>bool</type>
          <declname>isConstantGroup</declname>
          <defval>false</defval>
        </param>
        <param>
          <type>bool</type>
          <declname>localName</declname>
          <defval>FALSE</defval>
        </param>
        <briefdescription>
        </briefdescription>
        <detaileddescription>
        </detaileddescription>
        <inbodydescription>
        </inbodydescription>
        <location file="C:/Users/Mat/Projects/doxygraph/examples/doxygen-1.8.4/src/namespacedef.h" line="176" bodyfile="C:/Users/Mat/Projects/doxygraph/examples/doxygen-1.8.4/src/namespacedef.cpp" bodystart="881" bodyend="985"/>
      </memberdef>
      <memberdef kind="function" id="d4/d8d/class_namespace_s_dict_1a653597118fcc02214327bd5440529cdf" prot="public" static="no" const="yes" explicit="no" inline="no" virt="non-virtual">
        <type>bool</type>
        <definition>bool NamespaceSDict::declVisible</definition>
        <argsstring>() const </argsstring>
        <name>declVisible</name>
        <briefdescription>
        </briefdescription>
        <detaileddescription>
        </detaileddescription>
        <inbodydescription>
        </inbodydescription>
        <location file="C:/Users/Mat/Projects/doxygraph/examples/doxygen-1.8.4/src/namespacedef.h" line="177" bodyfile="C:/Users/Mat/Projects/doxygraph/examples/doxygen-1.8.4/src/namespacedef.cpp" bodystart="867" bodyend="879"/>
      </memberdef>
      </sectiondef>
    <briefdescription>
<para>A sorted dictionary of <ref refid="d0/d07/class_namespace_def" kindref="compound">NamespaceDef</ref> objects. </para>    </briefdescription>
    <detaileddescription>
    </detaileddescription>
    <inheritancegraph>
      <node id="3824">
        <label>SDict&lt; T &gt;</label>
        <link refid="d1/d50/class_s_dict"/>
      </node>
      <node id="3822">
        <label>NamespaceSDict</label>
        <link refid="d4/d8d/class_namespace_s_dict"/>
        <childnode refid="3823" relation="public-inheritance">
        </childnode>
      </node>
      <node id="3823">
        <label>SDict&lt; NamespaceDef &gt;</label>
        <link refid="d1/d50/class_s_dict"/>
        <childnode refid="3824" relation="template-instance">
          <edgelabel>&lt; NamespaceDef &gt;</edgelabel>
        </childnode>
      </node>
    </inheritancegraph>
    <collaborationgraph>
      <node id="3827">
        <label>SDict&lt; T &gt;</label>
        <link refid="d1/d50/class_s_dict"/>
      </node>
      <node id="3825">
        <label>NamespaceSDict</label>
        <link refid="d4/d8d/class_namespace_s_dict"/>
        <childnode refid="3826" relation="public-inheritance">
        </childnode>
      </node>
      <node id="3826">
        <label>SDict&lt; NamespaceDef &gt;</label>
        <link refid="d1/d50/class_s_dict"/>
        <childnode refid="3827" relation="template-instance">
          <edgelabel>&lt; NamespaceDef &gt;</edgelabel>
        </childnode>
      </node>
    </collaborationgraph>
    <location file="C:/Users/Mat/Projects/doxygraph/examples/doxygen-1.8.4/src/namespacedef.h" line="165" bodyfile="C:/Users/Mat/Projects/doxygraph/examples/doxygen-1.8.4/src/namespacedef.h" bodystart="164" bodyend="178"/>
    <listofallmembers>
      <member refid="d1/d50/class_s_dict_1a121842d9858421076b81ed663034d62c" prot="public" virt="non-virtual"><scope>NamespaceSDict</scope><name>append</name></member>
      <member refid="d1/d50/class_s_dict_1ab993899004fc3cfc8f00f131e0b6a29d" prot="public" virt="non-virtual"><scope>NamespaceSDict</scope><name>at</name></member>
      <member refid="d1/d50/class_s_dict_1afd6bec6aaf77e2943f42cec1208bc46d" prot="public" virt="non-virtual"><scope>NamespaceSDict</scope><name>clear</name></member>
      <member refid="d4/d8d/class_namespace_s_dict_1a3b77bf1aa3ab01bd70bf9504a8b79e40" prot="public" virt="virtual"><scope>NamespaceSDict</scope><name>compareItems</name></member>
      <member refid="d1/d50/class_s_dict_1a9e95eebac3e87938cc5bc1f79d078c8a" prot="public" virt="non-virtual"><scope>NamespaceSDict</scope><name>count</name></member>
      <member refid="d4/d8d/class_namespace_s_dict_1a653597118fcc02214327bd5440529cdf" prot="public" virt="non-virtual"><scope>NamespaceSDict</scope><name>declVisible</name></member>
      <member refid="d1/d50/class_s_dict_1aec67482d780157680d46f48a7ed5e7bd" prot="public" virt="non-virtual"><scope>NamespaceSDict</scope><name>find</name></member>
      <member refid="d1/d50/class_s_dict_1a357a25974d906de30d2e34de08b35a4e" prot="public" virt="non-virtual"><scope>NamespaceSDict</scope><name>find</name></member>
      <member refid="d1/d50/class_s_dict_1abc60b1cc06b0643753906387b7cccfe2" prot="public" virt="non-virtual"><scope>NamespaceSDict</scope><name>find</name></member>
      <member refid="d1/d50/class_s_dict_1a6a05b33d4c87325d4f2826921910c89d" prot="public" virt="non-virtual"><scope>NamespaceSDict</scope><name>findAt</name></member>
      <member refid="d1/d50/class_s_dict_1a7f0a7e316d26fccdf7d0d351837a6614" prot="public" virt="non-virtual"><scope>NamespaceSDict</scope><name>insertAt</name></member>
      <member refid="d1/d50/class_s_dict_1a25a85aeba441b4c855ea7be25a4741b5" prot="public" virt="non-virtual"><scope>NamespaceSDict</scope><name>inSort</name></member>
      <member refid="d4/d8d/class_namespace_s_dict_1aca50aebc3e81c2baaae42f80b1195acb" prot="public" virt="non-virtual"><scope>NamespaceSDict</scope><name>NamespaceSDict</name></member>
      <member refid="d1/d50/class_s_dict_1a1858d5cdf864c4fa6476137ace8bb7f5" prot="public" virt="non-virtual"><scope>NamespaceSDict</scope><name>operator[]</name></member>
      <member refid="d1/d50/class_s_dict_1adcfbdc244e81360522457c8a84069f2b" prot="public" virt="non-virtual"><scope>NamespaceSDict</scope><name>prepend</name></member>
      <member refid="d1/d50/class_s_dict_1ad647b04c9dff33ac0182c4d83b025c77" prot="public" virt="non-virtual"><scope>NamespaceSDict</scope><name>remove</name></member>
      <member refid="d1/d50/class_s_dict_1a42ccd9c8ed71acbe2771ac65df817323" prot="public" virt="non-virtual"><scope>NamespaceSDict</scope><name>SDict</name></member>
      <member refid="d1/d50/class_s_dict_1ac5ed340a2e6b4b4fb8398254cd35ef55" prot="public" virt="non-virtual"><scope>NamespaceSDict</scope><name>setAutoDelete</name></member>
      <member refid="d1/d50/class_s_dict_1ab6da88a61ee284dfbd07830fcd63aed3" prot="public" virt="non-virtual"><scope>NamespaceSDict</scope><name>sort</name></member>
      <member refid="d1/d50/class_s_dict_1ac5aa2cf317cef817cf585efdab3663d7" prot="public" virt="non-virtual"><scope>NamespaceSDict</scope><name>take</name></member>
      <member refid="d4/d8d/class_namespace_s_dict_1a4db0950fbb99b10f4656d385961746ca" prot="public" virt="non-virtual"><scope>NamespaceSDict</scope><name>writeDeclaration</name></member>
      <member refid="d4/d8d/class_namespace_s_dict_1aadc2c85b9e7e98f5145b1111ea2a13f9" prot="public" virt="non-virtual"><scope>NamespaceSDict</scope><name>~NamespaceSDict</name></member>
      <member refid="d1/d50/class_s_dict_1a49594f6c587e0915be3861538a3c96cb" prot="public" virt="virtual"><scope>NamespaceSDict</scope><name>~SDict</name></member>
    </listofallmembers>
  </compounddef>
</doxygen>
