<?xml version='1.0' encoding='UTF-8' standalone='no'?>
<doxygen xmlns:xsi="http://www.w3.org/2001/XMLSchema-instance" xsi:noNamespaceSchemaLocation="compound.xsd" version="1.8.2">
  <compounddef id="d4/dd4/class_dir_def" kind="class" prot="public">
    <compoundname>DirDef</compoundname>
    <basecompoundref refid="d5/dcc/class_definition" prot="public" virt="non-virtual">Definition</basecompoundref>
    <includes refid="d6/d15/dirdef_8h" local="no">dirdef.h</includes>
      <sectiondef kind="public-attrib">
      <memberdef kind="variable" id="d4/dd4/class_dir_def_1ad670e7303ad663e73665b9494f0fba4a" prot="public" static="no" mutable="no">
        <type>bool</type>
        <definition>bool DirDef::visited</definition>
        <argsstring></argsstring>
        <name>visited</name>
        <briefdescription>
        </briefdescription>
        <detaileddescription>
        </detaileddescription>
        <inbodydescription>
        </inbodydescription>
        <location file="C:/Users/Mat/Projects/doxygraph/examples/doxygen-1.8.4/src/dirdef.h" line="75" bodyfile="C:/Users/Mat/Projects/doxygraph/examples/doxygen-1.8.4/src/dirdef.h" bodystart="75" bodyend="-1"/>
      </memberdef>
      </sectiondef>
      <sectiondef kind="private-attrib">
      <memberdef kind="variable" id="d4/dd4/class_dir_def_1a09d3357a90fce8cd79608f2cc8f73aee" prot="private" static="no" mutable="no">
        <type><ref refid="dc/d2a/class_dir_list" kindref="compound">DirList</ref></type>
        <definition>DirList DirDef::m_subdirs</definition>
        <argsstring></argsstring>
        <name>m_subdirs</name>
        <briefdescription>
        </briefdescription>
        <detaileddescription>
        </detaileddescription>
        <inbodydescription>
        </inbodydescription>
        <location file="C:/Users/Mat/Projects/doxygraph/examples/doxygen-1.8.4/src/dirdef.h" line="96" bodyfile="C:/Users/Mat/Projects/doxygraph/examples/doxygen-1.8.4/src/dirdef.h" bodystart="96" bodyend="-1"/>
      </memberdef>
      <memberdef kind="variable" id="d4/dd4/class_dir_def_1ade3ca149437cee0dda92bc65d1c0e3f0" prot="private" static="no" mutable="no">
        <type>QCString</type>
        <definition>QCString DirDef::m_dispName</definition>
        <argsstring></argsstring>
        <name>m_dispName</name>
        <briefdescription>
        </briefdescription>
        <detaileddescription>
        </detaileddescription>
        <inbodydescription>
        </inbodydescription>
        <location file="C:/Users/Mat/Projects/doxygraph/examples/doxygen-1.8.4/src/dirdef.h" line="97" bodyfile="C:/Users/Mat/Projects/doxygraph/examples/doxygen-1.8.4/src/dirdef.h" bodystart="97" bodyend="-1"/>
      </memberdef>
      <memberdef kind="variable" id="d4/dd4/class_dir_def_1a75c8e2811ef1448cd35b09cd502aa623" prot="private" static="no" mutable="no">
        <type>QCString</type>
        <definition>QCString DirDef::m_shortName</definition>
        <argsstring></argsstring>
        <name>m_shortName</name>
        <briefdescription>
        </briefdescription>
        <detaileddescription>
        </detaileddescription>
        <inbodydescription>
        </inbodydescription>
        <location file="C:/Users/Mat/Projects/doxygraph/examples/doxygen-1.8.4/src/dirdef.h" line="98" bodyfile="C:/Users/Mat/Projects/doxygraph/examples/doxygen-1.8.4/src/dirdef.h" bodystart="98" bodyend="-1"/>
      </memberdef>
      <memberdef kind="variable" id="d4/dd4/class_dir_def_1a606067ccdac992d272356fc61863fef6" prot="private" static="no" mutable="no">
        <type>QCString</type>
        <definition>QCString DirDef::m_diskName</definition>
        <argsstring></argsstring>
        <name>m_diskName</name>
        <briefdescription>
        </briefdescription>
        <detaileddescription>
        </detaileddescription>
        <inbodydescription>
        </inbodydescription>
        <location file="C:/Users/Mat/Projects/doxygraph/examples/doxygen-1.8.4/src/dirdef.h" line="99" bodyfile="C:/Users/Mat/Projects/doxygraph/examples/doxygen-1.8.4/src/dirdef.h" bodystart="99" bodyend="-1"/>
      </memberdef>
      <memberdef kind="variable" id="d4/dd4/class_dir_def_1a0f9ef9ffba1dfa915ab8bd99aaf1396a" prot="private" static="no" mutable="no">
        <type><ref refid="d0/d18/class_file_list" kindref="compound">FileList</ref> *</type>
        <definition>FileList* DirDef::m_fileList</definition>
        <argsstring></argsstring>
        <name>m_fileList</name>
        <briefdescription>
        </briefdescription>
        <detaileddescription>
        </detaileddescription>
        <inbodydescription>
        </inbodydescription>
        <location file="C:/Users/Mat/Projects/doxygraph/examples/doxygen-1.8.4/src/dirdef.h" line="100" bodyfile="C:/Users/Mat/Projects/doxygraph/examples/doxygen-1.8.4/src/dirdef.h" bodystart="100" bodyend="-1"/>
      </memberdef>
      <memberdef kind="variable" id="d4/dd4/class_dir_def_1ac0dd62816c95c79c412c651a7ec54e96" prot="private" static="no" mutable="no">
        <type>int</type>
        <definition>int DirDef::m_dirCount</definition>
        <argsstring></argsstring>
        <name>m_dirCount</name>
        <briefdescription>
        </briefdescription>
        <detaileddescription>
        </detaileddescription>
        <inbodydescription>
        </inbodydescription>
        <location file="C:/Users/Mat/Projects/doxygraph/examples/doxygen-1.8.4/src/dirdef.h" line="101" bodyfile="C:/Users/Mat/Projects/doxygraph/examples/doxygen-1.8.4/src/dirdef.h" bodystart="101" bodyend="-1"/>
      </memberdef>
      <memberdef kind="variable" id="d4/dd4/class_dir_def_1aee1f3c479851935f59d102dee19be996" prot="private" static="no" mutable="no">
        <type>int</type>
        <definition>int DirDef::m_level</definition>
        <argsstring></argsstring>
        <name>m_level</name>
        <briefdescription>
        </briefdescription>
        <detaileddescription>
        </detaileddescription>
        <inbodydescription>
        </inbodydescription>
        <location file="C:/Users/Mat/Projects/doxygraph/examples/doxygen-1.8.4/src/dirdef.h" line="102" bodyfile="C:/Users/Mat/Projects/doxygraph/examples/doxygen-1.8.4/src/dirdef.h" bodystart="102" bodyend="-1"/>
      </memberdef>
      <memberdef kind="variable" id="d4/dd4/class_dir_def_1ae48bc7813941262596e1b34fa881338d" prot="private" static="no" mutable="no">
        <type><ref refid="d4/dd4/class_dir_def" kindref="compound">DirDef</ref> *</type>
        <definition>DirDef* DirDef::m_parent</definition>
        <argsstring></argsstring>
        <name>m_parent</name>
        <briefdescription>
        </briefdescription>
        <detaileddescription>
        </detaileddescription>
        <inbodydescription>
        </inbodydescription>
        <location file="C:/Users/Mat/Projects/doxygraph/examples/doxygen-1.8.4/src/dirdef.h" line="103" bodyfile="C:/Users/Mat/Projects/doxygraph/examples/doxygen-1.8.4/src/dirdef.h" bodystart="103" bodyend="-1"/>
      </memberdef>
      <memberdef kind="variable" id="d4/dd4/class_dir_def_1ad1eccd9ab0f7286eeb0441a2bfe7e93a" prot="private" static="no" mutable="no">
        <type>QDict&lt; <ref refid="df/d42/class_used_dir" kindref="compound">UsedDir</ref> &gt; *</type>
        <definition>QDict&lt;UsedDir&gt;* DirDef::m_usedDirs</definition>
        <argsstring></argsstring>
        <name>m_usedDirs</name>
        <briefdescription>
        </briefdescription>
        <detaileddescription>
        </detaileddescription>
        <inbodydescription>
        </inbodydescription>
        <location file="C:/Users/Mat/Projects/doxygraph/examples/doxygen-1.8.4/src/dirdef.h" line="104" bodyfile="C:/Users/Mat/Projects/doxygraph/examples/doxygen-1.8.4/src/dirdef.h" bodystart="104" bodyend="-1"/>
      </memberdef>
      </sectiondef>
      <sectiondef kind="public-func">
      <memberdef kind="function" id="d4/dd4/class_dir_def_1a2f7a368e7ad34ed71796f6a9a696d547" prot="public" static="no" const="no" explicit="no" inline="no" virt="non-virtual">
        <type></type>
        <definition>DirDef::DirDef</definition>
        <argsstring>(const char *path)</argsstring>
        <name>DirDef</name>
        <param>
          <type>const char *</type>
          <declname>path</declname>
        </param>
        <briefdescription>
        </briefdescription>
        <detaileddescription>
        </detaileddescription>
        <inbodydescription>
        </inbodydescription>
        <location file="C:/Users/Mat/Projects/doxygraph/examples/doxygen-1.8.4/src/dirdef.h" line="47" bodyfile="C:/Users/Mat/Projects/doxygraph/examples/doxygen-1.8.4/src/dirdef.cpp" bodystart="21" bodyend="50"/>
      </memberdef>
      <memberdef kind="function" id="d4/dd4/class_dir_def_1a75207c15e597a0aa8539bae91809ff69" prot="public" static="no" const="no" explicit="no" inline="no" virt="virtual">
        <type></type>
        <definition>DirDef::~DirDef</definition>
        <argsstring>()</argsstring>
        <name>~DirDef</name>
        <briefdescription>
        </briefdescription>
        <detaileddescription>
        </detaileddescription>
        <inbodydescription>
        </inbodydescription>
        <location file="C:/Users/Mat/Projects/doxygraph/examples/doxygen-1.8.4/src/dirdef.h" line="48" bodyfile="C:/Users/Mat/Projects/doxygraph/examples/doxygen-1.8.4/src/dirdef.cpp" bodystart="52" bodyend="56"/>
      </memberdef>
      <memberdef kind="function" id="d4/dd4/class_dir_def_1a555b75377a532e245d82475cddfe2f19" prot="public" static="no" const="yes" explicit="no" inline="yes" virt="virtual">
        <type><ref refid="d9/d4a/class_definition_intf_1ada60114bc621669dd8c19edfc6421766" kindref="member">DefType</ref></type>
        <definition>DefType DirDef::definitionType</definition>
        <argsstring>() const </argsstring>
        <name>definitionType</name>
        <reimplements refid="d9/d4a/class_definition_intf_1ac8ee00bc1af5558ae37f6896d16f5a3a">definitionType</reimplements>
        <briefdescription>
        </briefdescription>
        <detaileddescription>
<para>Use this for dynamic inspection of the type of the derived class </para>        </detaileddescription>
        <inbodydescription>
        </inbodydescription>
        <location file="C:/Users/Mat/Projects/doxygraph/examples/doxygen-1.8.4/src/dirdef.h" line="51" bodyfile="C:/Users/Mat/Projects/doxygraph/examples/doxygen-1.8.4/src/dirdef.h" bodystart="51" bodyend="51"/>
      </memberdef>
      <memberdef kind="function" id="d4/dd4/class_dir_def_1a45b42037a0ed21aaba3950e7fb53fbd9" prot="public" static="no" const="yes" explicit="no" inline="no" virt="virtual">
        <type>QCString</type>
        <definition>QCString DirDef::getOutputFileBase</definition>
        <argsstring>() const </argsstring>
        <name>getOutputFileBase</name>
        <reimplements refid="d5/dcc/class_definition_1acabecdc6bfda2015811eed5f3436322d">getOutputFileBase</reimplements>
        <briefdescription>
        </briefdescription>
        <detaileddescription>
<para>Returns the base file name (without extension) of this definition. as it is referenced to/written to disk. </para>        </detaileddescription>
        <inbodydescription>
        </inbodydescription>
        <location file="C:/Users/Mat/Projects/doxygraph/examples/doxygen-1.8.4/src/dirdef.h" line="52" bodyfile="C:/Users/Mat/Projects/doxygraph/examples/doxygen-1.8.4/src/dirdef.cpp" bodystart="114" bodyend="119"/>
      </memberdef>
      <memberdef kind="function" id="d4/dd4/class_dir_def_1aceaa272039d360a7a4e64d2584b8eb87" prot="public" static="no" const="yes" explicit="no" inline="yes" virt="virtual">
        <type>QCString</type>
        <definition>QCString DirDef::anchor</definition>
        <argsstring>() const </argsstring>
        <name>anchor</name>
        <reimplements refid="d5/dcc/class_definition_1a56e91f9b76f41208a22cfb2336871604">anchor</reimplements>
        <briefdescription>
        </briefdescription>
        <detaileddescription>
<para>Returns the anchor within a page where this item can be found </para>        </detaileddescription>
        <inbodydescription>
        </inbodydescription>
        <location file="C:/Users/Mat/Projects/doxygraph/examples/doxygen-1.8.4/src/dirdef.h" line="53" bodyfile="C:/Users/Mat/Projects/doxygraph/examples/doxygen-1.8.4/src/dirdef.h" bodystart="53" bodyend="53"/>
      </memberdef>
      <memberdef kind="function" id="d4/dd4/class_dir_def_1a6f4bf73e2fd28f421f4359b0135187b6" prot="public" static="no" const="yes" explicit="no" inline="no" virt="virtual">
        <type>bool</type>
        <definition>bool DirDef::isLinkableInProject</definition>
        <argsstring>() const </argsstring>
        <name>isLinkableInProject</name>
        <reimplements refid="d5/dcc/class_definition_1a845891c7206d40c3664b562636cdf9fc">isLinkableInProject</reimplements>
        <briefdescription>
        </briefdescription>
        <detaileddescription>
<para>Returns TRUE iff it is possible to link to this item within this project. </para>        </detaileddescription>
        <inbodydescription>
        </inbodydescription>
        <location file="C:/Users/Mat/Projects/doxygraph/examples/doxygen-1.8.4/src/dirdef.h" line="54" bodyfile="C:/Users/Mat/Projects/doxygraph/examples/doxygen-1.8.4/src/dirdef.cpp" bodystart="58" bodyend="61"/>
        <references refid="d5/dcc/class_definition_1aeac1898371c546441cf689c1f66e359b" compoundref="d3/dea/definition_8cpp" startline="1766" endline="1769">Definition::isReference</references>
        <referencedby refid="d4/dd4/class_dir_def_1ad47c93357ab08fb4f883d29e903f1570" compoundref="d8/d52/dirdef_8cpp" startline="63" endline="66">isLinkable</referencedby>
      </memberdef>
      <memberdef kind="function" id="d4/dd4/class_dir_def_1ad47c93357ab08fb4f883d29e903f1570" prot="public" static="no" const="yes" explicit="no" inline="no" virt="virtual">
        <type>bool</type>
        <definition>bool DirDef::isLinkable</definition>
        <argsstring>() const </argsstring>
        <name>isLinkable</name>
        <reimplements refid="d5/dcc/class_definition_1a4002fd79c2d4dcf667c37c83d4214deb">isLinkable</reimplements>
        <briefdescription>
        </briefdescription>
        <detaileddescription>
<para>Returns TRUE iff it is possible to link to this item. This can be a link to another project imported via a tag file. </para>        </detaileddescription>
        <inbodydescription>
        </inbodydescription>
        <location file="C:/Users/Mat/Projects/doxygraph/examples/doxygen-1.8.4/src/dirdef.h" line="55" bodyfile="C:/Users/Mat/Projects/doxygraph/examples/doxygen-1.8.4/src/dirdef.cpp" bodystart="63" bodyend="66"/>
        <references refid="d4/dd4/class_dir_def_1a6f4bf73e2fd28f421f4359b0135187b6" compoundref="d8/d52/dirdef_8cpp" startline="58" endline="61">isLinkableInProject</references>
        <references refid="d5/dcc/class_definition_1aeac1898371c546441cf689c1f66e359b" compoundref="d3/dea/definition_8cpp" startline="1766" endline="1769">Definition::isReference</references>
      </memberdef>
      <memberdef kind="function" id="d4/dd4/class_dir_def_1a360c7e6d3deaf6782329a019c80b110a" prot="public" static="no" const="yes" explicit="no" inline="yes" virt="virtual">
        <type>QCString</type>
        <definition>QCString DirDef::displayName</definition>
        <argsstring>(bool=TRUE) const </argsstring>
        <name>displayName</name>
        <reimplements refid="d5/dcc/class_definition_1ac4741f70f06baac174cf71b3e11d06ac">displayName</reimplements>
        <param>
          <type>bool</type>
          <declname>includeScope</declname>
          <defval>TRUE</defval>
        </param>
        <briefdescription>
        </briefdescription>
        <detaileddescription>
<para>Returns the name of the definition as it appears in the output </para>        </detaileddescription>
        <inbodydescription>
        </inbodydescription>
        <location file="C:/Users/Mat/Projects/doxygraph/examples/doxygen-1.8.4/src/dirdef.h" line="56" bodyfile="C:/Users/Mat/Projects/doxygraph/examples/doxygen-1.8.4/src/dirdef.h" bodystart="56" bodyend="56"/>
      </memberdef>
      <memberdef kind="function" id="d4/dd4/class_dir_def_1ab26dcdc9882952a41e338a38b24ec9cc" prot="public" static="no" const="yes" explicit="no" inline="yes" virt="non-virtual">
        <type>QCString</type>
        <definition>QCString DirDef::shortName</definition>
        <argsstring>() const </argsstring>
        <name>shortName</name>
        <briefdescription>
        </briefdescription>
        <detaileddescription>
        </detaileddescription>
        <inbodydescription>
        </inbodydescription>
        <location file="C:/Users/Mat/Projects/doxygraph/examples/doxygen-1.8.4/src/dirdef.h" line="57" bodyfile="C:/Users/Mat/Projects/doxygraph/examples/doxygen-1.8.4/src/dirdef.h" bodystart="57" bodyend="57"/>
      </memberdef>
      <memberdef kind="function" id="d4/dd4/class_dir_def_1a104e5839f46ae7804bcc99fe020bc391" prot="public" static="no" const="no" explicit="no" inline="no" virt="non-virtual">
        <type>void</type>
        <definition>void DirDef::addSubDir</definition>
        <argsstring>(DirDef *subdir)</argsstring>
        <name>addSubDir</name>
        <param>
          <type><ref refid="d4/dd4/class_dir_def" kindref="compound">DirDef</ref> *</type>
          <declname>subdir</declname>
        </param>
        <briefdescription>
        </briefdescription>
        <detaileddescription>
        </detaileddescription>
        <inbodydescription>
        </inbodydescription>
        <location file="C:/Users/Mat/Projects/doxygraph/examples/doxygen-1.8.4/src/dirdef.h" line="58" bodyfile="C:/Users/Mat/Projects/doxygraph/examples/doxygen-1.8.4/src/dirdef.cpp" bodystart="68" bodyend="73"/>
      </memberdef>
      <memberdef kind="function" id="d4/dd4/class_dir_def_1aa2fe2f19c314bad8df819c12cd84ef0a" prot="public" static="no" const="yes" explicit="no" inline="yes" virt="non-virtual">
        <type><ref refid="d0/d18/class_file_list" kindref="compound">FileList</ref> *</type>
        <definition>FileList* DirDef::getFiles</definition>
        <argsstring>() const </argsstring>
        <name>getFiles</name>
        <briefdescription>
        </briefdescription>
        <detaileddescription>
        </detaileddescription>
        <inbodydescription>
        </inbodydescription>
        <location file="C:/Users/Mat/Projects/doxygraph/examples/doxygen-1.8.4/src/dirdef.h" line="59" bodyfile="C:/Users/Mat/Projects/doxygraph/examples/doxygen-1.8.4/src/dirdef.h" bodystart="59" bodyend="59"/>
      </memberdef>
      <memberdef kind="function" id="d4/dd4/class_dir_def_1ae61d8b61fce7dc841ffa59b1bee07027" prot="public" static="no" const="no" explicit="no" inline="no" virt="non-virtual">
        <type>void</type>
        <definition>void DirDef::addFile</definition>
        <argsstring>(FileDef *fd)</argsstring>
        <name>addFile</name>
        <param>
          <type><ref refid="de/db0/class_file_def" kindref="compound">FileDef</ref> *</type>
          <declname>fd</declname>
        </param>
        <briefdescription>
        </briefdescription>
        <detaileddescription>
        </detaileddescription>
        <inbodydescription>
        </inbodydescription>
        <location file="C:/Users/Mat/Projects/doxygraph/examples/doxygen-1.8.4/src/dirdef.h" line="60" bodyfile="C:/Users/Mat/Projects/doxygraph/examples/doxygen-1.8.4/src/dirdef.cpp" bodystart="75" bodyend="79"/>
      </memberdef>
      <memberdef kind="function" id="d4/dd4/class_dir_def_1a1ab1d6b16353f278ef41fc23f848bb56" prot="public" static="no" const="yes" explicit="no" inline="yes" virt="non-virtual">
        <type>const <ref refid="dc/d2a/class_dir_list" kindref="compound">DirList</ref> &amp;</type>
        <definition>const DirList&amp; DirDef::subDirs</definition>
        <argsstring>() const </argsstring>
        <name>subDirs</name>
        <briefdescription>
        </briefdescription>
        <detaileddescription>
        </detaileddescription>
        <inbodydescription>
        </inbodydescription>
        <location file="C:/Users/Mat/Projects/doxygraph/examples/doxygen-1.8.4/src/dirdef.h" line="61" bodyfile="C:/Users/Mat/Projects/doxygraph/examples/doxygen-1.8.4/src/dirdef.h" bodystart="61" bodyend="61"/>
      </memberdef>
      <memberdef kind="function" id="d4/dd4/class_dir_def_1a2deda1c14a47090a00a91271860ce7bf" prot="public" static="no" const="yes" explicit="no" inline="yes" virt="non-virtual">
        <type>bool</type>
        <definition>bool DirDef::isCluster</definition>
        <argsstring>() const </argsstring>
        <name>isCluster</name>
        <briefdescription>
        </briefdescription>
        <detaileddescription>
        </detaileddescription>
        <inbodydescription>
        </inbodydescription>
        <location file="C:/Users/Mat/Projects/doxygraph/examples/doxygen-1.8.4/src/dirdef.h" line="62" bodyfile="C:/Users/Mat/Projects/doxygraph/examples/doxygen-1.8.4/src/dirdef.h" bodystart="62" bodyend="62"/>
      </memberdef>
      <memberdef kind="function" id="d4/dd4/class_dir_def_1aaf4bef6c8d1dcf6219121372c72b7812" prot="public" static="no" const="yes" explicit="no" inline="yes" virt="non-virtual">
        <type>int</type>
        <definition>int DirDef::level</definition>
        <argsstring>() const </argsstring>
        <name>level</name>
        <briefdescription>
        </briefdescription>
        <detaileddescription>
        </detaileddescription>
        <inbodydescription>
        </inbodydescription>
        <location file="C:/Users/Mat/Projects/doxygraph/examples/doxygen-1.8.4/src/dirdef.h" line="63" bodyfile="C:/Users/Mat/Projects/doxygraph/examples/doxygen-1.8.4/src/dirdef.h" bodystart="63" bodyend="63"/>
      </memberdef>
      <memberdef kind="function" id="d4/dd4/class_dir_def_1a841f399b390e1d0ff927629db1186b9f" prot="public" static="no" const="yes" explicit="no" inline="yes" virt="non-virtual">
        <type><ref refid="d4/dd4/class_dir_def" kindref="compound">DirDef</ref> *</type>
        <definition>DirDef* DirDef::parent</definition>
        <argsstring>() const </argsstring>
        <name>parent</name>
        <briefdescription>
        </briefdescription>
        <detaileddescription>
        </detaileddescription>
        <inbodydescription>
        </inbodydescription>
        <location file="C:/Users/Mat/Projects/doxygraph/examples/doxygen-1.8.4/src/dirdef.h" line="64" bodyfile="C:/Users/Mat/Projects/doxygraph/examples/doxygen-1.8.4/src/dirdef.h" bodystart="64" bodyend="64"/>
      </memberdef>
      <memberdef kind="function" id="d4/dd4/class_dir_def_1ac6081a8ef74c5c231d90c268fd10c474" prot="public" static="no" const="yes" explicit="no" inline="yes" virt="non-virtual">
        <type>int</type>
        <definition>int DirDef::dirCount</definition>
        <argsstring>() const </argsstring>
        <name>dirCount</name>
        <briefdescription>
        </briefdescription>
        <detaileddescription>
        </detaileddescription>
        <inbodydescription>
        </inbodydescription>
        <location file="C:/Users/Mat/Projects/doxygraph/examples/doxygen-1.8.4/src/dirdef.h" line="65" bodyfile="C:/Users/Mat/Projects/doxygraph/examples/doxygen-1.8.4/src/dirdef.h" bodystart="65" bodyend="65"/>
      </memberdef>
      <memberdef kind="function" id="d4/dd4/class_dir_def_1a7df88c7c7bc1bec99cd726c233fdd997" prot="public" static="no" const="yes" explicit="no" inline="yes" virt="non-virtual">
        <type>const QDict&lt; <ref refid="df/d42/class_used_dir" kindref="compound">UsedDir</ref> &gt; *</type>
        <definition>const QDict&lt;UsedDir&gt;* DirDef::usedDirs</definition>
        <argsstring>() const </argsstring>
        <name>usedDirs</name>
        <briefdescription>
        </briefdescription>
        <detaileddescription>
        </detaileddescription>
        <inbodydescription>
        </inbodydescription>
        <location file="C:/Users/Mat/Projects/doxygraph/examples/doxygen-1.8.4/src/dirdef.h" line="66" bodyfile="C:/Users/Mat/Projects/doxygraph/examples/doxygen-1.8.4/src/dirdef.h" bodystart="66" bodyend="66"/>
      </memberdef>
      <memberdef kind="function" id="d4/dd4/class_dir_def_1a4f9f8fa0a9d2415b6d934fd9ed9bcd5e" prot="public" static="no" const="yes" explicit="no" inline="no" virt="non-virtual">
        <type>bool</type>
        <definition>bool DirDef::isParentOf</definition>
        <argsstring>(DirDef *dir) const </argsstring>
        <name>isParentOf</name>
        <param>
          <type><ref refid="d4/dd4/class_dir_def" kindref="compound">DirDef</ref> *</type>
          <declname>dir</declname>
        </param>
        <briefdescription>
        </briefdescription>
        <detaileddescription>
        </detaileddescription>
        <inbodydescription>
        </inbodydescription>
        <location file="C:/Users/Mat/Projects/doxygraph/examples/doxygen-1.8.4/src/dirdef.h" line="67" bodyfile="C:/Users/Mat/Projects/doxygraph/examples/doxygen-1.8.4/src/dirdef.cpp" bodystart="566" bodyend="574"/>
      </memberdef>
      <memberdef kind="function" id="d4/dd4/class_dir_def_1a5ed920ae0dccb5085d339dabb30bcc73" prot="public" static="no" const="yes" explicit="no" inline="no" virt="non-virtual">
        <type>bool</type>
        <definition>bool DirDef::depGraphIsTrivial</definition>
        <argsstring>() const </argsstring>
        <name>depGraphIsTrivial</name>
        <briefdescription>
        </briefdescription>
        <detaileddescription>
        </detaileddescription>
        <inbodydescription>
        </inbodydescription>
        <location file="C:/Users/Mat/Projects/doxygraph/examples/doxygen-1.8.4/src/dirdef.h" line="68" bodyfile="C:/Users/Mat/Projects/doxygraph/examples/doxygen-1.8.4/src/dirdef.cpp" bodystart="576" bodyend="579"/>
      </memberdef>
      <memberdef kind="function" id="d4/dd4/class_dir_def_1a000d1daece49eaabe805fb709be01c67" prot="public" static="no" const="no" explicit="no" inline="no" virt="non-virtual">
        <type>void</type>
        <definition>void DirDef::writeDocumentation</definition>
        <argsstring>(OutputList &amp;ol)</argsstring>
        <name>writeDocumentation</name>
        <param>
          <type><ref refid="df/dc8/class_output_list" kindref="compound">OutputList</ref> &amp;</type>
          <declname>ol</declname>
        </param>
        <briefdescription>
        </briefdescription>
        <detaileddescription>
        </detaileddescription>
        <inbodydescription>
        </inbodydescription>
        <location file="C:/Users/Mat/Projects/doxygraph/examples/doxygen-1.8.4/src/dirdef.h" line="71" bodyfile="C:/Users/Mat/Projects/doxygraph/examples/doxygen-1.8.4/src/dirdef.cpp" bodystart="332" bodyend="453"/>
      </memberdef>
      <memberdef kind="function" id="d4/dd4/class_dir_def_1a3441dff967600b9ea76533d87cb21afd" prot="public" static="no" const="no" explicit="no" inline="no" virt="non-virtual">
        <type>void</type>
        <definition>void DirDef::writeDepGraph</definition>
        <argsstring>(FTextStream &amp;t)</argsstring>
        <name>writeDepGraph</name>
        <param>
          <type><ref refid="dc/d3c/class_f_text_stream" kindref="compound">FTextStream</ref> &amp;</type>
          <declname>t</declname>
        </param>
        <briefdescription>
        </briefdescription>
        <detaileddescription>
        </detaileddescription>
        <inbodydescription>
        </inbodydescription>
        <location file="C:/Users/Mat/Projects/doxygraph/examples/doxygen-1.8.4/src/dirdef.h" line="72" bodyfile="C:/Users/Mat/Projects/doxygraph/examples/doxygen-1.8.4/src/dirdef.cpp" bodystart="666" bodyend="669"/>
      </memberdef>
      <memberdef kind="function" id="d4/dd4/class_dir_def_1ac7523093d0169e18520b8893aa664f34" prot="public" static="no" const="no" explicit="no" inline="yes" virt="non-virtual">
        <type>void</type>
        <definition>void DirDef::setDiskName</definition>
        <argsstring>(const QCString &amp;name)</argsstring>
        <name>setDiskName</name>
        <param>
          <type>const QCString &amp;</type>
          <declname>name</declname>
        </param>
        <briefdescription>
        </briefdescription>
        <detaileddescription>
        </detaileddescription>
        <inbodydescription>
        </inbodydescription>
        <location file="C:/Users/Mat/Projects/doxygraph/examples/doxygen-1.8.4/src/dirdef.h" line="76" bodyfile="C:/Users/Mat/Projects/doxygraph/examples/doxygen-1.8.4/src/dirdef.h" bodystart="76" bodyend="76"/>
      </memberdef>
      </sectiondef>
      <sectiondef kind="public-static-func">
      <memberdef kind="function" id="d4/dd4/class_dir_def_1ab3b1d03c75471701969e581aa4a6960f" prot="public" static="yes" const="no" explicit="no" inline="no" virt="non-virtual">
        <type><ref refid="d4/dd4/class_dir_def" kindref="compound">DirDef</ref> *</type>
        <definition>DirDef * DirDef::mergeDirectoryInTree</definition>
        <argsstring>(const QCString &amp;path)</argsstring>
        <name>mergeDirectoryInTree</name>
        <param>
          <type>const QCString &amp;</type>
          <declname>path</declname>
        </param>
        <briefdescription>
        </briefdescription>
        <detaileddescription>
<para>strip part of <emphasis>path</emphasis> if it matches one of the paths in the Config_getList(&quot;STRIP_FROM_PATH&quot;) list </para>        </detaileddescription>
        <inbodydescription>
        </inbodydescription>
        <location file="C:/Users/Mat/Projects/doxygraph/examples/doxygen-1.8.4/src/dirdef.h" line="74" bodyfile="C:/Users/Mat/Projects/doxygraph/examples/doxygen-1.8.4/src/dirdef.cpp" bodystart="649" bodyend="664"/>
      </memberdef>
      </sectiondef>
      <sectiondef kind="friend">
      <memberdef kind="friend" id="d4/dd4/class_dir_def_1abf61ee43dee8d980a631843cd26b71cb" prot="private" static="no" const="no" explicit="no" inline="no" virt="non-virtual">
        <type>friend void</type>
        <definition>void computeDirDependencies</definition>
        <argsstring>()</argsstring>
        <name>computeDirDependencies</name>
        <briefdescription>
        </briefdescription>
        <detaileddescription>
        </detaileddescription>
        <inbodydescription>
        </inbodydescription>
        <location file="C:/Users/Mat/Projects/doxygraph/examples/doxygen-1.8.4/src/dirdef.h" line="79" bodyfile="C:/Users/Mat/Projects/doxygraph/examples/doxygen-1.8.4/src/dirdef.cpp" bodystart="893" bodyend="909"/>
      </memberdef>
      </sectiondef>
      <sectiondef kind="private-func">
      <memberdef kind="function" id="d4/dd4/class_dir_def_1a775a49f2a25d29a3cdc3f6e7d6841996" prot="private" static="no" const="no" explicit="no" inline="no" virt="non-virtual">
        <type>void</type>
        <definition>void DirDef::writeDetailedDescription</definition>
        <argsstring>(OutputList &amp;ol, const QCString &amp;title)</argsstring>
        <name>writeDetailedDescription</name>
        <param>
          <type><ref refid="df/dc8/class_output_list" kindref="compound">OutputList</ref> &amp;</type>
          <declname>ol</declname>
        </param>
        <param>
          <type>const QCString &amp;</type>
          <declname>title</declname>
        </param>
        <briefdescription>
        </briefdescription>
        <detaileddescription>
        </detaileddescription>
        <inbodydescription>
        </inbodydescription>
        <location file="C:/Users/Mat/Projects/doxygraph/examples/doxygen-1.8.4/src/dirdef.h" line="81" bodyfile="C:/Users/Mat/Projects/doxygraph/examples/doxygen-1.8.4/src/dirdef.cpp" bodystart="121" bodyend="163"/>
      </memberdef>
      <memberdef kind="function" id="d4/dd4/class_dir_def_1ae5e59121b3096010af279b67413de6b8" prot="private" static="no" const="no" explicit="no" inline="no" virt="non-virtual">
        <type>void</type>
        <definition>void DirDef::writeBriefDescription</definition>
        <argsstring>(OutputList &amp;ol)</argsstring>
        <name>writeBriefDescription</name>
        <param>
          <type><ref refid="df/dc8/class_output_list" kindref="compound">OutputList</ref> &amp;</type>
          <declname>ol</declname>
        </param>
        <briefdescription>
        </briefdescription>
        <detaileddescription>
        </detaileddescription>
        <inbodydescription>
        </inbodydescription>
        <location file="C:/Users/Mat/Projects/doxygraph/examples/doxygen-1.8.4/src/dirdef.h" line="82" bodyfile="C:/Users/Mat/Projects/doxygraph/examples/doxygen-1.8.4/src/dirdef.cpp" bodystart="165" bodyend="196"/>
      </memberdef>
      <memberdef kind="function" id="d4/dd4/class_dir_def_1a2fe39b123f9a3bc476b6b782e3e7f7f8" prot="private" static="no" const="no" explicit="no" inline="no" virt="non-virtual">
        <type>void</type>
        <definition>void DirDef::writeDirectoryGraph</definition>
        <argsstring>(OutputList &amp;ol)</argsstring>
        <name>writeDirectoryGraph</name>
        <param>
          <type><ref refid="df/dc8/class_output_list" kindref="compound">OutputList</ref> &amp;</type>
          <declname>ol</declname>
        </param>
        <briefdescription>
        </briefdescription>
        <detaileddescription>
        </detaileddescription>
        <inbodydescription>
        </inbodydescription>
        <location file="C:/Users/Mat/Projects/doxygraph/examples/doxygen-1.8.4/src/dirdef.h" line="83" bodyfile="C:/Users/Mat/Projects/doxygraph/examples/doxygen-1.8.4/src/dirdef.cpp" bodystart="198" bodyend="216"/>
      </memberdef>
      <memberdef kind="function" id="d4/dd4/class_dir_def_1a9e201bf43cbfb94446ebcb5c2cad12d1" prot="private" static="no" const="no" explicit="no" inline="no" virt="non-virtual">
        <type>void</type>
        <definition>void DirDef::writeSubDirList</definition>
        <argsstring>(OutputList &amp;ol)</argsstring>
        <name>writeSubDirList</name>
        <param>
          <type><ref refid="df/dc8/class_output_list" kindref="compound">OutputList</ref> &amp;</type>
          <declname>ol</declname>
        </param>
        <briefdescription>
        </briefdescription>
        <detaileddescription>
        </detaileddescription>
        <inbodydescription>
        </inbodydescription>
        <location file="C:/Users/Mat/Projects/doxygraph/examples/doxygen-1.8.4/src/dirdef.h" line="84" bodyfile="C:/Users/Mat/Projects/doxygraph/examples/doxygen-1.8.4/src/dirdef.cpp" bodystart="218" bodyend="258"/>
      </memberdef>
      <memberdef kind="function" id="d4/dd4/class_dir_def_1add979d71602f2512eabf199744a8851c" prot="private" static="no" const="no" explicit="no" inline="no" virt="non-virtual">
        <type>void</type>
        <definition>void DirDef::writeFileList</definition>
        <argsstring>(OutputList &amp;ol)</argsstring>
        <name>writeFileList</name>
        <param>
          <type><ref refid="df/dc8/class_output_list" kindref="compound">OutputList</ref> &amp;</type>
          <declname>ol</declname>
        </param>
        <briefdescription>
        </briefdescription>
        <detaileddescription>
        </detaileddescription>
        <inbodydescription>
        </inbodydescription>
        <location file="C:/Users/Mat/Projects/doxygraph/examples/doxygen-1.8.4/src/dirdef.h" line="85" bodyfile="C:/Users/Mat/Projects/doxygraph/examples/doxygen-1.8.4/src/dirdef.cpp" bodystart="260" bodyend="320"/>
      </memberdef>
      <memberdef kind="function" id="d4/dd4/class_dir_def_1a7a86ec51575c9d1ec4c85e04415c3ff8" prot="private" static="no" const="no" explicit="no" inline="no" virt="non-virtual">
        <type>void</type>
        <definition>void DirDef::startMemberDeclarations</definition>
        <argsstring>(OutputList &amp;ol)</argsstring>
        <name>startMemberDeclarations</name>
        <param>
          <type><ref refid="df/dc8/class_output_list" kindref="compound">OutputList</ref> &amp;</type>
          <declname>ol</declname>
        </param>
        <briefdescription>
        </briefdescription>
        <detaileddescription>
        </detaileddescription>
        <inbodydescription>
        </inbodydescription>
        <location file="C:/Users/Mat/Projects/doxygraph/examples/doxygen-1.8.4/src/dirdef.h" line="86" bodyfile="C:/Users/Mat/Projects/doxygraph/examples/doxygen-1.8.4/src/dirdef.cpp" bodystart="322" bodyend="325"/>
      </memberdef>
      <memberdef kind="function" id="d4/dd4/class_dir_def_1abac36b643c4e4166424630c426479d3e" prot="private" static="no" const="no" explicit="no" inline="no" virt="non-virtual">
        <type>void</type>
        <definition>void DirDef::endMemberDeclarations</definition>
        <argsstring>(OutputList &amp;ol)</argsstring>
        <name>endMemberDeclarations</name>
        <param>
          <type><ref refid="df/dc8/class_output_list" kindref="compound">OutputList</ref> &amp;</type>
          <declname>ol</declname>
        </param>
        <briefdescription>
        </briefdescription>
        <detaileddescription>
        </detaileddescription>
        <inbodydescription>
        </inbodydescription>
        <location file="C:/Users/Mat/Projects/doxygraph/examples/doxygen-1.8.4/src/dirdef.h" line="87" bodyfile="C:/Users/Mat/Projects/doxygraph/examples/doxygen-1.8.4/src/dirdef.cpp" bodystart="327" bodyend="330"/>
      </memberdef>
      <memberdef kind="function" id="d4/dd4/class_dir_def_1a71355d4917ae8cd97f2b64bcd2fccf20" prot="private" static="no" const="no" explicit="no" inline="no" virt="non-virtual">
        <type>void</type>
        <definition>void DirDef::setLevel</definition>
        <argsstring>()</argsstring>
        <name>setLevel</name>
        <briefdescription>
        </briefdescription>
        <detaileddescription>
        </detaileddescription>
        <inbodydescription>
        </inbodydescription>
        <location file="C:/Users/Mat/Projects/doxygraph/examples/doxygen-1.8.4/src/dirdef.h" line="89" bodyfile="C:/Users/Mat/Projects/doxygraph/examples/doxygen-1.8.4/src/dirdef.cpp" bodystart="455" bodyend="470"/>
      </memberdef>
      <memberdef kind="function" id="d4/dd4/class_dir_def_1a9277996596607370f8bc016c3b51dd3e" prot="private" static="no" const="no" explicit="no" inline="no" virt="non-virtual">
        <type>void</type>
        <definition>void DirDef::addUsesDependency</definition>
        <argsstring>(DirDef *usedDir, FileDef *srcFd, FileDef *dstFd, bool inherited)</argsstring>
        <name>addUsesDependency</name>
        <param>
          <type><ref refid="d4/dd4/class_dir_def" kindref="compound">DirDef</ref> *</type>
          <declname>usedDir</declname>
        </param>
        <param>
          <type><ref refid="de/db0/class_file_def" kindref="compound">FileDef</ref> *</type>
          <declname>srcFd</declname>
        </param>
        <param>
          <type><ref refid="de/db0/class_file_def" kindref="compound">FileDef</ref> *</type>
          <declname>dstFd</declname>
        </param>
        <param>
          <type>bool</type>
          <declname>inherited</declname>
        </param>
        <briefdescription>
<para>Add as &quot;uses&quot; dependency between <emphasis>this</emphasis> dir and <emphasis>dir</emphasis>, that was caused by a dependency on file <emphasis>fd</emphasis>. </para>        </briefdescription>
        <detaileddescription>
        </detaileddescription>
        <inbodydescription>
        </inbodydescription>
        <location file="C:/Users/Mat/Projects/doxygraph/examples/doxygen-1.8.4/src/dirdef.h" line="93" bodyfile="C:/Users/Mat/Projects/doxygraph/examples/doxygen-1.8.4/src/dirdef.cpp" bodystart="475" bodyend="525"/>
      </memberdef>
      <memberdef kind="function" id="d4/dd4/class_dir_def_1a1d760cd5359a0e85539ea73d0a895ab6" prot="private" static="no" const="no" explicit="no" inline="no" virt="non-virtual">
        <type>void</type>
        <definition>void DirDef::computeDependencies</definition>
        <argsstring>()</argsstring>
        <name>computeDependencies</name>
        <briefdescription>
<para>Computes the dependencies between directories. </para>        </briefdescription>
        <detaileddescription>
        </detaileddescription>
        <inbodydescription>
        </inbodydescription>
        <location file="C:/Users/Mat/Projects/doxygraph/examples/doxygen-1.8.4/src/dirdef.h" line="94" bodyfile="C:/Users/Mat/Projects/doxygraph/examples/doxygen-1.8.4/src/dirdef.cpp" bodystart="529" bodyend="564"/>
      </memberdef>
      </sectiondef>
      <sectiondef kind="private-static-func">
      <memberdef kind="function" id="d4/dd4/class_dir_def_1af64a0398089c37c3c8f19548ed5a4898" prot="private" static="yes" const="no" explicit="no" inline="no" virt="non-virtual">
        <type><ref refid="d4/dd4/class_dir_def" kindref="compound">DirDef</ref> *</type>
        <definition>DirDef * DirDef::createNewDir</definition>
        <argsstring>(const char *path)</argsstring>
        <name>createNewDir</name>
        <param>
          <type>const char *</type>
          <declname>path</declname>
        </param>
        <briefdescription>
        </briefdescription>
        <detaileddescription>
        </detaileddescription>
        <inbodydescription>
        </inbodydescription>
        <location file="C:/Users/Mat/Projects/doxygraph/examples/doxygen-1.8.4/src/dirdef.h" line="90" bodyfile="C:/Users/Mat/Projects/doxygraph/examples/doxygen-1.8.4/src/dirdef.cpp" bodystart="617" bodyend="629"/>
      </memberdef>
      <memberdef kind="function" id="d4/dd4/class_dir_def_1a4be12b484142c9ec105544fd5665b4a2" prot="private" static="yes" const="no" explicit="no" inline="no" virt="non-virtual">
        <type>bool</type>
        <definition>bool DirDef::matchPath</definition>
        <argsstring>(const QCString &amp;path, QStrList &amp;l)</argsstring>
        <name>matchPath</name>
        <param>
          <type>const QCString &amp;</type>
          <declname>path</declname>
        </param>
        <param>
          <type>QStrList &amp;</type>
          <declname>l</declname>
        </param>
        <briefdescription>
        </briefdescription>
        <detaileddescription>
        </detaileddescription>
        <inbodydescription>
        </inbodydescription>
        <location file="C:/Users/Mat/Projects/doxygraph/examples/doxygen-1.8.4/src/dirdef.h" line="91" bodyfile="C:/Users/Mat/Projects/doxygraph/examples/doxygen-1.8.4/src/dirdef.cpp" bodystart="631" bodyend="644"/>
      </memberdef>
      </sectiondef>
    <briefdescription>
<para>A model of a directory symbol. </para>    </briefdescription>
    <detaileddescription>
    </detaileddescription>
    <inheritancegraph>
      <node id="2843">
        <label>Definition</label>
        <link refid="d5/dcc/class_definition"/>
        <childnode refid="2844" relation="public-inheritance">
        </childnode>
      </node>
      <node id="2842">
        <label>DirDef</label>
        <link refid="d4/dd4/class_dir_def"/>
        <childnode refid="2843" relation="public-inheritance">
        </childnode>
      </node>
      <node id="2844">
        <label>DefinitionIntf</label>
        <link refid="d9/d4a/class_definition_intf"/>
      </node>
    </inheritancegraph>
    <collaborationgraph>
      <node id="2846">
        <label>Definition</label>
        <link refid="d5/dcc/class_definition"/>
        <childnode refid="2847" relation="public-inheritance">
        </childnode>
      </node>
      <node id="2845">
        <label>DirDef</label>
        <link refid="d4/dd4/class_dir_def"/>
        <childnode refid="2846" relation="public-inheritance">
        </childnode>
      </node>
      <node id="2847">
        <label>DefinitionIntf</label>
        <link refid="d9/d4a/class_definition_intf"/>
      </node>
    </collaborationgraph>
    <location file="C:/Users/Mat/Projects/doxygraph/examples/doxygen-1.8.4/src/dirdef.h" line="45" bodyfile="C:/Users/Mat/Projects/doxygraph/examples/doxygen-1.8.4/src/dirdef.h" bodystart="44" bodyend="105"/>
    <listofallmembers>
      <member refid="d4/dd4/class_dir_def_1ae61d8b61fce7dc841ffa59b1bee07027" prot="public" virt="non-virtual"><scope>DirDef</scope><name>addFile</name></member>
      <member refid="d5/dcc/class_definition_1a7acd14f8896e56cc2d6dcadd2cf14be7" prot="public" virt="virtual"><scope>DirDef</scope><name>addInnerCompound</name></member>
      <member refid="d5/dcc/class_definition_1a2314524366e46c9d0cd8bcb528d6238d" prot="public" virt="non-virtual"><scope>DirDef</scope><name>addSectionsToDefinition</name></member>
      <member refid="d5/dcc/class_definition_1af4b179bb64137b2e0b3da44b7b4d0f24" prot="public" virt="non-virtual"><scope>DirDef</scope><name>addSectionsToIndex</name></member>
      <member refid="d5/dcc/class_definition_1a06d25c9164855c20278be38829e2d72e" prot="public" virt="non-virtual"><scope>DirDef</scope><name>addSourceReferencedBy</name></member>
      <member refid="d5/dcc/class_definition_1a153cd19977164802044d4602ee212aa3" prot="public" virt="non-virtual"><scope>DirDef</scope><name>addSourceReferences</name></member>
      <member refid="d4/dd4/class_dir_def_1a104e5839f46ae7804bcc99fe020bc391" prot="public" virt="non-virtual"><scope>DirDef</scope><name>addSubDir</name></member>
      <member refid="d4/dd4/class_dir_def_1a9277996596607370f8bc016c3b51dd3e" prot="private" virt="non-virtual"><scope>DirDef</scope><name>addUsesDependency</name></member>
      <member refid="d4/dd4/class_dir_def_1aceaa272039d360a7a4e64d2584b8eb87" prot="public" virt="virtual"><scope>DirDef</scope><name>anchor</name></member>
      <member refid="d5/dcc/class_definition_1a748b55a1bf2566464f1e46daf1fd2ef0" prot="public" virt="non-virtual"><scope>DirDef</scope><name>briefDescription</name></member>
      <member refid="d5/dcc/class_definition_1ad2f43fad51460d0faa291581df896270" prot="public" virt="non-virtual"><scope>DirDef</scope><name>briefDescriptionAsTooltip</name></member>
      <member refid="d5/dcc/class_definition_1a3c37121dca58fcb1c3d499b52e0a70fd" prot="public" virt="non-virtual"><scope>DirDef</scope><name>briefFile</name></member>
      <member refid="d5/dcc/class_definition_1a26799d5c03900e931fb1382a5aa56bdd" prot="public" virt="non-virtual"><scope>DirDef</scope><name>briefLine</name></member>
      <member refid="d4/dd4/class_dir_def_1a1d760cd5359a0e85539ea73d0a895ab6" prot="private" virt="non-virtual"><scope>DirDef</scope><name>computeDependencies</name></member>
      <member refid="d4/dd4/class_dir_def_1abf61ee43dee8d980a631843cd26b71cb" prot="private" virt="non-virtual"><scope>DirDef</scope><name>computeDirDependencies</name></member>
      <member refid="d5/dcc/class_definition_1ad320a919f0dcfd4738b7d0f0045b42fe" prot="public" virt="non-virtual"><scope>DirDef</scope><name>convertNameToFile</name></member>
      <member refid="d4/dd4/class_dir_def_1af64a0398089c37c3c8f19548ed5a4898" prot="private" virt="non-virtual"><scope>DirDef</scope><name>createNewDir</name></member>
      <member refid="d5/dcc/class_definition_1afdf318b0b806e2b5b1fcdcf682bc338b" prot="public" virt="non-virtual"><scope>DirDef</scope><name>Definition</name></member>
      <member refid="d5/dcc/class_definition_1a952d6c4a004165c823988111910e08cd" prot="protected" virt="non-virtual"><scope>DirDef</scope><name>Definition</name></member>
      <member refid="d9/d4a/class_definition_intf_1a2589f23752497ae83e5894eb25bfe688" prot="public" virt="non-virtual"><scope>DirDef</scope><name>DefinitionIntf</name></member>
      <member refid="d4/dd4/class_dir_def_1a555b75377a532e245d82475cddfe2f19" prot="public" virt="virtual"><scope>DirDef</scope><name>definitionType</name></member>
      <member refid="d9/d4a/class_definition_intf_1ada60114bc621669dd8c19edfc6421766" prot="public" virt="non-virtual"><scope>DirDef</scope><name>DefType</name></member>
      <member refid="d4/dd4/class_dir_def_1a5ed920ae0dccb5085d339dabb30bcc73" prot="public" virt="non-virtual"><scope>DirDef</scope><name>depGraphIsTrivial</name></member>
      <member refid="d4/dd4/class_dir_def_1ac6081a8ef74c5c231d90c268fd10c474" prot="public" virt="non-virtual"><scope>DirDef</scope><name>dirCount</name></member>
      <member refid="d4/dd4/class_dir_def_1a2f7a368e7ad34ed71796f6a9a696d547" prot="public" virt="non-virtual"><scope>DirDef</scope><name>DirDef</name></member>
      <member refid="d4/dd4/class_dir_def_1a360c7e6d3deaf6782329a019c80b110a" prot="public" virt="virtual"><scope>DirDef</scope><name>displayName</name></member>
      <member refid="d5/dcc/class_definition_1a7c5f8f793b451b8e9bbc68b40a9e8faa" prot="public" virt="non-virtual"><scope>DirDef</scope><name>docFile</name></member>
      <member refid="d5/dcc/class_definition_1a1eddb1e4af4660518113a159e76ca983" prot="public" virt="non-virtual"><scope>DirDef</scope><name>docLine</name></member>
      <member refid="d5/dcc/class_definition_1a9ed55eb9487bcf1fd7ebb4a967e7b3a1" prot="public" virt="non-virtual"><scope>DirDef</scope><name>documentation</name></member>
      <member refid="d4/dd4/class_dir_def_1abac36b643c4e4166424630c426479d3e" prot="private" virt="non-virtual"><scope>DirDef</scope><name>endMemberDeclarations</name></member>
      <member refid="d5/dcc/class_definition_1ad0ab125ac1d11e17d8cd5a4e5a0eea23" prot="public" virt="virtual"><scope>DirDef</scope><name>findInnerCompound</name></member>
      <member refid="d5/dcc/class_definition_1aba56816cd19b24f234c7fd3f4f7ebe47" prot="public" virt="non-virtual"><scope>DirDef</scope><name>getBodyDef</name></member>
      <member refid="d5/dcc/class_definition_1abc16ee564cb0be049ec0f17e2adf0bca" prot="public" virt="non-virtual"><scope>DirDef</scope><name>getDefColumn</name></member>
      <member refid="d5/dcc/class_definition_1adf7dee9591ec45a66a9a87b9c1f2f1ee" prot="public" virt="non-virtual"><scope>DirDef</scope><name>getDefFileExtension</name></member>
      <member refid="d5/dcc/class_definition_1ad399d0ee903e4102c479c2b099b0a051" prot="public" virt="non-virtual"><scope>DirDef</scope><name>getDefFileName</name></member>
      <member refid="d5/dcc/class_definition_1adf4945611e38928b4dd6846c912d4b3a" prot="public" virt="non-virtual"><scope>DirDef</scope><name>getDefLine</name></member>
      <member refid="d5/dcc/class_definition_1a11056f29c65e1dddc184036bce5d5456" prot="public" virt="non-virtual"><scope>DirDef</scope><name>getEndBodyLine</name></member>
      <member refid="d4/dd4/class_dir_def_1aa2fe2f19c314bad8df819c12cd84ef0a" prot="public" virt="non-virtual"><scope>DirDef</scope><name>getFiles</name></member>
      <member refid="d5/dcc/class_definition_1a55485230d99cc877348db64f01dde092" prot="public" virt="non-virtual"><scope>DirDef</scope><name>getLanguage</name></member>
      <member refid="d5/dcc/class_definition_1ab82806456f4f27020863477cfbcdecd3" prot="public" virt="virtual"><scope>DirDef</scope><name>getOuterScope</name></member>
      <member refid="d4/dd4/class_dir_def_1a45b42037a0ed21aaba3950e7fb53fbd9" prot="public" virt="virtual"><scope>DirDef</scope><name>getOutputFileBase</name></member>
      <member refid="d5/dcc/class_definition_1a266bc8f350de23e01335d4d674995dcf" prot="public" virt="virtual"><scope>DirDef</scope><name>getReference</name></member>
      <member refid="d5/dcc/class_definition_1a2648ef330f15e171cb3b077ced5195db" prot="public" virt="non-virtual"><scope>DirDef</scope><name>getReferencedByMembers</name></member>
      <member refid="d5/dcc/class_definition_1a2d9e83cac9c3816d2469be611bf387e6" prot="public" virt="non-virtual"><scope>DirDef</scope><name>getReferencesMembers</name></member>
      <member refid="d5/dcc/class_definition_1a23521d5aa86d308aa040acd75967074c" prot="public" virt="virtual"><scope>DirDef</scope><name>getSourceFileBase</name></member>
      <member refid="d5/dcc/class_definition_1ac1b628c3fd8382f3c8f365c5af01bc87" prot="public" virt="non-virtual"><scope>DirDef</scope><name>getStartBodyLine</name></member>
      <member refid="d5/dcc/class_definition_1a2332d001413c64148e41a6f89b80f015" prot="public" virt="virtual"><scope>DirDef</scope><name>hasDocumentation</name></member>
      <member refid="d5/dcc/class_definition_1aeb4c2067227675b9aeb7815879bf98ce" prot="public" virt="non-virtual"><scope>DirDef</scope><name>hasSections</name></member>
      <member refid="d5/dcc/class_definition_1a92f28d12009f388a30c5e564e5ea3493" prot="public" virt="virtual"><scope>DirDef</scope><name>hasUserDocumentation</name></member>
      <member refid="d5/dcc/class_definition_1a19d4680f1998fc384e37c90106a4ed61" prot="public" virt="non-virtual"><scope>DirDef</scope><name>id</name></member>
      <member refid="d5/dcc/class_definition_1af85914f95149aa84386f479ff075fd86" prot="public" virt="non-virtual"><scope>DirDef</scope><name>inbodyDocumentation</name></member>
      <member refid="d5/dcc/class_definition_1afcb2ccbaedf4f06fee6f332c3468f370" prot="public" virt="non-virtual"><scope>DirDef</scope><name>inbodyFile</name></member>
      <member refid="d5/dcc/class_definition_1aa443907e0f5fe04afb2851068c95d706" prot="public" virt="non-virtual"><scope>DirDef</scope><name>inbodyLine</name></member>
      <member refid="d5/dcc/class_definition_1acaf5924f905bf4d71c9adf4c78786eab" prot="public" virt="non-virtual"><scope>DirDef</scope><name>isArtificial</name></member>
      <member refid="d4/dd4/class_dir_def_1a2deda1c14a47090a00a91271860ce7bf" prot="public" virt="non-virtual"><scope>DirDef</scope><name>isCluster</name></member>
      <member refid="d5/dcc/class_definition_1ab322705fb59551eb0e8aa3b08c4dfbee" prot="public" virt="non-virtual"><scope>DirDef</scope><name>isHidden</name></member>
      <member refid="d4/dd4/class_dir_def_1ad47c93357ab08fb4f883d29e903f1570" prot="public" virt="virtual"><scope>DirDef</scope><name>isLinkable</name></member>
      <member refid="d4/dd4/class_dir_def_1a6f4bf73e2fd28f421f4359b0135187b6" prot="public" virt="virtual"><scope>DirDef</scope><name>isLinkableInProject</name></member>
      <member refid="d4/dd4/class_dir_def_1a4f9f8fa0a9d2415b6d934fd9ed9bcd5e" prot="public" virt="non-virtual"><scope>DirDef</scope><name>isParentOf</name></member>
      <member refid="d5/dcc/class_definition_1aeac1898371c546441cf689c1f66e359b" prot="public" virt="virtual"><scope>DirDef</scope><name>isReference</name></member>
      <member refid="d5/dcc/class_definition_1a9e3fcb5ffe5c7db9d32c1a5a53bcf091" prot="public" virt="virtual"><scope>DirDef</scope><name>isVisible</name></member>
      <member refid="d5/dcc/class_definition_1a451f82aa30e6eff67c0d9a0e919a105d" prot="public" virt="virtual"><scope>DirDef</scope><name>isVisibleInProject</name></member>
      <member refid="d4/dd4/class_dir_def_1aaf4bef6c8d1dcf6219121372c72b7812" prot="public" virt="non-virtual"><scope>DirDef</scope><name>level</name></member>
      <member refid="d5/dcc/class_definition_1ae4fa9ca0807ec16be5b9b4606a5f4ba9" prot="public" virt="non-virtual"><scope>DirDef</scope><name>localName</name></member>
      <member refid="d4/dd4/class_dir_def_1ac0dd62816c95c79c412c651a7ec54e96" prot="private" virt="non-virtual"><scope>DirDef</scope><name>m_dirCount</name></member>
      <member refid="d4/dd4/class_dir_def_1a606067ccdac992d272356fc61863fef6" prot="private" virt="non-virtual"><scope>DirDef</scope><name>m_diskName</name></member>
      <member refid="d4/dd4/class_dir_def_1ade3ca149437cee0dda92bc65d1c0e3f0" prot="private" virt="non-virtual"><scope>DirDef</scope><name>m_dispName</name></member>
      <member refid="d4/dd4/class_dir_def_1a0f9ef9ffba1dfa915ab8bd99aaf1396a" prot="private" virt="non-virtual"><scope>DirDef</scope><name>m_fileList</name></member>
      <member refid="d4/dd4/class_dir_def_1aee1f3c479851935f59d102dee19be996" prot="private" virt="non-virtual"><scope>DirDef</scope><name>m_level</name></member>
      <member refid="d4/dd4/class_dir_def_1ae48bc7813941262596e1b34fa881338d" prot="private" virt="non-virtual"><scope>DirDef</scope><name>m_parent</name></member>
      <member refid="d4/dd4/class_dir_def_1a75c8e2811ef1448cd35b09cd502aa623" prot="private" virt="non-virtual"><scope>DirDef</scope><name>m_shortName</name></member>
      <member refid="d4/dd4/class_dir_def_1a09d3357a90fce8cd79608f2cc8f73aee" prot="private" virt="non-virtual"><scope>DirDef</scope><name>m_subdirs</name></member>
      <member refid="d4/dd4/class_dir_def_1ad1eccd9ab0f7286eeb0441a2bfe7e93a" prot="private" virt="non-virtual"><scope>DirDef</scope><name>m_usedDirs</name></member>
      <member refid="d5/dcc/class_definition_1aad0c6a6beb616a7f5530c0286b9d4bcc" prot="public" virt="non-virtual"><scope>DirDef</scope><name>makePartOfGroup</name></member>
      <member refid="d4/dd4/class_dir_def_1a4be12b484142c9ec105544fd5665b4a2" prot="private" virt="non-virtual"><scope>DirDef</scope><name>matchPath</name></member>
      <member refid="d4/dd4/class_dir_def_1ab3b1d03c75471701969e581aa4a6960f" prot="public" virt="non-virtual"><scope>DirDef</scope><name>mergeDirectoryInTree</name></member>
      <member refid="d5/dcc/class_definition_1ac7a24516e805c39e3f3542c387601790" prot="public" virt="non-virtual"><scope>DirDef</scope><name>mergeRefItems</name></member>
      <member refid="d5/dcc/class_definition_1a99481361779e85f0c1556709de7d9e5b" prot="public" virt="non-virtual"><scope>DirDef</scope><name>name</name></member>
      <member refid="d5/dcc/class_definition_1a92f5e4fd230d38f33163943f399085d4" prot="public" virt="non-virtual"><scope>DirDef</scope><name>navigationPathAsString</name></member>
      <member refid="d4/dd4/class_dir_def_1a841f399b390e1d0ff927629db1186b9f" prot="public" virt="non-virtual"><scope>DirDef</scope><name>parent</name></member>
      <member refid="d5/dcc/class_definition_1a16251e130cfce01ff6734e46f17fb934" prot="public" virt="non-virtual"><scope>DirDef</scope><name>partOfGroups</name></member>
      <member refid="d5/dcc/class_definition_1a3e43d0f37d4662880d0931c9150e5671" prot="public" virt="non-virtual"><scope>DirDef</scope><name>pathFragment</name></member>
      <member refid="d5/dcc/class_definition_1aacd9b72da80deb37974a18d2001ed715" prot="public" virt="virtual"><scope>DirDef</scope><name>qualifiedName</name></member>
      <member refid="d5/dcc/class_definition_1a3bef4741c9dfa6cd2287ca4c9f30f775" prot="public" virt="non-virtual"><scope>DirDef</scope><name>setArtificial</name></member>
      <member refid="d5/dcc/class_definition_1a11177a4416320b6dd561b314d02c607a" prot="public" virt="non-virtual"><scope>DirDef</scope><name>setBodyDef</name></member>
      <member refid="d5/dcc/class_definition_1a7c5466b95c0544781c25c93d3ed8a543" prot="public" virt="non-virtual"><scope>DirDef</scope><name>setBodySegment</name></member>
      <member refid="d5/dcc/class_definition_1a5f6f7e25d740acb612b57365f9fccfc2" prot="public" virt="virtual"><scope>DirDef</scope><name>setBriefDescription</name></member>
      <member refid="d4/dd4/class_dir_def_1ac7523093d0169e18520b8893aa664f34" prot="public" virt="non-virtual"><scope>DirDef</scope><name>setDiskName</name></member>
      <member refid="d5/dcc/class_definition_1af13e2148f395d2704535e52f50ccc418" prot="public" virt="virtual"><scope>DirDef</scope><name>setDocumentation</name></member>
      <member refid="d5/dcc/class_definition_1a7166ab248989769fe2dc4f0d56b72a05" prot="public" virt="virtual"><scope>DirDef</scope><name>setHidden</name></member>
      <member refid="d5/dcc/class_definition_1ae653664eee43cfe5992cd91377f8e91b" prot="public" virt="non-virtual"><scope>DirDef</scope><name>setId</name></member>
      <member refid="d5/dcc/class_definition_1a829959b92985d0264b9fc17277bf91b4" prot="public" virt="virtual"><scope>DirDef</scope><name>setInbodyDocumentation</name></member>
      <member refid="d5/dcc/class_definition_1abd33a001047f6842f63f551b1ce47942" prot="public" virt="non-virtual"><scope>DirDef</scope><name>setLanguage</name></member>
      <member refid="d4/dd4/class_dir_def_1a71355d4917ae8cd97f2b64bcd2fccf20" prot="private" virt="non-virtual"><scope>DirDef</scope><name>setLevel</name></member>
      <member refid="d5/dcc/class_definition_1ac20deb4c9dab79868fa8ec4f42ac84ff" prot="public" virt="non-virtual"><scope>DirDef</scope><name>setLocalName</name></member>
      <member refid="d5/dcc/class_definition_1aaa3c1632bd89cb3db7c7713df4e36db0" prot="public" virt="non-virtual"><scope>DirDef</scope><name>setName</name></member>
      <member refid="d5/dcc/class_definition_1a222010f3d2b52bf76427034d07e0ff56" prot="public" virt="virtual"><scope>DirDef</scope><name>setOuterScope</name></member>
      <member refid="d5/dcc/class_definition_1a9548c1e2218ce2730c6c3e31bdac6452" prot="public" virt="non-virtual"><scope>DirDef</scope><name>setReference</name></member>
      <member refid="d5/dcc/class_definition_1afaacdadf442e3e1a33c22c5a2b49ad61" prot="public" virt="non-virtual"><scope>DirDef</scope><name>setRefItems</name></member>
      <member refid="d4/dd4/class_dir_def_1ab26dcdc9882952a41e338a38b24ec9cc" prot="public" virt="non-virtual"><scope>DirDef</scope><name>shortName</name></member>
      <member refid="d4/dd4/class_dir_def_1a7a86ec51575c9d1ec4c85e04415c3ff8" prot="private" virt="non-virtual"><scope>DirDef</scope><name>startMemberDeclarations</name></member>
      <member refid="d4/dd4/class_dir_def_1a1ab1d6b16353f278ef41fc23f848bb56" prot="public" virt="non-virtual"><scope>DirDef</scope><name>subDirs</name></member>
      <member refid="d5/dcc/class_definition_1a0b672c0534ecbd81ae77584d2ceae7ff" prot="public" virt="non-virtual"><scope>DirDef</scope><name>symbolName</name></member>
      <member refid="d9/d4a/class_definition_intf_1ada60114bc621669dd8c19edfc6421766a8c7123ce45e6d365a610ed3951ecd037" prot="public" virt="non-virtual"><scope>DirDef</scope><name>TypeClass</name></member>
      <member refid="d9/d4a/class_definition_intf_1ada60114bc621669dd8c19edfc6421766ad9e85c8933bcb049693ec8c02fd774fe" prot="public" virt="non-virtual"><scope>DirDef</scope><name>TypeDir</name></member>
      <member refid="d9/d4a/class_definition_intf_1ada60114bc621669dd8c19edfc6421766a92fb29a1b73c05c1a21b5936f262085d" prot="public" virt="non-virtual"><scope>DirDef</scope><name>TypeFile</name></member>
      <member refid="d9/d4a/class_definition_intf_1ada60114bc621669dd8c19edfc6421766a7ae77e43166a87eaa59e89dc7d0e2917" prot="public" virt="non-virtual"><scope>DirDef</scope><name>TypeGroup</name></member>
      <member refid="d9/d4a/class_definition_intf_1ada60114bc621669dd8c19edfc6421766a77974c3635270f07d38ff920fd8f653c" prot="public" virt="non-virtual"><scope>DirDef</scope><name>TypeMember</name></member>
      <member refid="d9/d4a/class_definition_intf_1ada60114bc621669dd8c19edfc6421766ac1833ce9fc94097a64c0c60104ac3297" prot="public" virt="non-virtual"><scope>DirDef</scope><name>TypeNamespace</name></member>
      <member refid="d9/d4a/class_definition_intf_1ada60114bc621669dd8c19edfc6421766ab55dda7065ddf21d823d89a00c23063b" prot="public" virt="non-virtual"><scope>DirDef</scope><name>TypePackage</name></member>
      <member refid="d9/d4a/class_definition_intf_1ada60114bc621669dd8c19edfc6421766a20cfcea557f83381dbdcca5ede9185a8" prot="public" virt="non-virtual"><scope>DirDef</scope><name>TypePage</name></member>
      <member refid="d9/d4a/class_definition_intf_1ada60114bc621669dd8c19edfc6421766a2dfe7456f05b8bf08f04de5c5f8788a7" prot="public" virt="non-virtual"><scope>DirDef</scope><name>TypeSymbolList</name></member>
      <member refid="d4/dd4/class_dir_def_1a7df88c7c7bc1bec99cd726c233fdd997" prot="public" virt="non-virtual"><scope>DirDef</scope><name>usedDirs</name></member>
      <member refid="d4/dd4/class_dir_def_1ad670e7303ad663e73665b9494f0fba4a" prot="public" virt="non-virtual"><scope>DirDef</scope><name>visited</name></member>
      <member refid="d4/dd4/class_dir_def_1ae5e59121b3096010af279b67413de6b8" prot="private" virt="non-virtual"><scope>DirDef</scope><name>writeBriefDescription</name></member>
      <member refid="d4/dd4/class_dir_def_1a3441dff967600b9ea76533d87cb21afd" prot="public" virt="non-virtual"><scope>DirDef</scope><name>writeDepGraph</name></member>
      <member refid="d4/dd4/class_dir_def_1a775a49f2a25d29a3cdc3f6e7d6841996" prot="private" virt="non-virtual"><scope>DirDef</scope><name>writeDetailedDescription</name></member>
      <member refid="d4/dd4/class_dir_def_1a2fe39b123f9a3bc476b6b782e3e7f7f8" prot="private" virt="non-virtual"><scope>DirDef</scope><name>writeDirectoryGraph</name></member>
      <member refid="d5/dcc/class_definition_1a252f2febf6695acc7ac5800c683f2770" prot="public" virt="non-virtual"><scope>DirDef</scope><name>writeDocAnchorsToTagFile</name></member>
      <member refid="d4/dd4/class_dir_def_1a000d1daece49eaabe805fb709be01c67" prot="public" virt="non-virtual"><scope>DirDef</scope><name>writeDocumentation</name></member>
      <member refid="d4/dd4/class_dir_def_1add979d71602f2512eabf199744a8851c" prot="private" virt="non-virtual"><scope>DirDef</scope><name>writeFileList</name></member>
      <member refid="d5/dcc/class_definition_1ad5ad17068a22165040e5b256c564c603" prot="public" virt="non-virtual"><scope>DirDef</scope><name>writeInlineCode</name></member>
      <member refid="d5/dcc/class_definition_1acb933b8a92878f6248e9a824c7115f24" prot="public" virt="non-virtual"><scope>DirDef</scope><name>writeNavigationPath</name></member>
      <member refid="d5/dcc/class_definition_1ad42890905d4583fe31ff65546ed55f7c" prot="public" virt="virtual"><scope>DirDef</scope><name>writeQuickMemberLinks</name></member>
      <member refid="d5/dcc/class_definition_1a0d22dcffc0afca75f8ab31dd6261933f" prot="public" virt="non-virtual"><scope>DirDef</scope><name>writeSourceDef</name></member>
      <member refid="d5/dcc/class_definition_1aa870f9f2ad5bfb0943d8718ace07bf63" prot="public" virt="non-virtual"><scope>DirDef</scope><name>writeSourceReffedBy</name></member>
      <member refid="d5/dcc/class_definition_1a0ec765eb2dc050ff415a76c5696db3dc" prot="public" virt="non-virtual"><scope>DirDef</scope><name>writeSourceRefs</name></member>
      <member refid="d4/dd4/class_dir_def_1a9e201bf43cbfb94446ebcb5c2cad12d1" prot="private" virt="non-virtual"><scope>DirDef</scope><name>writeSubDirList</name></member>
      <member refid="d5/dcc/class_definition_1a2ea9c73788e47eeb9eed0c77725cb932" prot="public" virt="virtual"><scope>DirDef</scope><name>writeSummaryLinks</name></member>
      <member refid="d5/dcc/class_definition_1ad831e89b81a88b3f4f298b9dce1dc549" prot="public" virt="non-virtual"><scope>DirDef</scope><name>writeToc</name></member>
      <member refid="d5/dcc/class_definition_1a0b83ac7e3a42baf9bd1bac90a83f07cc" prot="public" virt="non-virtual"><scope>DirDef</scope><name>xrefListItems</name></member>
      <member refid="d5/dcc/class_definition_1a37def2c2ca8cdc02e9f614657169e654" prot="public" virt="virtual"><scope>DirDef</scope><name>~Definition</name></member>
      <member refid="d9/d4a/class_definition_intf_1a348acc4ce6b1a3490d32e8aedd2183a4" prot="public" virt="virtual"><scope>DirDef</scope><name>~DefinitionIntf</name></member>
      <member refid="d4/dd4/class_dir_def_1a75207c15e597a0aa8539bae91809ff69" prot="public" virt="virtual"><scope>DirDef</scope><name>~DirDef</name></member>
    </listofallmembers>
  </compounddef>
</doxygen>
