<?xml version='1.0' encoding='UTF-8' standalone='no'?>
<doxygen xmlns:xsi="http://www.w3.org/2001/XMLSchema-instance" xsi:noNamespaceSchemaLocation="compound.xsd" version="1.8.2">
  <compounddef id="d7/d85/htags_8h" kind="file">
    <compoundname>htags.h</compoundname>
    <includedby refid="d3/dea/definition_8cpp" local="yes">src/definition.cpp</includedby>
    <includedby refid="dc/d98/doxygen_8cpp" local="yes">src/doxygen.cpp</includedby>
    <includedby refid="d6/ddc/filedef_8cpp" local="yes">src/filedef.cpp</includedby>
    <includedby refid="d9/db7/htags_8cpp" local="yes">src/htags.cpp</includedby>
    <invincdepgraph>
      <node id="2385">
        <label>src/doxygen.cpp</label>
        <link refid="dc/d98/doxygen_8cpp_source"/>
      </node>
      <node id="2386">
        <label>src/filedef.cpp</label>
        <link refid="d6/ddc/filedef_8cpp_source"/>
      </node>
      <node id="2383">
        <label>src/htags.h</label>
        <link refid="htags.h"/>
        <childnode refid="2384" relation="include">
        </childnode>
        <childnode refid="2385" relation="include">
        </childnode>
        <childnode refid="2386" relation="include">
        </childnode>
        <childnode refid="2387" relation="include">
        </childnode>
      </node>
      <node id="2384">
        <label>src/definition.cpp</label>
        <link refid="d3/dea/definition_8cpp_source"/>
      </node>
      <node id="2387">
        <label>src/htags.cpp</label>
        <link refid="d9/db7/htags_8cpp_source"/>
      </node>
    </invincdepgraph>
    <innerclass refid="d4/db0/struct_htags" prot="public">Htags</innerclass>
    <briefdescription>
    </briefdescription>
    <detaileddescription>
    </detaileddescription>
    <programlisting>
<codeline lineno="1"><highlight class="comment">/******************************************************************************</highlight></codeline>
<codeline lineno="2"><highlight class="comment"><sp/>*</highlight></codeline>
<codeline lineno="3"><highlight class="comment"><sp/>*<sp/>Copyright<sp/>(C)<sp/>1997-2013<sp/>by<sp/>Dimitri<sp/>van<sp/>Heesch.</highlight></codeline>
<codeline lineno="4"><highlight class="comment"><sp/>*</highlight></codeline>
<codeline lineno="5"><highlight class="comment"><sp/>*<sp/>Permission<sp/>to<sp/>use,<sp/>copy,<sp/>modify,<sp/>and<sp/>distribute<sp/>this<sp/>software<sp/>and<sp/>its</highlight></codeline>
<codeline lineno="6"><highlight class="comment"><sp/>*<sp/>documentation<sp/>under<sp/>the<sp/>terms<sp/>of<sp/>the<sp/>GNU<sp/>General<sp/>Public<sp/>License<sp/>is<sp/>hereby<sp/></highlight></codeline>
<codeline lineno="7"><highlight class="comment"><sp/>*<sp/>granted.<sp/>No<sp/>representations<sp/>are<sp/>made<sp/>about<sp/>the<sp/>suitability<sp/>of<sp/>this<sp/>software<sp/></highlight></codeline>
<codeline lineno="8"><highlight class="comment"><sp/>*<sp/>for<sp/>any<sp/>purpose.<sp/>It<sp/>is<sp/>provided<sp/>&quot;as<sp/>is&quot;<sp/>without<sp/>express<sp/>or<sp/>implied<sp/>warranty.</highlight></codeline>
<codeline lineno="9"><highlight class="comment"><sp/>*<sp/>See<sp/>the<sp/>GNU<sp/>General<sp/>Public<sp/>License<sp/>for<sp/>more<sp/>details.</highlight></codeline>
<codeline lineno="10"><highlight class="comment"><sp/>*</highlight></codeline>
<codeline lineno="11"><highlight class="comment"><sp/>*<sp/>Documents<sp/>produced<sp/>by<sp/>Doxygen<sp/>are<sp/>derivative<sp/>works<sp/>derived<sp/>from<sp/>the</highlight></codeline>
<codeline lineno="12"><highlight class="comment"><sp/>*<sp/>input<sp/>used<sp/>in<sp/>their<sp/>production;<sp/>they<sp/>are<sp/>not<sp/>affected<sp/>by<sp/>this<sp/>license.</highlight></codeline>
<codeline lineno="13"><highlight class="comment"><sp/>*</highlight></codeline>
<codeline lineno="14"><highlight class="comment"><sp/>*/</highlight><highlight class="normal"></highlight></codeline>
<codeline lineno="15"><highlight class="normal"></highlight><highlight class="preprocessor">#ifndef<sp/>HTAGS_H</highlight></codeline>
<codeline lineno="16"><highlight class="preprocessor"></highlight><highlight class="preprocessor">#define<sp/>HTAGS_H</highlight></codeline>
<codeline lineno="17"><highlight class="preprocessor"></highlight><highlight class="normal"></highlight></codeline>
<codeline lineno="18"><highlight class="normal"></highlight><highlight class="keyword">class<sp/></highlight><highlight class="normal">QCString;</highlight></codeline>
<codeline lineno="19"><highlight class="normal"></highlight></codeline>
<codeline lineno="21" refid="d4/db0/struct_htags" refkind="compound"><highlight class="keyword">struct<sp/></highlight><highlight class="normal"><ref refid="d4/db0/struct_htags" kindref="compound" tooltip="This class is a namespace for HTAGS related functions.">Htags</ref></highlight></codeline>
<codeline lineno="22"><highlight class="normal">{</highlight></codeline>
<codeline lineno="23"><highlight class="normal"><sp/><sp/></highlight><highlight class="keyword">static</highlight><highlight class="normal"><sp/></highlight><highlight class="keywordtype">bool</highlight><highlight class="normal"><sp/>useHtags;</highlight></codeline>
<codeline lineno="24"><highlight class="normal"><sp/><sp/></highlight><highlight class="keyword">static</highlight><highlight class="normal"><sp/></highlight><highlight class="keywordtype">bool</highlight><highlight class="normal"><sp/><ref refid="d4/db0/struct_htags_1a91a5a1322fbff8f8ad136a3372964512" kindref="member">loadFilemap</ref>(</highlight><highlight class="keyword">const</highlight><highlight class="normal"><sp/>QCString<sp/>&amp;htmldir);</highlight></codeline>
<codeline lineno="25"><highlight class="normal"><sp/><sp/></highlight><highlight class="keyword">static</highlight><highlight class="normal"><sp/>QCString<sp/><ref refid="d4/db0/struct_htags_1a0ce955dfddd8473bce6373e92532f12e" kindref="member">path2URL</ref>(</highlight><highlight class="keyword">const</highlight><highlight class="normal"><sp/>QCString<sp/>&amp;path);</highlight></codeline>
<codeline lineno="26"><highlight class="normal"><sp/><sp/></highlight><highlight class="keyword">static</highlight><highlight class="normal"><sp/></highlight><highlight class="keywordtype">bool</highlight><highlight class="normal"><sp/><ref refid="d4/db0/struct_htags_1a459ba4c5a4e6d3308cee25b93448f0cf" kindref="member">execute</ref>(</highlight><highlight class="keyword">const</highlight><highlight class="normal"><sp/>QCString<sp/>&amp;htmldir);</highlight></codeline>
<codeline lineno="27"><highlight class="normal">};</highlight></codeline>
<codeline lineno="28"><highlight class="normal"></highlight></codeline>
<codeline lineno="29"><highlight class="normal"></highlight><highlight class="preprocessor">#endif<sp/></highlight><highlight class="comment">/*<sp/>HTAGS_H<sp/>*/</highlight><highlight class="preprocessor"></highlight></codeline>
    </programlisting>
    <location file="C:/Users/Mat/Projects/doxygraph/examples/doxygen-1.8.4/src/htags.h"/>
  </compounddef>
</doxygen>
