<?xml version='1.0' encoding='UTF-8' standalone='no'?>
<doxygen xmlns:xsi="http://www.w3.org/2001/XMLSchema-instance" xsi:noNamespaceSchemaLocation="compound.xsd" version="1.8.2">
  <compounddef id="d4/d27/class_member_name_info" kind="class" prot="public">
    <compoundname>MemberNameInfo</compoundname>
    <basecompoundref refid="db/daa/class_q_list" prot="public" virt="non-virtual">QList&lt; MemberInfo &gt;</basecompoundref>
    <includes refid="d7/dfc/membername_8h" local="no">membername.h</includes>
      <sectiondef kind="private-attrib">
      <memberdef kind="variable" id="d4/d27/class_member_name_info_1ad95c8d6bdce7d863427543421e354e1d" prot="private" static="no" mutable="no">
        <type>QCString</type>
        <definition>QCString MemberNameInfo::name</definition>
        <argsstring></argsstring>
        <name>name</name>
        <briefdescription>
        </briefdescription>
        <detaileddescription>
        </detaileddescription>
        <inbodydescription>
        </inbodydescription>
        <location file="C:/Users/Mat/Projects/doxygraph/examples/doxygen-1.8.4/src/membername.h" line="79" bodyfile="C:/Users/Mat/Projects/doxygraph/examples/doxygen-1.8.4/src/membername.h" bodystart="79" bodyend="-1"/>
      </memberdef>
      </sectiondef>
      <sectiondef kind="public-func">
      <memberdef kind="function" id="d4/d27/class_member_name_info_1a2594cc6542ad85f88eac5f43d8c99de0" prot="public" static="no" const="no" explicit="no" inline="no" virt="non-virtual">
        <type></type>
        <definition>MemberNameInfo::MemberNameInfo</definition>
        <argsstring>(const char *name)</argsstring>
        <name>MemberNameInfo</name>
        <param>
          <type>const char *</type>
          <declname>name</declname>
        </param>
        <briefdescription>
        </briefdescription>
        <detaileddescription>
        </detaileddescription>
        <inbodydescription>
        </inbodydescription>
        <location file="C:/Users/Mat/Projects/doxygraph/examples/doxygen-1.8.4/src/membername.h" line="74" bodyfile="C:/Users/Mat/Projects/doxygraph/examples/doxygen-1.8.4/src/membername.cpp" bodystart="49" bodyend="53"/>
      </memberdef>
      <memberdef kind="function" id="d4/d27/class_member_name_info_1a319495d696ac27bb43ee3e4b63d53c5a" prot="public" static="no" const="no" explicit="no" inline="yes" virt="non-virtual">
        <type></type>
        <definition>MemberNameInfo::~MemberNameInfo</definition>
        <argsstring>()</argsstring>
        <name>~MemberNameInfo</name>
        <briefdescription>
        </briefdescription>
        <detaileddescription>
        </detaileddescription>
        <inbodydescription>
        </inbodydescription>
        <location file="C:/Users/Mat/Projects/doxygraph/examples/doxygen-1.8.4/src/membername.h" line="75" bodyfile="C:/Users/Mat/Projects/doxygraph/examples/doxygen-1.8.4/src/membername.h" bodystart="75" bodyend="75"/>
      </memberdef>
      <memberdef kind="function" id="d4/d27/class_member_name_info_1a984c0638701866a9b4f6b0ef1509ed34" prot="public" static="no" const="yes" explicit="no" inline="yes" virt="non-virtual">
        <type>const char *</type>
        <definition>const char* MemberNameInfo::memberName</definition>
        <argsstring>() const </argsstring>
        <name>memberName</name>
        <briefdescription>
        </briefdescription>
        <detaileddescription>
        </detaileddescription>
        <inbodydescription>
        </inbodydescription>
        <location file="C:/Users/Mat/Projects/doxygraph/examples/doxygen-1.8.4/src/membername.h" line="76" bodyfile="C:/Users/Mat/Projects/doxygraph/examples/doxygen-1.8.4/src/membername.h" bodystart="76" bodyend="76"/>
      </memberdef>
      <memberdef kind="function" id="d4/d27/class_member_name_info_1aceccb6c0f55d099db0bd6bc86c8383ed" prot="public" static="no" const="no" explicit="no" inline="no" virt="non-virtual">
        <type>int</type>
        <definition>int MemberNameInfo::compareItems</definition>
        <argsstring>(QCollection::Item item1, QCollection::Item item2)</argsstring>
        <name>compareItems</name>
        <param>
          <type>QCollection::Item</type>
          <declname>item1</declname>
        </param>
        <param>
          <type>QCollection::Item</type>
          <declname>item2</declname>
        </param>
        <briefdescription>
        </briefdescription>
        <detaileddescription>
        </detaileddescription>
        <inbodydescription>
        </inbodydescription>
        <location file="C:/Users/Mat/Projects/doxygraph/examples/doxygen-1.8.4/src/membername.h" line="77" bodyfile="C:/Users/Mat/Projects/doxygraph/examples/doxygen-1.8.4/src/membername.cpp" bodystart="55" bodyend="69"/>
      </memberdef>
      </sectiondef>
    <briefdescription>
<para>Class representing all <ref refid="d3/d49/struct_member_info" kindref="compound">MemberInfo</ref> objects with the same name. </para>    </briefdescription>
    <detaileddescription>
    </detaileddescription>
    <inheritancegraph>
      <node id="3775">
        <label>QList&lt; MemberInfo &gt;</label>
        <link refid="db/daa/class_q_list"/>
      </node>
      <node id="3774">
        <label>MemberNameInfo</label>
        <link refid="d4/d27/class_member_name_info"/>
        <childnode refid="3775" relation="public-inheritance">
        </childnode>
      </node>
    </inheritancegraph>
    <collaborationgraph>
      <node id="3777">
        <label>QList&lt; MemberInfo &gt;</label>
        <link refid="db/daa/class_q_list"/>
      </node>
      <node id="3776">
        <label>MemberNameInfo</label>
        <link refid="d4/d27/class_member_name_info"/>
        <childnode refid="3777" relation="public-inheritance">
        </childnode>
      </node>
    </collaborationgraph>
    <location file="C:/Users/Mat/Projects/doxygraph/examples/doxygen-1.8.4/src/membername.h" line="72" bodyfile="C:/Users/Mat/Projects/doxygraph/examples/doxygen-1.8.4/src/membername.h" bodystart="71" bodyend="80"/>
    <listofallmembers>
      <member refid="d4/d27/class_member_name_info_1aceccb6c0f55d099db0bd6bc86c8383ed" prot="public" virt="non-virtual"><scope>MemberNameInfo</scope><name>compareItems</name></member>
      <member refid="d4/d27/class_member_name_info_1a984c0638701866a9b4f6b0ef1509ed34" prot="public" virt="non-virtual"><scope>MemberNameInfo</scope><name>memberName</name></member>
      <member refid="d4/d27/class_member_name_info_1a2594cc6542ad85f88eac5f43d8c99de0" prot="public" virt="non-virtual"><scope>MemberNameInfo</scope><name>MemberNameInfo</name></member>
      <member refid="d4/d27/class_member_name_info_1ad95c8d6bdce7d863427543421e354e1d" prot="private" virt="non-virtual"><scope>MemberNameInfo</scope><name>name</name></member>
      <member refid="d4/d27/class_member_name_info_1a319495d696ac27bb43ee3e4b63d53c5a" prot="public" virt="non-virtual"><scope>MemberNameInfo</scope><name>~MemberNameInfo</name></member>
    </listofallmembers>
  </compounddef>
</doxygen>
