<?xml version='1.0' encoding='UTF-8' standalone='no'?>
<doxygen xmlns:xsi="http://www.w3.org/2001/XMLSchema-instance" xsi:noNamespaceSchemaLocation="compound.xsd" version="1.8.2">
  <compounddef id="d6/d70/class_member_name_info_s_dict" kind="class" prot="public">
    <compoundname>MemberNameInfoSDict</compoundname>
    <basecompoundref refid="d1/d50/class_s_dict" prot="public" virt="non-virtual">SDict&lt; MemberNameInfo &gt;</basecompoundref>
    <includes refid="d7/dfc/membername_8h" local="no">membername.h</includes>
      <sectiondef kind="public-func">
      <memberdef kind="function" id="d6/d70/class_member_name_info_s_dict_1a04f5ce83ebb17c4785b8e90ce05c5f57" prot="public" static="no" const="no" explicit="no" inline="yes" virt="non-virtual">
        <type></type>
        <definition>MemberNameInfoSDict::MemberNameInfoSDict</definition>
        <argsstring>(int size)</argsstring>
        <name>MemberNameInfoSDict</name>
        <param>
          <type>int</type>
          <declname>size</declname>
        </param>
        <briefdescription>
        </briefdescription>
        <detaileddescription>
        </detaileddescription>
        <inbodydescription>
        </inbodydescription>
        <location file="C:/Users/Mat/Projects/doxygraph/examples/doxygen-1.8.4/src/membername.h" line="94" bodyfile="C:/Users/Mat/Projects/doxygraph/examples/doxygen-1.8.4/src/membername.h" bodystart="94" bodyend="94"/>
      </memberdef>
      <memberdef kind="function" id="d6/d70/class_member_name_info_s_dict_1a9298e4ddf58e1e143441315c0c55f3a3" prot="public" static="no" const="no" explicit="no" inline="yes" virt="non-virtual">
        <type></type>
        <definition>MemberNameInfoSDict::~MemberNameInfoSDict</definition>
        <argsstring>()</argsstring>
        <name>~MemberNameInfoSDict</name>
        <briefdescription>
        </briefdescription>
        <detaileddescription>
        </detaileddescription>
        <inbodydescription>
        </inbodydescription>
        <location file="C:/Users/Mat/Projects/doxygraph/examples/doxygen-1.8.4/src/membername.h" line="95" bodyfile="C:/Users/Mat/Projects/doxygraph/examples/doxygen-1.8.4/src/membername.h" bodystart="95" bodyend="95"/>
      </memberdef>
      <memberdef kind="function" id="d6/d70/class_member_name_info_s_dict_1a2b439acf21f8ac169b20acc8fc3d2bc8" prot="public" static="no" const="no" explicit="no" inline="yes" virt="virtual">
        <type>int</type>
        <definition>int MemberNameInfoSDict::compareItems</definition>
        <argsstring>(QCollection::Item item1, QCollection::Item item2)</argsstring>
        <name>compareItems</name>
        <reimplements refid="d1/d50/class_s_dict_1a99cd2f7d27403649ab8b7e60d06f487e">compareItems</reimplements>
        <param>
          <type>QCollection::Item</type>
          <declname>item1</declname>
        </param>
        <param>
          <type>QCollection::Item</type>
          <declname>item2</declname>
        </param>
        <briefdescription>
        </briefdescription>
        <detaileddescription>
<para>Function that is used to compare two items when sorting. Overload this to properly sort items. <simplesect kind="see"><para><ref refid="d1/d50/class_s_dict_1a25a85aeba441b4c855ea7be25a4741b5" kindref="member">inSort()</ref> </para></simplesect>
</para>        </detaileddescription>
        <inbodydescription>
        </inbodydescription>
        <location file="C:/Users/Mat/Projects/doxygraph/examples/doxygen-1.8.4/src/membername.h" line="97" bodyfile="C:/Users/Mat/Projects/doxygraph/examples/doxygen-1.8.4/src/membername.h" bodystart="96" bodyend="101"/>
      </memberdef>
      </sectiondef>
    <briefdescription>
<para>Sorted dictionary of <ref refid="d4/d27/class_member_name_info" kindref="compound">MemberNameInfo</ref> objects. </para>    </briefdescription>
    <detaileddescription>
    </detaileddescription>
    <inheritancegraph>
      <node id="3784">
        <label>SDict&lt; T &gt;</label>
        <link refid="d1/d50/class_s_dict"/>
      </node>
      <node id="3783">
        <label>SDict&lt; MemberNameInfo &gt;</label>
        <link refid="d1/d50/class_s_dict"/>
        <childnode refid="3784" relation="template-instance">
          <edgelabel>&lt; MemberNameInfo &gt;</edgelabel>
        </childnode>
      </node>
      <node id="3782">
        <label>MemberNameInfoSDict</label>
        <link refid="d6/d70/class_member_name_info_s_dict"/>
        <childnode refid="3783" relation="public-inheritance">
        </childnode>
      </node>
    </inheritancegraph>
    <collaborationgraph>
      <node id="3787">
        <label>SDict&lt; T &gt;</label>
        <link refid="d1/d50/class_s_dict"/>
      </node>
      <node id="3786">
        <label>SDict&lt; MemberNameInfo &gt;</label>
        <link refid="d1/d50/class_s_dict"/>
        <childnode refid="3787" relation="template-instance">
          <edgelabel>&lt; MemberNameInfo &gt;</edgelabel>
        </childnode>
      </node>
      <node id="3785">
        <label>MemberNameInfoSDict</label>
        <link refid="d6/d70/class_member_name_info_s_dict"/>
        <childnode refid="3786" relation="public-inheritance">
        </childnode>
      </node>
    </collaborationgraph>
    <location file="C:/Users/Mat/Projects/doxygraph/examples/doxygen-1.8.4/src/membername.h" line="92" bodyfile="C:/Users/Mat/Projects/doxygraph/examples/doxygen-1.8.4/src/membername.h" bodystart="91" bodyend="102"/>
    <listofallmembers>
      <member refid="d1/d50/class_s_dict_1a121842d9858421076b81ed663034d62c" prot="public" virt="non-virtual"><scope>MemberNameInfoSDict</scope><name>append</name></member>
      <member refid="d1/d50/class_s_dict_1ab993899004fc3cfc8f00f131e0b6a29d" prot="public" virt="non-virtual"><scope>MemberNameInfoSDict</scope><name>at</name></member>
      <member refid="d1/d50/class_s_dict_1afd6bec6aaf77e2943f42cec1208bc46d" prot="public" virt="non-virtual"><scope>MemberNameInfoSDict</scope><name>clear</name></member>
      <member refid="d6/d70/class_member_name_info_s_dict_1a2b439acf21f8ac169b20acc8fc3d2bc8" prot="public" virt="virtual"><scope>MemberNameInfoSDict</scope><name>compareItems</name></member>
      <member refid="d1/d50/class_s_dict_1a9e95eebac3e87938cc5bc1f79d078c8a" prot="public" virt="non-virtual"><scope>MemberNameInfoSDict</scope><name>count</name></member>
      <member refid="d1/d50/class_s_dict_1aec67482d780157680d46f48a7ed5e7bd" prot="public" virt="non-virtual"><scope>MemberNameInfoSDict</scope><name>find</name></member>
      <member refid="d1/d50/class_s_dict_1a357a25974d906de30d2e34de08b35a4e" prot="public" virt="non-virtual"><scope>MemberNameInfoSDict</scope><name>find</name></member>
      <member refid="d1/d50/class_s_dict_1abc60b1cc06b0643753906387b7cccfe2" prot="public" virt="non-virtual"><scope>MemberNameInfoSDict</scope><name>find</name></member>
      <member refid="d1/d50/class_s_dict_1a6a05b33d4c87325d4f2826921910c89d" prot="public" virt="non-virtual"><scope>MemberNameInfoSDict</scope><name>findAt</name></member>
      <member refid="d1/d50/class_s_dict_1a7f0a7e316d26fccdf7d0d351837a6614" prot="public" virt="non-virtual"><scope>MemberNameInfoSDict</scope><name>insertAt</name></member>
      <member refid="d1/d50/class_s_dict_1a25a85aeba441b4c855ea7be25a4741b5" prot="public" virt="non-virtual"><scope>MemberNameInfoSDict</scope><name>inSort</name></member>
      <member refid="d6/d70/class_member_name_info_s_dict_1a04f5ce83ebb17c4785b8e90ce05c5f57" prot="public" virt="non-virtual"><scope>MemberNameInfoSDict</scope><name>MemberNameInfoSDict</name></member>
      <member refid="d1/d50/class_s_dict_1a1858d5cdf864c4fa6476137ace8bb7f5" prot="public" virt="non-virtual"><scope>MemberNameInfoSDict</scope><name>operator[]</name></member>
      <member refid="d1/d50/class_s_dict_1adcfbdc244e81360522457c8a84069f2b" prot="public" virt="non-virtual"><scope>MemberNameInfoSDict</scope><name>prepend</name></member>
      <member refid="d1/d50/class_s_dict_1ad647b04c9dff33ac0182c4d83b025c77" prot="public" virt="non-virtual"><scope>MemberNameInfoSDict</scope><name>remove</name></member>
      <member refid="d1/d50/class_s_dict_1a42ccd9c8ed71acbe2771ac65df817323" prot="public" virt="non-virtual"><scope>MemberNameInfoSDict</scope><name>SDict</name></member>
      <member refid="d1/d50/class_s_dict_1ac5ed340a2e6b4b4fb8398254cd35ef55" prot="public" virt="non-virtual"><scope>MemberNameInfoSDict</scope><name>setAutoDelete</name></member>
      <member refid="d1/d50/class_s_dict_1ab6da88a61ee284dfbd07830fcd63aed3" prot="public" virt="non-virtual"><scope>MemberNameInfoSDict</scope><name>sort</name></member>
      <member refid="d1/d50/class_s_dict_1ac5aa2cf317cef817cf585efdab3663d7" prot="public" virt="non-virtual"><scope>MemberNameInfoSDict</scope><name>take</name></member>
      <member refid="d6/d70/class_member_name_info_s_dict_1a9298e4ddf58e1e143441315c0c55f3a3" prot="public" virt="non-virtual"><scope>MemberNameInfoSDict</scope><name>~MemberNameInfoSDict</name></member>
      <member refid="d1/d50/class_s_dict_1a49594f6c587e0915be3861538a3c96cb" prot="public" virt="virtual"><scope>MemberNameInfoSDict</scope><name>~SDict</name></member>
    </listofallmembers>
  </compounddef>
</doxygen>
