<?xml version='1.0' encoding='UTF-8' standalone='no'?>
<doxygen xmlns:xsi="http://www.w3.org/2001/XMLSchema-instance" xsi:noNamespaceSchemaLocation="compound.xsd" version="1.8.2">
  <compounddef id="d8/def/struct_lang2_ext_map" kind="struct" prot="public">
    <compoundname>Lang2ExtMap</compoundname>
      <sectiondef kind="public-attrib">
      <memberdef kind="variable" id="d8/def/struct_lang2_ext_map_1a23deef92fab4abdcea825c50d592c50d" prot="public" static="no" mutable="no">
        <type>const char *</type>
        <definition>const char* Lang2ExtMap::langName</definition>
        <argsstring></argsstring>
        <name>langName</name>
        <briefdescription>
        </briefdescription>
        <detaileddescription>
        </detaileddescription>
        <inbodydescription>
        </inbodydescription>
        <location file="C:/Users/Mat/Projects/doxygraph/examples/doxygen-1.8.4/src/util.cpp" line="6597" bodyfile="C:/Users/Mat/Projects/doxygraph/examples/doxygen-1.8.4/src/util.cpp" bodystart="6597" bodyend="-1"/>
      </memberdef>
      <memberdef kind="variable" id="d8/def/struct_lang2_ext_map_1a6029d41f61cc05b3a0baf6ab9aa8bbd2" prot="public" static="no" mutable="no">
        <type>const char *</type>
        <definition>const char* Lang2ExtMap::parserName</definition>
        <argsstring></argsstring>
        <name>parserName</name>
        <briefdescription>
        </briefdescription>
        <detaileddescription>
        </detaileddescription>
        <inbodydescription>
        </inbodydescription>
        <location file="C:/Users/Mat/Projects/doxygraph/examples/doxygen-1.8.4/src/util.cpp" line="6598" bodyfile="C:/Users/Mat/Projects/doxygraph/examples/doxygen-1.8.4/src/util.cpp" bodystart="6598" bodyend="-1"/>
      </memberdef>
      <memberdef kind="variable" id="d8/def/struct_lang2_ext_map_1a1ee8a33e58696302310f81f850d00283" prot="public" static="no" mutable="no">
        <type><ref refid="d9/d49/types_8h_1a9974623ce72fc23df5d64426b9178bf2" kindref="member">SrcLangExt</ref></type>
        <definition>SrcLangExt Lang2ExtMap::parserId</definition>
        <argsstring></argsstring>
        <name>parserId</name>
        <briefdescription>
        </briefdescription>
        <detaileddescription>
        </detaileddescription>
        <inbodydescription>
        </inbodydescription>
        <location file="C:/Users/Mat/Projects/doxygraph/examples/doxygen-1.8.4/src/util.cpp" line="6599" bodyfile="C:/Users/Mat/Projects/doxygraph/examples/doxygen-1.8.4/src/util.cpp" bodystart="6599" bodyend="-1"/>
      </memberdef>
      </sectiondef>
    <briefdescription>
    </briefdescription>
    <detaileddescription>
    </detaileddescription>
    <location file="C:/Users/Mat/Projects/doxygraph/examples/doxygen-1.8.4/src/util.cpp" line="6596" bodyfile="C:/Users/Mat/Projects/doxygraph/examples/doxygen-1.8.4/src/util.cpp" bodystart="6595" bodyend="6600"/>
    <listofallmembers>
      <member refid="d8/def/struct_lang2_ext_map_1a23deef92fab4abdcea825c50d592c50d" prot="public" virt="non-virtual"><scope>Lang2ExtMap</scope><name>langName</name></member>
      <member refid="d8/def/struct_lang2_ext_map_1a1ee8a33e58696302310f81f850d00283" prot="public" virt="non-virtual"><scope>Lang2ExtMap</scope><name>parserId</name></member>
      <member refid="d8/def/struct_lang2_ext_map_1a6029d41f61cc05b3a0baf6ab9aa8bbd2" prot="public" virt="non-virtual"><scope>Lang2ExtMap</scope><name>parserName</name></member>
    </listofallmembers>
  </compounddef>
</doxygen>
