<?xml version='1.0' encoding='UTF-8' standalone='no'?>
<doxygen xmlns:xsi="http://www.w3.org/2001/XMLSchema-instance" xsi:noNamespaceSchemaLocation="compound.xsd" version="1.8.2">
  <compounddef id="d5/dc7/struct_s_t_l_info" kind="struct" prot="public">
    <compoundname>STLInfo</compoundname>
      <sectiondef kind="public-attrib">
      <memberdef kind="variable" id="d5/dc7/struct_s_t_l_info_1af930326a1ad3b1eeb837db81e40d6f65" prot="public" static="no" mutable="no">
        <type>const char *</type>
        <definition>const char* STLInfo::className</definition>
        <argsstring></argsstring>
        <name>className</name>
        <briefdescription>
        </briefdescription>
        <detaileddescription>
        </detaileddescription>
        <inbodydescription>
        </inbodydescription>
        <location file="C:/Users/Mat/Projects/doxygraph/examples/doxygen-1.8.4/src/doxygen.cpp" line="318" bodyfile="C:/Users/Mat/Projects/doxygraph/examples/doxygen-1.8.4/src/doxygen.cpp" bodystart="318" bodyend="-1"/>
      </memberdef>
      <memberdef kind="variable" id="d5/dc7/struct_s_t_l_info_1a9a76f5f0f200d1e6b8ed433fbf1646ac" prot="public" static="no" mutable="no">
        <type>const char *</type>
        <definition>const char* STLInfo::baseClass1</definition>
        <argsstring></argsstring>
        <name>baseClass1</name>
        <briefdescription>
        </briefdescription>
        <detaileddescription>
        </detaileddescription>
        <inbodydescription>
        </inbodydescription>
        <location file="C:/Users/Mat/Projects/doxygraph/examples/doxygen-1.8.4/src/doxygen.cpp" line="319" bodyfile="C:/Users/Mat/Projects/doxygraph/examples/doxygen-1.8.4/src/doxygen.cpp" bodystart="319" bodyend="-1"/>
      </memberdef>
      <memberdef kind="variable" id="d5/dc7/struct_s_t_l_info_1a29d4a02505eaeb6cdaf416c4018c1c94" prot="public" static="no" mutable="no">
        <type>const char *</type>
        <definition>const char* STLInfo::baseClass2</definition>
        <argsstring></argsstring>
        <name>baseClass2</name>
        <briefdescription>
        </briefdescription>
        <detaileddescription>
        </detaileddescription>
        <inbodydescription>
        </inbodydescription>
        <location file="C:/Users/Mat/Projects/doxygraph/examples/doxygen-1.8.4/src/doxygen.cpp" line="320" bodyfile="C:/Users/Mat/Projects/doxygraph/examples/doxygen-1.8.4/src/doxygen.cpp" bodystart="320" bodyend="-1"/>
      </memberdef>
      <memberdef kind="variable" id="d5/dc7/struct_s_t_l_info_1a8f988e4df5b95c1083c0c45f2abac17e" prot="public" static="no" mutable="no">
        <type>const char *</type>
        <definition>const char* STLInfo::templType1</definition>
        <argsstring></argsstring>
        <name>templType1</name>
        <briefdescription>
        </briefdescription>
        <detaileddescription>
        </detaileddescription>
        <inbodydescription>
        </inbodydescription>
        <location file="C:/Users/Mat/Projects/doxygraph/examples/doxygen-1.8.4/src/doxygen.cpp" line="321" bodyfile="C:/Users/Mat/Projects/doxygraph/examples/doxygen-1.8.4/src/doxygen.cpp" bodystart="321" bodyend="-1"/>
      </memberdef>
      <memberdef kind="variable" id="d5/dc7/struct_s_t_l_info_1acdba5b83afb48d4d5419561d6332a23e" prot="public" static="no" mutable="no">
        <type>const char *</type>
        <definition>const char* STLInfo::templName1</definition>
        <argsstring></argsstring>
        <name>templName1</name>
        <briefdescription>
        </briefdescription>
        <detaileddescription>
        </detaileddescription>
        <inbodydescription>
        </inbodydescription>
        <location file="C:/Users/Mat/Projects/doxygraph/examples/doxygen-1.8.4/src/doxygen.cpp" line="322" bodyfile="C:/Users/Mat/Projects/doxygraph/examples/doxygen-1.8.4/src/doxygen.cpp" bodystart="322" bodyend="-1"/>
      </memberdef>
      <memberdef kind="variable" id="d5/dc7/struct_s_t_l_info_1a17ead4cbe08b8b7c09f32488b392b917" prot="public" static="no" mutable="no">
        <type>const char *</type>
        <definition>const char* STLInfo::templType2</definition>
        <argsstring></argsstring>
        <name>templType2</name>
        <briefdescription>
        </briefdescription>
        <detaileddescription>
        </detaileddescription>
        <inbodydescription>
        </inbodydescription>
        <location file="C:/Users/Mat/Projects/doxygraph/examples/doxygen-1.8.4/src/doxygen.cpp" line="323" bodyfile="C:/Users/Mat/Projects/doxygraph/examples/doxygen-1.8.4/src/doxygen.cpp" bodystart="323" bodyend="-1"/>
      </memberdef>
      <memberdef kind="variable" id="d5/dc7/struct_s_t_l_info_1a17fe8a04bb515e521c2f1f9eea74b311" prot="public" static="no" mutable="no">
        <type>const char *</type>
        <definition>const char* STLInfo::templName2</definition>
        <argsstring></argsstring>
        <name>templName2</name>
        <briefdescription>
        </briefdescription>
        <detaileddescription>
        </detaileddescription>
        <inbodydescription>
        </inbodydescription>
        <location file="C:/Users/Mat/Projects/doxygraph/examples/doxygen-1.8.4/src/doxygen.cpp" line="324" bodyfile="C:/Users/Mat/Projects/doxygraph/examples/doxygen-1.8.4/src/doxygen.cpp" bodystart="324" bodyend="-1"/>
      </memberdef>
      <memberdef kind="variable" id="d5/dc7/struct_s_t_l_info_1adf7de0dd37358cb2f21c913adab4e2bc" prot="public" static="no" mutable="no">
        <type>bool</type>
        <definition>bool STLInfo::virtualInheritance</definition>
        <argsstring></argsstring>
        <name>virtualInheritance</name>
        <briefdescription>
        </briefdescription>
        <detaileddescription>
        </detaileddescription>
        <inbodydescription>
        </inbodydescription>
        <location file="C:/Users/Mat/Projects/doxygraph/examples/doxygen-1.8.4/src/doxygen.cpp" line="325" bodyfile="C:/Users/Mat/Projects/doxygraph/examples/doxygen-1.8.4/src/doxygen.cpp" bodystart="325" bodyend="-1"/>
      </memberdef>
      <memberdef kind="variable" id="d5/dc7/struct_s_t_l_info_1aa6a51c8426777163389453b971b338eb" prot="public" static="no" mutable="no">
        <type>bool</type>
        <definition>bool STLInfo::iterators</definition>
        <argsstring></argsstring>
        <name>iterators</name>
        <briefdescription>
        </briefdescription>
        <detaileddescription>
        </detaileddescription>
        <inbodydescription>
        </inbodydescription>
        <location file="C:/Users/Mat/Projects/doxygraph/examples/doxygen-1.8.4/src/doxygen.cpp" line="326" bodyfile="C:/Users/Mat/Projects/doxygraph/examples/doxygen-1.8.4/src/doxygen.cpp" bodystart="326" bodyend="-1"/>
      </memberdef>
      </sectiondef>
    <briefdescription>
<para>A struct contained the data for an STL class. </para>    </briefdescription>
    <detaileddescription>
    </detaileddescription>
    <location file="C:/Users/Mat/Projects/doxygraph/examples/doxygen-1.8.4/src/doxygen.cpp" line="317" bodyfile="C:/Users/Mat/Projects/doxygraph/examples/doxygen-1.8.4/src/doxygen.cpp" bodystart="316" bodyend="327"/>
    <listofallmembers>
      <member refid="d5/dc7/struct_s_t_l_info_1a9a76f5f0f200d1e6b8ed433fbf1646ac" prot="public" virt="non-virtual"><scope>STLInfo</scope><name>baseClass1</name></member>
      <member refid="d5/dc7/struct_s_t_l_info_1a29d4a02505eaeb6cdaf416c4018c1c94" prot="public" virt="non-virtual"><scope>STLInfo</scope><name>baseClass2</name></member>
      <member refid="d5/dc7/struct_s_t_l_info_1af930326a1ad3b1eeb837db81e40d6f65" prot="public" virt="non-virtual"><scope>STLInfo</scope><name>className</name></member>
      <member refid="d5/dc7/struct_s_t_l_info_1aa6a51c8426777163389453b971b338eb" prot="public" virt="non-virtual"><scope>STLInfo</scope><name>iterators</name></member>
      <member refid="d5/dc7/struct_s_t_l_info_1acdba5b83afb48d4d5419561d6332a23e" prot="public" virt="non-virtual"><scope>STLInfo</scope><name>templName1</name></member>
      <member refid="d5/dc7/struct_s_t_l_info_1a17fe8a04bb515e521c2f1f9eea74b311" prot="public" virt="non-virtual"><scope>STLInfo</scope><name>templName2</name></member>
      <member refid="d5/dc7/struct_s_t_l_info_1a8f988e4df5b95c1083c0c45f2abac17e" prot="public" virt="non-virtual"><scope>STLInfo</scope><name>templType1</name></member>
      <member refid="d5/dc7/struct_s_t_l_info_1a17ead4cbe08b8b7c09f32488b392b917" prot="public" virt="non-virtual"><scope>STLInfo</scope><name>templType2</name></member>
      <member refid="d5/dc7/struct_s_t_l_info_1adf7de0dd37358cb2f21c913adab4e2bc" prot="public" virt="non-virtual"><scope>STLInfo</scope><name>virtualInheritance</name></member>
    </listofallmembers>
  </compounddef>
</doxygen>
