<?xml version='1.0' encoding='UTF-8' standalone='no'?>
<doxygen xmlns:xsi="http://www.w3.org/2001/XMLSchema-instance" xsi:noNamespaceSchemaLocation="compound.xsd" version="1.8.2">
  <compounddef id="d4/d66/struct_nmhl_info" kind="struct" prot="public">
    <compoundname>NmhlInfo</compoundname>
      <sectiondef kind="public-attrib">
      <memberdef kind="variable" id="d4/d66/struct_nmhl_info_1a065740eda2e359636dff74500e473095" prot="public" static="no" mutable="no">
        <type>const char *</type>
        <definition>const char* NmhlInfo::fname</definition>
        <argsstring></argsstring>
        <name>fname</name>
        <briefdescription>
        </briefdescription>
        <detaileddescription>
        </detaileddescription>
        <inbodydescription>
        </inbodydescription>
        <location file="C:/Users/Mat/Projects/doxygraph/examples/doxygen-1.8.4/src/index.cpp" line="2859" bodyfile="C:/Users/Mat/Projects/doxygraph/examples/doxygen-1.8.4/src/index.cpp" bodystart="2859" bodyend="-1"/>
      </memberdef>
      <memberdef kind="variable" id="d4/d66/struct_nmhl_info_1a4be729683c2b5b82be22d86c2c72739d" prot="public" static="no" mutable="no">
        <type>QCString</type>
        <definition>QCString NmhlInfo::title</definition>
        <argsstring></argsstring>
        <name>title</name>
        <briefdescription>
        </briefdescription>
        <detaileddescription>
        </detaileddescription>
        <inbodydescription>
        </inbodydescription>
        <location file="C:/Users/Mat/Projects/doxygraph/examples/doxygen-1.8.4/src/index.cpp" line="2860" bodyfile="C:/Users/Mat/Projects/doxygraph/examples/doxygen-1.8.4/src/index.cpp" bodystart="2860" bodyend="-1"/>
      </memberdef>
      </sectiondef>
      <sectiondef kind="public-func">
      <memberdef kind="function" id="d4/d66/struct_nmhl_info_1a0cc5c99121c24220381089264ad71f04" prot="public" static="no" const="no" explicit="no" inline="yes" virt="non-virtual">
        <type></type>
        <definition>NmhlInfo::NmhlInfo</definition>
        <argsstring>(const char *fn, const char *t)</argsstring>
        <name>NmhlInfo</name>
        <param>
          <type>const char *</type>
          <declname>fn</declname>
        </param>
        <param>
          <type>const char *</type>
          <declname>t</declname>
        </param>
        <briefdescription>
        </briefdescription>
        <detaileddescription>
        </detaileddescription>
        <inbodydescription>
        </inbodydescription>
        <location file="C:/Users/Mat/Projects/doxygraph/examples/doxygen-1.8.4/src/index.cpp" line="2858" bodyfile="C:/Users/Mat/Projects/doxygraph/examples/doxygen-1.8.4/src/index.cpp" bodystart="2858" bodyend="2858"/>
      </memberdef>
      </sectiondef>
    <briefdescription>
<para>Helper class representing a namespace member in the navigation menu. </para>    </briefdescription>
    <detaileddescription>
    </detaileddescription>
    <location file="C:/Users/Mat/Projects/doxygraph/examples/doxygen-1.8.4/src/index.cpp" line="2857" bodyfile="C:/Users/Mat/Projects/doxygraph/examples/doxygen-1.8.4/src/index.cpp" bodystart="2856" bodyend="2861"/>
    <listofallmembers>
      <member refid="d4/d66/struct_nmhl_info_1a065740eda2e359636dff74500e473095" prot="public" virt="non-virtual"><scope>NmhlInfo</scope><name>fname</name></member>
      <member refid="d4/d66/struct_nmhl_info_1a0cc5c99121c24220381089264ad71f04" prot="public" virt="non-virtual"><scope>NmhlInfo</scope><name>NmhlInfo</name></member>
      <member refid="d4/d66/struct_nmhl_info_1a4be729683c2b5b82be22d86c2c72739d" prot="public" virt="non-virtual"><scope>NmhlInfo</scope><name>title</name></member>
    </listofallmembers>
  </compounddef>
</doxygen>
