<?xml version='1.0' encoding='UTF-8' standalone='no'?>
<doxygen xmlns:xsi="http://www.w3.org/2001/XMLSchema-instance" xsi:noNamespaceSchemaLocation="compound.xsd" version="1.8.2">
  <compounddef id="d7/d1e/struct_lode_p_n_g___info_png" kind="struct" prot="public">
    <compoundname>LodePNG_InfoPng</compoundname>
      <sectiondef kind="public-attrib">
      <memberdef kind="variable" id="d7/d1e/struct_lode_p_n_g___info_png_1a74be99b177b28f3178c02139c4b7f149" prot="public" static="no" mutable="no">
        <type>unsigned</type>
        <definition>unsigned LodePNG_InfoPng::width</definition>
        <argsstring></argsstring>
        <name>width</name>
        <briefdescription>
        </briefdescription>
        <detaileddescription>
        </detaileddescription>
        <inbodydescription>
        </inbodydescription>
        <location file="C:/Users/Mat/Projects/doxygraph/examples/doxygen-1.8.4/src/lodepng.h" line="220" bodyfile="C:/Users/Mat/Projects/doxygraph/examples/doxygen-1.8.4/src/lodepng.h" bodystart="220" bodyend="-1"/>
      </memberdef>
      <memberdef kind="variable" id="d7/d1e/struct_lode_p_n_g___info_png_1a4b87ec9649e7177af7a5f5e08e5bc491" prot="public" static="no" mutable="no">
        <type>unsigned</type>
        <definition>unsigned LodePNG_InfoPng::height</definition>
        <argsstring></argsstring>
        <name>height</name>
        <briefdescription>
        </briefdescription>
        <detaileddescription>
        </detaileddescription>
        <inbodydescription>
        </inbodydescription>
        <location file="C:/Users/Mat/Projects/doxygraph/examples/doxygen-1.8.4/src/lodepng.h" line="221" bodyfile="C:/Users/Mat/Projects/doxygraph/examples/doxygen-1.8.4/src/lodepng.h" bodystart="221" bodyend="-1"/>
      </memberdef>
      <memberdef kind="variable" id="d7/d1e/struct_lode_p_n_g___info_png_1a177065a8eeb66398a89ed93e7c2b2f50" prot="public" static="no" mutable="no">
        <type>unsigned</type>
        <definition>unsigned LodePNG_InfoPng::compressionMethod</definition>
        <argsstring></argsstring>
        <name>compressionMethod</name>
        <briefdescription>
        </briefdescription>
        <detaileddescription>
        </detaileddescription>
        <inbodydescription>
        </inbodydescription>
        <location file="C:/Users/Mat/Projects/doxygraph/examples/doxygen-1.8.4/src/lodepng.h" line="222" bodyfile="C:/Users/Mat/Projects/doxygraph/examples/doxygen-1.8.4/src/lodepng.h" bodystart="222" bodyend="-1"/>
      </memberdef>
      <memberdef kind="variable" id="d7/d1e/struct_lode_p_n_g___info_png_1a101ffbacd7026dad4ab062e984cecf17" prot="public" static="no" mutable="no">
        <type>unsigned</type>
        <definition>unsigned LodePNG_InfoPng::filterMethod</definition>
        <argsstring></argsstring>
        <name>filterMethod</name>
        <briefdescription>
        </briefdescription>
        <detaileddescription>
        </detaileddescription>
        <inbodydescription>
        </inbodydescription>
        <location file="C:/Users/Mat/Projects/doxygraph/examples/doxygen-1.8.4/src/lodepng.h" line="223" bodyfile="C:/Users/Mat/Projects/doxygraph/examples/doxygen-1.8.4/src/lodepng.h" bodystart="223" bodyend="-1"/>
      </memberdef>
      <memberdef kind="variable" id="d7/d1e/struct_lode_p_n_g___info_png_1ad261cbe064eb69a92638e880d99347ca" prot="public" static="no" mutable="no">
        <type>unsigned</type>
        <definition>unsigned LodePNG_InfoPng::interlaceMethod</definition>
        <argsstring></argsstring>
        <name>interlaceMethod</name>
        <briefdescription>
        </briefdescription>
        <detaileddescription>
        </detaileddescription>
        <inbodydescription>
        </inbodydescription>
        <location file="C:/Users/Mat/Projects/doxygraph/examples/doxygen-1.8.4/src/lodepng.h" line="224" bodyfile="C:/Users/Mat/Projects/doxygraph/examples/doxygen-1.8.4/src/lodepng.h" bodystart="224" bodyend="-1"/>
      </memberdef>
      <memberdef kind="variable" id="d7/d1e/struct_lode_p_n_g___info_png_1acce58518f72f42ba94db4c1cfd69336b" prot="public" static="no" mutable="no">
        <type><ref refid="d5/d0f/struct_lode_p_n_g___info_color" kindref="compound">LodePNG_InfoColor</ref></type>
        <definition>LodePNG_InfoColor LodePNG_InfoPng::color</definition>
        <argsstring></argsstring>
        <name>color</name>
        <briefdescription>
        </briefdescription>
        <detaileddescription>
        </detaileddescription>
        <inbodydescription>
        </inbodydescription>
        <location file="C:/Users/Mat/Projects/doxygraph/examples/doxygen-1.8.4/src/lodepng.h" line="225" bodyfile="C:/Users/Mat/Projects/doxygraph/examples/doxygen-1.8.4/src/lodepng.h" bodystart="225" bodyend="-1"/>
      </memberdef>
      </sectiondef>
    <briefdescription>
    </briefdescription>
    <detaileddescription>
    </detaileddescription>
    <collaborationgraph>
      <node id="3668">
        <label>LodePNG_InfoColor</label>
        <link refid="d5/d0f/struct_lode_p_n_g___info_color"/>
      </node>
      <node id="3667">
        <label>LodePNG_InfoPng</label>
        <link refid="d7/d1e/struct_lode_p_n_g___info_png"/>
        <childnode refid="3668" relation="usage">
          <edgelabel>color</edgelabel>
        </childnode>
      </node>
    </collaborationgraph>
    <location file="C:/Users/Mat/Projects/doxygraph/examples/doxygen-1.8.4/src/lodepng.h" line="218" bodyfile="C:/Users/Mat/Projects/doxygraph/examples/doxygen-1.8.4/src/lodepng.h" bodystart="217" bodyend="258"/>
    <listofallmembers>
      <member refid="d7/d1e/struct_lode_p_n_g___info_png_1acce58518f72f42ba94db4c1cfd69336b" prot="public" virt="non-virtual"><scope>LodePNG_InfoPng</scope><name>color</name></member>
      <member refid="d7/d1e/struct_lode_p_n_g___info_png_1a177065a8eeb66398a89ed93e7c2b2f50" prot="public" virt="non-virtual"><scope>LodePNG_InfoPng</scope><name>compressionMethod</name></member>
      <member refid="d7/d1e/struct_lode_p_n_g___info_png_1a101ffbacd7026dad4ab062e984cecf17" prot="public" virt="non-virtual"><scope>LodePNG_InfoPng</scope><name>filterMethod</name></member>
      <member refid="d7/d1e/struct_lode_p_n_g___info_png_1a4b87ec9649e7177af7a5f5e08e5bc491" prot="public" virt="non-virtual"><scope>LodePNG_InfoPng</scope><name>height</name></member>
      <member refid="d7/d1e/struct_lode_p_n_g___info_png_1ad261cbe064eb69a92638e880d99347ca" prot="public" virt="non-virtual"><scope>LodePNG_InfoPng</scope><name>interlaceMethod</name></member>
      <member refid="d7/d1e/struct_lode_p_n_g___info_png_1a74be99b177b28f3178c02139c4b7f149" prot="public" virt="non-virtual"><scope>LodePNG_InfoPng</scope><name>width</name></member>
    </listofallmembers>
  </compounddef>
</doxygen>
