<?xml version='1.0' encoding='UTF-8' standalone='no'?>
<doxygen xmlns:xsi="http://www.w3.org/2001/XMLSchema-instance" xsi:noNamespaceSchemaLocation="compound.xsd" version="1.8.2">
  <compounddef id="d1/dee/struct_argument" kind="struct" prot="public">
    <compoundname>Argument</compoundname>
    <includes refid="df/d9b/arguments_8h" local="no">arguments.h</includes>
      <sectiondef kind="public-attrib">
      <memberdef kind="variable" id="d1/dee/struct_argument_1aff930f2a4cb85b5616be79b81db2341f" prot="public" static="no" mutable="no">
        <type>QCString</type>
        <definition>QCString Argument::attrib</definition>
        <argsstring></argsstring>
        <name>attrib</name>
        <briefdescription>
        </briefdescription>
        <detaileddescription>
<para><ref refid="d1/dee/struct_argument" kindref="compound">Argument</ref>&apos;s attribute (IDL only) </para>        </detaileddescription>
        <inbodydescription>
        </inbodydescription>
        <location file="C:/Users/Mat/Projects/doxygraph/examples/doxygen-1.8.4/src/arguments.h" line="64" bodyfile="C:/Users/Mat/Projects/doxygraph/examples/doxygen-1.8.4/src/arguments.h" bodystart="64" bodyend="-1"/>
        <referencedby refid="d1/dee/struct_argument_1a87adc78036a4e04a05692bd13f90d91a" compoundref="df/d9b/arguments_8h" startline="33" endline="41">Argument</referencedby>
        <referencedby refid="d6/d98/class_vhdl_doc_gen_1aded31b275385b372f3bb0d4182dd990e" compoundref="de/dea/vhdldocgen_8cpp" startline="860" endline="914">VhdlDocGen::findFunction</referencedby>
        <referencedby refid="d1/dee/struct_argument_1aeb2dc827f4c8a7f597f714b3995c20e4" compoundref="df/d9b/arguments_8h" startline="43" endline="55">operator=</referencedby>
        <referencedby refid="d7/df8/class_argument_list_1afa737f8c786a4ea7e3e14d7baf063aea" compoundref="d4/dd4/arguments_8cpp" startline="39" endline="64">ArgumentList::unmarshal</referencedby>
        <referencedby refid="d6/d98/class_vhdl_doc_gen_1a8c40c856602e19b4fe421c9572d618b7" compoundref="de/dea/vhdldocgen_8cpp" startline="1616" endline="1698">VhdlDocGen::writeFuncProcDocu</referencedby>
        <referencedby refid="d6/d98/class_vhdl_doc_gen_1ab1d66321a2c118a9376b65aeb598a49c" compoundref="de/dea/vhdldocgen_8cpp" startline="1508" endline="1582">VhdlDocGen::writeFunctionProto</referencedby>
        <referencedby refid="d6/d98/class_vhdl_doc_gen_1a94da80078b9bba291b1c1af056eca6a4" compoundref="de/dea/vhdldocgen_8cpp" startline="1452" endline="1502">VhdlDocGen::writeProcedureProto</referencedby>
      </memberdef>
      <memberdef kind="variable" id="d1/dee/struct_argument_1a1ad588d2b3cc71fe3f74c8272b4ec32e" prot="public" static="no" mutable="no">
        <type>QCString</type>
        <definition>QCString Argument::type</definition>
        <argsstring></argsstring>
        <name>type</name>
        <briefdescription>
        </briefdescription>
        <detaileddescription>
<para><ref refid="d1/dee/struct_argument" kindref="compound">Argument</ref>&apos;s type </para>        </detaileddescription>
        <inbodydescription>
        </inbodydescription>
        <location file="C:/Users/Mat/Projects/doxygraph/examples/doxygen-1.8.4/src/arguments.h" line="65" bodyfile="C:/Users/Mat/Projects/doxygraph/examples/doxygen-1.8.4/src/arguments.h" bodystart="65" bodyend="-1"/>
        <referencedby refid="d1/dee/struct_argument_1a87adc78036a4e04a05692bd13f90d91a" compoundref="df/d9b/arguments_8h" startline="33" endline="41">Argument</referencedby>
        <referencedby refid="d6/d98/class_vhdl_doc_gen_1aded31b275385b372f3bb0d4182dd990e" compoundref="de/dea/vhdldocgen_8cpp" startline="860" endline="914">VhdlDocGen::findFunction</referencedby>
        <referencedby refid="d1/dee/struct_argument_1aeb2dc827f4c8a7f597f714b3995c20e4" compoundref="df/d9b/arguments_8h" startline="43" endline="55">operator=</referencedby>
        <referencedby refid="d8/d3c/util_8h_1a928208745b8d52e1ef9599e3bc5007cf" compoundref="df/d2d/util_8cpp" startline="5925" endline="6024">substituteTemplateArgumentsInString</referencedby>
        <referencedby refid="d7/df8/class_argument_list_1afa737f8c786a4ea7e3e14d7baf063aea" compoundref="d4/dd4/arguments_8cpp" startline="39" endline="64">ArgumentList::unmarshal</referencedby>
        <referencedby refid="d6/d98/class_vhdl_doc_gen_1a8c40c856602e19b4fe421c9572d618b7" compoundref="de/dea/vhdldocgen_8cpp" startline="1616" endline="1698">VhdlDocGen::writeFuncProcDocu</referencedby>
        <referencedby refid="d6/d98/class_vhdl_doc_gen_1ab1d66321a2c118a9376b65aeb598a49c" compoundref="de/dea/vhdldocgen_8cpp" startline="1508" endline="1582">VhdlDocGen::writeFunctionProto</referencedby>
        <referencedby refid="d6/d98/class_vhdl_doc_gen_1a94da80078b9bba291b1c1af056eca6a4" compoundref="de/dea/vhdldocgen_8cpp" startline="1452" endline="1502">VhdlDocGen::writeProcedureProto</referencedby>
      </memberdef>
      <memberdef kind="variable" id="d1/dee/struct_argument_1ac20b3c80630f773cf72f13c6e44b235a" prot="public" static="no" mutable="no">
        <type>QCString</type>
        <definition>QCString Argument::canType</definition>
        <argsstring></argsstring>
        <name>canType</name>
        <briefdescription>
        </briefdescription>
        <detaileddescription>
<para>Cached value of canonical type (after type resolution). Empty initially. </para>        </detaileddescription>
        <inbodydescription>
        </inbodydescription>
        <location file="C:/Users/Mat/Projects/doxygraph/examples/doxygen-1.8.4/src/arguments.h" line="66" bodyfile="C:/Users/Mat/Projects/doxygraph/examples/doxygen-1.8.4/src/arguments.h" bodystart="66" bodyend="-1"/>
        <referencedby refid="d7/df8/class_argument_list_1afa737f8c786a4ea7e3e14d7baf063aea" compoundref="d4/dd4/arguments_8cpp" startline="39" endline="64">ArgumentList::unmarshal</referencedby>
      </memberdef>
      <memberdef kind="variable" id="d1/dee/struct_argument_1a334668ce5d1f650c804e69f1bc941a3b" prot="public" static="no" mutable="no">
        <type>QCString</type>
        <definition>QCString Argument::name</definition>
        <argsstring></argsstring>
        <name>name</name>
        <briefdescription>
        </briefdescription>
        <detaileddescription>
<para><ref refid="d1/dee/struct_argument" kindref="compound">Argument</ref>&apos;s name (may be empty) </para>        </detaileddescription>
        <inbodydescription>
        </inbodydescription>
        <location file="C:/Users/Mat/Projects/doxygraph/examples/doxygen-1.8.4/src/arguments.h" line="67" bodyfile="C:/Users/Mat/Projects/doxygraph/examples/doxygen-1.8.4/src/arguments.h" bodystart="67" bodyend="-1"/>
        <referencedby refid="d1/dee/struct_argument_1a87adc78036a4e04a05692bd13f90d91a" compoundref="df/d9b/arguments_8h" startline="33" endline="41">Argument</referencedby>
        <referencedby refid="d1/dee/struct_argument_1a3f0aa4b21a40b3d36e6cf645504cf60b" compoundref="df/d9b/arguments_8h" startline="59" endline="62">hasDocumentation</referencedby>
        <referencedby refid="d1/dee/struct_argument_1aeb2dc827f4c8a7f597f714b3995c20e4" compoundref="df/d9b/arguments_8h" startline="43" endline="55">operator=</referencedby>
        <referencedby refid="d8/d3c/util_8h_1a928208745b8d52e1ef9599e3bc5007cf" compoundref="df/d2d/util_8cpp" startline="5925" endline="6024">substituteTemplateArgumentsInString</referencedby>
        <referencedby refid="d7/df8/class_argument_list_1afa737f8c786a4ea7e3e14d7baf063aea" compoundref="d4/dd4/arguments_8cpp" startline="39" endline="64">ArgumentList::unmarshal</referencedby>
        <referencedby refid="da/d09/class_member_def_1a480c55edf3118c9e657d3aa4eecf841b" compoundref="d0/d72/memberdef_8cpp" startline="2362" endline="2844">MemberDef::writeDocumentation</referencedby>
        <referencedby refid="d6/d98/class_vhdl_doc_gen_1a8c40c856602e19b4fe421c9572d618b7" compoundref="de/dea/vhdldocgen_8cpp" startline="1616" endline="1698">VhdlDocGen::writeFuncProcDocu</referencedby>
        <referencedby refid="d6/d98/class_vhdl_doc_gen_1ab1d66321a2c118a9376b65aeb598a49c" compoundref="de/dea/vhdldocgen_8cpp" startline="1508" endline="1582">VhdlDocGen::writeFunctionProto</referencedby>
        <referencedby refid="d6/d98/class_vhdl_doc_gen_1a94da80078b9bba291b1c1af056eca6a4" compoundref="de/dea/vhdldocgen_8cpp" startline="1452" endline="1502">VhdlDocGen::writeProcedureProto</referencedby>
        <referencedby refid="d6/d98/class_vhdl_doc_gen_1a94ad80db8536156393a701496506c052" compoundref="de/dea/vhdldocgen_8cpp" startline="1588" endline="1609">VhdlDocGen::writeProcessProto</referencedby>
      </memberdef>
      <memberdef kind="variable" id="d1/dee/struct_argument_1a9e33101befb3a977ac863d8a595ed210" prot="public" static="no" mutable="no">
        <type>QCString</type>
        <definition>QCString Argument::array</definition>
        <argsstring></argsstring>
        <name>array</name>
        <briefdescription>
        </briefdescription>
        <detaileddescription>
<para><ref refid="d1/dee/struct_argument" kindref="compound">Argument</ref>&apos;s array specifier (may be empty) </para>        </detaileddescription>
        <inbodydescription>
        </inbodydescription>
        <location file="C:/Users/Mat/Projects/doxygraph/examples/doxygen-1.8.4/src/arguments.h" line="68" bodyfile="C:/Users/Mat/Projects/doxygraph/examples/doxygen-1.8.4/src/arguments.h" bodystart="68" bodyend="-1"/>
        <referencedby refid="d1/dee/struct_argument_1a87adc78036a4e04a05692bd13f90d91a" compoundref="df/d9b/arguments_8h" startline="33" endline="41">Argument</referencedby>
        <referencedby refid="d1/dee/struct_argument_1aeb2dc827f4c8a7f597f714b3995c20e4" compoundref="df/d9b/arguments_8h" startline="43" endline="55">operator=</referencedby>
        <referencedby refid="d7/df8/class_argument_list_1afa737f8c786a4ea7e3e14d7baf063aea" compoundref="d4/dd4/arguments_8cpp" startline="39" endline="64">ArgumentList::unmarshal</referencedby>
      </memberdef>
      <memberdef kind="variable" id="d1/dee/struct_argument_1a4fe1d9319dede52f7551f59297772efa" prot="public" static="no" mutable="no">
        <type>QCString</type>
        <definition>QCString Argument::defval</definition>
        <argsstring></argsstring>
        <name>defval</name>
        <briefdescription>
        </briefdescription>
        <detaileddescription>
<para><ref refid="d1/dee/struct_argument" kindref="compound">Argument</ref>&apos;s default value (may be empty) </para>        </detaileddescription>
        <inbodydescription>
        </inbodydescription>
        <location file="C:/Users/Mat/Projects/doxygraph/examples/doxygen-1.8.4/src/arguments.h" line="69" bodyfile="C:/Users/Mat/Projects/doxygraph/examples/doxygen-1.8.4/src/arguments.h" bodystart="69" bodyend="-1"/>
        <referencedby refid="d1/dee/struct_argument_1a87adc78036a4e04a05692bd13f90d91a" compoundref="df/d9b/arguments_8h" startline="33" endline="41">Argument</referencedby>
        <referencedby refid="d1/dee/struct_argument_1aeb2dc827f4c8a7f597f714b3995c20e4" compoundref="df/d9b/arguments_8h" startline="43" endline="55">operator=</referencedby>
        <referencedby refid="d8/d3c/util_8h_1a928208745b8d52e1ef9599e3bc5007cf" compoundref="df/d2d/util_8cpp" startline="5925" endline="6024">substituteTemplateArgumentsInString</referencedby>
        <referencedby refid="d7/df8/class_argument_list_1afa737f8c786a4ea7e3e14d7baf063aea" compoundref="d4/dd4/arguments_8cpp" startline="39" endline="64">ArgumentList::unmarshal</referencedby>
        <referencedby refid="d6/d98/class_vhdl_doc_gen_1a8c40c856602e19b4fe421c9572d618b7" compoundref="de/dea/vhdldocgen_8cpp" startline="1616" endline="1698">VhdlDocGen::writeFuncProcDocu</referencedby>
        <referencedby refid="d6/d98/class_vhdl_doc_gen_1ab1d66321a2c118a9376b65aeb598a49c" compoundref="de/dea/vhdldocgen_8cpp" startline="1508" endline="1582">VhdlDocGen::writeFunctionProto</referencedby>
        <referencedby refid="d6/d98/class_vhdl_doc_gen_1a94da80078b9bba291b1c1af056eca6a4" compoundref="de/dea/vhdldocgen_8cpp" startline="1452" endline="1502">VhdlDocGen::writeProcedureProto</referencedby>
      </memberdef>
      <memberdef kind="variable" id="d1/dee/struct_argument_1a5d6cd35aa392b1703acf14104b19c589" prot="public" static="no" mutable="no">
        <type>QCString</type>
        <definition>QCString Argument::docs</definition>
        <argsstring></argsstring>
        <name>docs</name>
        <briefdescription>
        </briefdescription>
        <detaileddescription>
<para><ref refid="d1/dee/struct_argument" kindref="compound">Argument</ref>&apos;s documentation (may be empty) </para>        </detaileddescription>
        <inbodydescription>
        </inbodydescription>
        <location file="C:/Users/Mat/Projects/doxygraph/examples/doxygen-1.8.4/src/arguments.h" line="70" bodyfile="C:/Users/Mat/Projects/doxygraph/examples/doxygen-1.8.4/src/arguments.h" bodystart="70" bodyend="-1"/>
        <referencedby refid="d1/dee/struct_argument_1a87adc78036a4e04a05692bd13f90d91a" compoundref="df/d9b/arguments_8h" startline="33" endline="41">Argument</referencedby>
        <referencedby refid="d1/dee/struct_argument_1a3f0aa4b21a40b3d36e6cf645504cf60b" compoundref="df/d9b/arguments_8h" startline="59" endline="62">hasDocumentation</referencedby>
        <referencedby refid="d1/dee/struct_argument_1aeb2dc827f4c8a7f597f714b3995c20e4" compoundref="df/d9b/arguments_8h" startline="43" endline="55">operator=</referencedby>
        <referencedby refid="d7/df8/class_argument_list_1afa737f8c786a4ea7e3e14d7baf063aea" compoundref="d4/dd4/arguments_8cpp" startline="39" endline="64">ArgumentList::unmarshal</referencedby>
        <referencedby refid="da/d09/class_member_def_1a480c55edf3118c9e657d3aa4eecf841b" compoundref="d0/d72/memberdef_8cpp" startline="2362" endline="2844">MemberDef::writeDocumentation</referencedby>
      </memberdef>
      </sectiondef>
      <sectiondef kind="public-func">
      <memberdef kind="function" id="d1/dee/struct_argument_1a21f78c9b347967aa8bf77e5d3f35592f" prot="public" static="no" const="no" explicit="no" inline="yes" virt="non-virtual">
        <type></type>
        <definition>Argument::Argument</definition>
        <argsstring>()</argsstring>
        <name>Argument</name>
        <briefdescription>
        </briefdescription>
        <detaileddescription>
<para>Construct a new argument. </para>        </detaileddescription>
        <inbodydescription>
        </inbodydescription>
        <location file="C:/Users/Mat/Projects/doxygraph/examples/doxygen-1.8.4/src/arguments.h" line="31" bodyfile="C:/Users/Mat/Projects/doxygraph/examples/doxygen-1.8.4/src/arguments.h" bodystart="31" bodyend="31"/>
      </memberdef>
      <memberdef kind="function" id="d1/dee/struct_argument_1a87adc78036a4e04a05692bd13f90d91a" prot="public" static="no" const="no" explicit="no" inline="yes" virt="non-virtual">
        <type></type>
        <definition>Argument::Argument</definition>
        <argsstring>(const Argument &amp;a)</argsstring>
        <name>Argument</name>
        <param>
          <type>const <ref refid="d1/dee/struct_argument" kindref="compound">Argument</ref> &amp;</type>
          <declname>a</declname>
        </param>
        <briefdescription>
        </briefdescription>
        <detaileddescription>
<para>Copy an argument (does a deep copy of all strings). </para>        </detaileddescription>
        <inbodydescription>
        </inbodydescription>
        <location file="C:/Users/Mat/Projects/doxygraph/examples/doxygen-1.8.4/src/arguments.h" line="34" bodyfile="C:/Users/Mat/Projects/doxygraph/examples/doxygen-1.8.4/src/arguments.h" bodystart="33" bodyend="41"/>
        <references refid="d1/dee/struct_argument_1a9e33101befb3a977ac863d8a595ed210" compoundref="df/d9b/arguments_8h" startline="68">array</references>
        <references refid="d1/dee/struct_argument_1aff930f2a4cb85b5616be79b81db2341f" compoundref="df/d9b/arguments_8h" startline="64">attrib</references>
        <references refid="d1/dee/struct_argument_1a4fe1d9319dede52f7551f59297772efa" compoundref="df/d9b/arguments_8h" startline="69">defval</references>
        <references refid="d1/dee/struct_argument_1a5d6cd35aa392b1703acf14104b19c589" compoundref="df/d9b/arguments_8h" startline="70">docs</references>
        <references refid="d1/dee/struct_argument_1a334668ce5d1f650c804e69f1bc941a3b" compoundref="df/d9b/arguments_8h" startline="67">name</references>
        <references refid="d1/dee/struct_argument_1a1ad588d2b3cc71fe3f74c8272b4ec32e" compoundref="df/d9b/arguments_8h" startline="65">type</references>
      </memberdef>
      <memberdef kind="function" id="d1/dee/struct_argument_1aeb2dc827f4c8a7f597f714b3995c20e4" prot="public" static="no" const="no" explicit="no" inline="yes" virt="non-virtual">
        <type><ref refid="d1/dee/struct_argument" kindref="compound">Argument</ref> &amp;</type>
        <definition>Argument&amp; Argument::operator=</definition>
        <argsstring>(const Argument &amp;a)</argsstring>
        <name>operator=</name>
        <param>
          <type>const <ref refid="d1/dee/struct_argument" kindref="compound">Argument</ref> &amp;</type>
          <declname>a</declname>
        </param>
        <briefdescription>
        </briefdescription>
        <detaileddescription>
<para>Assignment of an argument (does a deep copy of all strings). </para>        </detaileddescription>
        <inbodydescription>
        </inbodydescription>
        <location file="C:/Users/Mat/Projects/doxygraph/examples/doxygen-1.8.4/src/arguments.h" line="44" bodyfile="C:/Users/Mat/Projects/doxygraph/examples/doxygen-1.8.4/src/arguments.h" bodystart="43" bodyend="55"/>
        <references refid="d1/dee/struct_argument_1a9e33101befb3a977ac863d8a595ed210" compoundref="df/d9b/arguments_8h" startline="68">array</references>
        <references refid="d1/dee/struct_argument_1aff930f2a4cb85b5616be79b81db2341f" compoundref="df/d9b/arguments_8h" startline="64">attrib</references>
        <references refid="d1/dee/struct_argument_1a4fe1d9319dede52f7551f59297772efa" compoundref="df/d9b/arguments_8h" startline="69">defval</references>
        <references refid="d1/dee/struct_argument_1a5d6cd35aa392b1703acf14104b19c589" compoundref="df/d9b/arguments_8h" startline="70">docs</references>
        <references refid="d1/dee/struct_argument_1a334668ce5d1f650c804e69f1bc941a3b" compoundref="df/d9b/arguments_8h" startline="67">name</references>
        <references refid="d1/dee/struct_argument_1a1ad588d2b3cc71fe3f74c8272b4ec32e" compoundref="df/d9b/arguments_8h" startline="65">type</references>
      </memberdef>
      <memberdef kind="function" id="d1/dee/struct_argument_1a3f0aa4b21a40b3d36e6cf645504cf60b" prot="public" static="no" const="yes" explicit="no" inline="yes" virt="non-virtual">
        <type>bool</type>
        <definition>bool Argument::hasDocumentation</definition>
        <argsstring>() const </argsstring>
        <name>hasDocumentation</name>
        <briefdescription>
        </briefdescription>
        <detaileddescription>
<para>return TRUE if this argument is documentation and the argument has a non empty name. </para>        </detaileddescription>
        <inbodydescription>
        </inbodydescription>
        <location file="C:/Users/Mat/Projects/doxygraph/examples/doxygen-1.8.4/src/arguments.h" line="60" bodyfile="C:/Users/Mat/Projects/doxygraph/examples/doxygen-1.8.4/src/arguments.h" bodystart="59" bodyend="62"/>
        <references refid="d1/dee/struct_argument_1a5d6cd35aa392b1703acf14104b19c589" compoundref="df/d9b/arguments_8h" startline="70">docs</references>
        <references refid="d1/dee/struct_argument_1a334668ce5d1f650c804e69f1bc941a3b" compoundref="df/d9b/arguments_8h" startline="67">name</references>
        <referencedby refid="d7/df8/class_argument_list_1a2a3058f54bea8d3f320bba8ec6ffcb2b" compoundref="d4/dd4/arguments_8cpp" startline="8" endline="18">ArgumentList::hasDocumentation</referencedby>
        <referencedby refid="da/d09/class_member_def_1a480c55edf3118c9e657d3aa4eecf841b" compoundref="d0/d72/memberdef_8cpp" startline="2362" endline="2844">MemberDef::writeDocumentation</referencedby>
      </memberdef>
      </sectiondef>
    <briefdescription>
<para>This class contains the information about the argument of a function or template. </para>    </briefdescription>
    <detaileddescription>
    </detaileddescription>
    <location file="C:/Users/Mat/Projects/doxygraph/examples/doxygen-1.8.4/src/arguments.h" line="29" bodyfile="C:/Users/Mat/Projects/doxygraph/examples/doxygen-1.8.4/src/arguments.h" bodystart="28" bodyend="71"/>
    <listofallmembers>
      <member refid="d1/dee/struct_argument_1a21f78c9b347967aa8bf77e5d3f35592f" prot="public" virt="non-virtual"><scope>Argument</scope><name>Argument</name></member>
      <member refid="d1/dee/struct_argument_1a87adc78036a4e04a05692bd13f90d91a" prot="public" virt="non-virtual"><scope>Argument</scope><name>Argument</name></member>
      <member refid="d1/dee/struct_argument_1a9e33101befb3a977ac863d8a595ed210" prot="public" virt="non-virtual"><scope>Argument</scope><name>array</name></member>
      <member refid="d1/dee/struct_argument_1aff930f2a4cb85b5616be79b81db2341f" prot="public" virt="non-virtual"><scope>Argument</scope><name>attrib</name></member>
      <member refid="d1/dee/struct_argument_1ac20b3c80630f773cf72f13c6e44b235a" prot="public" virt="non-virtual"><scope>Argument</scope><name>canType</name></member>
      <member refid="d1/dee/struct_argument_1a4fe1d9319dede52f7551f59297772efa" prot="public" virt="non-virtual"><scope>Argument</scope><name>defval</name></member>
      <member refid="d1/dee/struct_argument_1a5d6cd35aa392b1703acf14104b19c589" prot="public" virt="non-virtual"><scope>Argument</scope><name>docs</name></member>
      <member refid="d1/dee/struct_argument_1a3f0aa4b21a40b3d36e6cf645504cf60b" prot="public" virt="non-virtual"><scope>Argument</scope><name>hasDocumentation</name></member>
      <member refid="d1/dee/struct_argument_1a334668ce5d1f650c804e69f1bc941a3b" prot="public" virt="non-virtual"><scope>Argument</scope><name>name</name></member>
      <member refid="d1/dee/struct_argument_1aeb2dc827f4c8a7f597f714b3995c20e4" prot="public" virt="non-virtual"><scope>Argument</scope><name>operator=</name></member>
      <member refid="d1/dee/struct_argument_1a1ad588d2b3cc71fe3f74c8272b4ec32e" prot="public" virt="non-virtual"><scope>Argument</scope><name>type</name></member>
    </listofallmembers>
  </compounddef>
</doxygen>
