<?xml version='1.0' encoding='UTF-8' standalone='no'?>
<doxygen xmlns:xsi="http://www.w3.org/2001/XMLSchema-instance" xsi:noNamespaceSchemaLocation="compound.xsd" version="1.8.2">
  <compounddef id="d6/db9/class_doc_include" kind="class" prot="public">
    <compoundname>DocInclude</compoundname>
    <basecompoundref refid="d9/d0e/class_doc_node" prot="public" virt="non-virtual">DocNode</basecompoundref>
    <includes refid="de/d9c/docparser_8h" local="no">docparser.h</includes>
      <sectiondef kind="public-type">
      <memberdef kind="enum" id="d6/db9/class_doc_include_1a72aa0fd397546547aadf356348ff3eaf" prot="public" static="no">
        <name>Type</name>
        <enumvalue id="d6/db9/class_doc_include_1a72aa0fd397546547aadf356348ff3eafa2cc6c9824f61c186c983be390d3506a3" prot="public">
          <name>Include</name>
          <briefdescription>
          </briefdescription>
          <detaileddescription>
          </detaileddescription>
        </enumvalue>
        <enumvalue id="d6/db9/class_doc_include_1a72aa0fd397546547aadf356348ff3eafae754cf246a0a671e43c28d1b36c87d9b" prot="public">
          <name>DontInclude</name>
          <briefdescription>
          </briefdescription>
          <detaileddescription>
          </detaileddescription>
        </enumvalue>
        <enumvalue id="d6/db9/class_doc_include_1a72aa0fd397546547aadf356348ff3eafaaad4241a3cd52aa23aebf58063e2f610" prot="public">
          <name>VerbInclude</name>
          <briefdescription>
          </briefdescription>
          <detaileddescription>
          </detaileddescription>
        </enumvalue>
        <enumvalue id="d6/db9/class_doc_include_1a72aa0fd397546547aadf356348ff3eafaa5ea0461256f384958038fb6f8df3859" prot="public">
          <name>HtmlInclude</name>
          <briefdescription>
          </briefdescription>
          <detaileddescription>
          </detaileddescription>
        </enumvalue>
        <enumvalue id="d6/db9/class_doc_include_1a72aa0fd397546547aadf356348ff3eafa952cf9f1f8a7019693e43d6dd9230073" prot="public">
          <name>IncWithLines</name>
          <briefdescription>
          </briefdescription>
          <detaileddescription>
          </detaileddescription>
        </enumvalue>
        <enumvalue id="d6/db9/class_doc_include_1a72aa0fd397546547aadf356348ff3eafa00513d2ab0b78aa7aed51fb4ad1e3439" prot="public">
          <name>Snippet</name>
          <briefdescription>
          </briefdescription>
          <detaileddescription>
          </detaileddescription>
        </enumvalue>
        <briefdescription>
        </briefdescription>
        <detaileddescription>
        </detaileddescription>
        <inbodydescription>
        </inbodydescription>
        <location file="C:/Users/Mat/Projects/doxygraph/examples/doxygen-1.8.4/src/docparser.h" line="413" bodyfile="C:/Users/Mat/Projects/doxygraph/examples/doxygen-1.8.4/src/docparser.h" bodystart="413" bodyend="413"/>
      </memberdef>
      </sectiondef>
      <sectiondef kind="private-attrib">
      <memberdef kind="variable" id="d6/db9/class_doc_include_1aff31b9b962ada7c6f4751629cc5e1ddb" prot="private" static="no" mutable="no">
        <type>QCString</type>
        <definition>QCString DocInclude::m_file</definition>
        <argsstring></argsstring>
        <name>m_file</name>
        <briefdescription>
        </briefdescription>
        <detaileddescription>
        </detaileddescription>
        <inbodydescription>
        </inbodydescription>
        <location file="C:/Users/Mat/Projects/doxygraph/examples/doxygen-1.8.4/src/docparser.h" line="439" bodyfile="C:/Users/Mat/Projects/doxygraph/examples/doxygen-1.8.4/src/docparser.h" bodystart="439" bodyend="-1"/>
      </memberdef>
      <memberdef kind="variable" id="d6/db9/class_doc_include_1a0eadb1403a2d5c6f13c7015d766fd6ff" prot="private" static="no" mutable="no">
        <type>QCString</type>
        <definition>QCString DocInclude::m_context</definition>
        <argsstring></argsstring>
        <name>m_context</name>
        <briefdescription>
        </briefdescription>
        <detaileddescription>
        </detaileddescription>
        <inbodydescription>
        </inbodydescription>
        <location file="C:/Users/Mat/Projects/doxygraph/examples/doxygen-1.8.4/src/docparser.h" line="440" bodyfile="C:/Users/Mat/Projects/doxygraph/examples/doxygen-1.8.4/src/docparser.h" bodystart="440" bodyend="-1"/>
      </memberdef>
      <memberdef kind="variable" id="d6/db9/class_doc_include_1a2178df88e575c03f480a9f8d99e864c8" prot="private" static="no" mutable="no">
        <type>QCString</type>
        <definition>QCString DocInclude::m_text</definition>
        <argsstring></argsstring>
        <name>m_text</name>
        <briefdescription>
        </briefdescription>
        <detaileddescription>
        </detaileddescription>
        <inbodydescription>
        </inbodydescription>
        <location file="C:/Users/Mat/Projects/doxygraph/examples/doxygen-1.8.4/src/docparser.h" line="441" bodyfile="C:/Users/Mat/Projects/doxygraph/examples/doxygen-1.8.4/src/docparser.h" bodystart="441" bodyend="-1"/>
      </memberdef>
      <memberdef kind="variable" id="d6/db9/class_doc_include_1a35edc5abc111fdc2728c2db428903acb" prot="private" static="no" mutable="no">
        <type>Type</type>
        <definition>Type DocInclude::m_type</definition>
        <argsstring></argsstring>
        <name>m_type</name>
        <briefdescription>
        </briefdescription>
        <detaileddescription>
        </detaileddescription>
        <inbodydescription>
        </inbodydescription>
        <location file="C:/Users/Mat/Projects/doxygraph/examples/doxygen-1.8.4/src/docparser.h" line="442" bodyfile="C:/Users/Mat/Projects/doxygraph/examples/doxygen-1.8.4/src/docparser.h" bodystart="442" bodyend="-1"/>
      </memberdef>
      <memberdef kind="variable" id="d6/db9/class_doc_include_1a3f3eb2ecb96b0ae84f8adcfe5557ad6d" prot="private" static="no" mutable="no">
        <type>bool</type>
        <definition>bool DocInclude::m_isExample</definition>
        <argsstring></argsstring>
        <name>m_isExample</name>
        <briefdescription>
        </briefdescription>
        <detaileddescription>
        </detaileddescription>
        <inbodydescription>
        </inbodydescription>
        <location file="C:/Users/Mat/Projects/doxygraph/examples/doxygen-1.8.4/src/docparser.h" line="443" bodyfile="C:/Users/Mat/Projects/doxygraph/examples/doxygen-1.8.4/src/docparser.h" bodystart="443" bodyend="-1"/>
      </memberdef>
      <memberdef kind="variable" id="d6/db9/class_doc_include_1ae1a70d77ba938d4df78c53b194a05b97" prot="private" static="no" mutable="no">
        <type>QCString</type>
        <definition>QCString DocInclude::m_exampleFile</definition>
        <argsstring></argsstring>
        <name>m_exampleFile</name>
        <briefdescription>
        </briefdescription>
        <detaileddescription>
        </detaileddescription>
        <inbodydescription>
        </inbodydescription>
        <location file="C:/Users/Mat/Projects/doxygraph/examples/doxygen-1.8.4/src/docparser.h" line="444" bodyfile="C:/Users/Mat/Projects/doxygraph/examples/doxygen-1.8.4/src/docparser.h" bodystart="444" bodyend="-1"/>
      </memberdef>
      <memberdef kind="variable" id="d6/db9/class_doc_include_1a73c26f729f290f5b655be52da766d675" prot="private" static="no" mutable="no">
        <type>QCString</type>
        <definition>QCString DocInclude::m_blockId</definition>
        <argsstring></argsstring>
        <name>m_blockId</name>
        <briefdescription>
        </briefdescription>
        <detaileddescription>
        </detaileddescription>
        <inbodydescription>
        </inbodydescription>
        <location file="C:/Users/Mat/Projects/doxygraph/examples/doxygen-1.8.4/src/docparser.h" line="445" bodyfile="C:/Users/Mat/Projects/doxygraph/examples/doxygen-1.8.4/src/docparser.h" bodystart="445" bodyend="-1"/>
      </memberdef>
      </sectiondef>
      <sectiondef kind="public-func">
      <memberdef kind="function" id="d6/db9/class_doc_include_1aa4951530d659c138f2941a5827c8dbd9" prot="public" static="no" const="no" explicit="no" inline="yes" virt="non-virtual">
        <type></type>
        <definition>DocInclude::DocInclude</definition>
        <argsstring>(DocNode *parent, const QCString &amp;file, const QCString context, Type t, bool isExample, const QCString exampleFile, const QCString blockId)</argsstring>
        <name>DocInclude</name>
        <param>
          <type><ref refid="d9/d0e/class_doc_node" kindref="compound">DocNode</ref> *</type>
          <declname>parent</declname>
        </param>
        <param>
          <type>const QCString &amp;</type>
          <declname>file</declname>
        </param>
        <param>
          <type>const QCString</type>
          <declname>context</declname>
        </param>
        <param>
          <type>Type</type>
          <declname>t</declname>
        </param>
        <param>
          <type>bool</type>
          <declname>isExample</declname>
        </param>
        <param>
          <type>const QCString</type>
          <declname>exampleFile</declname>
        </param>
        <param>
          <type>const QCString</type>
          <declname>blockId</declname>
        </param>
        <briefdescription>
        </briefdescription>
        <detaileddescription>
        </detaileddescription>
        <inbodydescription>
        </inbodydescription>
        <location file="C:/Users/Mat/Projects/doxygraph/examples/doxygen-1.8.4/src/docparser.h" line="420" bodyfile="C:/Users/Mat/Projects/doxygraph/examples/doxygen-1.8.4/src/docparser.h" bodystart="414" bodyend="420"/>
      </memberdef>
      <memberdef kind="function" id="d6/db9/class_doc_include_1ad1a68704c4dd1f8b70e2061709e9f20a" prot="public" static="no" const="yes" explicit="no" inline="yes" virt="virtual">
        <type><ref refid="d9/d0e/class_doc_node_1aebd16e89ca590d84cbd40543ea5faadb" kindref="member">Kind</ref></type>
        <definition>Kind DocInclude::kind</definition>
        <argsstring>() const </argsstring>
        <name>kind</name>
        <reimplements refid="d9/d0e/class_doc_node_1a108ffd214a72ba6e93dac084a8f58049">kind</reimplements>
        <briefdescription>
        </briefdescription>
        <detaileddescription>
<para>Returns the kind of node. Provides runtime type information </para>        </detaileddescription>
        <inbodydescription>
        </inbodydescription>
        <location file="C:/Users/Mat/Projects/doxygraph/examples/doxygen-1.8.4/src/docparser.h" line="421" bodyfile="C:/Users/Mat/Projects/doxygraph/examples/doxygen-1.8.4/src/docparser.h" bodystart="421" bodyend="421"/>
      </memberdef>
      <memberdef kind="function" id="d6/db9/class_doc_include_1a49b9503cc07277d253f236e955cf8c14" prot="public" static="no" const="yes" explicit="no" inline="yes" virt="non-virtual">
        <type>QCString</type>
        <definition>QCString DocInclude::file</definition>
        <argsstring>() const </argsstring>
        <name>file</name>
        <briefdescription>
        </briefdescription>
        <detaileddescription>
        </detaileddescription>
        <inbodydescription>
        </inbodydescription>
        <location file="C:/Users/Mat/Projects/doxygraph/examples/doxygen-1.8.4/src/docparser.h" line="422" bodyfile="C:/Users/Mat/Projects/doxygraph/examples/doxygen-1.8.4/src/docparser.h" bodystart="422" bodyend="422"/>
      </memberdef>
      <memberdef kind="function" id="d6/db9/class_doc_include_1a47150b88e627477ba5fc355249f08761" prot="public" static="no" const="yes" explicit="no" inline="yes" virt="non-virtual">
        <type>QCString</type>
        <definition>QCString DocInclude::extension</definition>
        <argsstring>() const </argsstring>
        <name>extension</name>
        <briefdescription>
        </briefdescription>
        <detaileddescription>
        </detaileddescription>
        <inbodydescription>
        </inbodydescription>
        <location file="C:/Users/Mat/Projects/doxygraph/examples/doxygen-1.8.4/src/docparser.h" line="423" bodyfile="C:/Users/Mat/Projects/doxygraph/examples/doxygen-1.8.4/src/docparser.h" bodystart="423" bodyend="428"/>
      </memberdef>
      <memberdef kind="function" id="d6/db9/class_doc_include_1ae30cfe2992872d3e8e9b46e4f453603f" prot="public" static="no" const="yes" explicit="no" inline="yes" virt="non-virtual">
        <type>Type</type>
        <definition>Type DocInclude::type</definition>
        <argsstring>() const </argsstring>
        <name>type</name>
        <briefdescription>
        </briefdescription>
        <detaileddescription>
        </detaileddescription>
        <inbodydescription>
        </inbodydescription>
        <location file="C:/Users/Mat/Projects/doxygraph/examples/doxygen-1.8.4/src/docparser.h" line="429" bodyfile="C:/Users/Mat/Projects/doxygraph/examples/doxygen-1.8.4/src/docparser.h" bodystart="429" bodyend="429"/>
      </memberdef>
      <memberdef kind="function" id="d6/db9/class_doc_include_1ae7058876531c5a4ce4647555d2133db1" prot="public" static="no" const="yes" explicit="no" inline="yes" virt="non-virtual">
        <type>QCString</type>
        <definition>QCString DocInclude::text</definition>
        <argsstring>() const </argsstring>
        <name>text</name>
        <briefdescription>
        </briefdescription>
        <detaileddescription>
        </detaileddescription>
        <inbodydescription>
        </inbodydescription>
        <location file="C:/Users/Mat/Projects/doxygraph/examples/doxygen-1.8.4/src/docparser.h" line="430" bodyfile="C:/Users/Mat/Projects/doxygraph/examples/doxygen-1.8.4/src/docparser.h" bodystart="430" bodyend="430"/>
      </memberdef>
      <memberdef kind="function" id="d6/db9/class_doc_include_1aaaf56e2383e4ac4aa921cfd38b2d9fdd" prot="public" static="no" const="yes" explicit="no" inline="yes" virt="non-virtual">
        <type>QCString</type>
        <definition>QCString DocInclude::context</definition>
        <argsstring>() const </argsstring>
        <name>context</name>
        <briefdescription>
        </briefdescription>
        <detaileddescription>
        </detaileddescription>
        <inbodydescription>
        </inbodydescription>
        <location file="C:/Users/Mat/Projects/doxygraph/examples/doxygen-1.8.4/src/docparser.h" line="431" bodyfile="C:/Users/Mat/Projects/doxygraph/examples/doxygen-1.8.4/src/docparser.h" bodystart="431" bodyend="431"/>
      </memberdef>
      <memberdef kind="function" id="d6/db9/class_doc_include_1a81da494c0275017e56901b6c18dea3a8" prot="public" static="no" const="yes" explicit="no" inline="yes" virt="non-virtual">
        <type>QCString</type>
        <definition>QCString DocInclude::blockId</definition>
        <argsstring>() const </argsstring>
        <name>blockId</name>
        <briefdescription>
        </briefdescription>
        <detaileddescription>
        </detaileddescription>
        <inbodydescription>
        </inbodydescription>
        <location file="C:/Users/Mat/Projects/doxygraph/examples/doxygen-1.8.4/src/docparser.h" line="432" bodyfile="C:/Users/Mat/Projects/doxygraph/examples/doxygen-1.8.4/src/docparser.h" bodystart="432" bodyend="432"/>
      </memberdef>
      <memberdef kind="function" id="d6/db9/class_doc_include_1a73e2aff33b3bcf0ee6995c5f3af4be9b" prot="public" static="no" const="yes" explicit="no" inline="yes" virt="non-virtual">
        <type>bool</type>
        <definition>bool DocInclude::isExample</definition>
        <argsstring>() const </argsstring>
        <name>isExample</name>
        <briefdescription>
        </briefdescription>
        <detaileddescription>
        </detaileddescription>
        <inbodydescription>
        </inbodydescription>
        <location file="C:/Users/Mat/Projects/doxygraph/examples/doxygen-1.8.4/src/docparser.h" line="433" bodyfile="C:/Users/Mat/Projects/doxygraph/examples/doxygen-1.8.4/src/docparser.h" bodystart="433" bodyend="433"/>
      </memberdef>
      <memberdef kind="function" id="d6/db9/class_doc_include_1aa54725d3a9ebb17c85b73890fae57fd8" prot="public" static="no" const="yes" explicit="no" inline="yes" virt="non-virtual">
        <type>QCString</type>
        <definition>QCString DocInclude::exampleFile</definition>
        <argsstring>() const </argsstring>
        <name>exampleFile</name>
        <briefdescription>
        </briefdescription>
        <detaileddescription>
        </detaileddescription>
        <inbodydescription>
        </inbodydescription>
        <location file="C:/Users/Mat/Projects/doxygraph/examples/doxygen-1.8.4/src/docparser.h" line="434" bodyfile="C:/Users/Mat/Projects/doxygraph/examples/doxygen-1.8.4/src/docparser.h" bodystart="434" bodyend="434"/>
      </memberdef>
      <memberdef kind="function" id="d6/db9/class_doc_include_1a93c7e5ac3c65445b45512ff29ad3be0b" prot="public" static="no" const="no" explicit="no" inline="yes" virt="virtual">
        <type>void</type>
        <definition>void DocInclude::accept</definition>
        <argsstring>(DocVisitor *v)</argsstring>
        <name>accept</name>
        <reimplements refid="d9/d0e/class_doc_node_1a5303a550cbe6395663bf9b9dad28cbf1">accept</reimplements>
        <param>
          <type><ref refid="d0/d78/class_doc_visitor" kindref="compound">DocVisitor</ref> *</type>
          <declname>v</declname>
        </param>
        <briefdescription>
        </briefdescription>
        <detaileddescription>
<para>Acceptor function for node visitors. Part of the visitor pattern. <parameterlist kind="param"><parameteritem>
<parameternamelist>
<parametername>v</parametername>
</parameternamelist>
<parameterdescription>
<para>Abstract visitor. </para></parameterdescription>
</parameteritem>
</parameterlist>
</para>        </detaileddescription>
        <inbodydescription>
        </inbodydescription>
        <location file="C:/Users/Mat/Projects/doxygraph/examples/doxygen-1.8.4/src/docparser.h" line="435" bodyfile="C:/Users/Mat/Projects/doxygraph/examples/doxygen-1.8.4/src/docparser.h" bodystart="435" bodyend="435"/>
      </memberdef>
      <memberdef kind="function" id="d6/db9/class_doc_include_1a191446e0b57311d58cf1ef51a91417ee" prot="public" static="no" const="no" explicit="no" inline="no" virt="non-virtual">
        <type>void</type>
        <definition>void DocInclude::parse</definition>
        <argsstring>()</argsstring>
        <name>parse</name>
        <briefdescription>
        </briefdescription>
        <detaileddescription>
        </detaileddescription>
        <inbodydescription>
        </inbodydescription>
        <location file="C:/Users/Mat/Projects/doxygraph/examples/doxygen-1.8.4/src/docparser.h" line="436" bodyfile="C:/Users/Mat/Projects/doxygraph/examples/doxygen-1.8.4/src/docparser.cpp" bodystart="1909" bodyend="1942"/>
      </memberdef>
      </sectiondef>
    <briefdescription>
<para>Node representing an included text block from file. </para>    </briefdescription>
    <detaileddescription>
    </detaileddescription>
    <inheritancegraph>
      <node id="3027">
        <label>DocInclude</label>
        <link refid="d6/db9/class_doc_include"/>
        <childnode refid="3028" relation="public-inheritance">
        </childnode>
      </node>
      <node id="3028">
        <label>DocNode</label>
        <link refid="d9/d0e/class_doc_node"/>
      </node>
    </inheritancegraph>
    <collaborationgraph>
      <node id="3029">
        <label>DocInclude</label>
        <link refid="d6/db9/class_doc_include"/>
        <childnode refid="3030" relation="public-inheritance">
        </childnode>
      </node>
      <node id="3030">
        <label>DocNode</label>
        <link refid="d9/d0e/class_doc_node"/>
        <childnode refid="3030" relation="usage">
          <edgelabel>m_parent</edgelabel>
        </childnode>
      </node>
    </collaborationgraph>
    <location file="C:/Users/Mat/Projects/doxygraph/examples/doxygen-1.8.4/src/docparser.h" line="411" bodyfile="C:/Users/Mat/Projects/doxygraph/examples/doxygen-1.8.4/src/docparser.h" bodystart="410" bodyend="446"/>
    <listofallmembers>
      <member refid="d6/db9/class_doc_include_1a93c7e5ac3c65445b45512ff29ad3be0b" prot="public" virt="virtual"><scope>DocInclude</scope><name>accept</name></member>
      <member refid="d6/db9/class_doc_include_1a81da494c0275017e56901b6c18dea3a8" prot="public" virt="non-virtual"><scope>DocInclude</scope><name>blockId</name></member>
      <member refid="d6/db9/class_doc_include_1aaaf56e2383e4ac4aa921cfd38b2d9fdd" prot="public" virt="non-virtual"><scope>DocInclude</scope><name>context</name></member>
      <member refid="d6/db9/class_doc_include_1aa4951530d659c138f2941a5827c8dbd9" prot="public" virt="non-virtual"><scope>DocInclude</scope><name>DocInclude</name></member>
      <member refid="d9/d0e/class_doc_node_1a98d902adedf9b2270a6673e59dbab89e" prot="public" virt="non-virtual"><scope>DocInclude</scope><name>DocNode</name></member>
      <member refid="d6/db9/class_doc_include_1a72aa0fd397546547aadf356348ff3eafae754cf246a0a671e43c28d1b36c87d9b" prot="public" virt="non-virtual"><scope>DocInclude</scope><name>DontInclude</name></member>
      <member refid="d6/db9/class_doc_include_1aa54725d3a9ebb17c85b73890fae57fd8" prot="public" virt="non-virtual"><scope>DocInclude</scope><name>exampleFile</name></member>
      <member refid="d6/db9/class_doc_include_1a47150b88e627477ba5fc355249f08761" prot="public" virt="non-virtual"><scope>DocInclude</scope><name>extension</name></member>
      <member refid="d6/db9/class_doc_include_1a49b9503cc07277d253f236e955cf8c14" prot="public" virt="non-virtual"><scope>DocInclude</scope><name>file</name></member>
      <member refid="d6/db9/class_doc_include_1a72aa0fd397546547aadf356348ff3eafaa5ea0461256f384958038fb6f8df3859" prot="public" virt="non-virtual"><scope>DocInclude</scope><name>HtmlInclude</name></member>
      <member refid="d6/db9/class_doc_include_1a72aa0fd397546547aadf356348ff3eafa2cc6c9824f61c186c983be390d3506a3" prot="public" virt="non-virtual"><scope>DocInclude</scope><name>Include</name></member>
      <member refid="d6/db9/class_doc_include_1a72aa0fd397546547aadf356348ff3eafa952cf9f1f8a7019693e43d6dd9230073" prot="public" virt="non-virtual"><scope>DocInclude</scope><name>IncWithLines</name></member>
      <member refid="d6/db9/class_doc_include_1a73e2aff33b3bcf0ee6995c5f3af4be9b" prot="public" virt="non-virtual"><scope>DocInclude</scope><name>isExample</name></member>
      <member refid="d9/d0e/class_doc_node_1aef508bc4dc916756c919594db7930d54" prot="public" virt="non-virtual"><scope>DocInclude</scope><name>isPreformatted</name></member>
      <member refid="d6/db9/class_doc_include_1ad1a68704c4dd1f8b70e2061709e9f20a" prot="public" virt="virtual"><scope>DocInclude</scope><name>kind</name></member>
      <member refid="d9/d0e/class_doc_node_1aebd16e89ca590d84cbd40543ea5faadb" prot="public" virt="non-virtual"><scope>DocInclude</scope><name>Kind</name></member>
      <member refid="d9/d0e/class_doc_node_1aebd16e89ca590d84cbd40543ea5faadba5acf76d5bed04d9f8973b5599e4c7d61" prot="public" virt="non-virtual"><scope>DocInclude</scope><name>Kind_Anchor</name></member>
      <member refid="d9/d0e/class_doc_node_1aebd16e89ca590d84cbd40543ea5faadbaf4af6d302524a2a72e6503fa4b5008cc" prot="public" virt="non-virtual"><scope>DocInclude</scope><name>Kind_AutoList</name></member>
      <member refid="d9/d0e/class_doc_node_1aebd16e89ca590d84cbd40543ea5faadba09e40b89d37e12cd78384c04aea5c185" prot="public" virt="non-virtual"><scope>DocInclude</scope><name>Kind_AutoListItem</name></member>
      <member refid="d9/d0e/class_doc_node_1aebd16e89ca590d84cbd40543ea5faadba2c31b7a4358465ca132212321e15fc20" prot="public" virt="non-virtual"><scope>DocInclude</scope><name>Kind_Copy</name></member>
      <member refid="d9/d0e/class_doc_node_1aebd16e89ca590d84cbd40543ea5faadba31635222d2661ef99e79b44bf3b58382" prot="public" virt="non-virtual"><scope>DocInclude</scope><name>Kind_DotFile</name></member>
      <member refid="d9/d0e/class_doc_node_1aebd16e89ca590d84cbd40543ea5faadbad6f44af7d7a9d2545d12570f1c911514" prot="public" virt="non-virtual"><scope>DocInclude</scope><name>Kind_Formula</name></member>
      <member refid="d9/d0e/class_doc_node_1aebd16e89ca590d84cbd40543ea5faadba66fdcd73d28143e4eee061037d1c0d05" prot="public" virt="non-virtual"><scope>DocInclude</scope><name>Kind_HorRuler</name></member>
      <member refid="d9/d0e/class_doc_node_1aebd16e89ca590d84cbd40543ea5faadba219784882f7a809370a515cbf18c2794" prot="public" virt="non-virtual"><scope>DocInclude</scope><name>Kind_HRef</name></member>
      <member refid="d9/d0e/class_doc_node_1aebd16e89ca590d84cbd40543ea5faadbacfac967afd367665bc4a4890828fc98d" prot="public" virt="non-virtual"><scope>DocInclude</scope><name>Kind_HtmlBlockQuote</name></member>
      <member refid="d9/d0e/class_doc_node_1aebd16e89ca590d84cbd40543ea5faadba3f64e51b724ff9f596689e66165d4e5f" prot="public" virt="non-virtual"><scope>DocInclude</scope><name>Kind_HtmlCaption</name></member>
      <member refid="d9/d0e/class_doc_node_1aebd16e89ca590d84cbd40543ea5faadbae35a8fc01717b7fba896f3f9103b641a" prot="public" virt="non-virtual"><scope>DocInclude</scope><name>Kind_HtmlCell</name></member>
      <member refid="d9/d0e/class_doc_node_1aebd16e89ca590d84cbd40543ea5faadbac9568654cd0eaa2d2e6705eb88b8bb6f" prot="public" virt="non-virtual"><scope>DocInclude</scope><name>Kind_HtmlDescData</name></member>
      <member refid="d9/d0e/class_doc_node_1aebd16e89ca590d84cbd40543ea5faadbad53b68c158dba60a523d4fd261741c1a" prot="public" virt="non-virtual"><scope>DocInclude</scope><name>Kind_HtmlDescList</name></member>
      <member refid="d9/d0e/class_doc_node_1aebd16e89ca590d84cbd40543ea5faadba0e47ad72ee03a88acc5d35755230a4bc" prot="public" virt="non-virtual"><scope>DocInclude</scope><name>Kind_HtmlDescTitle</name></member>
      <member refid="d9/d0e/class_doc_node_1aebd16e89ca590d84cbd40543ea5faadbac559cf092ec1d51d36500217b128df91" prot="public" virt="non-virtual"><scope>DocInclude</scope><name>Kind_HtmlHeader</name></member>
      <member refid="d9/d0e/class_doc_node_1aebd16e89ca590d84cbd40543ea5faadba2d89d13df0a6a173008cc476ed19da5a" prot="public" virt="non-virtual"><scope>DocInclude</scope><name>Kind_HtmlList</name></member>
      <member refid="d9/d0e/class_doc_node_1aebd16e89ca590d84cbd40543ea5faadba3899f85cc2bbe76eebc01969f026c4a8" prot="public" virt="non-virtual"><scope>DocInclude</scope><name>Kind_HtmlListItem</name></member>
      <member refid="d9/d0e/class_doc_node_1aebd16e89ca590d84cbd40543ea5faadba4aecc53268c197469ae7e36a82297f66" prot="public" virt="non-virtual"><scope>DocInclude</scope><name>Kind_HtmlRow</name></member>
      <member refid="d9/d0e/class_doc_node_1aebd16e89ca590d84cbd40543ea5faadbaaa0953fe727d5208d808d6200db9d8c4" prot="public" virt="non-virtual"><scope>DocInclude</scope><name>Kind_HtmlTable</name></member>
      <member refid="d9/d0e/class_doc_node_1aebd16e89ca590d84cbd40543ea5faadba130db602d847e2889247e35215f6ab61" prot="public" virt="non-virtual"><scope>DocInclude</scope><name>Kind_Image</name></member>
      <member refid="d9/d0e/class_doc_node_1aebd16e89ca590d84cbd40543ea5faadba0d394262ed69236213f48850d00655e1" prot="public" virt="non-virtual"><scope>DocInclude</scope><name>Kind_Include</name></member>
      <member refid="d9/d0e/class_doc_node_1aebd16e89ca590d84cbd40543ea5faadba22a463e2625469c3243a58a25ec2ac5e" prot="public" virt="non-virtual"><scope>DocInclude</scope><name>Kind_IncOperator</name></member>
      <member refid="d9/d0e/class_doc_node_1aebd16e89ca590d84cbd40543ea5faadba0c99bba8a3a83741f4cb5b488be07919" prot="public" virt="non-virtual"><scope>DocInclude</scope><name>Kind_IndexEntry</name></member>
      <member refid="d9/d0e/class_doc_node_1aebd16e89ca590d84cbd40543ea5faadbaa908f2050f29caaa1852bc6bfc2167d7" prot="public" virt="non-virtual"><scope>DocInclude</scope><name>Kind_Internal</name></member>
      <member refid="d9/d0e/class_doc_node_1aebd16e89ca590d84cbd40543ea5faadba08795b9078b94b17470db06f10e47e9a" prot="public" virt="non-virtual"><scope>DocInclude</scope><name>Kind_InternalRef</name></member>
      <member refid="d9/d0e/class_doc_node_1aebd16e89ca590d84cbd40543ea5faadba806ec6c0d1fe6c3d855364ae3ab6f02e" prot="public" virt="non-virtual"><scope>DocInclude</scope><name>Kind_LineBreak</name></member>
      <member refid="d9/d0e/class_doc_node_1aebd16e89ca590d84cbd40543ea5faadba3ea5a7ccd9136dff8ecd035c4d403c4d" prot="public" virt="non-virtual"><scope>DocInclude</scope><name>Kind_Link</name></member>
      <member refid="d9/d0e/class_doc_node_1aebd16e89ca590d84cbd40543ea5faadba3078fef47a0dd99f4a3c2ea943e9dc38" prot="public" virt="non-virtual"><scope>DocInclude</scope><name>Kind_LinkedWord</name></member>
      <member refid="d9/d0e/class_doc_node_1aebd16e89ca590d84cbd40543ea5faadbaf7a503a623b646514dbf0a1cdd4bc56d" prot="public" virt="non-virtual"><scope>DocInclude</scope><name>Kind_MscFile</name></member>
      <member refid="d9/d0e/class_doc_node_1aebd16e89ca590d84cbd40543ea5faadbab386d3972ee5815e6403a2ba94d13da7" prot="public" virt="non-virtual"><scope>DocInclude</scope><name>Kind_Para</name></member>
      <member refid="d9/d0e/class_doc_node_1aebd16e89ca590d84cbd40543ea5faadbada1efab7269767fb09ed0468023d47ef" prot="public" virt="non-virtual"><scope>DocInclude</scope><name>Kind_ParamList</name></member>
      <member refid="d9/d0e/class_doc_node_1aebd16e89ca590d84cbd40543ea5faadba98f09f518a149bbd2ca945d8be62b2eb" prot="public" virt="non-virtual"><scope>DocInclude</scope><name>Kind_ParamSect</name></member>
      <member refid="d9/d0e/class_doc_node_1aebd16e89ca590d84cbd40543ea5faadba7e37091374b5c3a40bc6080b727b8633" prot="public" virt="non-virtual"><scope>DocInclude</scope><name>Kind_Ref</name></member>
      <member refid="d9/d0e/class_doc_node_1aebd16e89ca590d84cbd40543ea5faadba40f32b4da392f2e607acd9dcd51e97ef" prot="public" virt="non-virtual"><scope>DocInclude</scope><name>Kind_Root</name></member>
      <member refid="d9/d0e/class_doc_node_1aebd16e89ca590d84cbd40543ea5faadbab434fb5f35821ac8e092397720a9986e" prot="public" virt="non-virtual"><scope>DocInclude</scope><name>Kind_SecRefItem</name></member>
      <member refid="d9/d0e/class_doc_node_1aebd16e89ca590d84cbd40543ea5faadba8a1dc5275094432667a3b3f60ca6924e" prot="public" virt="non-virtual"><scope>DocInclude</scope><name>Kind_SecRefList</name></member>
      <member refid="d9/d0e/class_doc_node_1aebd16e89ca590d84cbd40543ea5faadba2adb5849cad20cab071f918a8da06938" prot="public" virt="non-virtual"><scope>DocInclude</scope><name>Kind_Section</name></member>
      <member refid="d9/d0e/class_doc_node_1aebd16e89ca590d84cbd40543ea5faadba653816fa54d8104dc69848cd470e9e50" prot="public" virt="non-virtual"><scope>DocInclude</scope><name>Kind_SimpleList</name></member>
      <member refid="d9/d0e/class_doc_node_1aebd16e89ca590d84cbd40543ea5faadba3484d4b967a5e3650a21218cafe45bfc" prot="public" virt="non-virtual"><scope>DocInclude</scope><name>Kind_SimpleListItem</name></member>
      <member refid="d9/d0e/class_doc_node_1aebd16e89ca590d84cbd40543ea5faadbac383a7308a123820e290b129354b945b" prot="public" virt="non-virtual"><scope>DocInclude</scope><name>Kind_SimpleSect</name></member>
      <member refid="d9/d0e/class_doc_node_1aebd16e89ca590d84cbd40543ea5faadba9e64be26f9961dd56b44dc8bf940f612" prot="public" virt="non-virtual"><scope>DocInclude</scope><name>Kind_SimpleSectSep</name></member>
      <member refid="d9/d0e/class_doc_node_1aebd16e89ca590d84cbd40543ea5faadba23b15e9d0bd5a796e7ea6bc5ddb90a51" prot="public" virt="non-virtual"><scope>DocInclude</scope><name>Kind_StyleChange</name></member>
      <member refid="d9/d0e/class_doc_node_1aebd16e89ca590d84cbd40543ea5faadba11cfbdc9641f7d5e57bbf9d2d1ac29f6" prot="public" virt="non-virtual"><scope>DocInclude</scope><name>Kind_Symbol</name></member>
      <member refid="d9/d0e/class_doc_node_1aebd16e89ca590d84cbd40543ea5faadba7625967c18a27b98c0253b1d8813b22a" prot="public" virt="non-virtual"><scope>DocInclude</scope><name>Kind_Text</name></member>
      <member refid="d9/d0e/class_doc_node_1aebd16e89ca590d84cbd40543ea5faadba3a4f43b18aee3dae38339c2e322f019d" prot="public" virt="non-virtual"><scope>DocInclude</scope><name>Kind_Title</name></member>
      <member refid="d9/d0e/class_doc_node_1aebd16e89ca590d84cbd40543ea5faadbaf65de407d32b599b5b8e3172e910921f" prot="public" virt="non-virtual"><scope>DocInclude</scope><name>Kind_URL</name></member>
      <member refid="d9/d0e/class_doc_node_1aebd16e89ca590d84cbd40543ea5faadba647ae404715ce1ea95d747d03302d069" prot="public" virt="non-virtual"><scope>DocInclude</scope><name>Kind_Verbatim</name></member>
      <member refid="d9/d0e/class_doc_node_1aebd16e89ca590d84cbd40543ea5faadba2c92a0041dfb7d3d024370d59840a9ec" prot="public" virt="non-virtual"><scope>DocInclude</scope><name>Kind_VhdlFlow</name></member>
      <member refid="d9/d0e/class_doc_node_1aebd16e89ca590d84cbd40543ea5faadba19ac8d817d8ba62f451c9ac6b06052c9" prot="public" virt="non-virtual"><scope>DocInclude</scope><name>Kind_WhiteSpace</name></member>
      <member refid="d9/d0e/class_doc_node_1aebd16e89ca590d84cbd40543ea5faadbafaa72c1c3a23f07645d1546177e265ad" prot="public" virt="non-virtual"><scope>DocInclude</scope><name>Kind_Word</name></member>
      <member refid="d9/d0e/class_doc_node_1aebd16e89ca590d84cbd40543ea5faadbabf87f371a0f69d86d0e6606d31133d40" prot="public" virt="non-virtual"><scope>DocInclude</scope><name>Kind_XRefItem</name></member>
      <member refid="d6/db9/class_doc_include_1a73c26f729f290f5b655be52da766d675" prot="private" virt="non-virtual"><scope>DocInclude</scope><name>m_blockId</name></member>
      <member refid="d6/db9/class_doc_include_1a0eadb1403a2d5c6f13c7015d766fd6ff" prot="private" virt="non-virtual"><scope>DocInclude</scope><name>m_context</name></member>
      <member refid="d6/db9/class_doc_include_1ae1a70d77ba938d4df78c53b194a05b97" prot="private" virt="non-virtual"><scope>DocInclude</scope><name>m_exampleFile</name></member>
      <member refid="d6/db9/class_doc_include_1aff31b9b962ada7c6f4751629cc5e1ddb" prot="private" virt="non-virtual"><scope>DocInclude</scope><name>m_file</name></member>
      <member refid="d6/db9/class_doc_include_1a3f3eb2ecb96b0ae84f8adcfe5557ad6d" prot="private" virt="non-virtual"><scope>DocInclude</scope><name>m_isExample</name></member>
      <member refid="d9/d0e/class_doc_node_1a5f1139016d8919795a0e1c722d3e4b91" prot="protected" virt="non-virtual"><scope>DocInclude</scope><name>m_parent</name></member>
      <member refid="d6/db9/class_doc_include_1a2178df88e575c03f480a9f8d99e864c8" prot="private" virt="non-virtual"><scope>DocInclude</scope><name>m_text</name></member>
      <member refid="d6/db9/class_doc_include_1a35edc5abc111fdc2728c2db428903acb" prot="private" virt="non-virtual"><scope>DocInclude</scope><name>m_type</name></member>
      <member refid="d9/d0e/class_doc_node_1a990d8b983962776a647e6231d38bd329" prot="public" virt="non-virtual"><scope>DocInclude</scope><name>parent</name></member>
      <member refid="d6/db9/class_doc_include_1a191446e0b57311d58cf1ef51a91417ee" prot="public" virt="non-virtual"><scope>DocInclude</scope><name>parse</name></member>
      <member refid="d9/d0e/class_doc_node_1a7059408f429dc1358764e334079ca986" prot="protected" virt="non-virtual"><scope>DocInclude</scope><name>setInsidePreformatted</name></member>
      <member refid="d9/d0e/class_doc_node_1a2855de7ff1248fdb71e579087ae56098" prot="public" virt="non-virtual"><scope>DocInclude</scope><name>setParent</name></member>
      <member refid="d6/db9/class_doc_include_1a72aa0fd397546547aadf356348ff3eafa00513d2ab0b78aa7aed51fb4ad1e3439" prot="public" virt="non-virtual"><scope>DocInclude</scope><name>Snippet</name></member>
      <member refid="d6/db9/class_doc_include_1ae7058876531c5a4ce4647555d2133db1" prot="public" virt="non-virtual"><scope>DocInclude</scope><name>text</name></member>
      <member refid="d6/db9/class_doc_include_1ae30cfe2992872d3e8e9b46e4f453603f" prot="public" virt="non-virtual"><scope>DocInclude</scope><name>type</name></member>
      <member refid="d6/db9/class_doc_include_1a72aa0fd397546547aadf356348ff3eaf" prot="public" virt="non-virtual"><scope>DocInclude</scope><name>Type</name></member>
      <member refid="d6/db9/class_doc_include_1a72aa0fd397546547aadf356348ff3eafaaad4241a3cd52aa23aebf58063e2f610" prot="public" virt="non-virtual"><scope>DocInclude</scope><name>VerbInclude</name></member>
      <member refid="d9/d0e/class_doc_node_1a024e5ba89b140e83416f9f85f5f6d036" prot="public" virt="virtual"><scope>DocInclude</scope><name>~DocNode</name></member>
    </listofallmembers>
  </compounddef>
</doxygen>
