<?xml version='1.0' encoding='UTF-8' standalone='no'?>
<doxygen xmlns:xsi="http://www.w3.org/2001/XMLSchema-instance" xsi:noNamespaceSchemaLocation="compound.xsd" version="1.8.2">
  <compounddef id="d8/dc3/htmlhelp_8h" kind="file">
    <compoundname>htmlhelp.h</compoundname>
    <includes local="no">qstrlist.h</includes>
    <includes local="no">qdict.h</includes>
    <includes refid="d1/db5/index_8h" local="yes">index.h</includes>
    <includes refid="df/d83/ftextstream_8h" local="yes">ftextstream.h</includes>
    <includedby refid="de/d89/classdef_8cpp" local="yes">src/classdef.cpp</includedby>
    <includedby refid="dc/d98/doxygen_8cpp" local="yes">src/doxygen.cpp</includedby>
    <includedby refid="d8/d6e/htmlgen_8cpp" local="yes">src/htmlgen.cpp</includedby>
    <includedby refid="d3/d4b/htmlhelp_8cpp" local="yes">src/htmlhelp.cpp</includedby>
    <includedby refid="db/d14/index_8cpp" local="yes">src/index.cpp</includedby>
    <includedby refid="d0/d72/memberdef_8cpp" local="yes">src/memberdef.cpp</includedby>
    <includedby refid="df/d2d/util_8cpp" local="yes">src/util.cpp</includedby>
    <incdepgraph>
      <node id="2629">
        <label>qcstring.h</label>
      </node>
      <node id="2634">
        <label>qgstring.h</label>
      </node>
      <node id="2625">
        <label>qstrlist.h</label>
      </node>
      <node id="2633">
        <label>qstring.h</label>
      </node>
      <node id="2632">
        <label>qiodevice.h</label>
      </node>
      <node id="2628">
        <label>qlist.h</label>
      </node>
      <node id="2630">
        <label>ftextstream.h</label>
        <link refid="df/d83/ftextstream_8h_source"/>
        <childnode refid="2631" relation="include">
        </childnode>
        <childnode refid="2632" relation="include">
        </childnode>
        <childnode refid="2633" relation="include">
        </childnode>
        <childnode refid="2634" relation="include">
        </childnode>
      </node>
      <node id="2624">
        <label>src/htmlhelp.h</label>
        <link refid="htmlhelp.h"/>
        <childnode refid="2625" relation="include">
        </childnode>
        <childnode refid="2626" relation="include">
        </childnode>
        <childnode refid="2627" relation="include">
        </childnode>
        <childnode refid="2630" relation="include">
        </childnode>
      </node>
      <node id="2627">
        <label>index.h</label>
        <link refid="d1/db5/index_8h_source"/>
        <childnode refid="2628" relation="include">
        </childnode>
        <childnode refid="2629" relation="include">
        </childnode>
      </node>
      <node id="2626">
        <label>qdict.h</label>
      </node>
      <node id="2631">
        <label>stdio.h</label>
      </node>
    </incdepgraph>
    <invincdepgraph>
      <node id="2641">
        <label>src/memberdef.cpp</label>
        <link refid="d0/d72/memberdef_8cpp_source"/>
      </node>
      <node id="2637">
        <label>src/doxygen.cpp</label>
        <link refid="dc/d98/doxygen_8cpp_source"/>
      </node>
      <node id="2642">
        <label>src/util.cpp</label>
        <link refid="df/d2d/util_8cpp_source"/>
      </node>
      <node id="2638">
        <label>src/htmlgen.cpp</label>
        <link refid="d8/d6e/htmlgen_8cpp_source"/>
      </node>
      <node id="2640">
        <label>src/index.cpp</label>
        <link refid="db/d14/index_8cpp"/>
      </node>
      <node id="2635">
        <label>src/htmlhelp.h</label>
        <link refid="htmlhelp.h"/>
        <childnode refid="2636" relation="include">
        </childnode>
        <childnode refid="2637" relation="include">
        </childnode>
        <childnode refid="2638" relation="include">
        </childnode>
        <childnode refid="2639" relation="include">
        </childnode>
        <childnode refid="2640" relation="include">
        </childnode>
        <childnode refid="2641" relation="include">
        </childnode>
        <childnode refid="2642" relation="include">
        </childnode>
      </node>
      <node id="2639">
        <label>src/htmlhelp.cpp</label>
        <link refid="d3/d4b/htmlhelp_8cpp_source"/>
      </node>
      <node id="2636">
        <label>src/classdef.cpp</label>
        <link refid="de/d89/classdef_8cpp_source"/>
      </node>
    </invincdepgraph>
    <innerclass refid="d4/db3/class_html_help" prot="public">HtmlHelp</innerclass>
    <briefdescription>
    </briefdescription>
    <detaileddescription>
    </detaileddescription>
    <programlisting>
<codeline lineno="1"><highlight class="comment">/******************************************************************************</highlight></codeline>
<codeline lineno="2"><highlight class="comment"><sp/>*</highlight></codeline>
<codeline lineno="3"><highlight class="comment"><sp/>*<sp/>$Id:<sp/>htmlhelp.h,v<sp/>1.7<sp/>2001/03/19<sp/>19:27:40<sp/>root<sp/>Exp<sp/>$</highlight></codeline>
<codeline lineno="4"><highlight class="comment"><sp/>*</highlight></codeline>
<codeline lineno="5"><highlight class="comment"><sp/>*<sp/>Copyright<sp/>(C)<sp/>1997-2013<sp/>by<sp/>Dimitri<sp/>van<sp/>Heesch.</highlight></codeline>
<codeline lineno="6"><highlight class="comment"><sp/>*</highlight></codeline>
<codeline lineno="7"><highlight class="comment"><sp/>*<sp/>Permission<sp/>to<sp/>use,<sp/>copy,<sp/>modify,<sp/>and<sp/>distribute<sp/>this<sp/>software<sp/>and<sp/>its</highlight></codeline>
<codeline lineno="8"><highlight class="comment"><sp/>*<sp/>documentation<sp/>under<sp/>the<sp/>terms<sp/>of<sp/>the<sp/>GNU<sp/>General<sp/>Public<sp/>License<sp/>is<sp/>hereby<sp/></highlight></codeline>
<codeline lineno="9"><highlight class="comment"><sp/>*<sp/>granted.<sp/>No<sp/>representations<sp/>are<sp/>made<sp/>about<sp/>the<sp/>suitability<sp/>of<sp/>this<sp/>software<sp/></highlight></codeline>
<codeline lineno="10"><highlight class="comment"><sp/>*<sp/>for<sp/>any<sp/>purpose.<sp/>It<sp/>is<sp/>provided<sp/>&quot;as<sp/>is&quot;<sp/>without<sp/>express<sp/>or<sp/>implied<sp/>warranty.</highlight></codeline>
<codeline lineno="11"><highlight class="comment"><sp/>*<sp/>See<sp/>the<sp/>GNU<sp/>General<sp/>Public<sp/>License<sp/>for<sp/>more<sp/>details.</highlight></codeline>
<codeline lineno="12"><highlight class="comment"><sp/>*</highlight></codeline>
<codeline lineno="13"><highlight class="comment"><sp/>*<sp/>Documents<sp/>produced<sp/>by<sp/>Doxygen<sp/>are<sp/>derivative<sp/>works<sp/>derived<sp/>from<sp/>the</highlight></codeline>
<codeline lineno="14"><highlight class="comment"><sp/>*<sp/>input<sp/>used<sp/>in<sp/>their<sp/>production;<sp/>they<sp/>are<sp/>not<sp/>affected<sp/>by<sp/>this<sp/>license.</highlight></codeline>
<codeline lineno="15"><highlight class="comment"><sp/>*</highlight></codeline>
<codeline lineno="16"><highlight class="comment"><sp/>*<sp/>The<sp/>code<sp/>is<sp/>this<sp/>file<sp/>is<sp/>largely<sp/>based<sp/>on<sp/>a<sp/>contribution<sp/>from</highlight></codeline>
<codeline lineno="17"><highlight class="comment"><sp/>*<sp/>Harm<sp/>van<sp/>der<sp/>Heijden<sp/>&lt;H.v.d.Heijden@phys.tue.nl&gt;</highlight></codeline>
<codeline lineno="18"><highlight class="comment"><sp/>*<sp/>Please<sp/>send<sp/>thanks<sp/>to<sp/>him<sp/>and<sp/>bug<sp/>reports<sp/>to<sp/>me<sp/>:-)</highlight></codeline>
<codeline lineno="19"><highlight class="comment"><sp/>*/</highlight><highlight class="normal"></highlight></codeline>
<codeline lineno="20"><highlight class="normal"></highlight></codeline>
<codeline lineno="21"><highlight class="normal"></highlight><highlight class="preprocessor">#ifndef<sp/>HTMLHELP_H</highlight></codeline>
<codeline lineno="22"><highlight class="preprocessor"></highlight><highlight class="preprocessor">#define<sp/>HTMLHELP_H</highlight></codeline>
<codeline lineno="23"><highlight class="preprocessor"></highlight><highlight class="normal"></highlight></codeline>
<codeline lineno="24"><highlight class="normal"></highlight><highlight class="preprocessor">#include<sp/>&lt;qstrlist.h&gt;</highlight><highlight class="normal"></highlight></codeline>
<codeline lineno="25"><highlight class="normal"></highlight><highlight class="preprocessor">#include<sp/>&lt;qdict.h&gt;</highlight><highlight class="normal"></highlight></codeline>
<codeline lineno="26"><highlight class="normal"></highlight><highlight class="preprocessor">#include<sp/>&quot;index.h&quot;</highlight><highlight class="normal"></highlight></codeline>
<codeline lineno="27"><highlight class="normal"></highlight><highlight class="preprocessor">#include<sp/>&quot;ftextstream.h&quot;</highlight><highlight class="normal"></highlight></codeline>
<codeline lineno="28"><highlight class="normal"></highlight></codeline>
<codeline lineno="29"><highlight class="normal"></highlight><highlight class="keyword">class<sp/></highlight><highlight class="normal">QFile;</highlight></codeline>
<codeline lineno="30"><highlight class="normal"></highlight><highlight class="keyword">class<sp/></highlight><highlight class="normal"><ref refid="d5/dcc/class_definition" kindref="compound" tooltip="The common base class of all entity definitions found in the sources.">Definition</ref>;</highlight></codeline>
<codeline lineno="31"><highlight class="normal"></highlight><highlight class="keyword">class<sp/></highlight><highlight class="normal">HtmlHelpIndex;</highlight></codeline>
<codeline lineno="32"><highlight class="normal"></highlight></codeline>
<codeline lineno="38" refid="d4/db3/class_html_help" refkind="compound"><highlight class="keyword">class<sp/></highlight><highlight class="normal"><ref refid="d4/db3/class_html_help" kindref="compound" tooltip="A class that generated the HTML Help specific files.">HtmlHelp</ref><sp/><sp/>:<sp/></highlight><highlight class="keyword">public</highlight><highlight class="normal"><sp/><ref refid="d9/dd5/class_index_intf" kindref="compound" tooltip="Abstract interface for index generators.">IndexIntf</ref></highlight></codeline>
<codeline lineno="39"><highlight class="normal">{</highlight></codeline>
<codeline lineno="43"><highlight class="normal"><sp/><sp/><sp/><sp/></highlight><highlight class="keyword">enum</highlight><highlight class="normal"><sp/>ImageNumber<sp/>{<sp/></highlight></codeline>
<codeline lineno="44"><highlight class="normal"><sp/><sp/><sp/><sp/><sp/><sp/>BOOK_CLOSED=1,<sp/><sp/><sp/><sp/>BOOK_OPEN,</highlight></codeline>
<codeline lineno="45"><highlight class="normal"><sp/><sp/><sp/><sp/><sp/><sp/>BOOK_CLOSED_NEW,<sp/><sp/>BOOK_OPEN_NEW,</highlight></codeline>
<codeline lineno="46"><highlight class="normal"><sp/><sp/><sp/><sp/><sp/><sp/>FOLDER_CLOSED,<sp/><sp/><sp/><sp/>FOLDER_OPEN,</highlight></codeline>
<codeline lineno="47"><highlight class="normal"><sp/><sp/><sp/><sp/><sp/><sp/>FOLDER_CLOSED_NEW,FOLDER_OPEN_NEW,</highlight></codeline>
<codeline lineno="48"><highlight class="normal"><sp/><sp/><sp/><sp/><sp/><sp/>QUERY,<sp/><sp/><sp/><sp/><sp/><sp/><sp/><sp/><sp/><sp/><sp/><sp/>QUERY_NEW,</highlight></codeline>
<codeline lineno="49"><highlight class="normal"><sp/><sp/><sp/><sp/><sp/><sp/>TEXT,<sp/><sp/><sp/><sp/><sp/><sp/><sp/><sp/><sp/><sp/><sp/><sp/><sp/>TEXT_NEW,</highlight></codeline>
<codeline lineno="50"><highlight class="normal"><sp/><sp/><sp/><sp/><sp/><sp/>WEB_DOC,<sp/><sp/><sp/><sp/><sp/><sp/><sp/><sp/><sp/><sp/>WEB_DOC_NEW,</highlight></codeline>
<codeline lineno="51"><highlight class="normal"><sp/><sp/><sp/><sp/><sp/><sp/>WEB_LINK,<sp/><sp/><sp/><sp/><sp/><sp/><sp/><sp/><sp/>WEB_LINK_NEW,</highlight></codeline>
<codeline lineno="52"><highlight class="normal"><sp/><sp/><sp/><sp/><sp/><sp/>INFO,<sp/><sp/><sp/><sp/><sp/><sp/><sp/><sp/><sp/><sp/><sp/><sp/><sp/>INFO_NEW,</highlight></codeline>
<codeline lineno="53"><highlight class="normal"><sp/><sp/><sp/><sp/><sp/><sp/>LINK,<sp/><sp/><sp/><sp/><sp/><sp/><sp/><sp/><sp/><sp/><sp/><sp/><sp/>LINK_NEW,</highlight></codeline>
<codeline lineno="54"><highlight class="normal"><sp/><sp/><sp/><sp/><sp/><sp/>BOOKLET,<sp/><sp/><sp/><sp/><sp/><sp/><sp/><sp/><sp/><sp/>BOOKLET_NEW,</highlight></codeline>
<codeline lineno="55"><highlight class="normal"><sp/><sp/><sp/><sp/><sp/><sp/>EMAIL,<sp/><sp/><sp/><sp/><sp/><sp/><sp/><sp/><sp/><sp/><sp/><sp/>EMAIL_NEW,</highlight></codeline>
<codeline lineno="56"><highlight class="normal"><sp/><sp/><sp/><sp/><sp/><sp/>EMAIL2,<sp/><sp/><sp/><sp/><sp/><sp/><sp/><sp/><sp/><sp/><sp/>EMAIL2_NEW,</highlight></codeline>
<codeline lineno="57"><highlight class="normal"><sp/><sp/><sp/><sp/><sp/><sp/>IMAGE,<sp/><sp/><sp/><sp/><sp/><sp/><sp/><sp/><sp/><sp/><sp/><sp/>IMAGE_NEW,</highlight></codeline>
<codeline lineno="58"><highlight class="normal"><sp/><sp/><sp/><sp/><sp/><sp/>AUDIO,<sp/><sp/><sp/><sp/><sp/><sp/><sp/><sp/><sp/><sp/><sp/><sp/>AUDIO_NEW,</highlight></codeline>
<codeline lineno="59"><highlight class="normal"><sp/><sp/><sp/><sp/><sp/><sp/>MUSIC,<sp/><sp/><sp/><sp/><sp/><sp/><sp/><sp/><sp/><sp/><sp/><sp/>MUSIC_NEW,</highlight></codeline>
<codeline lineno="60"><highlight class="normal"><sp/><sp/><sp/><sp/><sp/><sp/>VIDEO,<sp/><sp/><sp/><sp/><sp/><sp/><sp/><sp/><sp/><sp/><sp/><sp/>VIDEO_NEW,</highlight></codeline>
<codeline lineno="61"><highlight class="normal"><sp/><sp/><sp/><sp/><sp/><sp/>INDEX,<sp/><sp/><sp/><sp/><sp/><sp/><sp/><sp/><sp/><sp/><sp/><sp/>INDEX_NEW,</highlight></codeline>
<codeline lineno="62"><highlight class="normal"><sp/><sp/><sp/><sp/><sp/><sp/>IDEA,<sp/><sp/><sp/><sp/><sp/><sp/><sp/><sp/><sp/><sp/><sp/><sp/><sp/>IDEA_NEW,</highlight></codeline>
<codeline lineno="63"><highlight class="normal"><sp/><sp/><sp/><sp/><sp/><sp/>NOTE,<sp/><sp/><sp/><sp/><sp/><sp/><sp/><sp/><sp/><sp/><sp/><sp/><sp/>NOTE_NEW,</highlight></codeline>
<codeline lineno="64"><highlight class="normal"><sp/><sp/><sp/><sp/><sp/><sp/>TOOL,<sp/><sp/><sp/><sp/><sp/><sp/><sp/><sp/><sp/><sp/><sp/><sp/><sp/>TOOL_NEW</highlight></codeline>
<codeline lineno="65"><highlight class="normal"><sp/><sp/><sp/><sp/>};</highlight></codeline>
<codeline lineno="66"><highlight class="normal"><sp/><sp/></highlight><highlight class="keyword">public</highlight><highlight class="normal">:</highlight></codeline>
<codeline lineno="67"><highlight class="normal"><sp/><sp/><sp/><sp/></highlight><highlight class="comment">//static<sp/>HtmlHelp<sp/>*getInstance();</highlight><highlight class="normal"></highlight></codeline>
<codeline lineno="68"><highlight class="normal"><sp/><sp/><sp/><sp/><ref refid="d4/db3/class_html_help_1a0d86f84971a446fc8c61c1a64f8eaaf8" kindref="member">HtmlHelp</ref>();</highlight></codeline>
<codeline lineno="69"><highlight class="normal"><sp/><sp/><sp/><sp/>~<ref refid="d4/db3/class_html_help" kindref="compound" tooltip="A class that generated the HTML Help specific files.">HtmlHelp</ref>();</highlight></codeline>
<codeline lineno="70"><highlight class="normal"><sp/><sp/><sp/><sp/></highlight><highlight class="keywordtype">void</highlight><highlight class="normal"><sp/><ref refid="d4/db3/class_html_help_1acf6cb7c477c71f2031b5831f979991d5" kindref="member">initialize</ref>();</highlight></codeline>
<codeline lineno="71"><highlight class="normal"><sp/><sp/><sp/><sp/></highlight><highlight class="keywordtype">void</highlight><highlight class="normal"><sp/><ref refid="d4/db3/class_html_help_1a66375adceef242d73c6554bd7fba6cf7" kindref="member">finalize</ref>();</highlight></codeline>
<codeline lineno="72"><highlight class="normal"><sp/><sp/><sp/><sp/></highlight><highlight class="keywordtype">void</highlight><highlight class="normal"><sp/><ref refid="d4/db3/class_html_help_1aca0008f8813f28f23ca5bcaea25a7bec" kindref="member">incContentsDepth</ref>();</highlight></codeline>
<codeline lineno="73"><highlight class="normal"><sp/><sp/><sp/><sp/></highlight><highlight class="keywordtype">void</highlight><highlight class="normal"><sp/><ref refid="d4/db3/class_html_help_1ad76b300748e818d96676f0743738090d" kindref="member">decContentsDepth</ref>();</highlight></codeline>
<codeline lineno="74"><highlight class="normal"><sp/><sp/><sp/><sp/></highlight><highlight class="keywordtype">void</highlight><highlight class="normal"><sp/><ref refid="d4/db3/class_html_help_1a254ac391f0b096f1c06b72205fca5d77" kindref="member">addContentsItem</ref>(</highlight><highlight class="keywordtype">bool</highlight><highlight class="normal"><sp/>isDir,</highlight></codeline>
<codeline lineno="75"><highlight class="normal"><sp/><sp/><sp/><sp/><sp/><sp/><sp/><sp/><sp/><sp/><sp/><sp/><sp/><sp/><sp/><sp/><sp/><sp/><sp/><sp/><sp/><sp/><sp/><sp/><sp/></highlight><highlight class="keyword">const</highlight><highlight class="normal"><sp/></highlight><highlight class="keywordtype">char</highlight><highlight class="normal"><sp/>*name,<sp/></highlight></codeline>
<codeline lineno="76"><highlight class="normal"><sp/><sp/><sp/><sp/><sp/><sp/><sp/><sp/><sp/><sp/><sp/><sp/><sp/><sp/><sp/><sp/><sp/><sp/><sp/><sp/><sp/><sp/><sp/><sp/><sp/></highlight><highlight class="keyword">const</highlight><highlight class="normal"><sp/></highlight><highlight class="keywordtype">char</highlight><highlight class="normal"><sp/>*ref,<sp/></highlight></codeline>
<codeline lineno="77"><highlight class="normal"><sp/><sp/><sp/><sp/><sp/><sp/><sp/><sp/><sp/><sp/><sp/><sp/><sp/><sp/><sp/><sp/><sp/><sp/><sp/><sp/><sp/><sp/><sp/><sp/><sp/></highlight><highlight class="keyword">const</highlight><highlight class="normal"><sp/></highlight><highlight class="keywordtype">char</highlight><highlight class="normal"><sp/>*file,</highlight></codeline>
<codeline lineno="78"><highlight class="normal"><sp/><sp/><sp/><sp/><sp/><sp/><sp/><sp/><sp/><sp/><sp/><sp/><sp/><sp/><sp/><sp/><sp/><sp/><sp/><sp/><sp/><sp/><sp/><sp/><sp/></highlight><highlight class="keyword">const</highlight><highlight class="normal"><sp/></highlight><highlight class="keywordtype">char</highlight><highlight class="normal"><sp/>*anchor,</highlight></codeline>
<codeline lineno="79"><highlight class="normal"><sp/><sp/><sp/><sp/><sp/><sp/><sp/><sp/><sp/><sp/><sp/><sp/><sp/><sp/><sp/><sp/><sp/><sp/><sp/><sp/><sp/><sp/><sp/><sp/><sp/></highlight><highlight class="keywordtype">bool</highlight><highlight class="normal"><sp/>separateIndex,</highlight></codeline>
<codeline lineno="80"><highlight class="normal"><sp/><sp/><sp/><sp/><sp/><sp/><sp/><sp/><sp/><sp/><sp/><sp/><sp/><sp/><sp/><sp/><sp/><sp/><sp/><sp/><sp/><sp/><sp/><sp/><sp/></highlight><highlight class="keywordtype">bool</highlight><highlight class="normal"><sp/>addToNavIndex,</highlight></codeline>
<codeline lineno="81"><highlight class="normal"><sp/><sp/><sp/><sp/><sp/><sp/><sp/><sp/><sp/><sp/><sp/><sp/><sp/><sp/><sp/><sp/><sp/><sp/><sp/><sp/><sp/><sp/><sp/><sp/><sp/><ref refid="d5/dcc/class_definition" kindref="compound" tooltip="The common base class of all entity definitions found in the sources.">Definition</ref><sp/>*def);</highlight></codeline>
<codeline lineno="82"><highlight class="normal"><sp/><sp/><sp/><sp/></highlight><highlight class="keywordtype">void</highlight><highlight class="normal"><sp/>addIndexItem(<ref refid="d5/dcc/class_definition" kindref="compound" tooltip="The common base class of all entity definitions found in the sources.">Definition</ref><sp/>*context,<ref refid="da/d09/class_member_def" kindref="compound" tooltip="A model of a class/file/namespace member symbol.">MemberDef</ref><sp/>*md,</highlight></codeline>
<codeline lineno="83"><highlight class="normal"><sp/><sp/><sp/><sp/><sp/><sp/><sp/><sp/><sp/><sp/><sp/><sp/><sp/><sp/><sp/><sp/><sp/><sp/><sp/><sp/><sp/><sp/></highlight><highlight class="keyword">const</highlight><highlight class="normal"><sp/></highlight><highlight class="keywordtype">char</highlight><highlight class="normal"><sp/>*sectionAnchor,<sp/></highlight><highlight class="keyword">const</highlight><highlight class="normal"><sp/></highlight><highlight class="keywordtype">char</highlight><highlight class="normal"><sp/>*title);</highlight></codeline>
<codeline lineno="84"><highlight class="normal"><sp/><sp/><sp/><sp/></highlight><highlight class="keywordtype">void</highlight><highlight class="normal"><sp/>addIndexFile(</highlight><highlight class="keyword">const</highlight><highlight class="normal"><sp/></highlight><highlight class="keywordtype">char</highlight><highlight class="normal"><sp/>*name);</highlight></codeline>
<codeline lineno="85"><highlight class="normal"><sp/><sp/><sp/><sp/></highlight><highlight class="keywordtype">void</highlight><highlight class="normal"><sp/>addImageFile(</highlight><highlight class="keyword">const</highlight><highlight class="normal"><sp/></highlight><highlight class="keywordtype">char</highlight><highlight class="normal"><sp/>*);</highlight></codeline>
<codeline lineno="86"><highlight class="normal"><sp/><sp/><sp/><sp/></highlight><highlight class="keywordtype">void</highlight><highlight class="normal"><sp/>addStyleSheetFile(</highlight><highlight class="keyword">const</highlight><highlight class="normal"><sp/></highlight><highlight class="keywordtype">char</highlight><highlight class="normal"><sp/>*)<sp/>{}</highlight></codeline>
<codeline lineno="87"><highlight class="normal"></highlight></codeline>
<codeline lineno="88"><highlight class="normal"><sp/><sp/></highlight><highlight class="keyword">private</highlight><highlight class="normal">:</highlight></codeline>
<codeline lineno="89"><highlight class="normal"><sp/><sp/><sp/><sp/></highlight><highlight class="keyword">friend</highlight><highlight class="normal"><sp/></highlight><highlight class="keyword">class<sp/></highlight><highlight class="normal">HtmlHelpIndex;</highlight></codeline>
<codeline lineno="90"><highlight class="normal"><sp/><sp/><sp/><sp/></highlight><highlight class="keywordtype">void</highlight><highlight class="normal"><sp/>createProjectFile();</highlight></codeline>
<codeline lineno="91"><highlight class="normal"></highlight></codeline>
<codeline lineno="92"><highlight class="normal"><sp/><sp/><sp/><sp/>QFile<sp/>*cf,*kf;<sp/></highlight></codeline>
<codeline lineno="93"><highlight class="normal"><sp/><sp/><sp/><sp/><ref refid="dc/d3c/class_f_text_stream" kindref="compound" tooltip="Simplified and optimized version of QTextStream.">FTextStream</ref><sp/>cts,kts;</highlight></codeline>
<codeline lineno="94"><highlight class="normal"><sp/><sp/><sp/><sp/>HtmlHelpIndex<sp/>*index;</highlight></codeline>
<codeline lineno="95"><highlight class="normal"><sp/><sp/><sp/><sp/></highlight><highlight class="keywordtype">int</highlight><highlight class="normal"><sp/>dc;</highlight></codeline>
<codeline lineno="96"><highlight class="normal"><sp/><sp/><sp/><sp/>QStrList<sp/>indexFiles;</highlight></codeline>
<codeline lineno="97"><highlight class="normal"><sp/><sp/><sp/><sp/>QStrList<sp/>imageFiles;</highlight></codeline>
<codeline lineno="98"><highlight class="normal"><sp/><sp/><sp/><sp/>QDict&lt;void&gt;<sp/>indexFileDict;</highlight></codeline>
<codeline lineno="99"><highlight class="normal"><sp/><sp/><sp/><sp/></highlight><highlight class="keyword">static</highlight><highlight class="normal"><sp/><ref refid="d4/db3/class_html_help" kindref="compound" tooltip="A class that generated the HTML Help specific files.">HtmlHelp</ref><sp/>*theInstance;</highlight></codeline>
<codeline lineno="100"><highlight class="normal"><sp/><sp/><sp/><sp/>QCString<sp/>recode(</highlight><highlight class="keyword">const</highlight><highlight class="normal"><sp/>QCString<sp/>&amp;s);</highlight></codeline>
<codeline lineno="101"><highlight class="normal"><sp/><sp/><sp/><sp/></highlight><highlight class="keywordtype">void</highlight><highlight class="normal"><sp/>*m_fromUtf8;</highlight></codeline>
<codeline lineno="102"><highlight class="normal">};</highlight></codeline>
<codeline lineno="103"><highlight class="normal"></highlight></codeline>
<codeline lineno="104"><highlight class="normal"></highlight><highlight class="preprocessor">#endif<sp/></highlight><highlight class="comment">/*<sp/>HTMLHELP_H<sp/>*/</highlight><highlight class="preprocessor"></highlight></codeline>
<codeline lineno="105"><highlight class="preprocessor"></highlight><highlight class="normal"></highlight></codeline>
    </programlisting>
    <location file="C:/Users/Mat/Projects/doxygraph/examples/doxygen-1.8.4/src/htmlhelp.h"/>
  </compounddef>
</doxygen>
