<?xml version='1.0' encoding='UTF-8' standalone='no'?>
<doxygen xmlns:xsi="http://www.w3.org/2001/XMLSchema-instance" xsi:noNamespaceSchemaLocation="compound.xsd" version="1.8.2">
  <compounddef id="d3/df1/jquery__p3__js_8h" kind="file">
    <compoundname>jquery_p3_js.h</compoundname>
    <includedby refid="d8/d6e/htmlgen_8cpp" local="yes">src/htmlgen.cpp</includedby>
    <invincdepgraph>
      <node id="2796">
        <label>src/jquery_p3_js.h</label>
        <link refid="jquery_p3_js.h"/>
        <childnode refid="2797" relation="include">
        </childnode>
      </node>
      <node id="2797">
        <label>src/htmlgen.cpp</label>
        <link refid="d8/d6e/htmlgen_8cpp_source"/>
      </node>
    </invincdepgraph>
      <sectiondef kind="func">
      <memberdef kind="function" id="d3/df1/jquery__p3__js_8h_1a4ba1433f13e4ab4d99c5c9fe34fbfd1d" prot="public" static="no" const="no" explicit="no" inline="no" virt="non-virtual">
        <type></type>
        <definition>if</definition>
        <argsstring>(bA &gt;0)</argsstring>
        <name>if</name>
        <param>
          <type>bA</type>
        </param>
        <param>
          <type>0</type>
        </param>
        <briefdescription>
        </briefdescription>
        <detaileddescription>
        </detaileddescription>
        <inbodydescription>
        </inbodydescription>
        <location file="C:/Users/Mat/Projects/doxygraph/examples/doxygen-1.8.4/src/jquery_p3_js.h" line="1" bodyfile="C:/Users/Mat/Projects/doxygraph/examples/doxygen-1.8.4/src/jquery_p3_js.h" bodystart="1" bodyend="-1"/>
      </memberdef>
      </sectiondef>
    <briefdescription>
    </briefdescription>
    <detaileddescription>
    </detaileddescription>
    <programlisting>
<codeline lineno="1"><highlight class="stringliteral">&quot;if(bA&gt;0){if(bv!==\&quot;border\&quot;){for(;bx&lt;e;bx++){if(!bv){bA-=parseFloat(b.css(by,\&quot;padding\&quot;+bz[bx]))||0}if(bv===\&quot;margin\&quot;){bA+=parseFloat(b.css(by,bv+bz[bx]))||0}else{bA-=parseFloat(b.css(by,\&quot;border\&quot;+bz[bx]+\&quot;Width\&quot;))||0}}}return<sp/>bA+\&quot;px\&quot;}bA=Z(by,bw,bw);if(bA&lt;0||bA==null){bA=by.style[bw]||0}bA=parseFloat(bA)||0;if(bv){for(;bx&lt;e;bx++){bA+=parseFloat(b.css(by,\&quot;padding\&quot;+bz[bx]))||0;if(bv!==\&quot;padding\&quot;){bA+=parseFloat(b.css(by,\&quot;border\&quot;+bz[bx]+\&quot;Width\&quot;))||0}if(bv===\&quot;margin\&quot;){bA+=parseFloat(b.css(by,bv+bz[bx]))||0}}}return<sp/>bA+\&quot;px\&quot;}if(b.expr&amp;&amp;b.expr.filters){b.expr.filters.hidden=function(bw){var<sp/>bv=bw.offsetWidth,e=bw.offsetHeight;return(bv===0&amp;&amp;e===0)||(!b.support.reliableHiddenOffsets&amp;&amp;((bw.style&amp;&amp;bw.style.display)||b.css(bw,\&quot;display\&quot;))===\&quot;none\&quot;)};b.expr.filters.visible=function(e){return<sp/>!b.expr.filters.hidden(e)}}var<sp/>k=/%20/g,ap=/\\[\\]$/,bs=/\\r?\\n/g,bq=/#.*$/,aD=/^(.*?):[<sp/>\\t]*([^\\r\\n]*)\\r?$/mg,aZ=/^(?:color|date|datetime|datetime-local|email|hidden|month|number|password|range|search|tel|text|time|url|week)$/i,aM=/^(?:about|app|app\\-storage|.+\\-extension|file|res|widget):$/,aQ=/^(?:GET|HEAD)$/,c=/^\\/\\//,M=/\\?/,a6=/&lt;script\\b[^&lt;]*(?:(?!&lt;\\/script&gt;)&lt;[^&lt;]*)*&lt;\\/script&gt;/gi,q=/^(?:select|textarea)/i,h=/\\s+/,br=/([?&amp;])_=[^&amp;]*/,K=/^([\\w\\+\\.\\-]+:)(?:\\/\\/([^\\/?#:]*)(?::(\\d+))?)?/,A=b.fn.load,aa={},r={},aE,s,aV=[\&quot;*/\&quot;]+[\&quot;*\&quot;];try{aE=bl.href}catch(aw){aE=av.createElement(\&quot;a\&quot;);aE.href=\&quot;\&quot;;aE=aE.href}s=K.exec(aE.toLowerCase())||[];function<sp/>f(e){return<sp/>function(by,bA){if(typeof<sp/>by!==\&quot;string\&quot;){bA=by;by=\&quot;*\&quot;}if(b.isFunction(bA)){var<sp/>bx=by.toLowerCase().split(h),bw=0,bz=bx.length,bv,bB,bC;for(;bw&lt;bz;bw++){bv=bx[bw];bC=/^\\+/.test(bv);if(bC){bv=bv.substr(1)||\&quot;*\&quot;}bB=e[bv]=e[bv]||[];bB[bC?\&quot;unshift\&quot;:\&quot;push\&quot;](bA)}}}}function<sp/>aW(bv,bE,bz,bD,bB,bx){bB=bB||bE.dataTypes[0];bx=bx||{};bx[bB]=true;var<sp/>bA=bv[bB],bw=0,e=bA?bA.length:0,by=(bv===aa),bC;for(;bw&lt;e&amp;&amp;(by||!bC);bw++){bC=bA[bw](bE,bz,bD);if(typeof<sp/>bC===\&quot;string\&quot;){if(!by||bx[bC]){bC=L}else{bE.dataTypes.unshift(bC);bC=aW(bv,bE,bz,bD,bC,bx)}}}if((by||!bC)&amp;&amp;!bx[\&quot;*\&quot;]){bC=aW(bv,bE,bz,bD,\&quot;*\&quot;,bx)}return<sp/>bC}function<sp/>am(bw,bx){var<sp/>bv,e,by=b.ajaxSettings.flatOptions||{};for(bv<sp/>in<sp/>bx){if(bx[bv]!==L){(by[bv]?bw:(e||(e={})))[bv]=bx[bv]}}if(e){b.extend(true,bw,e)}}b.fn.extend({load:function(bw,bz,bA){if(typeof<sp/>bw!==\&quot;string\&quot;&amp;&amp;A){return<sp/>A.apply(this,arguments)}else{if(!this.length){return<sp/>this}}var<sp/>by=bw.indexOf(\&quot;<sp/>\&quot;);if(by&gt;=0){var<sp/>e=bw.slice(by,bw.length);bw=bw.slice(0,by)}var<sp/>bx=\&quot;GET\&quot;;if(bz){if(b.isFunction(bz)){bA=bz;bz=L}else{if(typeof<sp/>bz===\&quot;object\&quot;){bz=b.param(bz,b.ajaxSettings.traditional);bx=\&quot;POST\&quot;}}}var<sp/>bv=this;b.ajax({url:bw,type:bx,dataType:\&quot;html\&quot;,data:bz,complete:function(bC,bB,bD){bD=bC.responseText;if(bC.isResolved()){bC.done(function(bE){bD=bE});bv.html(e?b(\&quot;&lt;div&gt;\&quot;).append(bD.replace(a6,\&quot;\&quot;)).find(e):bD)}if(bA){bv.each(bA,[bD,bB,bC])}}});return<sp/>this},serialize:function(){return<sp/>b.param(this.serializeArray())},serializeArray:function(){return<sp/>this.map(function(){return<sp/>this.elements?b.makeArray(this.elements):this}).filter(function(){return<sp/>this.name&amp;&amp;!this.disabled&amp;&amp;(this.checked||q.test(this.nodeName)||aZ.test(this.type))}).map(function(e,bv){var<sp/>bw=b(this).val();return<sp/>bw==null?null:b.isArray(bw)?b.map(bw,function(by,bx){return{name:bv.name,value:by.replace(bs,\&quot;\\r\\n\&quot;)}}):{name:bv.name,value:bw.replace(bs,\&quot;\\r\\n\&quot;)}}).get()}});b.each(\&quot;ajaxStart<sp/>ajaxStop<sp/>ajaxComplete<sp/>ajaxError<sp/>ajaxSuccess<sp/>ajaxSend\&quot;.split(\&quot;<sp/>\&quot;),function(e,bv){b.fn[bv]=function(bw){return<sp/>this.on(bv,bw)}});b.each([\&quot;get\&quot;,\&quot;post\&quot;],function(e,bv){b[bv]=function(bw,by,bz,bx){if(b.isFunction(by)){bx=bx||bz;bz=by;by=L}return<sp/>b.ajax({type:bv,url:bw,data:by,success:bz,dataType:bx})}});b.extend({getScript:function(e,bv){return<sp/>b.get(e,L,bv,\&quot;script\&quot;)},getJSON:function(e,bv,bw){return<sp/>b.get(e,bv,bw,\&quot;json\&quot;)},ajaxSetup:function(bv,e){if(e){am(bv,b.ajaxSettings)}else{e=bv;bv=b.ajaxSettings}am(bv,e);return<sp/>bv},ajaxSettings:{url:aE,isLocal:aM.test(s[1]),global:true,type:\&quot;GET\&quot;,contentType:\&quot;application/x-www-form-urlencoded\&quot;,processData:true,async:true,accepts:{xml:\&quot;application/xml,<sp/>text/xml\&quot;,html:\&quot;text/html\&quot;,text:\&quot;text/plain\&quot;,json:\&quot;application/json,<sp/>text/javascript\&quot;,\&quot;*\&quot;:aV},contents:{xml:/xml/,html:/html/,json:/json/},responseFields:{xml:\&quot;responseXML\&quot;,text:\&quot;responseText\&quot;},converters:{\&quot;*<sp/>text\&quot;:bb.String,\&quot;text<sp/>html\&quot;:true,\&quot;text<sp/>json\&quot;:b.parseJSON,\&quot;text<sp/>xml\&quot;:b.parseXML},flatOptions:{context:true,url:true}},ajaxPrefilter:f(aa),ajaxTransport:f(r),ajax:function(bz,bx){if(typeof<sp/>bz===\&quot;object\&quot;){bx=bz;bz=L}bx=bx||{};var<sp/>bD=b.ajaxSetup({},bx),bS=bD.context||bD,bG=bS!==bD&amp;&amp;(bS.nodeType||bS<sp/>instanceof<sp/>b)?b(bS):b.event,bR=b.Deferred(),bN=b.Callbacks(\&quot;once<sp/>memory\&quot;),bB=bD.statusCode||{},bC,bH={},bO={},bQ,by,bL,bE,bI,bA=0,bw,bK,bJ={readyState:0,setRequestHeader:function(bT,bU){if(!bA){var<sp/>e=bT.toLowerCase();bT=bO[e]=bO[e]||bT;bH[bT]=bU}return<sp/>this},getAllResponseHeaders:function(){return<sp/>bA===2?bQ:null},getResponseHeader:function(bT){var<sp/>e;if(bA===2){if(!by){by={};while((e=aD.exec(bQ))){by[e[1].toLowerCase()]=e[2]}}e=by[bT.toLowerCase()]}return<sp/>e===L?null:e},overrideMimeType:function(e){if(!bA){bD.mimeType=e}return<sp/>this},abort:function(e){e=e||\&quot;abort\&quot;;if(bL){bL.abort(e)}bF(0,e);return<sp/>this}};function<sp/>bF(bZ,bU,b0,bW){if(bA===2){return}bA=2;if(bE){clearTimeout(bE)}bL=L;bQ=bW||\&quot;\&quot;;bJ.readyState=bZ&gt;0?4:0;var<sp/>bT,b4,b3,bX=bU,bY=b0?bj(bD,bJ,b0):L,bV,b2;if(bZ&gt;=200&amp;&amp;bZ&lt;300||bZ===304){if(bD.ifModified){if((bV=bJ.getResponseHeader(\&quot;Last-Modified\&quot;))){b.lastModified[bC]=bV}if((b2=bJ.getResponseHeader(\&quot;Etag\&quot;))){b.etag[bC]=b2}}if(bZ===304){bX=\&quot;notmodified\&quot;;bT=true}else{try{b4=G(bD,bY);bX=\&quot;success\&quot;;bT=true}catch(b1){bX=\&quot;parsererror\&quot;;b3=b1}}}else{b3=bX;if(!bX||bZ){bX=\&quot;error\&quot;;if(bZ&lt;0){bZ=0}}}bJ.status=bZ;bJ.statusText=\&quot;\&quot;+(bU||bX);if(bT){bR.resolveWith(bS,[b4,bX,bJ])}else{bR.rejectWith(bS,[bJ,bX,b3])}bJ.statusCode(bB);bB=L;if(bw){bG.trigger(\&quot;ajax\&quot;+(bT?\&quot;Success\&quot;:\&quot;Error\&quot;),[bJ,bD,bT?b4:b3])}bN.fireWith(bS,[bJ,bX]);if(bw){bG.trigger(\&quot;ajaxComplete\&quot;,[bJ,bD]);if(!(--b.active)){b.event.trigger(\&quot;ajaxStop\&quot;)}}}bR.promise(bJ);bJ.success=bJ.done;bJ.error=bJ.fail;bJ.complete=bN.add;bJ.statusCode=function(bT){if(bT){var<sp/>e;if(bA&lt;2){for(e<sp/>in<sp/>bT){bB[e]=[bB[e],bT[e]]}}else{e=bT[bJ.status];bJ.then(e,e)}}return<sp/>this};bD.url=((bz||bD.url)+\&quot;\&quot;).replace(bq,\&quot;\&quot;).replace(c,s[1]+\&quot;//\&quot;);bD.dataTypes=b.trim(bD.dataType||\&quot;*\&quot;).toLowerCase().split(h);if(bD.crossDomain==null){bI=K.exec(bD.url.toLowerCase());bD.crossDomain=!!(bI&amp;&amp;(bI[1]!=s[1]||bI[2]!=s[2]||(bI[3]||(bI[1]===\&quot;http:\&quot;?80:443))!=(s[3]||(s[1]===\&quot;http:\&quot;?80:443))))}if(bD.data&amp;&amp;bD.processData&amp;&amp;typeof<sp/>bD.data!==\&quot;string\&quot;){bD.data=b.param(bD.data,bD.traditional)}aW(aa,bD,bx,bJ);if(bA===2){return<sp/>false}bw=bD.global;bD.type=bD.type.toUpperCase();bD.hasContent=!aQ.test(bD.type);if(bw&amp;&amp;b.active++===0){b.event.trigger(\&quot;ajaxStart\&quot;)}if(!bD.hasContent){if(bD.data){bD.url+=(M.test(bD.url)?\&quot;&amp;\&quot;:\&quot;?\&quot;)+bD.data;delete<sp/>bD.data}bC=bD.url;if(bD.cache===false){var<sp/>bv=b.now(),bP=bD.url.replace(br,\&quot;$1_=\&quot;+bv);bD.url=bP+((bP===bD.url)?(M.test(bD.url)?\&quot;&amp;\&quot;:\&quot;?\&quot;)+\&quot;_=\&quot;+bv:\&quot;\&quot;)}}if(bD.data&amp;&amp;bD.hasContent&amp;&amp;bD.contentType!==false||bx.contentType){bJ.setRequestHeader(\&quot;Content-Type\&quot;,bD.contentType)}if(bD.ifModified){bC=bC||bD.url;if(b.lastModified[bC]){bJ.setRequestHeader(\&quot;If-Modified-Since\&quot;,b.lastModified[bC])}if(b.etag[bC]){bJ.setRequestHeader(\&quot;If-None-Match\&quot;,b.etag[bC])}}bJ.setRequestHeader(\&quot;Accept\&quot;,bD.dataTypes[0]&amp;&amp;bD.accepts[bD.dataTypes[0]]?bD.accepts[bD.dataTypes[0]]+(bD.dataTypes[0]!==\&quot;*\&quot;?\&quot;,<sp/>\&quot;+aV+\&quot;;<sp/>q=0.01\&quot;:\&quot;\&quot;):bD.accepts[\&quot;*\&quot;]);for(bK<sp/>in<sp/>bD.headers){bJ.setRequestHeader(bK,bD.headers[bK])}if(bD.beforeSend&amp;&amp;(bD.beforeSend.call(bS,bJ,bD)===false||bA===2)){bJ.abort();return<sp/>false}for(bK<sp/>in<sp/>{success:1,error:1,complete:1}){bJ[bK](bD[bK])}bL=aW(r,bD,bx,bJ);if(!bL){bF(-1,\&quot;No<sp/>Transport\&quot;)}else{bJ.readyState=1;if(bw){bG.trigger(\&quot;ajaxSend\&quot;,[bJ,bD])}if(bD.async&amp;&amp;bD.timeout&gt;0){bE=setTimeout(function(){bJ.abort(\&quot;timeout\&quot;)},bD.timeout)}try{bA=1;bL.send(bH,bF)}catch(bM){if(bA&lt;2){bF(-1,bM)}else{throw<sp/>bM}}}return<sp/>bJ},param:function(e,bw){var<sp/>bv=[],by=function(bz,bA){bA=b.isFunction(bA)?bA():bA;bv[bv.length]=encodeURIComponent(bz)+\&quot;=\&quot;+encodeURIComponent(bA)};if(bw===L){bw=b.ajaxSettings.traditional}if(b.isArray(e)||(e.jquery&amp;&amp;!b.isPlainObject(e))){b.each(e,function(){by(this.name,this.value)})}else{for(var<sp/>bx<sp/>in<sp/>e){v(bx,e[bx],bw,by)}}return<sp/>bv.join(\&quot;&amp;\&quot;).replace(k,\&quot;+\&quot;)}});function<sp/>v(bw,by,bv,bx){if(b.isArray(by)){b.each(by,function(bA,bz){if(bv||ap.test(bw)){bx(bw,bz)}else{v(bw+\&quot;[\&quot;+(typeof<sp/>bz===\&quot;object\&quot;||b.isArray(bz)?bA:\&quot;\&quot;)+\&quot;]\&quot;,bz,bv,bx)}})}else{if(!bv&amp;&amp;by!=null&amp;&amp;typeof<sp/>by===\&quot;object\&quot;){for(var<sp/>e<sp/>in<sp/>by){v(bw+\&quot;[\&quot;+e+\&quot;]\&quot;,by[e],bv,bx)}}else{bx(bw,by)}}}b.extend({active:0,lastModified:{},etag:{}});function<sp/>bj(bD,bC,bz){var<sp/>bv=bD.contents,bB=bD.dataTypes,bw=bD.responseFields,by,bA,bx,e;for(bA<sp/>in<sp/>bw){if(bA<sp/>in<sp/>bz){bC[bw[bA]]=bz[bA]}}while(bB[0]===\&quot;*\&quot;){bB.shift();if(by===L){by=bD.mimeType||bC.getResponseHeader(\&quot;content-type\&quot;)}}if(by){for(bA<sp/>in<sp/>bv){if(bv[bA]&amp;&amp;bv[bA].test(by)){bB.unshift(bA);break}}}if(bB[0]<sp/>in<sp/>bz){bx=bB[0]}else{for(bA<sp/>in<sp/>bz){if(!bB[0]||bD.converters[bA+\&quot;<sp/>\&quot;+bB[0]]){bx=bA;break}if(!e){e=bA}}bx=bx||e}if(bx){if(bx!==bB[0]){bB.unshift(bx)}return<sp/>bz[bx]}}function<sp/>G(bH,bz){if(bH.dataFilter){bz=bH.dataFilter(bz,bH.dataType)}var<sp/>bD=bH.dataTypes,bG={},bA,bE,bw=bD.length,bB,bC=bD[0],bx,by,bF,bv,e;for(bA=1;bA&lt;bw;bA++){if(bA===1){for(bE<sp/>in<sp/>bH.converters){if(typeof<sp/>bE===\&quot;string\&quot;){bG[bE.toLowerCase()]=bH.converters[bE]}}}bx=bC;bC=bD[bA];if(bC===\&quot;*\&quot;){bC=bx}else{if(bx!==\&quot;*\&quot;&amp;&amp;bx!==bC){by=bx+\&quot;<sp/>\&quot;+bC;bF=bG[by]||bG[\&quot;*<sp/>\&quot;+bC];if(!bF){e=L;for(bv<sp/>in<sp/>bG){bB=bv.split(\&quot;<sp/>\&quot;);if(bB[0]===bx||bB[0]===\&quot;*\&quot;){e=bG[bB[1]+\&quot;<sp/>\&quot;+bC];if(e){bv=bG[bv];if(bv===true){bF=e}else{if(e===true){bF=bv}}break}}}}if(!(bF||e)){b.error(\&quot;No<sp/>conversion<sp/>from<sp/>\&quot;+by.replace(\&quot;<sp/>\&quot;,\&quot;<sp/>to<sp/>\&quot;))}if(bF!==true){bz=bF?bF(bz):e(bv(bz))}}}}return<sp/>bz}var<sp/>aC=b.now(),u=/(\\=)\\?(&amp;|$)|\\?\\?/i;b.ajaxSetup({jsonp:\&quot;callback\&quot;,jsonpCallback:function(){return<sp/>b.expando+\&quot;_\&quot;+(aC++)}});b.ajaxPrefilter(\&quot;json<sp/>jsonp\&quot;,function(bD,bA,bC){var<sp/>bx=bD.contentType===\&quot;application/x-www-form-urlencoded\&quot;&amp;&amp;(typeof<sp/>bD.data===\&quot;string\&quot;);if(bD.dataTypes[0]===\&quot;jsonp\&quot;||bD.jsonp!==false&amp;&amp;(u.test(bD.url)||bx&amp;&amp;u.test(bD.data))){var<sp/>bB,bw=bD.jsonpCallback=b.isFunction(bD.jsonpCallback)?bD.jsonpCallback():bD.jsonpCallback,bz=bb[bw],e=bD.url,by=bD.data,bv=\&quot;$1\&quot;+bw+\&quot;$2\&quot;;if(bD.jsonp!==false){e=e.replace(u,bv);if(bD.url===e){if(bx){by=by.replace(u,bv)}if(bD.data===by){e+=(/\\?/.test(e)?\&quot;&amp;\&quot;:\&quot;?\&quot;)+bD.jsonp+\&quot;=\&quot;+bw}}}bD.url=e;bD.data=by;bb[bw]=function(bE){bB=[bE]};bC.always(function(){bb[bw]=bz;if(bB&amp;&amp;b.isFunction(bz)){bb[bw](bB[0])}});bD.converters[\&quot;script<sp/>json\&quot;]=function(){if(!bB){b.error(bw+\&quot;<sp/>was<sp/>not<sp/>called\&quot;)}return<sp/>bB[0]};bD.dataTypes[0]=\&quot;json\&quot;;return\&quot;script\&quot;}});b.ajaxSetup({accepts:{script:\&quot;text/javascript,<sp/>application/javascript,<sp/>application/ecmascript,<sp/>application/x-ecmascript\&quot;},contents:{script:/javascript|ecmascript/},converters:{\&quot;text<sp/>script\&quot;:function(e){b.globalEval(e);return<sp/>e}}});b.ajaxPrefilter(\&quot;script\&quot;,function(e){if(e.cache===L){e.cache=false}if(e.crossDomain){e.type=\&quot;GET\&quot;;e.global=false}});b.ajaxTransport(\&quot;script\&quot;,function(bw){if(bw.crossDomain){var<sp/>e,bv=av.head||av.getElementsByTagName(\&quot;head\&quot;)[0]||av.documentElement;return{send:function(bx,by){e=av.createElement(\&quot;script\&quot;);e.async=\&quot;async\&quot;;if(bw.scriptCharset){e.charset=bw.scriptCharset}e.src=bw.url;e.onload=e.onreadystatechange=function(bA,bz){if(bz||!e.readyState||/loaded|complete/.test(e.readyState)){e.onload=e.onreadystatechange=null;if(bv&amp;&amp;e.parentNode){bv.removeChild(e)}e=L;if(!bz){by(200,\&quot;success\&quot;)}}};bv.insertBefore(e,bv.firstChild)},abort:function(){if(e){e.onload(0,1)}}}}});var<sp/>B=bb.ActiveXObject?function(){for(var<sp/>e<sp/>in<sp/>N){N[e](0,1)}}:false,y=0,N;function<sp/>aL(){try{return<sp/>new<sp/>bb.XMLHttpRequest()}catch(bv){}}function<sp/>aj(){try{return<sp/>new<sp/>bb.ActiveXObject(\&quot;Microsoft.XMLHTTP\&quot;)}catch(bv){}}b.ajaxSettings.xhr=bb.ActiveXObject?function(){return<sp/>!this.isLocal&amp;&amp;aL()||aj()}:aL;(function(e){b.extend(b.support,{ajax:!!e,cors:!!e&amp;&amp;(\&quot;withCredentials\&quot;<sp/>in<sp/>e)})})(b.ajaxSettings.xhr());if(b.support.ajax){b.ajaxTransport(function(e){if(!e.crossDomain||b.support.cors){var<sp/>bv;return{send:function(bB,bw){var<sp/>bA=e.xhr(),bz,by;if(e.username){bA.open(e.type,e.url,e.async,e.username,e.password)}else{bA.open(e.type,e.url,e.async)}if(e.xhrFields){for(by<sp/>in<sp/>e.xhrFields){bA[by]=e.xhrFields[by]}}if(e.mimeType&amp;&amp;bA.overrideMimeType){bA.overrideMimeType(e.mimeType)}if(!e.crossDomain&amp;&amp;!bB[\&quot;X-Requested-With\&quot;]){bB[\&quot;X-Requested-With\&quot;]=\&quot;XMLHttpRequest\&quot;}try{for(by<sp/>in<sp/>bB){bA.setRequestHeader(by,bB[by])}}catch(bx){}bA.send((e.hasContent&amp;&amp;e.data)||null);bv=function(bK,bE){var<sp/>bF,bD,bC,bI,bH;try{if(bv&amp;&amp;(bE||bA.readyState===4)){bv=L;if(bz){bA.onreadystatechange=b.noop;if(B){delete<sp/>N[bz]}}if(bE){if(bA.readyState!==4){bA.abort()}}else{bF=bA.status;bC=bA.getAllResponseHeaders();bI={};bH=bA.responseXML;if(bH&amp;&amp;bH.documentElement){bI.xml=bH}bI.text=bA.responseText;try{bD=bA.statusText}catch(bJ){bD=\&quot;\&quot;}if(!bF&amp;&amp;e.isLocal&amp;&amp;!e.crossDomain){bF=bI.text?200:404}else{if(bF===1223){bF=204}}}}}catch(bG){if(!bE){bw(-1,bG)}}if(bI){bw(bF,bD,bI,bC)}};if(!e.async||bA.readyState===4){bv()}else{bz=++y;if(B){if(!N){N={};b(bb).unload(B)}N[bz]=bv}bA.onreadystatechange=bv}},abort:function(){if(bv){bv(0,1)\n&quot;</highlight><highlight class="normal"></highlight></codeline>
<codeline lineno="2"><highlight class="normal"></highlight><highlight class="stringliteral">&quot;}}}}})}var<sp/>Q={},a8,m,aB=/^(?:toggle|show|hide)$/,aT=/^([+\\-]=)?([\\d+.\\-]+)([a-z%]*)$/i,a3,aH=[[\&quot;height\&quot;,\&quot;marginTop\&quot;,\&quot;marginBottom\&quot;,\&quot;paddingTop\&quot;,\&quot;paddingBottom\&quot;],[\&quot;width\&quot;,\&quot;marginLeft\&quot;,\&quot;marginRight\&quot;,\&quot;paddingLeft\&quot;,\&quot;paddingRight\&quot;],[\&quot;opacity\&quot;]],a4;b.fn.extend({show:function(bx,bA,bz){var<sp/>bw,by;if(bx||bx===0){return<sp/>this.animate(a0(\&quot;show\&quot;,3),bx,bA,bz)}else{for(var<sp/>bv=0,e=this.length;bv&lt;e;bv++){bw=this[bv];if(bw.style){by=bw.style.display;if(!b._data(bw,\&quot;olddisplay\&quot;)&amp;&amp;by===\&quot;none\&quot;){by=bw.style.display=\&quot;\&quot;}if(by===\&quot;\&quot;&amp;&amp;b.css(bw,\&quot;display\&quot;)===\&quot;none\&quot;){b._data(bw,\&quot;olddisplay\&quot;,x(bw.nodeName))}}}for(bv=0;bv&lt;e;bv++){bw=this[bv];if(bw.style){by=bw.style.display;if(by===\&quot;\&quot;||by===\&quot;none\&quot;){bw.style.display=b._data(bw,\&quot;olddisplay\&quot;)||\&quot;\&quot;}}}return<sp/>this}},hide:function(bx,bA,bz){if(bx||bx===0){return<sp/>this.animate(a0(\&quot;hide\&quot;,3),bx,bA,bz)}else{var<sp/>bw,by,bv=0,e=this.length;for(;bv&lt;e;bv++){bw=this[bv];if(bw.style){by=b.css(bw,\&quot;display\&quot;);if(by!==\&quot;none\&quot;&amp;&amp;!b._data(bw,\&quot;olddisplay\&quot;)){b._data(bw,\&quot;olddisplay\&quot;,by)}}}for(bv=0;bv&lt;e;bv++){if(this[bv].style){this[bv].style.display=\&quot;none\&quot;}}return<sp/>this}},_toggle:b.fn.toggle,toggle:function(bw,bv,bx){var<sp/>e=typeof<sp/>bw===\&quot;boolean\&quot;;if(b.isFunction(bw)&amp;&amp;b.isFunction(bv)){this._toggle.apply(this,arguments)}else{if(bw==null||e){this.each(function(){var<sp/>by=e?bw:b(this).is(\&quot;:hidden\&quot;);b(this)[by?\&quot;show\&quot;:\&quot;hide\&quot;]()})}else{this.animate(a0(\&quot;toggle\&quot;,3),bw,bv,bx)}}return<sp/>this},fadeTo:function(e,bx,bw,bv){return<sp/>this.filter(\&quot;:hidden\&quot;).css(\&quot;opacity\&quot;,0).show().end().animate({opacity:bx},e,bw,bv)},animate:function(bz,bw,by,bx){var<sp/>e=b.speed(bw,by,bx);if(b.isEmptyObject(bz)){return<sp/>this.each(e.complete,[false])}bz=b.extend({},bz);function<sp/>bv(){if(e.queue===false){b._mark(this)}var<sp/>bE=b.extend({},e),bK=this.nodeType===1,bI=bK&amp;&amp;b(this).is(\&quot;:hidden\&quot;),bB,bF,bD,bJ,bH,bC,bG,bL,bA;bE.animatedProperties={};for(bD<sp/>in<sp/>bz){bB=b.camelCase(bD);if(bD!==bB){bz[bB]=bz[bD];delete<sp/>bz[bD]}bF=bz[bB];if(b.isArray(bF)){bE.animatedProperties[bB]=bF[1];bF=bz[bB]=bF[0]}else{bE.animatedProperties[bB]=bE.specialEasing&amp;&amp;bE.specialEasing[bB]||bE.easing||\&quot;swing\&quot;}if(bF===\&quot;hide\&quot;&amp;&amp;bI||bF===\&quot;show\&quot;&amp;&amp;!bI){return<sp/>bE.complete.call(this)}if(bK&amp;&amp;(bB===\&quot;height\&quot;||bB===\&quot;width\&quot;)){bE.overflow=[this.style.overflow,this.style.overflowX,this.style.overflowY];if(b.css(this,\&quot;display\&quot;)===\&quot;inline\&quot;&amp;&amp;b.css(this,\&quot;float\&quot;)===\&quot;none\&quot;){if(!b.support.inlineBlockNeedsLayout||x(this.nodeName)===\&quot;inline\&quot;){this.style.display=\&quot;inline-block\&quot;}else{this.style.zoom=1}}}}if(bE.overflow!=null){this.style.overflow=\&quot;hidden\&quot;}for(bD<sp/>in<sp/>bz){bJ=new<sp/>b.fx(this,bE,bD);bF=bz[bD];if(aB.test(bF)){bA=b._data(this,\&quot;toggle\&quot;+bD)||(bF===\&quot;toggle\&quot;?bI?\&quot;show\&quot;:\&quot;hide\&quot;:0);if(bA){b._data(this,\&quot;toggle\&quot;+bD,bA===\&quot;show\&quot;?\&quot;hide\&quot;:\&quot;show\&quot;);bJ[bA]()}else{bJ[bF]()}}else{bH=aT.exec(bF);bC=bJ.cur();if(bH){bG=parseFloat(bH[2]);bL=bH[3]||(b.cssNumber[bD]?\&quot;\&quot;:\&quot;px\&quot;);if(bL!==\&quot;px\&quot;){b.style(this,bD,(bG||1)+bL);bC=((bG||1)/bJ.cur())*bC;b.style(this,bD,bC+bL)}if(bH[1]){bG=((bH[1]===\&quot;-=\&quot;?-1:1)*bG)+bC}bJ.custom(bC,bG,bL)}else{bJ.custom(bC,bF,\&quot;\&quot;)}}}return<sp/>true}return<sp/>e.queue===false?this.each(bv):this.queue(e.queue,bv)},stop:function(bw,bv,e){if(typeof<sp/>bw!==\&quot;string\&quot;){e=bv;bv=bw;bw=L}if(bv&amp;&amp;bw!==false){this.queue(bw||\&quot;fx\&quot;,[])}return<sp/>this.each(function(){var<sp/>bx,by=false,bA=b.timers,bz=b._data(this);if(!e){b._unmark(true,this)}function<sp/>bB(bE,bF,bD){var<sp/>bC=bF[bD];b.removeData(bE,bD,true);bC.stop(e)}if(bw==null){for(bx<sp/>in<sp/>bz){if(bz[bx]&amp;&amp;bz[bx].stop&amp;&amp;bx.indexOf(\&quot;.run\&quot;)===bx.length-4){bB(this,bz,bx)}}}else{if(bz[bx=bw+\&quot;.run\&quot;]&amp;&amp;bz[bx].stop){bB(this,bz,bx)}}for(bx=bA.length;bx--;){if(bA[bx].elem===this&amp;&amp;(bw==null||bA[bx].queue===bw)){if(e){bA[bx](true)}else{bA[bx].saveState()}by=true;bA.splice(bx,1)}}if(!(e&amp;&amp;by)){b.dequeue(this,bw)}})}});function<sp/>bh(){setTimeout(at,0);return(a4=b.now())}function<sp/>at(){a4=L}function<sp/>a0(bv,e){var<sp/>bw={};b.each(aH.concat.apply([],aH.slice(0,e)),function(){bw[this]=bv});return<sp/>bw}b.each({slideDown:a0(\&quot;show\&quot;,1),slideUp:a0(\&quot;hide\&quot;,1),slideToggle:a0(\&quot;toggle\&quot;,1),fadeIn:{opacity:\&quot;show\&quot;},fadeOut:{opacity:\&quot;hide\&quot;},fadeToggle:{opacity:\&quot;toggle\&quot;}},function(e,bv){b.fn[e]=function(bw,by,bx){return<sp/>this.animate(bv,bw,by,bx)}});b.extend({speed:function(bw,bx,bv){var<sp/>e=bw&amp;&amp;typeof<sp/>bw===\&quot;object\&quot;?b.extend({},bw):{complete:bv||!bv&amp;&amp;bx||b.isFunction(bw)&amp;&amp;bw,duration:bw,easing:bv&amp;&amp;bx||bx&amp;&amp;!b.isFunction(bx)&amp;&amp;bx};e.duration=b.fx.off?0:typeof<sp/>e.duration===\&quot;number\&quot;?e.duration:e.duration<sp/>in<sp/>b.fx.speeds?b.fx.speeds[e.duration]:b.fx.speeds._default;if(e.queue==null||e.queue===true){e.queue=\&quot;fx\&quot;}e.old=e.complete;e.complete=function(by){if(b.isFunction(e.old)){e.old.call(this)}if(e.queue){b.dequeue(this,e.queue)}else{if(by!==false){b._unmark(this)}}};return<sp/>e},easing:{linear:function(bw,bx,e,bv){return<sp/>e+bv*bw},swing:function(bw,bx,e,bv){return((-Math.cos(bw*Math.PI)/2)+0.5)*bv+e}},timers:[],fx:function(bv,e,bw){this.options=e;this.elem=bv;this.prop=bw;e.orig=e.orig||{}}});b.fx.prototype={update:function(){if(this.options.step){this.options.step.call(this.elem,this.now,this)}(b.fx.step[this.prop]||b.fx.step._default)(this)},cur:function(){if(this.elem[this.prop]!=null&amp;&amp;(!this.elem.style||this.elem.style[this.prop]==null)){return<sp/>this.elem[this.prop]}var<sp/>e,bv=b.css(this.elem,this.prop);return<sp/>isNaN(e=parseFloat(bv))?!bv||bv===\&quot;auto\&quot;?0:bv:e},custom:function(bz,by,bx){var<sp/>e=this,bw=b.fx;this.startTime=a4||bh();this.end=by;this.now=this.start=bz;this.pos=this.state=0;this.unit=bx||this.unit||(b.cssNumber[this.prop]?\&quot;\&quot;:\&quot;px\&quot;);function<sp/>bv(bA){return<sp/>e.step(bA)}bv.queue=this.options.queue;bv.elem=this.elem;bv.saveState=function(){if(e.options.hide&amp;&amp;b._data(e.elem,\&quot;fxshow\&quot;+e.prop)===L){b._data(e.elem,\&quot;fxshow\&quot;+e.prop,e.start)}};if(bv()&amp;&amp;b.timers.push(bv)&amp;&amp;!a3){a3=setInterval(bw.tick,bw.interval)}},show:function(){var<sp/>e=b._data(this.elem,\&quot;fxshow\&quot;+this.prop);this.options.orig[this.prop]=e||b.style(this.elem,this.prop);this.options.show=true;if(e!==L){this.custom(this.cur(),e)}else{this.custom(this.prop===\&quot;width\&quot;||this.prop===\&quot;height\&quot;?1:0,this.cur())}b(this.elem).show()},hide:function(){this.options.orig[this.prop]=b._data(this.elem,\&quot;fxshow\&quot;+this.prop)||b.style(this.elem,this.prop);this.options.hide=true;this.custom(this.cur(),0)},step:function(by){var<sp/>bA,bB,bv,bx=a4||bh(),e=true,bz=this.elem,bw=this.options;if(by||bx&gt;=bw.duration+this.startTime){this.now=this.end;this.pos=this.state=1;this.update();bw.animatedProperties[this.prop]=true;for(bA<sp/>in<sp/>bw.animatedProperties){if(bw.animatedProperties[bA]!==true){e=false}}if(e){if(bw.overflow!=null&amp;&amp;!b.support.shrinkWrapBlocks){b.each([\&quot;\&quot;,\&quot;X\&quot;,\&quot;Y\&quot;],function(bC,bD){bz.style[\&quot;overflow\&quot;+bD]=bw.overflow[bC]})}if(bw.hide){b(bz).hide()}if(bw.hide||bw.show){for(bA<sp/>in<sp/>bw.animatedProperties){b.style(bz,bA,bw.orig[bA]);b.removeData(bz,\&quot;fxshow\&quot;+bA,true);b.removeData(bz,\&quot;toggle\&quot;+bA,true)}}bv=bw.complete;if(bv){bw.complete=false;bv.call(bz)}}return<sp/>false}else{if(bw.duration==Infinity){this.now=bx}else{bB=bx-this.startTime;this.state=bB/bw.duration;this.pos=b.easing[bw.animatedProperties[this.prop]](this.state,bB,0,1,bw.duration);this.now=this.start+((this.end-this.start)*this.pos)}this.update()}return<sp/>true}};b.extend(b.fx,{tick:function(){var<sp/>bw,bv=b.timers,e=0;for(;e&lt;bv.length;e++){bw=bv[e];if(!bw()&amp;&amp;bv[e]===bw){bv.splice(e--,1)}}if(!bv.length){b.fx.stop()}},interval:13,stop:function(){clearInterval(a3);a3=null},speeds:{slow:600,fast:200,_default:400},step:{opacity:function(e){b.style(e.elem,\&quot;opacity\&quot;,e.now)},_default:function(e){if(e.elem.style&amp;&amp;e.elem.style[e.prop]!=null){e.elem.style[e.prop]=e.now+e.unit}else{e.elem[e.prop]=e.now}}}});b.each([\&quot;width\&quot;,\&quot;height\&quot;],function(e,bv){b.fx.step[bv]=function(bw){b.style(bw.elem,bv,Math.max(0,bw.now)+bw.unit)}});if(b.expr&amp;&amp;b.expr.filters){b.expr.filters.animated=function(e){return<sp/>b.grep(b.timers,function(bv){return<sp/>e===bv.elem}).length}}function<sp/>x(bx){if(!Q[bx]){var<sp/>e=av.body,bv=b(\&quot;&lt;\&quot;+bx+\&quot;&gt;\&quot;).appendTo(e),bw=bv.css(\&quot;display\&quot;);bv.remove();if(bw===\&quot;none\&quot;||bw===\&quot;\&quot;){if(!a8){a8=av.createElement(\&quot;iframe\&quot;);a8.frameBorder=a8.width=a8.height=0}e.appendChild(a8);if(!m||!a8.createElement){m=(a8.contentWindow||a8.contentDocument).document;m.write((av.compatMode===\&quot;CSS1Compat\&quot;?\&quot;&lt;!doctype<sp/>html&gt;\&quot;:\&quot;\&quot;)+\&quot;&lt;html&gt;&lt;body&gt;\&quot;);m.close()}bv=m.createElement(bx);m.body.appendChild(bv);bw=b.css(bv,\&quot;display\&quot;);e.removeChild(a8)}Q[bx]=bw}return<sp/>Q[bx]}var<sp/>V=/^t(?:able|d|h)$/i,ad=/^(?:body|html)$/i;if(\&quot;getBoundingClientRect\&quot;<sp/>in<sp/>av.documentElement){b.fn.offset=function(bI){var<sp/>by=this[0],bB;if(bI){return<sp/>this.each(function(e){b.offset.setOffset(this,bI,e)})}if(!by||!by.ownerDocument){return<sp/>null}if(by===by.ownerDocument.body){return<sp/>b.offset.bodyOffset(by)}try{bB=by.getBoundingClientRect()}catch(bF){}var<sp/>bH=by.ownerDocument,bw=bH.documentElement;if(!bB||!b.contains(bw,by)){return<sp/>bB?{top:bB.top,left:bB.left}:{top:0,left:0}}var<sp/>bC=bH.body,bD=aK(bH),bA=bw.clientTop||bC.clientTop||0,bE=bw.clientLeft||bC.clientLeft||0,bv=bD.pageYOffset||b.support.boxModel&amp;&amp;bw.scrollTop||bC.scrollTop,bz=bD.pageXOffset||b.support.boxModel&amp;&amp;bw.scrollLeft||bC.scrollLeft,bG=bB.top+bv-bA,bx=bB.left+bz-bE;return{top:bG,left:bx}}}else{b.fn.offset=function(bF){var<sp/>bz=this[0];if(bF){return<sp/>this.each(function(bG){b.offset.setOffset(this,bF,bG)})}if(!bz||!bz.ownerDocument){return<sp/>null}if(bz===bz.ownerDocument.body){return<sp/>b.offset.bodyOffset(bz)}var<sp/>bC,bw=bz.offsetParent,bv=bz,bE=bz.ownerDocument,bx=bE.documentElement,bA=bE.body,bB=bE.defaultView,e=bB?bB.getComputedStyle(bz,null):bz.currentStyle,bD=bz.offsetTop,by=bz.offsetLeft;while((bz=bz.parentNode)&amp;&amp;bz!==bA&amp;&amp;bz!==bx){if(b.support.fixedPosition&amp;&amp;e.position===\&quot;fixed\&quot;){break}bC=bB?bB.getComputedStyle(bz,null):bz.currentStyle;bD-=bz.scrollTop;by-=bz.scrollLeft;if(bz===bw){bD+=bz.offsetTop;by+=bz.offsetLeft;if(b.support.doesNotAddBorder&amp;&amp;!(b.support.doesAddBorderForTableAndCells&amp;&amp;V.test(bz.nodeName))){bD+=parseFloat(bC.borderTopWidth)||0;by+=parseFloat(bC.borderLeftWidth)||0}bv=bw;bw=bz.offsetParent}if(b.support.subtractsBorderForOverflowNotVisible&amp;&amp;bC.overflow!==\&quot;visible\&quot;){bD+=parseFloat(bC.borderTopWidth)||0;by+=parseFloat(bC.borderLeftWidth)||0}e=bC}if(e.position===\&quot;relative\&quot;||e.position===\&quot;static\&quot;){bD+=bA.offsetTop;by+=bA.offsetLeft}if(b.support.fixedPosition&amp;&amp;e.position===\&quot;fixed\&quot;){bD+=Math.max(bx.scrollTop,bA.scrollTop);by+=Math.max(bx.scrollLeft,bA.scrollLeft)}return{top:bD,left:by}}}b.offset={bodyOffset:function(e){var<sp/>bw=e.offsetTop,bv=e.offsetLeft;if(b.support.doesNotIncludeMarginInBodyOffset){bw+=parseFloat(b.css(e,\&quot;marginTop\&quot;))||0;bv+=parseFloat(b.css(e,\&quot;marginLeft\&quot;))||0}return{top:bw,left:bv}},setOffset:function(bx,bG,bA){var<sp/>bB=b.css(bx,\&quot;position\&quot;);if(bB===\&quot;static\&quot;){bx.style.position=\&quot;relative\&quot;}var<sp/>bz=b(bx),bv=bz.offset(),e=b.css(bx,\&quot;top\&quot;),bE=b.css(bx,\&quot;left\&quot;),bF=(bB===\&quot;absolute\&quot;||bB===\&quot;fixed\&quot;)&amp;&amp;b.inArray(\&quot;auto\&quot;,[e,bE])&gt;-1,bD={},bC={},bw,by;if(bF){bC=bz.position();bw=bC.top;by=bC.left}else{bw=parseFloat(e)||0;by=parseFloat(bE)||0}if(b.isFunction(bG)){bG=bG.call(bx,bA,bv)}if(bG.top!=null){bD.top=(bG.top-bv.top)+bw}if(bG.left!=null){bD.left=(bG.left-bv.left)+by}if(\&quot;using\&quot;<sp/>in<sp/>bG){bG.using.call(bx,bD)}else{bz.css(bD)}}};b.fn.extend({position:function(){if(!this[0]){return<sp/>null}var<sp/>bw=this[0],bv=this.offsetParent(),bx=this.offset(),e=ad.test(bv[0].nodeName)?{top:0,left:0}:bv.offset();bx.top-=parseFloat(b.css(bw,\&quot;marginTop\&quot;))||0;bx.left-=parseFloat(b.css(bw,\&quot;marginLeft\&quot;))||0;e.top+=parseFloat(b.css(bv[0],\&quot;borderTopWidth\&quot;))||0;e.left+=parseFloat(b.css(bv[0],\&quot;borderLeftWidth\&quot;))||0;return{top:bx.top-e.top,left:bx.left-e.left}},offsetParent:function(){return<sp/>this.map(function(){var<sp/>e=this.offsetParent||av.body;while(e&amp;&amp;(!ad.test(e.nodeName)&amp;&amp;b.css(e,\&quot;position\&quot;)===\&quot;static\&quot;)){e=e.offsetParent}return<sp/>e})}});b.each([\&quot;Left\&quot;,\&quot;Top\&quot;],function(bv,e){var<sp/>bw=\&quot;scroll\&quot;+e;b.fn[bw]=function(bz){var<sp/>bx,by;if(bz===L){bx=this[0];if(!bx){return<sp/>null}by=aK(bx);return<sp/>by?(\&quot;pageXOffset\&quot;<sp/>in<sp/>by)?by[bv?\&quot;pageYOffset\&quot;:\&quot;pageXOffset\&quot;]:b.support.boxModel&amp;&amp;by.document.documentElement[bw]||by.document.body[bw]:bx[bw]}return<sp/>this.each(function(){by=aK(this);if(by){by.scrollTo(!bv?bz:b(by).scrollLeft(),bv?bz:b(by).scrollTop())}else{this[bw]=bz}})}});function<sp/>aK(e){return<sp/>b.isWindow(e)?e:e.nodeType===9?e.defaultView||e.parentWindow:false}b.each([\&quot;Height\&quot;,\&quot;Width\&quot;],function(bv,e){var<sp/>bw=e.toLowerCase();b.fn[\&quot;inner\&quot;+e]=function(){var<sp/>bx=this[0];return<sp/>bx?bx.style?parseFloat(b.css(bx,bw,\&quot;padding\&quot;)):this[bw]():null};b.fn[\&quot;outer\&quot;+e]=function(by){var<sp/>bx=this[0];return<sp/>bx?bx.style?parseFloat(b.css(bx,bw,by?\&quot;margin\&quot;:\&quot;border\&quot;)):this[bw]():null};b.fn[bw]=function(bz){var<sp/>bA=this[0];if(!bA){return<sp/>bz==null?null:this}if(b.isFunction(bz)){return<sp/>this.each(function(bE){var<sp/>bD=b(this);bD[bw](bz.call(this,bE,bD[bw]()))})}if(b.isWindow(bA)){var<sp/>bB=bA.document.documentElement[\&quot;client\&quot;+e],bx=bA.document.body;return<sp/>bA.document.compatMode===\&quot;CSS1Compat\&quot;&amp;&amp;bB||bx&amp;&amp;bx[\&quot;client\&quot;+e]||bB}else{if(bA.nodeType===9){return<sp/>Math.max(bA.documentElement[\&quot;client\&quot;+e],bA.body[\&quot;scroll\&quot;+e],bA.documentElement[\&quot;scroll\&quot;+e],bA.body[\&quot;offset\&quot;+e],bA.documentElement[\&quot;offset\&quot;+e])}else{if(bz===L){var<sp/>bC=b.css(bA,bw),by=parseFloat(bC);return<sp/>b.isNumeric(by)?by:bC}else{return<sp/>this.css(bw,typeof<sp/>bz===\&quot;string\&quot;?bz:bz+\&quot;px\&quot;)}}}}});bb.jQuery=bb.$=b;if(typeof<sp/>define===\&quot;function\&quot;&amp;&amp;define.amd&amp;&amp;define.amd.jQuery){define(\&quot;jquery\&quot;,[],function(){return<sp/>b\n&quot;</highlight><highlight class="normal"></highlight></codeline>
<codeline lineno="3"><highlight class="normal"></highlight><highlight class="stringliteral">&quot;})}})(window);\n&quot;</highlight><highlight class="normal"></highlight></codeline>
    </programlisting>
    <location file="C:/Users/Mat/Projects/doxygraph/examples/doxygen-1.8.4/src/jquery_p3_js.h"/>
  </compounddef>
</doxygen>
