<?xml version='1.0' encoding='UTF-8' standalone='no'?>
<doxygen xmlns:xsi="http://www.w3.org/2001/XMLSchema-instance" xsi:noNamespaceSchemaLocation="compound.xsd" version="1.8.2">
  <compounddef id="dc/d1d/class_layout_doc_manager" kind="class" prot="public">
    <compoundname>LayoutDocManager</compoundname>
    <includes refid="db/d51/layout_8h" local="no">layout.h</includes>
    <innerclass refid="d2/da4/class_layout_doc_manager_1_1_private" prot="public">LayoutDocManager::Private</innerclass>
      <sectiondef kind="public-type">
      <memberdef kind="enum" id="dc/d1d/class_layout_doc_manager_1aee13a925ea1f915c542ecd7f579ebc94" prot="public" static="no">
        <name>LayoutPart</name>
        <enumvalue id="dc/d1d/class_layout_doc_manager_1aee13a925ea1f915c542ecd7f579ebc94a797b00e87a4a6eacc27a6452d4d8eb57" prot="public">
          <name>Class</name>
          <briefdescription>
          </briefdescription>
          <detaileddescription>
          </detaileddescription>
        </enumvalue>
        <enumvalue id="dc/d1d/class_layout_doc_manager_1aee13a925ea1f915c542ecd7f579ebc94ad342856294e002e934e11e0b7b1de590" prot="public">
          <name>Namespace</name>
          <briefdescription>
          </briefdescription>
          <detaileddescription>
          </detaileddescription>
        </enumvalue>
        <enumvalue id="dc/d1d/class_layout_doc_manager_1aee13a925ea1f915c542ecd7f579ebc94afda79cb94a5e0b00b5928c2946421043" prot="public">
          <name>File</name>
          <briefdescription>
          </briefdescription>
          <detaileddescription>
          </detaileddescription>
        </enumvalue>
        <enumvalue id="dc/d1d/class_layout_doc_manager_1aee13a925ea1f915c542ecd7f579ebc94a6e34173fdd2293ad484e27cfb5eeffd9" prot="public">
          <name>Group</name>
          <briefdescription>
          </briefdescription>
          <detaileddescription>
          </detaileddescription>
        </enumvalue>
        <enumvalue id="dc/d1d/class_layout_doc_manager_1aee13a925ea1f915c542ecd7f579ebc94a02b696ad1d3b28cc595a6e9fb537c85f" prot="public">
          <name>Directory</name>
          <briefdescription>
          </briefdescription>
          <detaileddescription>
          </detaileddescription>
        </enumvalue>
        <enumvalue id="dc/d1d/class_layout_doc_manager_1aee13a925ea1f915c542ecd7f579ebc94a5d59ec29416e7a603f2a68ee9e718ed5" prot="public">
          <name>NrParts</name>
          <briefdescription>
          </briefdescription>
          <detaileddescription>
          </detaileddescription>
        </enumvalue>
        <briefdescription>
        </briefdescription>
        <detaileddescription>
        </detaileddescription>
        <inbodydescription>
        </inbodydescription>
        <location file="C:/Users/Mat/Projects/doxygraph/examples/doxygen-1.8.4/src/layout.h" line="178" bodyfile="C:/Users/Mat/Projects/doxygraph/examples/doxygen-1.8.4/src/layout.h" bodystart="177" bodyend="181"/>
      </memberdef>
      </sectiondef>
      <sectiondef kind="private-attrib">
      <memberdef kind="variable" id="dc/d1d/class_layout_doc_manager_1adf443bf3ccee94653018851235cb603c" prot="private" static="no" mutable="no">
        <type>Private *</type>
        <definition>Private* LayoutDocManager::d</definition>
        <argsstring></argsstring>
        <name>d</name>
        <briefdescription>
        </briefdescription>
        <detaileddescription>
        </detaileddescription>
        <inbodydescription>
        </inbodydescription>
        <location file="C:/Users/Mat/Projects/doxygraph/examples/doxygen-1.8.4/src/layout.h" line="199" bodyfile="C:/Users/Mat/Projects/doxygraph/examples/doxygen-1.8.4/src/layout.h" bodystart="199" bodyend="-1"/>
      </memberdef>
      </sectiondef>
      <sectiondef kind="friend">
      <memberdef kind="friend" id="dc/d1d/class_layout_doc_manager_1aaa876b66a7f0c8c8766635655c0dff49" prot="private" static="no" const="no" explicit="no" inline="no" virt="non-virtual">
        <type>friend class</type>
        <definition>friend class LayoutParser</definition>
        <argsstring></argsstring>
        <name>LayoutParser</name>
        <briefdescription>
        </briefdescription>
        <detaileddescription>
        </detaileddescription>
        <inbodydescription>
        </inbodydescription>
        <location file="C:/Users/Mat/Projects/doxygraph/examples/doxygen-1.8.4/src/layout.h" line="200" bodyfile="C:/Users/Mat/Projects/doxygraph/examples/doxygen-1.8.4/src/layout.h" bodystart="200" bodyend="-1"/>
      </memberdef>
      </sectiondef>
      <sectiondef kind="public-static-func">
      <memberdef kind="function" id="dc/d1d/class_layout_doc_manager_1a87bc2288833b8769bd03e47c58fbba6a" prot="public" static="yes" const="no" explicit="no" inline="no" virt="non-virtual">
        <type><ref refid="dc/d1d/class_layout_doc_manager" kindref="compound">LayoutDocManager</ref> &amp;</type>
        <definition>LayoutDocManager &amp; LayoutDocManager::instance</definition>
        <argsstring>()</argsstring>
        <name>instance</name>
        <briefdescription>
<para>Returns a reference to this singleton. </para>        </briefdescription>
        <detaileddescription>
        </detaileddescription>
        <inbodydescription>
        </inbodydescription>
        <location file="C:/Users/Mat/Projects/doxygraph/examples/doxygen-1.8.4/src/layout.h" line="183" bodyfile="C:/Users/Mat/Projects/doxygraph/examples/doxygen-1.8.4/src/layout.cpp" bodystart="1358" bodyend="1362"/>
        <referencedby refid="d1/dcf/class_class_def_1ab9701f34d56e4dfee3e4ccd2fd6a6f5b" compoundref="de/d89/classdef_8cpp" startline="2498" endline="2554">ClassDef::writeDeclaration</referencedby>
        <referencedby refid="de/db0/class_file_def_1a7a73cf8448a6995be00369858d4768e8" compoundref="d6/ddc/filedef_8cpp" startline="531" endline="740">FileDef::writeDocumentation</referencedby>
        <referencedby refid="d1/dcf/class_class_def_1a5c0ec6a3c4ebf12f8c703dbdfdc36e97" compoundref="de/d89/classdef_8cpp" startline="1579" endline="1697">ClassDef::writeInlineDocumentation</referencedby>
      </memberdef>
      </sectiondef>
      <sectiondef kind="public-func">
      <memberdef kind="function" id="dc/d1d/class_layout_doc_manager_1ada1c4dc32df1e43b5f1d9987e68ec974" prot="public" static="no" const="yes" explicit="no" inline="no" virt="non-virtual">
        <type>const <ref refid="db/daa/class_q_list" kindref="compound">QList</ref>&lt; <ref refid="d9/dba/struct_layout_doc_entry" kindref="compound">LayoutDocEntry</ref> &gt; &amp;</type>
        <definition>const QList&lt; LayoutDocEntry &gt; &amp; LayoutDocManager::docEntries</definition>
        <argsstring>(LayoutPart part) const </argsstring>
        <name>docEntries</name>
        <param>
          <type>LayoutPart</type>
          <declname>part</declname>
        </param>
        <briefdescription>
<para>Returns the list of <ref refid="d9/dba/struct_layout_doc_entry" kindref="compound">LayoutDocEntry</ref>&apos;s in representation order for a given page identified by <emphasis>part</emphasis>. </para>        </briefdescription>
        <detaileddescription>
        </detaileddescription>
        <inbodydescription>
        </inbodydescription>
        <location file="C:/Users/Mat/Projects/doxygraph/examples/doxygen-1.8.4/src/layout.h" line="186" bodyfile="C:/Users/Mat/Projects/doxygraph/examples/doxygen-1.8.4/src/layout.cpp" bodystart="1364" bodyend="1367"/>
      </memberdef>
      <memberdef kind="function" id="dc/d1d/class_layout_doc_manager_1afea2ba78b05ae6d721b9b39c24b4ace0" prot="public" static="no" const="yes" explicit="no" inline="no" virt="non-virtual">
        <type><ref refid="df/de7/struct_layout_nav_entry" kindref="compound">LayoutNavEntry</ref> *</type>
        <definition>LayoutNavEntry * LayoutDocManager::rootNavEntry</definition>
        <argsstring>() const </argsstring>
        <name>rootNavEntry</name>
        <briefdescription>
<para>returns the (invisible) root of the navigation tree. </para>        </briefdescription>
        <detaileddescription>
        </detaileddescription>
        <inbodydescription>
        </inbodydescription>
        <location file="C:/Users/Mat/Projects/doxygraph/examples/doxygen-1.8.4/src/layout.h" line="189" bodyfile="C:/Users/Mat/Projects/doxygraph/examples/doxygen-1.8.4/src/layout.cpp" bodystart="1369" bodyend="1372"/>
      </memberdef>
      <memberdef kind="function" id="dc/d1d/class_layout_doc_manager_1ade92fd2ccfa31a7bd8b152848d224053" prot="public" static="no" const="no" explicit="no" inline="no" virt="non-virtual">
        <type>void</type>
        <definition>void LayoutDocManager::parse</definition>
        <argsstring>(QTextStream &amp;t, const char *fileName)</argsstring>
        <name>parse</name>
        <param>
          <type>QTextStream &amp;</type>
          <declname>t</declname>
        </param>
        <param>
          <type>const char *</type>
          <declname>fileName</declname>
        </param>
        <briefdescription>
<para>Parses a user provided layout. </para>        </briefdescription>
        <detaileddescription>
        </detaileddescription>
        <inbodydescription>
        </inbodydescription>
        <location file="C:/Users/Mat/Projects/doxygraph/examples/doxygen-1.8.4/src/layout.h" line="192" bodyfile="C:/Users/Mat/Projects/doxygraph/examples/doxygen-1.8.4/src/layout.cpp" bodystart="1384" bodyend="1392"/>
      </memberdef>
      <memberdef kind="function" id="dc/d1d/class_layout_doc_manager_1a920748477d4262faf758d21ddbe2329d" prot="public" static="no" const="no" explicit="no" inline="no" virt="non-virtual">
        <type>void</type>
        <definition>void LayoutDocManager::init</definition>
        <argsstring>()</argsstring>
        <name>init</name>
        <briefdescription>
        </briefdescription>
        <detaileddescription>
        </detaileddescription>
        <inbodydescription>
        </inbodydescription>
        <location file="C:/Users/Mat/Projects/doxygraph/examples/doxygen-1.8.4/src/layout.h" line="193" bodyfile="C:/Users/Mat/Projects/doxygraph/examples/doxygen-1.8.4/src/layout.cpp" bodystart="1340" bodyend="1350"/>
      </memberdef>
      </sectiondef>
      <sectiondef kind="private-func">
      <memberdef kind="function" id="dc/d1d/class_layout_doc_manager_1a80e7b1433eff869a31df7e9c6565ea4b" prot="private" static="no" const="no" explicit="no" inline="no" virt="non-virtual">
        <type>void</type>
        <definition>void LayoutDocManager::addEntry</definition>
        <argsstring>(LayoutPart p, LayoutDocEntry *e)</argsstring>
        <name>addEntry</name>
        <param>
          <type>LayoutPart</type>
          <declname>p</declname>
        </param>
        <param>
          <type><ref refid="d9/dba/struct_layout_doc_entry" kindref="compound">LayoutDocEntry</ref> *</type>
          <declname>e</declname>
        </param>
        <briefdescription>
        </briefdescription>
        <detaileddescription>
        </detaileddescription>
        <inbodydescription>
        </inbodydescription>
        <location file="C:/Users/Mat/Projects/doxygraph/examples/doxygen-1.8.4/src/layout.h" line="195" bodyfile="C:/Users/Mat/Projects/doxygraph/examples/doxygen-1.8.4/src/layout.cpp" bodystart="1374" bodyend="1377"/>
      </memberdef>
      <memberdef kind="function" id="dc/d1d/class_layout_doc_manager_1a6ace3fee4eea96657cefb3840c66fa06" prot="private" static="no" const="no" explicit="no" inline="no" virt="non-virtual">
        <type>void</type>
        <definition>void LayoutDocManager::clear</definition>
        <argsstring>(LayoutPart p)</argsstring>
        <name>clear</name>
        <param>
          <type>LayoutPart</type>
          <declname>p</declname>
        </param>
        <briefdescription>
        </briefdescription>
        <detaileddescription>
        </detaileddescription>
        <inbodydescription>
        </inbodydescription>
        <location file="C:/Users/Mat/Projects/doxygraph/examples/doxygen-1.8.4/src/layout.h" line="196" bodyfile="C:/Users/Mat/Projects/doxygraph/examples/doxygen-1.8.4/src/layout.cpp" bodystart="1379" bodyend="1382"/>
      </memberdef>
      <memberdef kind="function" id="dc/d1d/class_layout_doc_manager_1ade9c88ce93dd67220115ba975c7078b1" prot="private" static="no" const="no" explicit="no" inline="no" virt="non-virtual">
        <type></type>
        <definition>LayoutDocManager::LayoutDocManager</definition>
        <argsstring>()</argsstring>
        <name>LayoutDocManager</name>
        <briefdescription>
        </briefdescription>
        <detaileddescription>
        </detaileddescription>
        <inbodydescription>
        </inbodydescription>
        <location file="C:/Users/Mat/Projects/doxygraph/examples/doxygen-1.8.4/src/layout.h" line="197" bodyfile="C:/Users/Mat/Projects/doxygraph/examples/doxygen-1.8.4/src/layout.cpp" bodystart="1327" bodyend="1337"/>
      </memberdef>
      <memberdef kind="function" id="dc/d1d/class_layout_doc_manager_1a693e1185a1fe8a78b6cc4404c68c91ca" prot="private" static="no" const="no" explicit="no" inline="no" virt="non-virtual">
        <type></type>
        <definition>LayoutDocManager::~LayoutDocManager</definition>
        <argsstring>()</argsstring>
        <name>~LayoutDocManager</name>
        <briefdescription>
        </briefdescription>
        <detaileddescription>
        </detaileddescription>
        <inbodydescription>
        </inbodydescription>
        <location file="C:/Users/Mat/Projects/doxygraph/examples/doxygen-1.8.4/src/layout.h" line="198" bodyfile="C:/Users/Mat/Projects/doxygraph/examples/doxygen-1.8.4/src/layout.cpp" bodystart="1352" bodyend="1356"/>
      </memberdef>
      </sectiondef>
    <briefdescription>
<para>Singleton providing access to the (user configurable) layout of the documentation. </para>    </briefdescription>
    <detaileddescription>
    </detaileddescription>
    <location file="C:/Users/Mat/Projects/doxygraph/examples/doxygen-1.8.4/src/layout.h" line="174" bodyfile="C:/Users/Mat/Projects/doxygraph/examples/doxygen-1.8.4/src/layout.h" bodystart="173" bodyend="201"/>
    <listofallmembers>
      <member refid="dc/d1d/class_layout_doc_manager_1a80e7b1433eff869a31df7e9c6565ea4b" prot="private" virt="non-virtual"><scope>LayoutDocManager</scope><name>addEntry</name></member>
      <member refid="dc/d1d/class_layout_doc_manager_1aee13a925ea1f915c542ecd7f579ebc94a797b00e87a4a6eacc27a6452d4d8eb57" prot="public" virt="non-virtual"><scope>LayoutDocManager</scope><name>Class</name></member>
      <member refid="dc/d1d/class_layout_doc_manager_1a6ace3fee4eea96657cefb3840c66fa06" prot="private" virt="non-virtual"><scope>LayoutDocManager</scope><name>clear</name></member>
      <member refid="dc/d1d/class_layout_doc_manager_1adf443bf3ccee94653018851235cb603c" prot="private" virt="non-virtual"><scope>LayoutDocManager</scope><name>d</name></member>
      <member refid="dc/d1d/class_layout_doc_manager_1aee13a925ea1f915c542ecd7f579ebc94a02b696ad1d3b28cc595a6e9fb537c85f" prot="public" virt="non-virtual"><scope>LayoutDocManager</scope><name>Directory</name></member>
      <member refid="dc/d1d/class_layout_doc_manager_1ada1c4dc32df1e43b5f1d9987e68ec974" prot="public" virt="non-virtual"><scope>LayoutDocManager</scope><name>docEntries</name></member>
      <member refid="dc/d1d/class_layout_doc_manager_1aee13a925ea1f915c542ecd7f579ebc94afda79cb94a5e0b00b5928c2946421043" prot="public" virt="non-virtual"><scope>LayoutDocManager</scope><name>File</name></member>
      <member refid="dc/d1d/class_layout_doc_manager_1aee13a925ea1f915c542ecd7f579ebc94a6e34173fdd2293ad484e27cfb5eeffd9" prot="public" virt="non-virtual"><scope>LayoutDocManager</scope><name>Group</name></member>
      <member refid="dc/d1d/class_layout_doc_manager_1a920748477d4262faf758d21ddbe2329d" prot="public" virt="non-virtual"><scope>LayoutDocManager</scope><name>init</name></member>
      <member refid="dc/d1d/class_layout_doc_manager_1a87bc2288833b8769bd03e47c58fbba6a" prot="public" virt="non-virtual"><scope>LayoutDocManager</scope><name>instance</name></member>
      <member refid="dc/d1d/class_layout_doc_manager_1ade9c88ce93dd67220115ba975c7078b1" prot="private" virt="non-virtual"><scope>LayoutDocManager</scope><name>LayoutDocManager</name></member>
      <member refid="dc/d1d/class_layout_doc_manager_1aaa876b66a7f0c8c8766635655c0dff49" prot="private" virt="non-virtual"><scope>LayoutDocManager</scope><name>LayoutParser</name></member>
      <member refid="dc/d1d/class_layout_doc_manager_1aee13a925ea1f915c542ecd7f579ebc94" prot="public" virt="non-virtual"><scope>LayoutDocManager</scope><name>LayoutPart</name></member>
      <member refid="dc/d1d/class_layout_doc_manager_1aee13a925ea1f915c542ecd7f579ebc94ad342856294e002e934e11e0b7b1de590" prot="public" virt="non-virtual"><scope>LayoutDocManager</scope><name>Namespace</name></member>
      <member refid="dc/d1d/class_layout_doc_manager_1aee13a925ea1f915c542ecd7f579ebc94a5d59ec29416e7a603f2a68ee9e718ed5" prot="public" virt="non-virtual"><scope>LayoutDocManager</scope><name>NrParts</name></member>
      <member refid="dc/d1d/class_layout_doc_manager_1ade92fd2ccfa31a7bd8b152848d224053" prot="public" virt="non-virtual"><scope>LayoutDocManager</scope><name>parse</name></member>
      <member refid="dc/d1d/class_layout_doc_manager_1afea2ba78b05ae6d721b9b39c24b4ace0" prot="public" virt="non-virtual"><scope>LayoutDocManager</scope><name>rootNavEntry</name></member>
      <member refid="dc/d1d/class_layout_doc_manager_1a693e1185a1fe8a78b6cc4404c68c91ca" prot="private" virt="non-virtual"><scope>LayoutDocManager</scope><name>~LayoutDocManager</name></member>
    </listofallmembers>
  </compounddef>
</doxygen>
