<?xml version='1.0' encoding='UTF-8' standalone='no'?>
<doxygen xmlns:xsi="http://www.w3.org/2001/XMLSchema-instance" xsi:noNamespaceSchemaLocation="compound.xsd" version="1.8.2">
  <compounddef id="d4/ded/class_config_bool" kind="class" prot="public">
    <compoundname>ConfigBool</compoundname>
    <basecompoundref refid="d2/dd3/class_config_option" prot="public" virt="non-virtual">ConfigOption</basecompoundref>
    <includes refid="db/d16/config_8h" local="no">config.h</includes>
      <sectiondef kind="private-attrib">
      <memberdef kind="variable" id="d4/ded/class_config_bool_1aefe865c4fd964415a318e9c2705520bd" prot="private" static="no" mutable="no">
        <type>bool</type>
        <definition>bool ConfigBool::m_value</definition>
        <argsstring></argsstring>
        <name>m_value</name>
        <briefdescription>
        </briefdescription>
        <detaileddescription>
        </detaileddescription>
        <inbodydescription>
        </inbodydescription>
        <location file="C:/Users/Mat/Projects/doxygraph/examples/doxygen-1.8.4/src/config.h" line="349" bodyfile="C:/Users/Mat/Projects/doxygraph/examples/doxygen-1.8.4/src/config.h" bodystart="349" bodyend="-1"/>
      </memberdef>
      <memberdef kind="variable" id="d4/ded/class_config_bool_1ac71d10f13c0188d844d5cdac50239b64" prot="private" static="no" mutable="no">
        <type>bool</type>
        <definition>bool ConfigBool::m_defValue</definition>
        <argsstring></argsstring>
        <name>m_defValue</name>
        <briefdescription>
        </briefdescription>
        <detaileddescription>
        </detaileddescription>
        <inbodydescription>
        </inbodydescription>
        <location file="C:/Users/Mat/Projects/doxygraph/examples/doxygen-1.8.4/src/config.h" line="350" bodyfile="C:/Users/Mat/Projects/doxygraph/examples/doxygen-1.8.4/src/config.h" bodystart="350" bodyend="-1"/>
      </memberdef>
      <memberdef kind="variable" id="d4/ded/class_config_bool_1acf2434135022696b299873aad44a2b86" prot="private" static="no" mutable="no">
        <type>QCString</type>
        <definition>QCString ConfigBool::m_valueString</definition>
        <argsstring></argsstring>
        <name>m_valueString</name>
        <briefdescription>
        </briefdescription>
        <detaileddescription>
        </detaileddescription>
        <inbodydescription>
        </inbodydescription>
        <location file="C:/Users/Mat/Projects/doxygraph/examples/doxygen-1.8.4/src/config.h" line="351" bodyfile="C:/Users/Mat/Projects/doxygraph/examples/doxygen-1.8.4/src/config.h" bodystart="351" bodyend="-1"/>
      </memberdef>
      </sectiondef>
      <sectiondef kind="public-func">
      <memberdef kind="function" id="d4/ded/class_config_bool_1a0250b41f09141944729a556c4d5f8146" prot="public" static="no" const="no" explicit="no" inline="yes" virt="non-virtual">
        <type></type>
        <definition>ConfigBool::ConfigBool</definition>
        <argsstring>(const char *name, const char *doc, bool defVal)</argsstring>
        <name>ConfigBool</name>
        <param>
          <type>const char *</type>
          <declname>name</declname>
        </param>
        <param>
          <type>const char *</type>
          <declname>doc</declname>
        </param>
        <param>
          <type>bool</type>
          <declname>defVal</declname>
        </param>
        <briefdescription>
        </briefdescription>
        <detaileddescription>
        </detaileddescription>
        <inbodydescription>
        </inbodydescription>
        <location file="C:/Users/Mat/Projects/doxygraph/examples/doxygen-1.8.4/src/config.h" line="312" bodyfile="C:/Users/Mat/Projects/doxygraph/examples/doxygen-1.8.4/src/config.h" bodystart="310" bodyend="317"/>
      </memberdef>
      <memberdef kind="function" id="d4/ded/class_config_bool_1a71f105a81fcc98a2c11a807a51c67171" prot="public" static="no" const="no" explicit="no" inline="yes" virt="non-virtual">
        <type>QCString *</type>
        <definition>QCString* ConfigBool::valueStringRef</definition>
        <argsstring>()</argsstring>
        <name>valueStringRef</name>
        <briefdescription>
        </briefdescription>
        <detaileddescription>
        </detaileddescription>
        <inbodydescription>
        </inbodydescription>
        <location file="C:/Users/Mat/Projects/doxygraph/examples/doxygen-1.8.4/src/config.h" line="318" bodyfile="C:/Users/Mat/Projects/doxygraph/examples/doxygen-1.8.4/src/config.h" bodystart="318" bodyend="318"/>
      </memberdef>
      <memberdef kind="function" id="d4/ded/class_config_bool_1ab42eaac6320038f3ddeb73900e98d898" prot="public" static="no" const="no" explicit="no" inline="yes" virt="non-virtual">
        <type>bool *</type>
        <definition>bool* ConfigBool::valueRef</definition>
        <argsstring>()</argsstring>
        <name>valueRef</name>
        <briefdescription>
        </briefdescription>
        <detaileddescription>
        </detaileddescription>
        <inbodydescription>
        </inbodydescription>
        <location file="C:/Users/Mat/Projects/doxygraph/examples/doxygen-1.8.4/src/config.h" line="319" bodyfile="C:/Users/Mat/Projects/doxygraph/examples/doxygen-1.8.4/src/config.h" bodystart="319" bodyend="319"/>
      </memberdef>
      <memberdef kind="function" id="d4/ded/class_config_bool_1a5ebdef58b033f43ea09b1e5b0b44e330" prot="public" static="no" const="no" explicit="no" inline="no" virt="virtual">
        <type>void</type>
        <definition>void ConfigBool::convertStrToVal</definition>
        <argsstring>()</argsstring>
        <name>convertStrToVal</name>
        <reimplements refid="d2/dd3/class_config_option_1af1d26523f37d742316ddc4c0f9add4fc">convertStrToVal</reimplements>
        <briefdescription>
        </briefdescription>
        <detaileddescription>
        </detaileddescription>
        <inbodydescription>
        </inbodydescription>
        <location file="C:/Users/Mat/Projects/doxygraph/examples/doxygen-1.8.4/src/config.h" line="320"/>
      </memberdef>
      <memberdef kind="function" id="d4/ded/class_config_bool_1af9c3c0887533842db8cf9201a5b63486" prot="public" static="no" const="no" explicit="no" inline="no" virt="virtual">
        <type>void</type>
        <definition>void ConfigBool::substEnvVars</definition>
        <argsstring>()</argsstring>
        <name>substEnvVars</name>
        <reimplements refid="d2/dd3/class_config_option_1aeb6ac539f2fe79e07f2baefd5c4d89c1">substEnvVars</reimplements>
        <briefdescription>
        </briefdescription>
        <detaileddescription>
        </detaileddescription>
        <inbodydescription>
        </inbodydescription>
        <location file="C:/Users/Mat/Projects/doxygraph/examples/doxygen-1.8.4/src/config.h" line="321"/>
      </memberdef>
      <memberdef kind="function" id="d4/ded/class_config_bool_1acfabddfc8b65f1850cb7b1bdfcfb6ae1" prot="public" static="no" const="no" explicit="no" inline="yes" virt="non-virtual">
        <type>void</type>
        <definition>void ConfigBool::setValueString</definition>
        <argsstring>(const QCString &amp;v)</argsstring>
        <name>setValueString</name>
        <param>
          <type>const QCString &amp;</type>
          <declname>v</declname>
        </param>
        <briefdescription>
        </briefdescription>
        <detaileddescription>
        </detaileddescription>
        <inbodydescription>
        </inbodydescription>
        <location file="C:/Users/Mat/Projects/doxygraph/examples/doxygen-1.8.4/src/config.h" line="322" bodyfile="C:/Users/Mat/Projects/doxygraph/examples/doxygen-1.8.4/src/config.h" bodystart="322" bodyend="322"/>
      </memberdef>
      <memberdef kind="function" id="d4/ded/class_config_bool_1aab61095cad30bfb2e184eb389d4d4472" prot="public" static="no" const="no" explicit="no" inline="yes" virt="virtual">
        <type>void</type>
        <definition>void ConfigBool::writeTemplate</definition>
        <argsstring>(FTextStream &amp;t, bool sl, bool upd)</argsstring>
        <name>writeTemplate</name>
        <reimplements refid="d2/dd3/class_config_option_1a4af9c041d81cc919e5aae2210087bc38">writeTemplate</reimplements>
        <param>
          <type><ref refid="dc/d3c/class_f_text_stream" kindref="compound">FTextStream</ref> &amp;</type>
          <declname>t</declname>
        </param>
        <param>
          <type>bool</type>
          <declname>sl</declname>
        </param>
        <param>
          <type>bool</type>
          <declname>upd</declname>
        </param>
        <briefdescription>
        </briefdescription>
        <detaileddescription>
        </detaileddescription>
        <inbodydescription>
        </inbodydescription>
        <location file="C:/Users/Mat/Projects/doxygraph/examples/doxygen-1.8.4/src/config.h" line="324" bodyfile="C:/Users/Mat/Projects/doxygraph/examples/doxygen-1.8.4/src/config.h" bodystart="323" bodyend="345"/>
      </memberdef>
      <memberdef kind="function" id="d4/ded/class_config_bool_1a80c3d18368ee2e4cf305cb005a5de7d5" prot="public" static="no" const="no" explicit="no" inline="no" virt="virtual">
        <type>void</type>
        <definition>void ConfigBool::writeXML</definition>
        <argsstring>(FTextStream &amp;)</argsstring>
        <name>writeXML</name>
        <reimplements refid="d2/dd3/class_config_option_1a20d0443904feac374c4b7dbf08e5b5c2">writeXML</reimplements>
        <param>
          <type><ref refid="dc/d3c/class_f_text_stream" kindref="compound">FTextStream</ref> &amp;</type>
        </param>
        <briefdescription>
        </briefdescription>
        <detaileddescription>
        </detaileddescription>
        <inbodydescription>
        </inbodydescription>
        <location file="C:/Users/Mat/Projects/doxygraph/examples/doxygen-1.8.4/src/config.h" line="346"/>
      </memberdef>
      <memberdef kind="function" id="d4/ded/class_config_bool_1a087fdcc229617e80faf798e90fe17439" prot="public" static="no" const="no" explicit="no" inline="yes" virt="virtual">
        <type>void</type>
        <definition>void ConfigBool::init</definition>
        <argsstring>()</argsstring>
        <name>init</name>
        <reimplements refid="d2/dd3/class_config_option_1a1dabfad39230674fc07f5f535392fd35">init</reimplements>
        <briefdescription>
        </briefdescription>
        <detaileddescription>
        </detaileddescription>
        <inbodydescription>
        </inbodydescription>
        <location file="C:/Users/Mat/Projects/doxygraph/examples/doxygen-1.8.4/src/config.h" line="347" bodyfile="C:/Users/Mat/Projects/doxygraph/examples/doxygen-1.8.4/src/config.h" bodystart="347" bodyend="347"/>
      </memberdef>
      </sectiondef>
    <briefdescription>
<para>Class representing a Boolean type option. </para>    </briefdescription>
    <detaileddescription>
    </detaileddescription>
    <inheritancegraph>
      <node id="2707">
        <label>ConfigOption</label>
        <link refid="d2/dd3/class_config_option"/>
      </node>
      <node id="2706">
        <label>ConfigBool</label>
        <link refid="d4/ded/class_config_bool"/>
        <childnode refid="2707" relation="public-inheritance">
        </childnode>
      </node>
    </inheritancegraph>
    <collaborationgraph>
      <node id="2709">
        <label>ConfigOption</label>
        <link refid="d2/dd3/class_config_option"/>
      </node>
      <node id="2708">
        <label>ConfigBool</label>
        <link refid="d4/ded/class_config_bool"/>
        <childnode refid="2709" relation="public-inheritance">
        </childnode>
      </node>
    </collaborationgraph>
    <location file="C:/Users/Mat/Projects/doxygraph/examples/doxygen-1.8.4/src/config.h" line="308" bodyfile="C:/Users/Mat/Projects/doxygraph/examples/doxygen-1.8.4/src/config.h" bodystart="307" bodyend="352"/>
    <listofallmembers>
      <member refid="d2/dd3/class_config_option_1a290d4454155543728847a75ade256a32" prot="public" virt="non-virtual"><scope>ConfigBool</scope><name>addDependency</name></member>
      <member refid="d4/ded/class_config_bool_1a0250b41f09141944729a556c4d5f8146" prot="public" virt="non-virtual"><scope>ConfigBool</scope><name>ConfigBool</name></member>
      <member refid="d2/dd3/class_config_option_1a3ce6753bba05ab1ee7e5eaaec6d8f1ac" prot="public" virt="non-virtual"><scope>ConfigBool</scope><name>ConfigOption</name></member>
      <member refid="d4/ded/class_config_bool_1a5ebdef58b033f43ea09b1e5b0b44e330" prot="public" virt="virtual"><scope>ConfigBool</scope><name>convertStrToVal</name></member>
      <member refid="d2/dd3/class_config_option_1a7eff0847fc30aa6cbc457009625d13d1" prot="protected" virt="non-virtual"><scope>ConfigBool</scope><name>convertToComment</name></member>
      <member refid="d2/dd3/class_config_option_1acd3c60d9556e68951d43dc3422024cdb" prot="public" virt="non-virtual"><scope>ConfigBool</scope><name>dependsOn</name></member>
      <member refid="d2/dd3/class_config_option_1aca53064314cae27e5e650c780c10015c" prot="public" virt="non-virtual"><scope>ConfigBool</scope><name>docs</name></member>
      <member refid="d4/ded/class_config_bool_1a087fdcc229617e80faf798e90fe17439" prot="public" virt="virtual"><scope>ConfigBool</scope><name>init</name></member>
      <member refid="d2/dd3/class_config_option_1a9c75888abf6d37cfe9d00ac40ecc474d" prot="public" virt="non-virtual"><scope>ConfigBool</scope><name>kind</name></member>
      <member refid="d4/ded/class_config_bool_1ac71d10f13c0188d844d5cdac50239b64" prot="private" virt="non-virtual"><scope>ConfigBool</scope><name>m_defValue</name></member>
      <member refid="d2/dd3/class_config_option_1a5146ef81dc662e3c5b2f1e9d1f3c600e" prot="protected" virt="non-virtual"><scope>ConfigBool</scope><name>m_dependency</name></member>
      <member refid="d2/dd3/class_config_option_1a28fdea8e9fdf86e73faae697454c17ab" prot="protected" virt="non-virtual"><scope>ConfigBool</scope><name>m_doc</name></member>
      <member refid="d2/dd3/class_config_option_1a4953007ad225b5996adf18275f59e922" prot="protected" virt="non-virtual"><scope>ConfigBool</scope><name>m_encoding</name></member>
      <member refid="d2/dd3/class_config_option_1a64896a35334d6ab865f8038fb65024ac" prot="protected" virt="non-virtual"><scope>ConfigBool</scope><name>m_kind</name></member>
      <member refid="d2/dd3/class_config_option_1a4f081d447f2443212d0d032da63b20d7" prot="protected" virt="non-virtual"><scope>ConfigBool</scope><name>m_name</name></member>
      <member refid="d2/dd3/class_config_option_1aa3ef6fe13a480dad1404aee1bb0f2d11" prot="protected" virt="non-virtual"><scope>ConfigBool</scope><name>m_spaces</name></member>
      <member refid="d2/dd3/class_config_option_1a5e54ead18c124c6c6c03ed3b678a7103" prot="protected" virt="non-virtual"><scope>ConfigBool</scope><name>m_userComment</name></member>
      <member refid="d4/ded/class_config_bool_1aefe865c4fd964415a318e9c2705520bd" prot="private" virt="non-virtual"><scope>ConfigBool</scope><name>m_value</name></member>
      <member refid="d4/ded/class_config_bool_1acf2434135022696b299873aad44a2b86" prot="private" virt="non-virtual"><scope>ConfigBool</scope><name>m_valueString</name></member>
      <member refid="d2/dd3/class_config_option_1a843270e309a4227d54b459dca07f1c86aa40e4123355dbeb41dc6ca0c68c0d346" prot="public" virt="non-virtual"><scope>ConfigBool</scope><name>MAX_OPTION_LENGTH</name></member>
      <member refid="d2/dd3/class_config_option_1a2f226c32b0c447c1fa628660f42859c4" prot="public" virt="non-virtual"><scope>ConfigBool</scope><name>name</name></member>
      <member refid="d2/dd3/class_config_option_1ad60cb308cdf307e72796dc2fc2a40fdaa306962172c18f2b309fb729e66e32e81" prot="public" virt="non-virtual"><scope>ConfigBool</scope><name>O_Bool</name></member>
      <member refid="d2/dd3/class_config_option_1ad60cb308cdf307e72796dc2fc2a40fdaa116df5f47c0442ad31ca0193cf540701" prot="public" virt="non-virtual"><scope>ConfigBool</scope><name>O_Disabled</name></member>
      <member refid="d2/dd3/class_config_option_1ad60cb308cdf307e72796dc2fc2a40fdaa1ba2565ddffed94550a83a5b537e6a31" prot="public" virt="non-virtual"><scope>ConfigBool</scope><name>O_Enum</name></member>
      <member refid="d2/dd3/class_config_option_1ad60cb308cdf307e72796dc2fc2a40fdaade872bcb27f40e3380fb20be7cea9e57" prot="public" virt="non-virtual"><scope>ConfigBool</scope><name>O_Info</name></member>
      <member refid="d2/dd3/class_config_option_1ad60cb308cdf307e72796dc2fc2a40fdaac029c8062b88308de12914e88e12dcd8" prot="public" virt="non-virtual"><scope>ConfigBool</scope><name>O_Int</name></member>
      <member refid="d2/dd3/class_config_option_1ad60cb308cdf307e72796dc2fc2a40fdaa18c0785bb1948fb57402ee80324ef1a7" prot="public" virt="non-virtual"><scope>ConfigBool</scope><name>O_List</name></member>
      <member refid="d2/dd3/class_config_option_1ad60cb308cdf307e72796dc2fc2a40fdaab60c019594029c214e601ec24988d6ac" prot="public" virt="non-virtual"><scope>ConfigBool</scope><name>O_Obsolete</name></member>
      <member refid="d2/dd3/class_config_option_1ad60cb308cdf307e72796dc2fc2a40fdaa3aa84b958a247d79889f28f4244a7d7f" prot="public" virt="non-virtual"><scope>ConfigBool</scope><name>O_String</name></member>
      <member refid="d2/dd3/class_config_option_1ad60cb308cdf307e72796dc2fc2a40fda" prot="public" virt="non-virtual"><scope>ConfigBool</scope><name>OptionType</name></member>
      <member refid="d2/dd3/class_config_option_1a0ac357ec83d2014603c8d70a00c27a33" prot="public" virt="non-virtual"><scope>ConfigBool</scope><name>setEncoding</name></member>
      <member refid="d2/dd3/class_config_option_1a5baa3fb6c4fb6ec667eb91172f3f398a" prot="public" virt="non-virtual"><scope>ConfigBool</scope><name>setUserComment</name></member>
      <member refid="d4/ded/class_config_bool_1acfabddfc8b65f1850cb7b1bdfcfb6ae1" prot="public" virt="non-virtual"><scope>ConfigBool</scope><name>setValueString</name></member>
      <member refid="d4/ded/class_config_bool_1af9c3c0887533842db8cf9201a5b63486" prot="public" virt="virtual"><scope>ConfigBool</scope><name>substEnvVars</name></member>
      <member refid="d4/ded/class_config_bool_1ab42eaac6320038f3ddeb73900e98d898" prot="public" virt="non-virtual"><scope>ConfigBool</scope><name>valueRef</name></member>
      <member refid="d4/ded/class_config_bool_1a71f105a81fcc98a2c11a807a51c67171" prot="public" virt="non-virtual"><scope>ConfigBool</scope><name>valueStringRef</name></member>
      <member refid="d2/dd3/class_config_option_1a0762b14d6706667da888cd9c56c6f1e7" prot="protected" virt="non-virtual"><scope>ConfigBool</scope><name>writeBoolValue</name></member>
      <member refid="d2/dd3/class_config_option_1a759c9a9621a46b28dcedd5c22a0e271f" prot="protected" virt="non-virtual"><scope>ConfigBool</scope><name>writeIntValue</name></member>
      <member refid="d2/dd3/class_config_option_1abd1fe2acb02bd19ed4ec67b6a60ce446" prot="protected" virt="non-virtual"><scope>ConfigBool</scope><name>writeStringList</name></member>
      <member refid="d2/dd3/class_config_option_1a6e36e0022317d91fd50398119420ad02" prot="protected" virt="non-virtual"><scope>ConfigBool</scope><name>writeStringValue</name></member>
      <member refid="d4/ded/class_config_bool_1aab61095cad30bfb2e184eb389d4d4472" prot="public" virt="virtual"><scope>ConfigBool</scope><name>writeTemplate</name></member>
      <member refid="d4/ded/class_config_bool_1a80c3d18368ee2e4cf305cb005a5de7d5" prot="public" virt="virtual"><scope>ConfigBool</scope><name>writeXML</name></member>
      <member refid="d2/dd3/class_config_option_1ae9ef259a262e4422ade948313b6dd74a" prot="public" virt="virtual"><scope>ConfigBool</scope><name>~ConfigOption</name></member>
    </listofallmembers>
  </compounddef>
</doxygen>
