<?xml version='1.0' encoding='UTF-8' standalone='no'?>
<doxygen xmlns:xsi="http://www.w3.org/2001/XMLSchema-instance" xsi:noNamespaceSchemaLocation="compound.xsd" version="1.8.2">
  <compounddef id="d1/dab/class_define_name_list" kind="class" prot="public">
    <compoundname>DefineNameList</compoundname>
    <basecompoundref refid="db/daa/class_q_list" prot="public" virt="non-virtual">QList&lt; DefineName &gt;</basecompoundref>
    <includes refid="df/d67/define_8h" local="no">define.h</includes>
      <sectiondef kind="public-func">
      <memberdef kind="function" id="d1/dab/class_define_name_list_1afb00d59c0f5248c9c5d83239deafbbe6" prot="public" static="no" const="no" explicit="no" inline="yes" virt="non-virtual">
        <type></type>
        <definition>DefineNameList::DefineNameList</definition>
        <argsstring>()</argsstring>
        <name>DefineNameList</name>
        <briefdescription>
        </briefdescription>
        <detaileddescription>
        </detaileddescription>
        <inbodydescription>
        </inbodydescription>
        <location file="C:/Users/Mat/Projects/doxygraph/examples/doxygen-1.8.4/src/define.h" line="83" bodyfile="C:/Users/Mat/Projects/doxygraph/examples/doxygen-1.8.4/src/define.h" bodystart="83" bodyend="83"/>
      </memberdef>
      <memberdef kind="function" id="d1/dab/class_define_name_list_1aff16cf20aad1ef306c5038343d70900a" prot="public" static="no" const="no" explicit="no" inline="yes" virt="non-virtual">
        <type></type>
        <definition>DefineNameList::~DefineNameList</definition>
        <argsstring>()</argsstring>
        <name>~DefineNameList</name>
        <briefdescription>
        </briefdescription>
        <detaileddescription>
        </detaileddescription>
        <inbodydescription>
        </inbodydescription>
        <location file="C:/Users/Mat/Projects/doxygraph/examples/doxygen-1.8.4/src/define.h" line="84" bodyfile="C:/Users/Mat/Projects/doxygraph/examples/doxygen-1.8.4/src/define.h" bodystart="84" bodyend="84"/>
      </memberdef>
      <memberdef kind="function" id="d1/dab/class_define_name_list_1a7e0121125afb1ec3ab12f9d99a139885" prot="public" static="no" const="no" explicit="no" inline="yes" virt="non-virtual">
        <type>int</type>
        <definition>int DefineNameList::compareItems</definition>
        <argsstring>(QCollection::Item i1, QCollection::Item i2)</argsstring>
        <name>compareItems</name>
        <param>
          <type>QCollection::Item</type>
          <declname>i1</declname>
        </param>
        <param>
          <type>QCollection::Item</type>
          <declname>i2</declname>
        </param>
        <briefdescription>
        </briefdescription>
        <detaileddescription>
        </detaileddescription>
        <inbodydescription>
        </inbodydescription>
        <location file="C:/Users/Mat/Projects/doxygraph/examples/doxygen-1.8.4/src/define.h" line="86" bodyfile="C:/Users/Mat/Projects/doxygraph/examples/doxygen-1.8.4/src/define.h" bodystart="85" bodyend="89"/>
      </memberdef>
      </sectiondef>
    <briefdescription>
<para>A list of <ref refid="d9/d26/class_define_name" kindref="compound">DefineName</ref> objects. </para>    </briefdescription>
    <detaileddescription>
    </detaileddescription>
    <inheritancegraph>
      <node id="2773">
        <label>DefineNameList</label>
        <link refid="d1/dab/class_define_name_list"/>
        <childnode refid="2774" relation="public-inheritance">
        </childnode>
      </node>
      <node id="2774">
        <label>QList&lt; DefineName &gt;</label>
        <link refid="db/daa/class_q_list"/>
      </node>
    </inheritancegraph>
    <collaborationgraph>
      <node id="2775">
        <label>DefineNameList</label>
        <link refid="d1/dab/class_define_name_list"/>
        <childnode refid="2776" relation="public-inheritance">
        </childnode>
      </node>
      <node id="2776">
        <label>QList&lt; DefineName &gt;</label>
        <link refid="db/daa/class_q_list"/>
      </node>
    </collaborationgraph>
    <location file="C:/Users/Mat/Projects/doxygraph/examples/doxygen-1.8.4/src/define.h" line="81" bodyfile="C:/Users/Mat/Projects/doxygraph/examples/doxygen-1.8.4/src/define.h" bodystart="80" bodyend="90"/>
    <listofallmembers>
      <member refid="d1/dab/class_define_name_list_1a7e0121125afb1ec3ab12f9d99a139885" prot="public" virt="non-virtual"><scope>DefineNameList</scope><name>compareItems</name></member>
      <member refid="d1/dab/class_define_name_list_1afb00d59c0f5248c9c5d83239deafbbe6" prot="public" virt="non-virtual"><scope>DefineNameList</scope><name>DefineNameList</name></member>
      <member refid="d1/dab/class_define_name_list_1aff16cf20aad1ef306c5038343d70900a" prot="public" virt="non-virtual"><scope>DefineNameList</scope><name>~DefineNameList</name></member>
    </listofallmembers>
  </compounddef>
</doxygen>
