<?xml version='1.0' encoding='UTF-8' standalone='no'?>
<doxygen xmlns:xsi="http://www.w3.org/2001/XMLSchema-instance" xsi:noNamespaceSchemaLocation="compound.xsd" version="1.8.2">
  <compounddef id="df/d0a/main_8cpp" kind="file">
    <compoundname>main.cpp</compoundname>
    <includes refid="d1/da1/doxygen_8h" local="yes">doxygen.h</includes>
    <incdepgraph>
      <node id="3143">
        <label>qcstring.h</label>
      </node>
      <node id="3138">
        <label>qgstring.h</label>
      </node>
      <node id="3129">
        <label>qdatetime.h</label>
      </node>
      <node id="3131">
        <label>qstrlist.h</label>
      </node>
      <node id="3137">
        <label>qstring.h</label>
      </node>
      <node id="3141">
        <label>membergroup.h</label>
        <link refid="d9/d11/membergroup_8h_source"/>
        <childnode refid="3140" relation="include">
        </childnode>
        <childnode refid="3139" relation="include">
        </childnode>
        <childnode refid="3142" relation="include">
        </childnode>
      </node>
      <node id="3139">
        <label>sortdict.h</label>
        <link refid="d9/d21/sortdict_8h_source"/>
        <childnode refid="3140" relation="include">
        </childnode>
        <childnode refid="3132" relation="include">
        </childnode>
        <childnode refid="3133" relation="include">
        </childnode>
      </node>
      <node id="3146">
        <label>memberlist.h</label>
        <link refid="dd/d78/memberlist_8h_source"/>
        <childnode refid="3140" relation="include">
        </childnode>
        <childnode refid="3147" relation="include">
        </childnode>
        <childnode refid="3139" relation="include">
        </childnode>
        <childnode refid="3142" relation="include">
        </childnode>
      </node>
      <node id="3130">
        <label>qcache.h</label>
      </node>
      <node id="3133">
        <label>qintdict.h</label>
      </node>
      <node id="3136">
        <label>qiodevice.h</label>
      </node>
      <node id="3148">
        <label>sys/types.h</label>
      </node>
      <node id="3142">
        <label>types.h</label>
        <link refid="d9/d49/types_8h"/>
        <childnode refid="3143" relation="include">
        </childnode>
      </node>
      <node id="3140">
        <label>qlist.h</label>
      </node>
      <node id="3134">
        <label>ftextstream.h</label>
        <link refid="df/d83/ftextstream_8h_source"/>
        <childnode refid="3135" relation="include">
        </childnode>
        <childnode refid="3136" relation="include">
        </childnode>
        <childnode refid="3137" relation="include">
        </childnode>
        <childnode refid="3138" relation="include">
        </childnode>
      </node>
      <node id="3128">
        <label>doxygen.h</label>
        <link refid="d1/da1/doxygen_8h_source"/>
        <childnode refid="3129" relation="include">
        </childnode>
        <childnode refid="3130" relation="include">
        </childnode>
        <childnode refid="3131" relation="include">
        </childnode>
        <childnode refid="3132" relation="include">
        </childnode>
        <childnode refid="3133" relation="include">
        </childnode>
        <childnode refid="3134" relation="include">
        </childnode>
        <childnode refid="3139" relation="include">
        </childnode>
        <childnode refid="3141" relation="include">
        </childnode>
        <childnode refid="3144" relation="include">
        </childnode>
        <childnode refid="3146" relation="include">
        </childnode>
      </node>
      <node id="3147">
        <label>memberdef.h</label>
        <link refid="d4/d46/memberdef_8h_source"/>
        <childnode refid="3140" relation="include">
        </childnode>
        <childnode refid="3148" relation="include">
        </childnode>
        <childnode refid="3142" relation="include">
        </childnode>
        <childnode refid="3145" relation="include">
        </childnode>
      </node>
      <node id="3145">
        <label>definition.h</label>
        <link refid="df/da1/definition_8h_source"/>
        <childnode refid="3140" relation="include">
        </childnode>
        <childnode refid="3132" relation="include">
        </childnode>
        <childnode refid="3142" relation="include">
        </childnode>
      </node>
      <node id="3127">
        <label>src/main.cpp</label>
        <link refid="main.cpp"/>
        <childnode refid="3128" relation="include">
        </childnode>
      </node>
      <node id="3144">
        <label>dirdef.h</label>
        <link refid="d6/d15/dirdef_8h_source"/>
        <childnode refid="3139" relation="include">
        </childnode>
        <childnode refid="3145" relation="include">
        </childnode>
        <childnode refid="3140" relation="include">
        </childnode>
      </node>
      <node id="3132">
        <label>qdict.h</label>
      </node>
      <node id="3135">
        <label>stdio.h</label>
      </node>
    </incdepgraph>
      <sectiondef kind="func">
      <memberdef kind="function" id="df/d0a/main_8cpp_1a3c04138a5bfe5d72780bb7e82a18e627" prot="public" static="no" const="no" explicit="no" inline="no" virt="non-virtual">
        <type>int</type>
        <definition>int main</definition>
        <argsstring>(int argc, char **argv)</argsstring>
        <name>main</name>
        <param>
          <type>int</type>
          <declname>argc</declname>
        </param>
        <param>
          <type>char **</type>
          <declname>argv</declname>
        </param>
        <briefdescription>
        </briefdescription>
        <detaileddescription>
<para>Default main. The idea of separating this from the rest of doxygen, is to make it possible to write your own main, with a different generateOutput() function for instance. </para>        </detaileddescription>
        <inbodydescription>
        </inbodydescription>
        <location file="C:/Users/Mat/Projects/doxygraph/examples/doxygen-1.8.4/src/main.cpp" line="32" bodyfile="C:/Users/Mat/Projects/doxygraph/examples/doxygen-1.8.4/src/main.cpp" bodystart="31" bodyend="40"/>
      </memberdef>
      </sectiondef>
    <briefdescription>
<para>main entry point for doxygen </para>    </briefdescription>
    <detaileddescription>
<para>This file contains <ref refid="df/d0a/main_8cpp_1a3c04138a5bfe5d72780bb7e82a18e627" kindref="member">main()</ref> </para>    </detaileddescription>
    <programlisting>
<codeline lineno="1"><highlight class="comment">/******************************************************************************</highlight></codeline>
<codeline lineno="2"><highlight class="comment"><sp/>*</highlight></codeline>
<codeline lineno="3"><highlight class="comment"><sp/>*<sp/>$Id:<sp/>main.cpp,v<sp/>1.86<sp/>2001/01/01<sp/>10:15:16<sp/>root<sp/>Exp<sp/>$</highlight></codeline>
<codeline lineno="4"><highlight class="comment"><sp/>*</highlight></codeline>
<codeline lineno="5"><highlight class="comment"><sp/>*</highlight></codeline>
<codeline lineno="6"><highlight class="comment"><sp/>*<sp/>Copyright<sp/>(C)<sp/>1997-2013<sp/>by<sp/>Dimitri<sp/>van<sp/>Heesch.</highlight></codeline>
<codeline lineno="7"><highlight class="comment"><sp/>*</highlight></codeline>
<codeline lineno="8"><highlight class="comment"><sp/>*<sp/>Permission<sp/>to<sp/>use,<sp/>copy,<sp/>modify,<sp/>and<sp/>distribute<sp/>this<sp/>software<sp/>and<sp/>its</highlight></codeline>
<codeline lineno="9"><highlight class="comment"><sp/>*<sp/>documentation<sp/>under<sp/>the<sp/>terms<sp/>of<sp/>the<sp/>GNU<sp/>General<sp/>Public<sp/>License<sp/>is<sp/>hereby<sp/></highlight></codeline>
<codeline lineno="10"><highlight class="comment"><sp/>*<sp/>granted.<sp/>No<sp/>representations<sp/>are<sp/>made<sp/>about<sp/>the<sp/>suitability<sp/>of<sp/>this<sp/>software<sp/></highlight></codeline>
<codeline lineno="11"><highlight class="comment"><sp/>*<sp/>for<sp/>any<sp/>purpose.<sp/>It<sp/>is<sp/>provided<sp/>&quot;as<sp/>is&quot;<sp/>without<sp/>express<sp/>or<sp/>implied<sp/>warranty.</highlight></codeline>
<codeline lineno="12"><highlight class="comment"><sp/>*<sp/>See<sp/>the<sp/>GNU<sp/>General<sp/>Public<sp/>License<sp/>for<sp/>more<sp/>details.</highlight></codeline>
<codeline lineno="13"><highlight class="comment"><sp/>*</highlight></codeline>
<codeline lineno="14"><highlight class="comment"><sp/>*<sp/>Documents<sp/>produced<sp/>by<sp/>Doxygen<sp/>are<sp/>derivative<sp/>works<sp/>derived<sp/>from<sp/>the</highlight></codeline>
<codeline lineno="15"><highlight class="comment"><sp/>*<sp/>input<sp/>used<sp/>in<sp/>their<sp/>production;<sp/>they<sp/>are<sp/>not<sp/>affected<sp/>by<sp/>this<sp/>license.</highlight></codeline>
<codeline lineno="16"><highlight class="comment"><sp/>*</highlight></codeline>
<codeline lineno="17"><highlight class="comment"><sp/>*/</highlight><highlight class="normal"></highlight></codeline>
<codeline lineno="18"><highlight class="normal"></highlight></codeline>
<codeline lineno="19"><highlight class="normal"></highlight><highlight class="preprocessor">#include<sp/>&quot;doxygen.h&quot;</highlight><highlight class="normal"></highlight></codeline>
<codeline lineno="20"><highlight class="normal"></highlight></codeline>
<codeline lineno="31" refid="df/d0a/main_8cpp_1a3c04138a5bfe5d72780bb7e82a18e627" refkind="member"><highlight class="keywordtype">int</highlight><highlight class="normal"><sp/><ref refid="df/d0a/main_8cpp_1a3c04138a5bfe5d72780bb7e82a18e627" kindref="member">main</ref>(</highlight><highlight class="keywordtype">int</highlight><highlight class="normal"><sp/>argc,</highlight><highlight class="keywordtype">char</highlight><highlight class="normal"><sp/>**argv)</highlight></codeline>
<codeline lineno="32"><highlight class="normal">{</highlight></codeline>
<codeline lineno="33"><highlight class="normal"><sp/><sp/>initDoxygen();</highlight></codeline>
<codeline lineno="34"><highlight class="normal"><sp/><sp/>readConfiguration(argc,argv);</highlight></codeline>
<codeline lineno="35"><highlight class="normal"><sp/><sp/>checkConfiguration();</highlight></codeline>
<codeline lineno="36"><highlight class="normal"><sp/><sp/>adjustConfiguration();</highlight></codeline>
<codeline lineno="37"><highlight class="normal"><sp/><sp/>parseInput();</highlight></codeline>
<codeline lineno="38"><highlight class="normal"><sp/><sp/>generateOutput();</highlight></codeline>
<codeline lineno="39"><highlight class="normal"><sp/><sp/></highlight><highlight class="keywordflow">return</highlight><highlight class="normal"><sp/>0;</highlight></codeline>
<codeline lineno="40"><highlight class="normal">}</highlight></codeline>
<codeline lineno="41"><highlight class="normal"></highlight></codeline>
    </programlisting>
    <location file="C:/Users/Mat/Projects/doxygraph/examples/doxygen-1.8.4/src/main.cpp"/>
  </compounddef>
</doxygen>
