<?xml version='1.0' encoding='UTF-8' standalone='no'?>
<doxygen xmlns:xsi="http://www.w3.org/2001/XMLSchema-instance" xsi:noNamespaceSchemaLocation="compound.xsd" version="1.8.2">
  <compounddef id="dd/d0b/class_diagram_row_iterator" kind="class" prot="public">
    <compoundname>DiagramRowIterator</compoundname>
    <basecompoundref prot="public" virt="non-virtual">QListIterator&lt; DiagramRow &gt;</basecompoundref>
      <sectiondef kind="public-func">
      <memberdef kind="function" id="dd/d0b/class_diagram_row_iterator_1a017a5b52dc761e5b52e4278aeab387a2" prot="public" static="no" const="no" explicit="no" inline="yes" virt="non-virtual">
        <type></type>
        <definition>DiagramRowIterator::DiagramRowIterator</definition>
        <argsstring>(const QList&lt; DiagramRow &gt; &amp;d)</argsstring>
        <name>DiagramRowIterator</name>
        <param>
          <type>const <ref refid="db/daa/class_q_list" kindref="compound">QList</ref>&lt; DiagramRow &gt; &amp;</type>
          <declname>d</declname>
        </param>
        <briefdescription>
        </briefdescription>
        <detaileddescription>
        </detaileddescription>
        <inbodydescription>
        </inbodydescription>
        <location file="C:/Users/Mat/Projects/doxygraph/examples/doxygen-1.8.4/src/diagram.cpp" line="107" bodyfile="C:/Users/Mat/Projects/doxygraph/examples/doxygen-1.8.4/src/diagram.cpp" bodystart="106" bodyend="107"/>
      </memberdef>
      </sectiondef>
    <briefdescription>
<para>Class representing iterator for the rows in the built-in class diagram. </para>    </briefdescription>
    <detaileddescription>
    </detaileddescription>
    <inheritancegraph>
      <node id="2839">
        <label>QListIterator&lt; DiagramRow &gt;</label>
      </node>
      <node id="2838">
        <label>DiagramRowIterator</label>
        <childnode refid="2839" relation="public-inheritance">
        </childnode>
      </node>
    </inheritancegraph>
    <collaborationgraph>
      <node id="2841">
        <label>QListIterator&lt; DiagramRow &gt;</label>
      </node>
      <node id="2840">
        <label>DiagramRowIterator</label>
        <childnode refid="2841" relation="public-inheritance">
        </childnode>
      </node>
    </collaborationgraph>
    <location file="C:/Users/Mat/Projects/doxygraph/examples/doxygen-1.8.4/src/diagram.cpp" line="104" bodyfile="C:/Users/Mat/Projects/doxygraph/examples/doxygen-1.8.4/src/diagram.cpp" bodystart="103" bodyend="108"/>
    <listofallmembers>
      <member refid="dd/d0b/class_diagram_row_iterator_1a017a5b52dc761e5b52e4278aeab387a2" prot="public" virt="non-virtual"><scope>DiagramRowIterator</scope><name>DiagramRowIterator</name></member>
    </listofallmembers>
  </compounddef>
</doxygen>
