<?xml version='1.0' encoding='UTF-8' standalone='no'?>
<doxygen xmlns:xsi="http://www.w3.org/2001/XMLSchema-instance" xsi:noNamespaceSchemaLocation="compound.xsd" version="1.8.2">
  <compounddef id="de/d4f/class_qhp" kind="class" prot="public">
    <compoundname>Qhp</compoundname>
    <basecompoundref refid="d9/dd5/class_index_intf" prot="public" virt="non-virtual">IndexIntf</basecompoundref>
      <sectiondef kind="private-attrib">
      <memberdef kind="variable" id="de/d4f/class_qhp_1a2325cfbf907d46175c0df40cdb524f42" prot="private" static="no" mutable="no">
        <type><ref refid="db/d40/class_qhp_xml_writer" kindref="compound">QhpXmlWriter</ref></type>
        <definition>QhpXmlWriter Qhp::m_doc</definition>
        <argsstring></argsstring>
        <name>m_doc</name>
        <briefdescription>
        </briefdescription>
        <detaileddescription>
        </detaileddescription>
        <inbodydescription>
        </inbodydescription>
        <location file="C:/Users/Mat/Projects/doxygraph/examples/doxygen-1.8.4/src/qhp.h" line="55" bodyfile="C:/Users/Mat/Projects/doxygraph/examples/doxygen-1.8.4/src/qhp.h" bodystart="55" bodyend="-1"/>
      </memberdef>
      <memberdef kind="variable" id="de/d4f/class_qhp_1a7ae75eaebcb628b4bbfca9a78459c59c" prot="private" static="no" mutable="no">
        <type><ref refid="db/d40/class_qhp_xml_writer" kindref="compound">QhpXmlWriter</ref></type>
        <definition>QhpXmlWriter Qhp::m_toc</definition>
        <argsstring></argsstring>
        <name>m_toc</name>
        <briefdescription>
        </briefdescription>
        <detaileddescription>
        </detaileddescription>
        <inbodydescription>
        </inbodydescription>
        <location file="C:/Users/Mat/Projects/doxygraph/examples/doxygen-1.8.4/src/qhp.h" line="56" bodyfile="C:/Users/Mat/Projects/doxygraph/examples/doxygen-1.8.4/src/qhp.h" bodystart="56" bodyend="-1"/>
      </memberdef>
      <memberdef kind="variable" id="de/d4f/class_qhp_1a7ee6bf6f5ef00a64936df35fc2bf88bf" prot="private" static="no" mutable="no">
        <type><ref refid="db/d40/class_qhp_xml_writer" kindref="compound">QhpXmlWriter</ref></type>
        <definition>QhpXmlWriter Qhp::m_index</definition>
        <argsstring></argsstring>
        <name>m_index</name>
        <briefdescription>
        </briefdescription>
        <detaileddescription>
        </detaileddescription>
        <inbodydescription>
        </inbodydescription>
        <location file="C:/Users/Mat/Projects/doxygraph/examples/doxygen-1.8.4/src/qhp.h" line="57" bodyfile="C:/Users/Mat/Projects/doxygraph/examples/doxygen-1.8.4/src/qhp.h" bodystart="57" bodyend="-1"/>
      </memberdef>
      <memberdef kind="variable" id="de/d4f/class_qhp_1aaf277656add75f1d81ff152d992f0fec" prot="private" static="no" mutable="no">
        <type><ref refid="db/d40/class_qhp_xml_writer" kindref="compound">QhpXmlWriter</ref></type>
        <definition>QhpXmlWriter Qhp::m_files</definition>
        <argsstring></argsstring>
        <name>m_files</name>
        <briefdescription>
        </briefdescription>
        <detaileddescription>
        </detaileddescription>
        <inbodydescription>
        </inbodydescription>
        <location file="C:/Users/Mat/Projects/doxygraph/examples/doxygen-1.8.4/src/qhp.h" line="58" bodyfile="C:/Users/Mat/Projects/doxygraph/examples/doxygen-1.8.4/src/qhp.h" bodystart="58" bodyend="-1"/>
      </memberdef>
      <memberdef kind="variable" id="de/d4f/class_qhp_1ad67896b0801b83fd8d84baee317dac93" prot="private" static="no" mutable="no">
        <type>QCString</type>
        <definition>QCString Qhp::m_prevSectionTitle</definition>
        <argsstring></argsstring>
        <name>m_prevSectionTitle</name>
        <briefdescription>
        </briefdescription>
        <detaileddescription>
        </detaileddescription>
        <inbodydescription>
        </inbodydescription>
        <location file="C:/Users/Mat/Projects/doxygraph/examples/doxygen-1.8.4/src/qhp.h" line="60" bodyfile="C:/Users/Mat/Projects/doxygraph/examples/doxygen-1.8.4/src/qhp.h" bodystart="60" bodyend="-1"/>
      </memberdef>
      <memberdef kind="variable" id="de/d4f/class_qhp_1a941191e23765ac8424976d92f8d5205a" prot="private" static="no" mutable="no">
        <type>QCString</type>
        <definition>QCString Qhp::m_prevSectionBaseName</definition>
        <argsstring></argsstring>
        <name>m_prevSectionBaseName</name>
        <briefdescription>
        </briefdescription>
        <detaileddescription>
        </detaileddescription>
        <inbodydescription>
        </inbodydescription>
        <location file="C:/Users/Mat/Projects/doxygraph/examples/doxygen-1.8.4/src/qhp.h" line="61" bodyfile="C:/Users/Mat/Projects/doxygraph/examples/doxygen-1.8.4/src/qhp.h" bodystart="61" bodyend="-1"/>
      </memberdef>
      <memberdef kind="variable" id="de/d4f/class_qhp_1ab6dc7c25ec238ef9a3e30a3d838adff5" prot="private" static="no" mutable="no">
        <type>QCString</type>
        <definition>QCString Qhp::m_prevSectionAnchor</definition>
        <argsstring></argsstring>
        <name>m_prevSectionAnchor</name>
        <briefdescription>
        </briefdescription>
        <detaileddescription>
        </detaileddescription>
        <inbodydescription>
        </inbodydescription>
        <location file="C:/Users/Mat/Projects/doxygraph/examples/doxygen-1.8.4/src/qhp.h" line="62" bodyfile="C:/Users/Mat/Projects/doxygraph/examples/doxygen-1.8.4/src/qhp.h" bodystart="62" bodyend="-1"/>
      </memberdef>
      <memberdef kind="variable" id="de/d4f/class_qhp_1a34ee23044494f9c8f5c7bb45719303fb" prot="private" static="no" mutable="no">
        <type>int</type>
        <definition>int Qhp::m_prevSectionLevel</definition>
        <argsstring></argsstring>
        <name>m_prevSectionLevel</name>
        <briefdescription>
        </briefdescription>
        <detaileddescription>
        </detaileddescription>
        <inbodydescription>
        </inbodydescription>
        <location file="C:/Users/Mat/Projects/doxygraph/examples/doxygen-1.8.4/src/qhp.h" line="64" bodyfile="C:/Users/Mat/Projects/doxygraph/examples/doxygen-1.8.4/src/qhp.h" bodystart="64" bodyend="-1"/>
      </memberdef>
      <memberdef kind="variable" id="de/d4f/class_qhp_1ad8073c58fe9bb88efb1f8645b4d4087d" prot="private" static="no" mutable="no">
        <type>int</type>
        <definition>int Qhp::m_sectionLevel</definition>
        <argsstring></argsstring>
        <name>m_sectionLevel</name>
        <briefdescription>
        </briefdescription>
        <detaileddescription>
        </detaileddescription>
        <inbodydescription>
        </inbodydescription>
        <location file="C:/Users/Mat/Projects/doxygraph/examples/doxygen-1.8.4/src/qhp.h" line="65" bodyfile="C:/Users/Mat/Projects/doxygraph/examples/doxygen-1.8.4/src/qhp.h" bodystart="65" bodyend="-1"/>
      </memberdef>
      </sectiondef>
      <sectiondef kind="public-func">
      <memberdef kind="function" id="de/d4f/class_qhp_1a1cc5cff0816b9170282a397cf3ab1db4" prot="public" static="no" const="no" explicit="no" inline="no" virt="non-virtual">
        <type></type>
        <definition>Qhp::Qhp</definition>
        <argsstring>()</argsstring>
        <name>Qhp</name>
        <briefdescription>
        </briefdescription>
        <detaileddescription>
        </detaileddescription>
        <inbodydescription>
        </inbodydescription>
        <location file="C:/Users/Mat/Projects/doxygraph/examples/doxygen-1.8.4/src/qhp.h" line="26" bodyfile="C:/Users/Mat/Projects/doxygraph/examples/doxygen-1.8.4/src/qhp.cpp" bodystart="56" bodyend="62"/>
      </memberdef>
      <memberdef kind="function" id="de/d4f/class_qhp_1ab10e4a689479c8fd8a51a5563db674d4" prot="public" static="no" const="no" explicit="no" inline="no" virt="non-virtual">
        <type></type>
        <definition>Qhp::~Qhp</definition>
        <argsstring>()</argsstring>
        <name>~Qhp</name>
        <briefdescription>
        </briefdescription>
        <detaileddescription>
        </detaileddescription>
        <inbodydescription>
        </inbodydescription>
        <location file="C:/Users/Mat/Projects/doxygraph/examples/doxygen-1.8.4/src/qhp.h" line="27" bodyfile="C:/Users/Mat/Projects/doxygraph/examples/doxygen-1.8.4/src/qhp.cpp" bodystart="64" bodyend="67"/>
      </memberdef>
      <memberdef kind="function" id="de/d4f/class_qhp_1a7ee6480507e32d9142ec04d4e499ae7e" prot="public" static="no" const="no" explicit="no" inline="no" virt="virtual">
        <type>void</type>
        <definition>void Qhp::initialize</definition>
        <argsstring>()</argsstring>
        <name>initialize</name>
        <reimplements refid="d9/dd5/class_index_intf_1a0e46b4afa0ed269e2d089c8444590515">initialize</reimplements>
        <briefdescription>
        </briefdescription>
        <detaileddescription>
        </detaileddescription>
        <inbodydescription>
        </inbodydescription>
        <location file="C:/Users/Mat/Projects/doxygraph/examples/doxygen-1.8.4/src/qhp.h" line="30" bodyfile="C:/Users/Mat/Projects/doxygraph/examples/doxygen-1.8.4/src/qhp.cpp" bodystart="69" bodyend="143"/>
      </memberdef>
      <memberdef kind="function" id="de/d4f/class_qhp_1a89942e1d21257702167ab30834b991cd" prot="public" static="no" const="no" explicit="no" inline="no" virt="virtual">
        <type>void</type>
        <definition>void Qhp::finalize</definition>
        <argsstring>()</argsstring>
        <name>finalize</name>
        <reimplements refid="d9/dd5/class_index_intf_1aa5532a767c4ac41167d014209b2ea8d7">finalize</reimplements>
        <briefdescription>
        </briefdescription>
        <detaileddescription>
        </detaileddescription>
        <inbodydescription>
        </inbodydescription>
        <location file="C:/Users/Mat/Projects/doxygraph/examples/doxygen-1.8.4/src/qhp.h" line="31" bodyfile="C:/Users/Mat/Projects/doxygraph/examples/doxygen-1.8.4/src/qhp.cpp" bodystart="145" bodyend="175"/>
      </memberdef>
      <memberdef kind="function" id="de/d4f/class_qhp_1a50a0c14cf46a57a63afb304df260da59" prot="public" static="no" const="no" explicit="no" inline="no" virt="virtual">
        <type>void</type>
        <definition>void Qhp::incContentsDepth</definition>
        <argsstring>()</argsstring>
        <name>incContentsDepth</name>
        <reimplements refid="d9/dd5/class_index_intf_1ac5ff1647bcf1cc65543258df162a0a7c">incContentsDepth</reimplements>
        <briefdescription>
        </briefdescription>
        <detaileddescription>
        </detaileddescription>
        <inbodydescription>
        </inbodydescription>
        <location file="C:/Users/Mat/Projects/doxygraph/examples/doxygen-1.8.4/src/qhp.h" line="32" bodyfile="C:/Users/Mat/Projects/doxygraph/examples/doxygen-1.8.4/src/qhp.cpp" bodystart="177" bodyend="181"/>
      </memberdef>
      <memberdef kind="function" id="de/d4f/class_qhp_1a7c18564920e18fc9bbdcd8ca6c9b21f0" prot="public" static="no" const="no" explicit="no" inline="no" virt="virtual">
        <type>void</type>
        <definition>void Qhp::decContentsDepth</definition>
        <argsstring>()</argsstring>
        <name>decContentsDepth</name>
        <reimplements refid="d9/dd5/class_index_intf_1a920918399556e9afd4d927de3d1f4247">decContentsDepth</reimplements>
        <briefdescription>
        </briefdescription>
        <detaileddescription>
        </detaileddescription>
        <inbodydescription>
        </inbodydescription>
        <location file="C:/Users/Mat/Projects/doxygraph/examples/doxygen-1.8.4/src/qhp.h" line="33" bodyfile="C:/Users/Mat/Projects/doxygraph/examples/doxygen-1.8.4/src/qhp.cpp" bodystart="183" bodyend="191"/>
      </memberdef>
      <memberdef kind="function" id="de/d4f/class_qhp_1ac8c3cd9a9ea8f8d8204124107e9f4b6d" prot="public" static="no" const="no" explicit="no" inline="no" virt="virtual">
        <type>void</type>
        <definition>void Qhp::addContentsItem</definition>
        <argsstring>(bool isDir, const char *name, const char *ref, const char *file, const char *anchor, bool separateIndex, bool addToNavIndex, Definition *def)</argsstring>
        <name>addContentsItem</name>
        <reimplements refid="d9/dd5/class_index_intf_1aab43652b639ce5cd25f5b16e54e20f26">addContentsItem</reimplements>
        <param>
          <type>bool</type>
          <declname>isDir</declname>
        </param>
        <param>
          <type>const char *</type>
          <declname>name</declname>
        </param>
        <param>
          <type>const char *</type>
          <declname>ref</declname>
        </param>
        <param>
          <type>const char *</type>
          <declname>file</declname>
        </param>
        <param>
          <type>const char *</type>
          <declname>anchor</declname>
        </param>
        <param>
          <type>bool</type>
          <declname>separateIndex</declname>
        </param>
        <param>
          <type>bool</type>
          <declname>addToNavIndex</declname>
        </param>
        <param>
          <type><ref refid="d5/dcc/class_definition" kindref="compound">Definition</ref> *</type>
          <declname>def</declname>
        </param>
        <briefdescription>
        </briefdescription>
        <detaileddescription>
        </detaileddescription>
        <inbodydescription>
        </inbodydescription>
        <location file="C:/Users/Mat/Projects/doxygraph/examples/doxygen-1.8.4/src/qhp.h" line="37" bodyfile="C:/Users/Mat/Projects/doxygraph/examples/doxygen-1.8.4/src/qhp.cpp" bodystart="193" bodyend="215"/>
      </memberdef>
      <memberdef kind="function" id="de/d4f/class_qhp_1a9217a4348b84dc5d40c588f7b9cf15d3" prot="public" static="no" const="no" explicit="no" inline="no" virt="virtual">
        <type>void</type>
        <definition>void Qhp::addIndexItem</definition>
        <argsstring>(Definition *context, MemberDef *md, const char *sectionAnchor, const char *title)</argsstring>
        <name>addIndexItem</name>
        <reimplements refid="d9/dd5/class_index_intf_1a762276e6f0229fb784a592acd2cf6a8b">addIndexItem</reimplements>
        <param>
          <type><ref refid="d5/dcc/class_definition" kindref="compound">Definition</ref> *</type>
          <declname>context</declname>
        </param>
        <param>
          <type><ref refid="da/d09/class_member_def" kindref="compound">MemberDef</ref> *</type>
          <declname>md</declname>
        </param>
        <param>
          <type>const char *</type>
          <declname>sectionAnchor</declname>
        </param>
        <param>
          <type>const char *</type>
          <declname>title</declname>
        </param>
        <briefdescription>
        </briefdescription>
        <detaileddescription>
        </detaileddescription>
        <inbodydescription>
        </inbodydescription>
        <location file="C:/Users/Mat/Projects/doxygraph/examples/doxygen-1.8.4/src/qhp.h" line="39" bodyfile="C:/Users/Mat/Projects/doxygraph/examples/doxygen-1.8.4/src/qhp.cpp" bodystart="217" bodyend="273"/>
      </memberdef>
      <memberdef kind="function" id="de/d4f/class_qhp_1add8bcd3ac9a548c723a801af39d766f6" prot="public" static="no" const="no" explicit="no" inline="no" virt="virtual">
        <type>void</type>
        <definition>void Qhp::addIndexFile</definition>
        <argsstring>(const char *name)</argsstring>
        <name>addIndexFile</name>
        <reimplements refid="d9/dd5/class_index_intf_1a153c5c5995155d112c33fed544b44094">addIndexFile</reimplements>
        <param>
          <type>const char *</type>
          <declname>name</declname>
        </param>
        <briefdescription>
        </briefdescription>
        <detaileddescription>
        </detaileddescription>
        <inbodydescription>
        </inbodydescription>
        <location file="C:/Users/Mat/Projects/doxygraph/examples/doxygen-1.8.4/src/qhp.h" line="40" bodyfile="C:/Users/Mat/Projects/doxygraph/examples/doxygen-1.8.4/src/qhp.cpp" bodystart="275" bodyend="278"/>
      </memberdef>
      <memberdef kind="function" id="de/d4f/class_qhp_1a2bbb4b9970a2329b32fe335db286ff87" prot="public" static="no" const="no" explicit="no" inline="no" virt="virtual">
        <type>void</type>
        <definition>void Qhp::addImageFile</definition>
        <argsstring>(const char *name)</argsstring>
        <name>addImageFile</name>
        <reimplements refid="d9/dd5/class_index_intf_1ac1650d4596d97cdd1de428b06a76daad">addImageFile</reimplements>
        <param>
          <type>const char *</type>
          <declname>name</declname>
        </param>
        <briefdescription>
        </briefdescription>
        <detaileddescription>
        </detaileddescription>
        <inbodydescription>
        </inbodydescription>
        <location file="C:/Users/Mat/Projects/doxygraph/examples/doxygen-1.8.4/src/qhp.h" line="41" bodyfile="C:/Users/Mat/Projects/doxygraph/examples/doxygen-1.8.4/src/qhp.cpp" bodystart="358" bodyend="361"/>
      </memberdef>
      <memberdef kind="function" id="de/d4f/class_qhp_1a67f6d219b09bca247db64fe30454eb52" prot="public" static="no" const="no" explicit="no" inline="no" virt="virtual">
        <type>void</type>
        <definition>void Qhp::addStyleSheetFile</definition>
        <argsstring>(const char *name)</argsstring>
        <name>addStyleSheetFile</name>
        <reimplements refid="d9/dd5/class_index_intf_1a3989fce1306feb90e477cb53fd0daee0">addStyleSheetFile</reimplements>
        <param>
          <type>const char *</type>
          <declname>name</declname>
        </param>
        <briefdescription>
        </briefdescription>
        <detaileddescription>
        </detaileddescription>
        <inbodydescription>
        </inbodydescription>
        <location file="C:/Users/Mat/Projects/doxygraph/examples/doxygen-1.8.4/src/qhp.h" line="42" bodyfile="C:/Users/Mat/Projects/doxygraph/examples/doxygen-1.8.4/src/qhp.cpp" bodystart="363" bodyend="366"/>
      </memberdef>
      </sectiondef>
      <sectiondef kind="public-static-func">
      <memberdef kind="function" id="de/d4f/class_qhp_1af83942532051a2b155f6ae29b2f727dc" prot="public" static="yes" const="no" explicit="no" inline="no" virt="non-virtual">
        <type>QCString</type>
        <definition>QCString Qhp::getQhpFileName</definition>
        <argsstring>()</argsstring>
        <name>getQhpFileName</name>
        <briefdescription>
        </briefdescription>
        <detaileddescription>
        </detaileddescription>
        <inbodydescription>
        </inbodydescription>
        <location file="C:/Users/Mat/Projects/doxygraph/examples/doxygen-1.8.4/src/qhp.h" line="45" bodyfile="C:/Users/Mat/Projects/doxygraph/examples/doxygen-1.8.4/src/qhp.cpp" bodystart="280" bodyend="283"/>
      </memberdef>
      </sectiondef>
      <sectiondef kind="private-func">
      <memberdef kind="function" id="de/d4f/class_qhp_1a7231f5776e08f2ea8eb480bc98d6e675" prot="private" static="no" const="no" explicit="no" inline="no" virt="non-virtual">
        <type>void</type>
        <definition>void Qhp::handlePrevSection</definition>
        <argsstring>()</argsstring>
        <name>handlePrevSection</name>
        <briefdescription>
        </briefdescription>
        <detaileddescription>
        </detaileddescription>
        <inbodydescription>
        </inbodydescription>
        <location file="C:/Users/Mat/Projects/doxygraph/examples/doxygen-1.8.4/src/qhp.h" line="48" bodyfile="C:/Users/Mat/Projects/doxygraph/examples/doxygen-1.8.4/src/qhp.cpp" bodystart="295" bodyend="336"/>
      </memberdef>
      <memberdef kind="function" id="de/d4f/class_qhp_1afa10ab59f7b0858af24364bd3600f801" prot="private" static="no" const="no" explicit="no" inline="no" virt="non-virtual">
        <type>void</type>
        <definition>void Qhp::clearPrevSection</definition>
        <argsstring>()</argsstring>
        <name>clearPrevSection</name>
        <briefdescription>
        </briefdescription>
        <detaileddescription>
        </detaileddescription>
        <inbodydescription>
        </inbodydescription>
        <location file="C:/Users/Mat/Projects/doxygraph/examples/doxygen-1.8.4/src/qhp.h" line="49" bodyfile="C:/Users/Mat/Projects/doxygraph/examples/doxygen-1.8.4/src/qhp.cpp" bodystart="346" bodyend="351"/>
      </memberdef>
      <memberdef kind="function" id="de/d4f/class_qhp_1ac14c4251157e0820e921c9230f76b02a" prot="private" static="no" const="no" explicit="no" inline="no" virt="non-virtual">
        <type>void</type>
        <definition>void Qhp::setPrevSection</definition>
        <argsstring>(const char *title, const char *basename, const char *anchor, int level)</argsstring>
        <name>setPrevSection</name>
        <param>
          <type>const char *</type>
          <declname>title</declname>
        </param>
        <param>
          <type>const char *</type>
          <declname>basename</declname>
        </param>
        <param>
          <type>const char *</type>
          <declname>anchor</declname>
        </param>
        <param>
          <type>int</type>
          <declname>level</declname>
        </param>
        <briefdescription>
        </briefdescription>
        <detaileddescription>
        </detaileddescription>
        <inbodydescription>
        </inbodydescription>
        <location file="C:/Users/Mat/Projects/doxygraph/examples/doxygen-1.8.4/src/qhp.h" line="50" bodyfile="C:/Users/Mat/Projects/doxygraph/examples/doxygen-1.8.4/src/qhp.cpp" bodystart="338" bodyend="344"/>
      </memberdef>
      <memberdef kind="function" id="de/d4f/class_qhp_1a48f73caf5ebf5e0dc3de38db4d41b28d" prot="private" static="no" const="no" explicit="no" inline="no" virt="non-virtual">
        <type>void</type>
        <definition>void Qhp::addFile</definition>
        <argsstring>(const char *fileName)</argsstring>
        <name>addFile</name>
        <param>
          <type>const char *</type>
          <declname>fileName</declname>
        </param>
        <briefdescription>
        </briefdescription>
        <detaileddescription>
        </detaileddescription>
        <inbodydescription>
        </inbodydescription>
        <location file="C:/Users/Mat/Projects/doxygraph/examples/doxygen-1.8.4/src/qhp.h" line="51" bodyfile="C:/Users/Mat/Projects/doxygraph/examples/doxygen-1.8.4/src/qhp.cpp" bodystart="353" bodyend="356"/>
      </memberdef>
      </sectiondef>
      <sectiondef kind="private-static-func">
      <memberdef kind="function" id="de/d4f/class_qhp_1ad0808504a9a49eae5a17621b5285d1a4" prot="private" static="yes" const="no" explicit="no" inline="no" virt="non-virtual">
        <type>QCString</type>
        <definition>QCString Qhp::getFullProjectName</definition>
        <argsstring>()</argsstring>
        <name>getFullProjectName</name>
        <briefdescription>
        </briefdescription>
        <detaileddescription>
        </detaileddescription>
        <inbodydescription>
        </inbodydescription>
        <location file="C:/Users/Mat/Projects/doxygraph/examples/doxygen-1.8.4/src/qhp.h" line="53" bodyfile="C:/Users/Mat/Projects/doxygraph/examples/doxygen-1.8.4/src/qhp.cpp" bodystart="285" bodyend="293"/>
      </memberdef>
      </sectiondef>
    <briefdescription>
    </briefdescription>
    <detaileddescription>
    </detaileddescription>
    <inheritancegraph>
      <node id="3938">
        <label>Qhp</label>
        <link refid="de/d4f/class_qhp"/>
        <childnode refid="3939" relation="public-inheritance">
        </childnode>
      </node>
      <node id="3939">
        <label>IndexIntf</label>
        <link refid="d9/dd5/class_index_intf"/>
      </node>
    </inheritancegraph>
    <collaborationgraph>
      <node id="3940">
        <label>Qhp</label>
        <link refid="de/d4f/class_qhp"/>
        <childnode refid="3941" relation="public-inheritance">
        </childnode>
      </node>
      <node id="3941">
        <label>IndexIntf</label>
        <link refid="d9/dd5/class_index_intf"/>
      </node>
    </collaborationgraph>
    <location file="C:/Users/Mat/Projects/doxygraph/examples/doxygen-1.8.4/src/qhp.h" line="24" bodyfile="C:/Users/Mat/Projects/doxygraph/examples/doxygen-1.8.4/src/qhp.h" bodystart="23" bodyend="69"/>
    <listofallmembers>
      <member refid="de/d4f/class_qhp_1ac8c3cd9a9ea8f8d8204124107e9f4b6d" prot="public" virt="virtual"><scope>Qhp</scope><name>addContentsItem</name></member>
      <member refid="de/d4f/class_qhp_1a48f73caf5ebf5e0dc3de38db4d41b28d" prot="private" virt="non-virtual"><scope>Qhp</scope><name>addFile</name></member>
      <member refid="de/d4f/class_qhp_1a2bbb4b9970a2329b32fe335db286ff87" prot="public" virt="virtual"><scope>Qhp</scope><name>addImageFile</name></member>
      <member refid="de/d4f/class_qhp_1add8bcd3ac9a548c723a801af39d766f6" prot="public" virt="virtual"><scope>Qhp</scope><name>addIndexFile</name></member>
      <member refid="de/d4f/class_qhp_1a9217a4348b84dc5d40c588f7b9cf15d3" prot="public" virt="virtual"><scope>Qhp</scope><name>addIndexItem</name></member>
      <member refid="de/d4f/class_qhp_1a67f6d219b09bca247db64fe30454eb52" prot="public" virt="virtual"><scope>Qhp</scope><name>addStyleSheetFile</name></member>
      <member refid="de/d4f/class_qhp_1afa10ab59f7b0858af24364bd3600f801" prot="private" virt="non-virtual"><scope>Qhp</scope><name>clearPrevSection</name></member>
      <member refid="de/d4f/class_qhp_1a7c18564920e18fc9bbdcd8ca6c9b21f0" prot="public" virt="virtual"><scope>Qhp</scope><name>decContentsDepth</name></member>
      <member refid="de/d4f/class_qhp_1a89942e1d21257702167ab30834b991cd" prot="public" virt="virtual"><scope>Qhp</scope><name>finalize</name></member>
      <member refid="de/d4f/class_qhp_1ad0808504a9a49eae5a17621b5285d1a4" prot="private" virt="non-virtual"><scope>Qhp</scope><name>getFullProjectName</name></member>
      <member refid="de/d4f/class_qhp_1af83942532051a2b155f6ae29b2f727dc" prot="public" virt="non-virtual"><scope>Qhp</scope><name>getQhpFileName</name></member>
      <member refid="de/d4f/class_qhp_1a7231f5776e08f2ea8eb480bc98d6e675" prot="private" virt="non-virtual"><scope>Qhp</scope><name>handlePrevSection</name></member>
      <member refid="de/d4f/class_qhp_1a50a0c14cf46a57a63afb304df260da59" prot="public" virt="virtual"><scope>Qhp</scope><name>incContentsDepth</name></member>
      <member refid="de/d4f/class_qhp_1a7ee6480507e32d9142ec04d4e499ae7e" prot="public" virt="virtual"><scope>Qhp</scope><name>initialize</name></member>
      <member refid="de/d4f/class_qhp_1a2325cfbf907d46175c0df40cdb524f42" prot="private" virt="non-virtual"><scope>Qhp</scope><name>m_doc</name></member>
      <member refid="de/d4f/class_qhp_1aaf277656add75f1d81ff152d992f0fec" prot="private" virt="non-virtual"><scope>Qhp</scope><name>m_files</name></member>
      <member refid="de/d4f/class_qhp_1a7ee6bf6f5ef00a64936df35fc2bf88bf" prot="private" virt="non-virtual"><scope>Qhp</scope><name>m_index</name></member>
      <member refid="de/d4f/class_qhp_1ab6dc7c25ec238ef9a3e30a3d838adff5" prot="private" virt="non-virtual"><scope>Qhp</scope><name>m_prevSectionAnchor</name></member>
      <member refid="de/d4f/class_qhp_1a941191e23765ac8424976d92f8d5205a" prot="private" virt="non-virtual"><scope>Qhp</scope><name>m_prevSectionBaseName</name></member>
      <member refid="de/d4f/class_qhp_1a34ee23044494f9c8f5c7bb45719303fb" prot="private" virt="non-virtual"><scope>Qhp</scope><name>m_prevSectionLevel</name></member>
      <member refid="de/d4f/class_qhp_1ad67896b0801b83fd8d84baee317dac93" prot="private" virt="non-virtual"><scope>Qhp</scope><name>m_prevSectionTitle</name></member>
      <member refid="de/d4f/class_qhp_1ad8073c58fe9bb88efb1f8645b4d4087d" prot="private" virt="non-virtual"><scope>Qhp</scope><name>m_sectionLevel</name></member>
      <member refid="de/d4f/class_qhp_1a7ae75eaebcb628b4bbfca9a78459c59c" prot="private" virt="non-virtual"><scope>Qhp</scope><name>m_toc</name></member>
      <member refid="de/d4f/class_qhp_1a1cc5cff0816b9170282a397cf3ab1db4" prot="public" virt="non-virtual"><scope>Qhp</scope><name>Qhp</name></member>
      <member refid="de/d4f/class_qhp_1ac14c4251157e0820e921c9230f76b02a" prot="private" virt="non-virtual"><scope>Qhp</scope><name>setPrevSection</name></member>
      <member refid="d9/dd5/class_index_intf_1aa97a03b1de6ccb0d35b33cbf44d69f2a" prot="public" virt="virtual"><scope>Qhp</scope><name>~IndexIntf</name></member>
      <member refid="de/d4f/class_qhp_1ab10e4a689479c8fd8a51a5563db674d4" prot="public" virt="non-virtual"><scope>Qhp</scope><name>~Qhp</name></member>
    </listofallmembers>
  </compounddef>
</doxygen>
