<?xml version='1.0' encoding='UTF-8' standalone='no'?>
<doxygen xmlns:xsi="http://www.w3.org/2001/XMLSchema-instance" xsi:noNamespaceSchemaLocation="compound.xsd" version="1.8.2">
  <compounddef id="d8/d56/eclipsehelp_8cpp" kind="file">
    <compoundname>eclipsehelp.cpp</compoundname>
    <includes refid="db/d9e/eclipsehelp_8h" local="yes">eclipsehelp.h</includes>
    <includes refid="d8/d3c/util_8h" local="yes">util.h</includes>
    <includes refid="db/d16/config_8h" local="yes">config.h</includes>
    <includes refid="d2/d0d/message_8h" local="yes">message.h</includes>
    <includes refid="d1/da1/doxygen_8h" local="yes">doxygen.h</includes>
    <includes local="no">qfile.h</includes>
    <incdepgraph>
      <node id="1769">
        <label>qcstring.h</label>
      </node>
      <node id="1774">
        <label>qgstring.h</label>
      </node>
      <node id="1793">
        <label>qfile.h</label>
      </node>
      <node id="1783">
        <label>qdatetime.h</label>
      </node>
      <node id="1779">
        <label>qstrlist.h</label>
      </node>
      <node id="1773">
        <label>qstring.h</label>
      </node>
      <node id="1787">
        <label>membergroup.h</label>
        <link refid="d9/d11/membergroup_8h_source"/>
        <childnode refid="1768" relation="include">
        </childnode>
        <childnode refid="1786" relation="include">
        </childnode>
        <childnode refid="1777" relation="include">
        </childnode>
      </node>
      <node id="1786">
        <label>sortdict.h</label>
        <link refid="d9/d21/sortdict_8h_source"/>
        <childnode refid="1768" relation="include">
        </childnode>
        <childnode refid="1780" relation="include">
        </childnode>
        <childnode refid="1785" relation="include">
        </childnode>
      </node>
      <node id="1790">
        <label>memberlist.h</label>
        <link refid="dd/d78/memberlist_8h_source"/>
        <childnode refid="1768" relation="include">
        </childnode>
        <childnode refid="1791" relation="include">
        </childnode>
        <childnode refid="1786" relation="include">
        </childnode>
        <childnode refid="1777" relation="include">
        </childnode>
      </node>
      <node id="1784">
        <label>qcache.h</label>
      </node>
      <node id="1781">
        <label>message.h</label>
        <link refid="d2/d0d/message_8h_source"/>
        <childnode refid="1771" relation="include">
        </childnode>
      </node>
      <node id="1775">
        <label>util.h</label>
        <link refid="d8/d3c/util_8h"/>
        <childnode refid="1768" relation="include">
        </childnode>
        <childnode refid="1776" relation="include">
        </childnode>
        <childnode refid="1777" relation="include">
        </childnode>
      </node>
      <node id="1785">
        <label>qintdict.h</label>
      </node>
      <node id="1772">
        <label>qiodevice.h</label>
      </node>
      <node id="1778">
        <label>config.h</label>
        <link refid="db/d16/config_8h_source"/>
        <childnode refid="1779" relation="include">
        </childnode>
        <childnode refid="1780" relation="include">
        </childnode>
        <childnode refid="1768" relation="include">
        </childnode>
        <childnode refid="1770" relation="include">
        </childnode>
      </node>
      <node id="1792">
        <label>sys/types.h</label>
      </node>
      <node id="1766">
        <label>eclipsehelp.h</label>
        <link refid="db/d9e/eclipsehelp_8h_source"/>
        <childnode refid="1767" relation="include">
        </childnode>
        <childnode refid="1770" relation="include">
        </childnode>
      </node>
      <node id="1777">
        <label>types.h</label>
        <link refid="d9/d49/types_8h"/>
        <childnode refid="1769" relation="include">
        </childnode>
      </node>
      <node id="1768">
        <label>qlist.h</label>
      </node>
      <node id="1770">
        <label>ftextstream.h</label>
        <link refid="df/d83/ftextstream_8h_source"/>
        <childnode refid="1771" relation="include">
        </childnode>
        <childnode refid="1772" relation="include">
        </childnode>
        <childnode refid="1773" relation="include">
        </childnode>
        <childnode refid="1774" relation="include">
        </childnode>
      </node>
      <node id="1765">
        <label>src/eclipsehelp.cpp</label>
        <link refid="eclipsehelp.cpp"/>
        <childnode refid="1766" relation="include">
        </childnode>
        <childnode refid="1775" relation="include">
        </childnode>
        <childnode refid="1778" relation="include">
        </childnode>
        <childnode refid="1781" relation="include">
        </childnode>
        <childnode refid="1782" relation="include">
        </childnode>
        <childnode refid="1793" relation="include">
        </childnode>
      </node>
      <node id="1782">
        <label>doxygen.h</label>
        <link refid="d1/da1/doxygen_8h_source"/>
        <childnode refid="1783" relation="include">
        </childnode>
        <childnode refid="1784" relation="include">
        </childnode>
        <childnode refid="1779" relation="include">
        </childnode>
        <childnode refid="1780" relation="include">
        </childnode>
        <childnode refid="1785" relation="include">
        </childnode>
        <childnode refid="1770" relation="include">
        </childnode>
        <childnode refid="1786" relation="include">
        </childnode>
        <childnode refid="1787" relation="include">
        </childnode>
        <childnode refid="1788" relation="include">
        </childnode>
        <childnode refid="1790" relation="include">
        </childnode>
      </node>
      <node id="1791">
        <label>memberdef.h</label>
        <link refid="d4/d46/memberdef_8h_source"/>
        <childnode refid="1768" relation="include">
        </childnode>
        <childnode refid="1792" relation="include">
        </childnode>
        <childnode refid="1777" relation="include">
        </childnode>
        <childnode refid="1789" relation="include">
        </childnode>
      </node>
      <node id="1776">
        <label>ctype.h</label>
      </node>
      <node id="1789">
        <label>definition.h</label>
        <link refid="df/da1/definition_8h_source"/>
        <childnode refid="1768" relation="include">
        </childnode>
        <childnode refid="1780" relation="include">
        </childnode>
        <childnode refid="1777" relation="include">
        </childnode>
      </node>
      <node id="1767">
        <label>index.h</label>
        <link refid="d1/db5/index_8h_source"/>
        <childnode refid="1768" relation="include">
        </childnode>
        <childnode refid="1769" relation="include">
        </childnode>
      </node>
      <node id="1788">
        <label>dirdef.h</label>
        <link refid="d6/d15/dirdef_8h_source"/>
        <childnode refid="1786" relation="include">
        </childnode>
        <childnode refid="1789" relation="include">
        </childnode>
        <childnode refid="1768" relation="include">
        </childnode>
      </node>
      <node id="1780">
        <label>qdict.h</label>
      </node>
      <node id="1771">
        <label>stdio.h</label>
      </node>
    </incdepgraph>
    <briefdescription>
    </briefdescription>
    <detaileddescription>
    </detaileddescription>
    <programlisting>
<codeline lineno="1"><highlight class="comment">/******************************************************************************</highlight></codeline>
<codeline lineno="2"><highlight class="comment"><sp/>*</highlight></codeline>
<codeline lineno="3"><highlight class="comment"><sp/>*<sp/>Copyright<sp/>(C)<sp/>1997-2013<sp/>by<sp/>Dimitri<sp/>van<sp/>Heesch.</highlight></codeline>
<codeline lineno="4"><highlight class="comment"><sp/>*</highlight></codeline>
<codeline lineno="5"><highlight class="comment"><sp/>*<sp/>Permission<sp/>to<sp/>use,<sp/>copy,<sp/>modify,<sp/>and<sp/>distribute<sp/>this<sp/>software<sp/>and<sp/>its</highlight></codeline>
<codeline lineno="6"><highlight class="comment"><sp/>*<sp/>documentation<sp/>under<sp/>the<sp/>terms<sp/>of<sp/>the<sp/>GNU<sp/>General<sp/>Public<sp/>License<sp/>is<sp/>hereby<sp/></highlight></codeline>
<codeline lineno="7"><highlight class="comment"><sp/>*<sp/>granted.<sp/>No<sp/>representations<sp/>are<sp/>made<sp/>about<sp/>the<sp/>suitability<sp/>of<sp/>this<sp/>software<sp/></highlight></codeline>
<codeline lineno="8"><highlight class="comment"><sp/>*<sp/>for<sp/>any<sp/>purpose.<sp/>It<sp/>is<sp/>provided<sp/>&quot;as<sp/>is&quot;<sp/>without<sp/>express<sp/>or<sp/>implied<sp/>warranty.</highlight></codeline>
<codeline lineno="9"><highlight class="comment"><sp/>*<sp/>See<sp/>the<sp/>GNU<sp/>General<sp/>Public<sp/>License<sp/>for<sp/>more<sp/>details.</highlight></codeline>
<codeline lineno="10"><highlight class="comment"><sp/>*</highlight></codeline>
<codeline lineno="11"><highlight class="comment"><sp/>*<sp/>Documents<sp/>produced<sp/>by<sp/>Doxygen<sp/>are<sp/>derivative<sp/>works<sp/>derived<sp/>from<sp/>the</highlight></codeline>
<codeline lineno="12"><highlight class="comment"><sp/>*<sp/>input<sp/>used<sp/>in<sp/>their<sp/>production;<sp/>they<sp/>are<sp/>not<sp/>affected<sp/>by<sp/>this<sp/>license.</highlight></codeline>
<codeline lineno="13"><highlight class="comment"><sp/>*</highlight></codeline>
<codeline lineno="14"><highlight class="comment"><sp/>*/</highlight><highlight class="normal"></highlight></codeline>
<codeline lineno="15"><highlight class="normal"></highlight><highlight class="preprocessor">#include<sp/>&quot;eclipsehelp.h&quot;</highlight><highlight class="normal"></highlight></codeline>
<codeline lineno="16"><highlight class="normal"></highlight><highlight class="preprocessor">#include<sp/>&quot;<ref refid="d8/d3c/util_8h" kindref="compound" tooltip="A bunch of utility functions.">util.h</ref>&quot;</highlight><highlight class="normal"></highlight></codeline>
<codeline lineno="17"><highlight class="normal"></highlight><highlight class="preprocessor">#include<sp/>&quot;config.h&quot;</highlight><highlight class="normal"></highlight></codeline>
<codeline lineno="18"><highlight class="normal"></highlight><highlight class="preprocessor">#include<sp/>&quot;message.h&quot;</highlight><highlight class="normal"></highlight></codeline>
<codeline lineno="19"><highlight class="normal"></highlight><highlight class="preprocessor">#include<sp/>&quot;doxygen.h&quot;</highlight><highlight class="normal"></highlight></codeline>
<codeline lineno="20"><highlight class="normal"></highlight><highlight class="preprocessor">#include<sp/>&lt;qfile.h&gt;</highlight><highlight class="normal"></highlight></codeline>
<codeline lineno="21"><highlight class="normal"></highlight></codeline>
<codeline lineno="22"><highlight class="normal">EclipseHelp::EclipseHelp()<sp/>:<sp/>m_depth(0),<sp/>m_endtag(FALSE),<sp/>m_openTags(0),<sp/>m_tocfile(0)<sp/></highlight></codeline>
<codeline lineno="23"><highlight class="normal">{</highlight></codeline>
<codeline lineno="24"><highlight class="normal">}</highlight></codeline>
<codeline lineno="25"><highlight class="normal"></highlight></codeline>
<codeline lineno="26"><highlight class="normal">EclipseHelp::~EclipseHelp()<sp/></highlight></codeline>
<codeline lineno="27"><highlight class="normal">{</highlight></codeline>
<codeline lineno="28"><highlight class="normal">}</highlight></codeline>
<codeline lineno="29"><highlight class="normal"></highlight></codeline>
<codeline lineno="30"><highlight class="normal"></highlight><highlight class="keywordtype">void</highlight><highlight class="normal"><sp/>EclipseHelp::indent()</highlight></codeline>
<codeline lineno="31"><highlight class="normal">{</highlight></codeline>
<codeline lineno="32"><highlight class="normal"><sp/><sp/></highlight><highlight class="keywordtype">int</highlight><highlight class="normal"><sp/>i;</highlight></codeline>
<codeline lineno="33"><highlight class="normal"><sp/><sp/></highlight><highlight class="keywordflow">for</highlight><highlight class="normal"><sp/>(i=0;<sp/>i&lt;m_depth;<sp/>i++)</highlight></codeline>
<codeline lineno="34"><highlight class="normal"><sp/><sp/>{</highlight></codeline>
<codeline lineno="35"><highlight class="normal"><sp/><sp/><sp/><sp/>m_tocstream<sp/>&lt;&lt;<sp/></highlight><highlight class="stringliteral">&quot;<sp/><sp/>&quot;</highlight><highlight class="normal">;</highlight></codeline>
<codeline lineno="36"><highlight class="normal"><sp/><sp/>}</highlight></codeline>
<codeline lineno="37"><highlight class="normal">}</highlight></codeline>
<codeline lineno="38"><highlight class="normal"></highlight></codeline>
<codeline lineno="39"><highlight class="normal"></highlight><highlight class="keywordtype">void</highlight><highlight class="normal"><sp/>EclipseHelp::closedTag()</highlight></codeline>
<codeline lineno="40"><highlight class="normal">{</highlight></codeline>
<codeline lineno="41"><highlight class="normal"><sp/><sp/></highlight><highlight class="keywordflow">if</highlight><highlight class="normal"><sp/>(m_endtag)<sp/></highlight></codeline>
<codeline lineno="42"><highlight class="normal"><sp/><sp/>{</highlight></codeline>
<codeline lineno="43"><highlight class="normal"><sp/><sp/><sp/><sp/>m_tocstream<sp/>&lt;&lt;<sp/></highlight><highlight class="stringliteral">&quot;/&gt;&quot;</highlight><highlight class="normal"><sp/>&lt;&lt;<sp/>endl;</highlight></codeline>
<codeline lineno="44"><highlight class="normal"><sp/><sp/><sp/><sp/>m_endtag<sp/>=<sp/>FALSE;</highlight></codeline>
<codeline lineno="45"><highlight class="normal"><sp/><sp/>}</highlight></codeline>
<codeline lineno="46"><highlight class="normal">}</highlight></codeline>
<codeline lineno="47"><highlight class="normal"></highlight></codeline>
<codeline lineno="48"><highlight class="normal"></highlight><highlight class="keywordtype">void</highlight><highlight class="normal"><sp/>EclipseHelp::openedTag()</highlight></codeline>
<codeline lineno="49"><highlight class="normal">{</highlight></codeline>
<codeline lineno="50"><highlight class="normal"><sp/><sp/></highlight><highlight class="keywordflow">if</highlight><highlight class="normal"><sp/>(m_endtag)<sp/></highlight></codeline>
<codeline lineno="51"><highlight class="normal"><sp/><sp/>{</highlight></codeline>
<codeline lineno="52"><highlight class="normal"><sp/><sp/><sp/><sp/>m_tocstream<sp/>&lt;&lt;<sp/></highlight><highlight class="stringliteral">&quot;&gt;&quot;</highlight><highlight class="normal"><sp/>&lt;&lt;<sp/>endl;</highlight></codeline>
<codeline lineno="53"><highlight class="normal"><sp/><sp/><sp/><sp/>m_endtag<sp/>=<sp/>FALSE;</highlight></codeline>
<codeline lineno="54"><highlight class="normal"><sp/><sp/><sp/><sp/>++m_openTags;</highlight></codeline>
<codeline lineno="55"><highlight class="normal"><sp/><sp/>}</highlight></codeline>
<codeline lineno="56"><highlight class="normal">}</highlight></codeline>
<codeline lineno="57"><highlight class="normal"></highlight></codeline>
<codeline lineno="64" refid="db/dd3/class_eclipse_help_1aefada9c9b474d36ef9b771e2361c8dc1" refkind="member"><highlight class="keywordtype">void</highlight><highlight class="normal"><sp/><ref refid="db/dd3/class_eclipse_help_1aefada9c9b474d36ef9b771e2361c8dc1" kindref="member" tooltip="Initialize the Eclipse generator.">EclipseHelp::initialize</ref>()<sp/></highlight></codeline>
<codeline lineno="65"><highlight class="normal">{</highlight></codeline>
<codeline lineno="66"><highlight class="normal"><sp/><sp/></highlight><highlight class="comment">//<sp/>--<sp/>read<sp/>path<sp/>prefix<sp/>from<sp/>the<sp/>configuration</highlight><highlight class="normal"></highlight></codeline>
<codeline lineno="67"><highlight class="normal"><sp/><sp/></highlight><highlight class="comment">//m_pathprefix<sp/>=<sp/>Config_getString(&quot;ECLIPSE_PATHPREFIX&quot;);</highlight><highlight class="normal"></highlight></codeline>
<codeline lineno="68"><highlight class="normal"><sp/><sp/></highlight><highlight class="comment">//if<sp/>(m_pathprefix.isEmpty())<sp/>m_pathprefix<sp/>=<sp/>&quot;html/&quot;;</highlight><highlight class="normal"></highlight></codeline>
<codeline lineno="69"><highlight class="normal"></highlight></codeline>
<codeline lineno="70"><highlight class="normal"><sp/><sp/></highlight><highlight class="comment">//<sp/>--<sp/>open<sp/>the<sp/>contents<sp/>file<sp/></highlight><highlight class="normal"></highlight></codeline>
<codeline lineno="71"><highlight class="normal"><sp/><sp/>QCString<sp/>name<sp/>=<sp/>Config_getString(</highlight><highlight class="stringliteral">&quot;HTML_OUTPUT&quot;</highlight><highlight class="normal">)<sp/>+<sp/></highlight><highlight class="stringliteral">&quot;/toc.xml&quot;</highlight><highlight class="normal">;</highlight></codeline>
<codeline lineno="72"><highlight class="normal"><sp/><sp/>m_tocfile<sp/>=<sp/></highlight><highlight class="keyword">new</highlight><highlight class="normal"><sp/>QFile(name);</highlight></codeline>
<codeline lineno="73"><highlight class="normal"><sp/><sp/></highlight><highlight class="keywordflow">if</highlight><highlight class="normal"><sp/>(!m_tocfile-&gt;open(IO_WriteOnly))<sp/></highlight></codeline>
<codeline lineno="74"><highlight class="normal"><sp/><sp/>{</highlight></codeline>
<codeline lineno="75"><highlight class="normal"><sp/><sp/><sp/><sp/>err(</highlight><highlight class="stringliteral">&quot;Could<sp/>not<sp/>open<sp/>file<sp/>%s<sp/>for<sp/>writing\n&quot;</highlight><highlight class="normal">,<sp/>name.data());</highlight></codeline>
<codeline lineno="76"><highlight class="normal"><sp/><sp/><sp/><sp/>exit(1);</highlight></codeline>
<codeline lineno="77"><highlight class="normal"><sp/><sp/>}</highlight></codeline>
<codeline lineno="78"><highlight class="normal"></highlight></codeline>
<codeline lineno="79"><highlight class="normal"><sp/><sp/></highlight><highlight class="comment">//<sp/>--<sp/>initialize<sp/>its<sp/>text<sp/>stream</highlight><highlight class="normal"></highlight></codeline>
<codeline lineno="80"><highlight class="normal"><sp/><sp/>m_tocstream.setDevice(m_tocfile);</highlight></codeline>
<codeline lineno="81"><highlight class="normal"><sp/><sp/></highlight><highlight class="comment">//m_tocstream.setEncoding(FTextStream::UnicodeUTF8);</highlight><highlight class="normal"></highlight></codeline>
<codeline lineno="82"><highlight class="normal"></highlight></codeline>
<codeline lineno="83"><highlight class="normal"><sp/><sp/></highlight><highlight class="comment">//<sp/>--<sp/>write<sp/>the<sp/>opening<sp/>tag</highlight><highlight class="normal"></highlight></codeline>
<codeline lineno="84"><highlight class="normal"><sp/><sp/>QCString<sp/>title<sp/>=<sp/>Config_getString(</highlight><highlight class="stringliteral">&quot;PROJECT_NAME&quot;</highlight><highlight class="normal">);</highlight></codeline>
<codeline lineno="85"><highlight class="normal"><sp/><sp/></highlight><highlight class="keywordflow">if</highlight><highlight class="normal"><sp/>(title.isEmpty())</highlight></codeline>
<codeline lineno="86"><highlight class="normal"><sp/><sp/>{</highlight></codeline>
<codeline lineno="87"><highlight class="normal"><sp/><sp/><sp/><sp/>title<sp/>=<sp/></highlight><highlight class="stringliteral">&quot;Doxygen<sp/>generated<sp/>documentation&quot;</highlight><highlight class="normal">;</highlight></codeline>
<codeline lineno="88"><highlight class="normal"><sp/><sp/>}</highlight></codeline>
<codeline lineno="89"><highlight class="normal"><sp/><sp/>m_tocstream<sp/>&lt;&lt;<sp/></highlight><highlight class="stringliteral">&quot;&lt;toc<sp/>label=\&quot;&quot;</highlight><highlight class="normal"><sp/>&lt;&lt;<sp/>convertToXML(title)<sp/></highlight></codeline>
<codeline lineno="90"><highlight class="normal"><sp/><sp/><sp/><sp/><sp/><sp/><sp/><sp/><sp/><sp/><sp/><sp/><sp/><sp/>&lt;&lt;<sp/></highlight><highlight class="stringliteral">&quot;\&quot;<sp/>topic=\&quot;&quot;</highlight><highlight class="normal"><sp/>&lt;&lt;<sp/>convertToXML(m_pathprefix)<sp/></highlight></codeline>
<codeline lineno="91"><highlight class="normal"><sp/><sp/><sp/><sp/><sp/><sp/><sp/><sp/><sp/><sp/><sp/><sp/><sp/><sp/>&lt;&lt;<sp/></highlight><highlight class="stringliteral">&quot;index&quot;</highlight><highlight class="normal"><sp/>&lt;&lt;<sp/>Doxygen::htmlFileExtension<sp/>&lt;&lt;<sp/></highlight><highlight class="stringliteral">&quot;\&quot;&gt;&quot;</highlight><highlight class="normal"><sp/>&lt;&lt;<sp/>endl;</highlight></codeline>
<codeline lineno="92"><highlight class="normal"><sp/><sp/>++<sp/>m_depth;</highlight></codeline>
<codeline lineno="93"><highlight class="normal">}</highlight></codeline>
<codeline lineno="94"><highlight class="normal"></highlight></codeline>
<codeline lineno="101" refid="db/dd3/class_eclipse_help_1a6a8532316d47986f371459e6b09b9d71" refkind="member"><highlight class="keywordtype">void</highlight><highlight class="normal"><sp/><ref refid="db/dd3/class_eclipse_help_1a6a8532316d47986f371459e6b09b9d71" kindref="member" tooltip="Finish generation of the Eclipse specific help files.">EclipseHelp::finalize</ref>()<sp/></highlight></codeline>
<codeline lineno="102"><highlight class="normal">{</highlight></codeline>
<codeline lineno="103"><highlight class="normal"><sp/><sp/>closedTag();<sp/></highlight><highlight class="comment">//<sp/>--<sp/>close<sp/>previous<sp/>tag</highlight><highlight class="normal"></highlight></codeline>
<codeline lineno="104"><highlight class="normal"></highlight></codeline>
<codeline lineno="105"><highlight class="normal"><sp/><sp/></highlight><highlight class="comment">//<sp/>--<sp/>write<sp/>ending<sp/>tag<sp/></highlight><highlight class="normal"></highlight></codeline>
<codeline lineno="106"><highlight class="normal"><sp/><sp/>--m_depth;</highlight></codeline>
<codeline lineno="107"><highlight class="normal"><sp/><sp/>m_tocstream<sp/>&lt;&lt;<sp/></highlight><highlight class="stringliteral">&quot;&lt;/toc&gt;&quot;</highlight><highlight class="normal"><sp/>&lt;&lt;<sp/>endl;</highlight></codeline>
<codeline lineno="108"><highlight class="normal"></highlight></codeline>
<codeline lineno="109"><highlight class="normal"><sp/><sp/></highlight><highlight class="comment">//<sp/>--<sp/>close<sp/>the<sp/>content<sp/>file</highlight><highlight class="normal"></highlight></codeline>
<codeline lineno="110"><highlight class="normal"><sp/><sp/>m_tocstream.unsetDevice();</highlight></codeline>
<codeline lineno="111"><highlight class="normal"><sp/><sp/>m_tocfile-&gt;close();</highlight></codeline>
<codeline lineno="112"><highlight class="normal"><sp/><sp/></highlight><highlight class="keyword">delete</highlight><highlight class="normal"><sp/>m_tocfile;<sp/>m_tocfile<sp/>=<sp/>0;</highlight></codeline>
<codeline lineno="113"><highlight class="normal"></highlight></codeline>
<codeline lineno="114"><highlight class="normal"><sp/><sp/>QCString<sp/>name<sp/>=<sp/>Config_getString(</highlight><highlight class="stringliteral">&quot;HTML_OUTPUT&quot;</highlight><highlight class="normal">)<sp/>+<sp/></highlight><highlight class="stringliteral">&quot;/plugin.xml&quot;</highlight><highlight class="normal">;</highlight></codeline>
<codeline lineno="115"><highlight class="normal"><sp/><sp/>QFile<sp/>pluginFile(name);</highlight></codeline>
<codeline lineno="116"><highlight class="normal"><sp/><sp/></highlight><highlight class="keywordflow">if</highlight><highlight class="normal"><sp/>(pluginFile.open(IO_WriteOnly))</highlight></codeline>
<codeline lineno="117"><highlight class="normal"><sp/><sp/>{</highlight></codeline>
<codeline lineno="118"><highlight class="normal"><sp/><sp/><sp/><sp/>QString<sp/>docId<sp/>=<sp/>Config_getString(</highlight><highlight class="stringliteral">&quot;ECLIPSE_DOC_ID&quot;</highlight><highlight class="normal">);</highlight></codeline>
<codeline lineno="119"><highlight class="normal"><sp/><sp/><sp/><sp/><ref refid="dc/d3c/class_f_text_stream" kindref="compound" tooltip="Simplified and optimized version of QTextStream.">FTextStream</ref><sp/>t(&amp;pluginFile);</highlight></codeline>
<codeline lineno="120"><highlight class="normal"><sp/><sp/><sp/><sp/>t<sp/>&lt;&lt;<sp/></highlight><highlight class="stringliteral">&quot;&lt;plugin<sp/>name=\&quot;&quot;</highlight><highlight class="normal"><sp/><sp/>&lt;&lt;<sp/>docId<sp/>&lt;&lt;<sp/></highlight><highlight class="stringliteral">&quot;\&quot;<sp/>id=\&quot;&quot;</highlight><highlight class="normal"><sp/>&lt;&lt;<sp/>docId<sp/>&lt;&lt;<sp/></highlight><highlight class="stringliteral">&quot;\&quot;&quot;</highlight><highlight class="normal"><sp/>&lt;&lt;<sp/>endl;</highlight></codeline>
<codeline lineno="121"><highlight class="normal"><sp/><sp/><sp/><sp/>t<sp/>&lt;&lt;<sp/></highlight><highlight class="stringliteral">&quot;<sp/><sp/><sp/><sp/><sp/><sp/><sp/><sp/>version=\&quot;1.0.0\&quot;<sp/>provider-name=\&quot;Doxygen\&quot;&gt;&quot;</highlight><highlight class="normal"><sp/>&lt;&lt;<sp/>endl;</highlight></codeline>
<codeline lineno="122"><highlight class="normal"><sp/><sp/><sp/><sp/>t<sp/>&lt;&lt;<sp/></highlight><highlight class="stringliteral">&quot;<sp/><sp/>&lt;extension<sp/>point=\&quot;org.eclipse.help.toc\&quot;&gt;&quot;</highlight><highlight class="normal"><sp/>&lt;&lt;<sp/>endl;</highlight></codeline>
<codeline lineno="123"><highlight class="normal"><sp/><sp/><sp/><sp/>t<sp/>&lt;&lt;<sp/></highlight><highlight class="stringliteral">&quot;<sp/><sp/><sp/><sp/>&lt;toc<sp/>file=\&quot;toc.xml\&quot;<sp/>primary=\&quot;true\&quot;<sp/>/&gt;&quot;</highlight><highlight class="normal"><sp/>&lt;&lt;<sp/>endl;</highlight></codeline>
<codeline lineno="124"><highlight class="normal"><sp/><sp/><sp/><sp/>t<sp/>&lt;&lt;<sp/></highlight><highlight class="stringliteral">&quot;<sp/><sp/>&lt;/extension&gt;&quot;</highlight><highlight class="normal"><sp/>&lt;&lt;<sp/>endl;</highlight></codeline>
<codeline lineno="125"><highlight class="normal"><sp/><sp/><sp/><sp/>t<sp/>&lt;&lt;<sp/></highlight><highlight class="stringliteral">&quot;&lt;/plugin&gt;&quot;</highlight><highlight class="normal"><sp/>&lt;&lt;<sp/>endl;</highlight></codeline>
<codeline lineno="126"><highlight class="normal"><sp/><sp/>}</highlight></codeline>
<codeline lineno="127"><highlight class="normal">}</highlight></codeline>
<codeline lineno="128"><highlight class="normal"></highlight></codeline>
<codeline lineno="132" refid="db/dd3/class_eclipse_help_1a84c091576dab518ca0301144b96cc826" refkind="member"><highlight class="keywordtype">void</highlight><highlight class="normal"><sp/><ref refid="db/dd3/class_eclipse_help_1a84c091576dab518ca0301144b96cc826" kindref="member" tooltip="Increase the level of content hierarchy.">EclipseHelp::incContentsDepth</ref>()<sp/></highlight></codeline>
<codeline lineno="133"><highlight class="normal">{</highlight></codeline>
<codeline lineno="134"><highlight class="normal"><sp/><sp/>openedTag();</highlight></codeline>
<codeline lineno="135"><highlight class="normal"><sp/><sp/>++m_depth;</highlight></codeline>
<codeline lineno="136"><highlight class="normal">}</highlight></codeline>
<codeline lineno="137"><highlight class="normal"></highlight></codeline>
<codeline lineno="143" refid="db/dd3/class_eclipse_help_1a20d28e23b12cd60a358e7a07fd713262" refkind="member"><highlight class="keywordtype">void</highlight><highlight class="normal"><sp/><ref refid="db/dd3/class_eclipse_help_1a20d28e23b12cd60a358e7a07fd713262" kindref="member" tooltip="Decrease the level of content hierarchy.">EclipseHelp::decContentsDepth</ref>()<sp/></highlight></codeline>
<codeline lineno="144"><highlight class="normal">{</highlight></codeline>
<codeline lineno="145"><highlight class="normal"><sp/><sp/></highlight><highlight class="comment">//<sp/>--<sp/>end<sp/>of<sp/>the<sp/>opened<sp/>topic</highlight><highlight class="normal"></highlight></codeline>
<codeline lineno="146"><highlight class="normal"><sp/><sp/>closedTag();</highlight></codeline>
<codeline lineno="147"><highlight class="normal"><sp/><sp/>--m_depth;</highlight></codeline>
<codeline lineno="148"><highlight class="normal"></highlight></codeline>
<codeline lineno="149"><highlight class="normal"><sp/><sp/></highlight><highlight class="keywordflow">if</highlight><highlight class="normal"><sp/>(m_openTags==m_depth)</highlight></codeline>
<codeline lineno="150"><highlight class="normal"><sp/><sp/>{</highlight></codeline>
<codeline lineno="151"><highlight class="normal"><sp/><sp/><sp/><sp/>--m_openTags;</highlight></codeline>
<codeline lineno="152"><highlight class="normal"><sp/><sp/><sp/><sp/>indent();</highlight></codeline>
<codeline lineno="153"><highlight class="normal"><sp/><sp/><sp/><sp/>m_tocstream<sp/>&lt;&lt;<sp/></highlight><highlight class="stringliteral">&quot;&lt;/topic&gt;&quot;</highlight><highlight class="normal"><sp/>&lt;&lt;<sp/>endl;</highlight></codeline>
<codeline lineno="154"><highlight class="normal"><sp/><sp/>}</highlight></codeline>
<codeline lineno="155"><highlight class="normal">}</highlight></codeline>
<codeline lineno="156"><highlight class="normal"></highlight></codeline>
<codeline lineno="169" refid="db/dd3/class_eclipse_help_1a72d1c982cb362cc6b52660f9f93a95c6" refkind="member"><highlight class="keywordtype">void</highlight><highlight class="normal"><sp/><ref refid="db/dd3/class_eclipse_help_1a72d1c982cb362cc6b52660f9f93a95c6" kindref="member" tooltip="Add an item to the content.">EclipseHelp::addContentsItem</ref>(</highlight></codeline>
<codeline lineno="170"><highlight class="normal"><sp/><sp/><sp/><sp/></highlight><highlight class="keywordtype">bool</highlight><highlight class="normal"><sp/></highlight><highlight class="comment">/*<sp/>isDir<sp/>*/</highlight><highlight class="normal">,</highlight></codeline>
<codeline lineno="171"><highlight class="normal"><sp/><sp/><sp/><sp/></highlight><highlight class="keyword">const</highlight><highlight class="normal"><sp/></highlight><highlight class="keywordtype">char</highlight><highlight class="normal"><sp/>*name,</highlight></codeline>
<codeline lineno="172"><highlight class="normal"><sp/><sp/><sp/><sp/></highlight><highlight class="keyword">const</highlight><highlight class="normal"><sp/></highlight><highlight class="keywordtype">char</highlight><highlight class="normal"><sp/>*<sp/></highlight><highlight class="comment">/*<sp/>ref<sp/>*/</highlight><highlight class="normal">,</highlight></codeline>
<codeline lineno="173"><highlight class="normal"><sp/><sp/><sp/><sp/></highlight><highlight class="keyword">const</highlight><highlight class="normal"><sp/></highlight><highlight class="keywordtype">char</highlight><highlight class="normal"><sp/>*file,</highlight></codeline>
<codeline lineno="174"><highlight class="normal"><sp/><sp/><sp/><sp/></highlight><highlight class="keyword">const</highlight><highlight class="normal"><sp/></highlight><highlight class="keywordtype">char</highlight><highlight class="normal"><sp/>*anchor,</highlight></codeline>
<codeline lineno="175"><highlight class="normal"><sp/><sp/><sp/><sp/></highlight><highlight class="keywordtype">bool</highlight><highlight class="normal"><sp/></highlight><highlight class="comment">/*<sp/>separateIndex<sp/>*/</highlight><highlight class="normal">,</highlight></codeline>
<codeline lineno="176"><highlight class="normal"><sp/><sp/><sp/><sp/></highlight><highlight class="keywordtype">bool</highlight><highlight class="normal"><sp/></highlight><highlight class="comment">/*<sp/>addToNavIndex<sp/>*/</highlight><highlight class="normal">,</highlight></codeline>
<codeline lineno="177"><highlight class="normal"><sp/><sp/><sp/><sp/><ref refid="d5/dcc/class_definition" kindref="compound" tooltip="The common base class of all entity definitions found in the sources.">Definition</ref><sp/>*<sp/></highlight><highlight class="comment">/*def*/</highlight><highlight class="normal">)<sp/></highlight></codeline>
<codeline lineno="178"><highlight class="normal">{</highlight></codeline>
<codeline lineno="179"><highlight class="normal"><sp/><sp/></highlight><highlight class="comment">//<sp/>--<sp/>write<sp/>the<sp/>topic<sp/>tag<sp/></highlight><highlight class="normal"></highlight></codeline>
<codeline lineno="180"><highlight class="normal"><sp/><sp/>closedTag();</highlight></codeline>
<codeline lineno="181"><highlight class="normal"><sp/><sp/></highlight><highlight class="keywordflow">if</highlight><highlight class="normal"><sp/>(file)<sp/></highlight></codeline>
<codeline lineno="182"><highlight class="normal"><sp/><sp/>{<sp/></highlight></codeline>
<codeline lineno="183"><highlight class="normal"><sp/><sp/><sp/><sp/></highlight><highlight class="keywordflow">switch</highlight><highlight class="normal"><sp/>(file[0])<sp/></highlight><highlight class="comment">//<sp/>check<sp/>for<sp/>special<sp/>markers<sp/>(user<sp/>defined<sp/>URLs)</highlight><highlight class="normal"></highlight></codeline>
<codeline lineno="184"><highlight class="normal"><sp/><sp/><sp/><sp/>{</highlight></codeline>
<codeline lineno="185"><highlight class="normal"><sp/><sp/><sp/><sp/><sp/><sp/></highlight><highlight class="keywordflow">case</highlight><highlight class="normal"><sp/></highlight><highlight class="charliteral">&apos;^&apos;</highlight><highlight class="normal">:</highlight></codeline>
<codeline lineno="186"><highlight class="normal"><sp/><sp/><sp/><sp/><sp/><sp/><sp/><sp/></highlight><highlight class="comment">//<sp/>URL<sp/>not<sp/>supported<sp/>by<sp/>eclipse<sp/>toc.xml</highlight><highlight class="normal"></highlight></codeline>
<codeline lineno="187"><highlight class="normal"><sp/><sp/><sp/><sp/><sp/><sp/><sp/><sp/></highlight><highlight class="keywordflow">break</highlight><highlight class="normal">;</highlight></codeline>
<codeline lineno="188"><highlight class="normal"></highlight></codeline>
<codeline lineno="189"><highlight class="normal"><sp/><sp/><sp/><sp/><sp/><sp/></highlight><highlight class="keywordflow">case</highlight><highlight class="normal"><sp/></highlight><highlight class="charliteral">&apos;!&apos;</highlight><highlight class="normal">:</highlight></codeline>
<codeline lineno="190"><highlight class="normal"><sp/><sp/><sp/><sp/><sp/><sp/><sp/><sp/>indent();</highlight></codeline>
<codeline lineno="191"><highlight class="normal"><sp/><sp/><sp/><sp/><sp/><sp/><sp/><sp/>m_tocstream<sp/>&lt;&lt;<sp/></highlight><highlight class="stringliteral">&quot;&lt;topic<sp/>label=\&quot;&quot;</highlight><highlight class="normal"><sp/>&lt;&lt;<sp/>convertToXML(name)<sp/>&lt;&lt;<sp/></highlight><highlight class="stringliteral">&quot;\&quot;&quot;</highlight><highlight class="normal">;</highlight></codeline>
<codeline lineno="192"><highlight class="normal"><sp/><sp/><sp/><sp/><sp/><sp/><sp/><sp/>m_tocstream<sp/>&lt;&lt;<sp/></highlight><highlight class="stringliteral">&quot;<sp/>href=\&quot;&quot;</highlight><highlight class="normal"><sp/>&lt;&lt;<sp/>convertToXML(m_pathprefix)<sp/>&lt;&lt;<sp/>&amp;file[1]<sp/>&lt;&lt;<sp/></highlight><highlight class="stringliteral">&quot;\&quot;&quot;</highlight><highlight class="normal">;</highlight></codeline>
<codeline lineno="193"><highlight class="normal"><sp/><sp/><sp/><sp/><sp/><sp/><sp/><sp/>m_endtag<sp/>=<sp/>TRUE;</highlight></codeline>
<codeline lineno="194"><highlight class="normal"><sp/><sp/><sp/><sp/><sp/><sp/><sp/><sp/></highlight><highlight class="keywordflow">break</highlight><highlight class="normal">;</highlight></codeline>
<codeline lineno="195"><highlight class="normal"></highlight></codeline>
<codeline lineno="196"><highlight class="normal"><sp/><sp/><sp/><sp/><sp/><sp/></highlight><highlight class="keywordflow">default</highlight><highlight class="normal">:</highlight></codeline>
<codeline lineno="197"><highlight class="normal"><sp/><sp/><sp/><sp/><sp/><sp/><sp/><sp/>indent();</highlight></codeline>
<codeline lineno="198"><highlight class="normal"><sp/><sp/><sp/><sp/><sp/><sp/><sp/><sp/>m_tocstream<sp/>&lt;&lt;<sp/></highlight><highlight class="stringliteral">&quot;&lt;topic<sp/>label=\&quot;&quot;</highlight><highlight class="normal"><sp/>&lt;&lt;<sp/>convertToXML(name)<sp/>&lt;&lt;<sp/></highlight><highlight class="stringliteral">&quot;\&quot;&quot;</highlight><highlight class="normal">;</highlight></codeline>
<codeline lineno="199"><highlight class="normal"><sp/><sp/><sp/><sp/><sp/><sp/><sp/><sp/>m_tocstream<sp/>&lt;&lt;<sp/></highlight><highlight class="stringliteral">&quot;<sp/>href=\&quot;&quot;</highlight><highlight class="normal"><sp/>&lt;&lt;<sp/>convertToXML(m_pathprefix)<sp/></highlight></codeline>
<codeline lineno="200"><highlight class="normal"><sp/><sp/><sp/><sp/><sp/><sp/><sp/><sp/><sp/><sp/><sp/><sp/><sp/><sp/><sp/><sp/><sp/><sp/><sp/><sp/>&lt;&lt;<sp/>file<sp/>&lt;&lt;<sp/>Doxygen::htmlFileExtension;</highlight></codeline>
<codeline lineno="201"><highlight class="normal"><sp/><sp/><sp/><sp/><sp/><sp/><sp/><sp/></highlight><highlight class="keywordflow">if</highlight><highlight class="normal"><sp/>(anchor)</highlight></codeline>
<codeline lineno="202"><highlight class="normal"><sp/><sp/><sp/><sp/><sp/><sp/><sp/><sp/>{</highlight></codeline>
<codeline lineno="203"><highlight class="normal"><sp/><sp/><sp/><sp/><sp/><sp/><sp/><sp/><sp/><sp/>m_tocstream<sp/>&lt;&lt;<sp/></highlight><highlight class="stringliteral">&quot;#&quot;</highlight><highlight class="normal"><sp/>&lt;&lt;<sp/>anchor;</highlight></codeline>
<codeline lineno="204"><highlight class="normal"><sp/><sp/><sp/><sp/><sp/><sp/><sp/><sp/>}</highlight></codeline>
<codeline lineno="205"><highlight class="normal"><sp/><sp/><sp/><sp/><sp/><sp/><sp/><sp/>m_tocstream<sp/>&lt;&lt;<sp/></highlight><highlight class="stringliteral">&quot;\&quot;&quot;</highlight><highlight class="normal">;</highlight></codeline>
<codeline lineno="206"><highlight class="normal"><sp/><sp/><sp/><sp/><sp/><sp/><sp/><sp/>m_endtag<sp/>=<sp/>TRUE;</highlight></codeline>
<codeline lineno="207"><highlight class="normal"><sp/><sp/><sp/><sp/><sp/><sp/><sp/><sp/></highlight><highlight class="keywordflow">break</highlight><highlight class="normal">;</highlight></codeline>
<codeline lineno="208"><highlight class="normal"><sp/><sp/><sp/><sp/>}</highlight></codeline>
<codeline lineno="209"><highlight class="normal"><sp/><sp/>}</highlight></codeline>
<codeline lineno="210"><highlight class="normal"><sp/><sp/></highlight><highlight class="keywordflow">else</highlight><highlight class="normal"></highlight></codeline>
<codeline lineno="211"><highlight class="normal"><sp/><sp/>{</highlight></codeline>
<codeline lineno="212"><highlight class="normal"><sp/><sp/><sp/><sp/>indent();</highlight></codeline>
<codeline lineno="213"><highlight class="normal"><sp/><sp/><sp/><sp/>m_tocstream<sp/>&lt;&lt;<sp/></highlight><highlight class="stringliteral">&quot;&lt;topic<sp/>label=\&quot;&quot;</highlight><highlight class="normal"><sp/>&lt;&lt;<sp/>convertToXML(name)<sp/>&lt;&lt;<sp/></highlight><highlight class="stringliteral">&quot;\&quot;&quot;</highlight><highlight class="normal">;</highlight></codeline>
<codeline lineno="214"><highlight class="normal"><sp/><sp/><sp/><sp/>m_endtag<sp/>=<sp/>TRUE;</highlight></codeline>
<codeline lineno="215"><highlight class="normal"><sp/><sp/>}</highlight></codeline>
<codeline lineno="216"><highlight class="normal">}</highlight></codeline>
<codeline lineno="217"><highlight class="normal"></highlight></codeline>
<codeline lineno="218"><highlight class="normal"></highlight><highlight class="keywordtype">void</highlight><highlight class="normal"><sp/>EclipseHelp::addIndexItem(</highlight></codeline>
<codeline lineno="219"><highlight class="normal"><sp/><sp/><sp/><sp/><ref refid="d5/dcc/class_definition" kindref="compound" tooltip="The common base class of all entity definitions found in the sources.">Definition</ref><sp/>*<sp/></highlight><highlight class="comment">/*<sp/>context<sp/>*/</highlight><highlight class="normal">,</highlight></codeline>
<codeline lineno="220"><highlight class="normal"><sp/><sp/><sp/><sp/><ref refid="da/d09/class_member_def" kindref="compound" tooltip="A model of a class/file/namespace member symbol.">MemberDef</ref><sp/>*<sp/></highlight><highlight class="comment">/*<sp/>md<sp/>*/</highlight><highlight class="normal">,</highlight></codeline>
<codeline lineno="221"><highlight class="normal"><sp/><sp/><sp/><sp/></highlight><highlight class="keyword">const</highlight><highlight class="normal"><sp/></highlight><highlight class="keywordtype">char</highlight><highlight class="normal"><sp/>*<sp/></highlight><highlight class="comment">/*<sp/>sectionAnchor<sp/>*/</highlight><highlight class="normal">,</highlight></codeline>
<codeline lineno="222"><highlight class="normal"><sp/><sp/><sp/><sp/></highlight><highlight class="keyword">const</highlight><highlight class="normal"><sp/></highlight><highlight class="keywordtype">char</highlight><highlight class="normal"><sp/>*<sp/></highlight><highlight class="comment">/*<sp/>title<sp/>*/</highlight><highlight class="normal">)</highlight></codeline>
<codeline lineno="223"><highlight class="normal">{</highlight></codeline>
<codeline lineno="224"><highlight class="normal">}</highlight></codeline>
<codeline lineno="225"><highlight class="normal"></highlight></codeline>
<codeline lineno="226"><highlight class="normal"></highlight><highlight class="keywordtype">void</highlight><highlight class="normal"><sp/>EclipseHelp::addIndexFile(</highlight><highlight class="keyword">const</highlight><highlight class="normal"><sp/></highlight><highlight class="keywordtype">char</highlight><highlight class="normal"><sp/>*<sp/></highlight><highlight class="comment">/*<sp/>name<sp/>*/</highlight><highlight class="normal">)<sp/></highlight></codeline>
<codeline lineno="227"><highlight class="normal">{</highlight></codeline>
<codeline lineno="228"><highlight class="normal">}</highlight></codeline>
<codeline lineno="229"><highlight class="normal"></highlight></codeline>
<codeline lineno="230"><highlight class="normal"></highlight><highlight class="keywordtype">void</highlight><highlight class="normal"><sp/>EclipseHelp::addImageFile(</highlight><highlight class="keyword">const</highlight><highlight class="normal"><sp/></highlight><highlight class="keywordtype">char</highlight><highlight class="normal"><sp/>*<sp/></highlight><highlight class="comment">/*<sp/>name<sp/>*/</highlight><highlight class="normal">)<sp/></highlight></codeline>
<codeline lineno="231"><highlight class="normal">{</highlight></codeline>
<codeline lineno="232"><highlight class="normal">}</highlight></codeline>
<codeline lineno="233"><highlight class="normal"></highlight></codeline>
<codeline lineno="234"><highlight class="normal"></highlight><highlight class="keywordtype">void</highlight><highlight class="normal"><sp/>EclipseHelp::addStyleSheetFile(</highlight><highlight class="keyword">const</highlight><highlight class="normal"><sp/></highlight><highlight class="keywordtype">char</highlight><highlight class="normal"><sp/>*<sp/></highlight><highlight class="comment">/*<sp/>name<sp/>*/</highlight><highlight class="normal">)<sp/></highlight></codeline>
<codeline lineno="235"><highlight class="normal">{</highlight></codeline>
<codeline lineno="236"><highlight class="normal">}</highlight></codeline>
<codeline lineno="237"><highlight class="normal"></highlight></codeline>
    </programlisting>
    <location file="C:/Users/Mat/Projects/doxygraph/examples/doxygen-1.8.4/src/eclipsehelp.cpp"/>
  </compounddef>
</doxygen>
