<?xml version='1.0' encoding='UTF-8' standalone='no'?>
<doxygen xmlns:xsi="http://www.w3.org/2001/XMLSchema-instance" xsi:noNamespaceSchemaLocation="compound.xsd" version="1.8.2">
  <compounddef id="d4/de4/class_generics_collection" kind="class" prot="public">
    <compoundname>GenericsCollection</compoundname>
    <basecompoundref prot="public" virt="non-virtual">QIntDict&lt; ClassDef &gt;</basecompoundref>
      <sectiondef kind="public-func">
      <memberdef kind="function" id="d4/de4/class_generics_collection_1abd267547d6d20b010e00c285647e6274" prot="public" static="no" const="no" explicit="no" inline="yes" virt="non-virtual">
        <type></type>
        <definition>GenericsCollection::GenericsCollection</definition>
        <argsstring>()</argsstring>
        <name>GenericsCollection</name>
        <briefdescription>
        </briefdescription>
        <detaileddescription>
        </detaileddescription>
        <inbodydescription>
        </inbodydescription>
        <location file="C:/Users/Mat/Projects/doxygraph/examples/doxygen-1.8.4/src/classlist.h" line="70" bodyfile="C:/Users/Mat/Projects/doxygraph/examples/doxygen-1.8.4/src/classlist.h" bodystart="70" bodyend="70"/>
      </memberdef>
      <memberdef kind="function" id="d4/de4/class_generics_collection_1a2c52d8493f67a593cb47f244dd57405a" prot="public" static="no" const="no" explicit="no" inline="yes" virt="non-virtual">
        <type></type>
        <definition>GenericsCollection::~GenericsCollection</definition>
        <argsstring>()</argsstring>
        <name>~GenericsCollection</name>
        <briefdescription>
        </briefdescription>
        <detaileddescription>
        </detaileddescription>
        <inbodydescription>
        </inbodydescription>
        <location file="C:/Users/Mat/Projects/doxygraph/examples/doxygen-1.8.4/src/classlist.h" line="71" bodyfile="C:/Users/Mat/Projects/doxygraph/examples/doxygen-1.8.4/src/classlist.h" bodystart="71" bodyend="71"/>
      </memberdef>
      </sectiondef>
    <briefdescription>
    </briefdescription>
    <detaileddescription>
    </detaileddescription>
    <inheritancegraph>
      <node id="3488">
        <label>GenericsCollection</label>
        <link refid="d4/de4/class_generics_collection"/>
        <childnode refid="3489" relation="public-inheritance">
        </childnode>
      </node>
      <node id="3489">
        <label>QIntDict&lt; ClassDef &gt;</label>
      </node>
    </inheritancegraph>
    <collaborationgraph>
      <node id="3490">
        <label>GenericsCollection</label>
        <link refid="d4/de4/class_generics_collection"/>
        <childnode refid="3491" relation="public-inheritance">
        </childnode>
      </node>
      <node id="3491">
        <label>QIntDict&lt; ClassDef &gt;</label>
      </node>
    </collaborationgraph>
    <location file="C:/Users/Mat/Projects/doxygraph/examples/doxygen-1.8.4/src/classlist.h" line="68" bodyfile="C:/Users/Mat/Projects/doxygraph/examples/doxygen-1.8.4/src/classlist.h" bodystart="67" bodyend="72"/>
    <listofallmembers>
      <member refid="d4/de4/class_generics_collection_1abd267547d6d20b010e00c285647e6274" prot="public" virt="non-virtual"><scope>GenericsCollection</scope><name>GenericsCollection</name></member>
      <member refid="d4/de4/class_generics_collection_1a2c52d8493f67a593cb47f244dd57405a" prot="public" virt="non-virtual"><scope>GenericsCollection</scope><name>~GenericsCollection</name></member>
    </listofallmembers>
  </compounddef>
</doxygen>
