<?xml version='1.0' encoding='UTF-8' standalone='no'?>
<doxygen xmlns:xsi="http://www.w3.org/2001/XMLSchema-instance" xsi:noNamespaceSchemaLocation="compound.xsd" version="1.8.2">
  <compounddef id="d4/d2f/struct_find_file_cache_elem" kind="struct" prot="public">
    <compoundname>FindFileCacheElem</compoundname>
      <sectiondef kind="public-attrib">
      <memberdef kind="variable" id="d4/d2f/struct_find_file_cache_elem_1a39ee6985f0ee3593ee2d8d0b9e0f5006" prot="public" static="no" mutable="no">
        <type><ref refid="de/db0/class_file_def" kindref="compound">FileDef</ref> *</type>
        <definition>FileDef* FindFileCacheElem::fileDef</definition>
        <argsstring></argsstring>
        <name>fileDef</name>
        <briefdescription>
        </briefdescription>
        <detaileddescription>
        </detaileddescription>
        <inbodydescription>
        </inbodydescription>
        <location file="C:/Users/Mat/Projects/doxygraph/examples/doxygen-1.8.4/src/util.cpp" line="4802" bodyfile="C:/Users/Mat/Projects/doxygraph/examples/doxygen-1.8.4/src/util.cpp" bodystart="4802" bodyend="-1"/>
      </memberdef>
      <memberdef kind="variable" id="d4/d2f/struct_find_file_cache_elem_1a380e1879b7462592ef5eb5c7289f5714" prot="public" static="no" mutable="no">
        <type>bool</type>
        <definition>bool FindFileCacheElem::isAmbig</definition>
        <argsstring></argsstring>
        <name>isAmbig</name>
        <briefdescription>
        </briefdescription>
        <detaileddescription>
        </detaileddescription>
        <inbodydescription>
        </inbodydescription>
        <location file="C:/Users/Mat/Projects/doxygraph/examples/doxygen-1.8.4/src/util.cpp" line="4803" bodyfile="C:/Users/Mat/Projects/doxygraph/examples/doxygen-1.8.4/src/util.cpp" bodystart="4803" bodyend="-1"/>
      </memberdef>
      </sectiondef>
      <sectiondef kind="public-func">
      <memberdef kind="function" id="d4/d2f/struct_find_file_cache_elem_1abe37384216a36e8e4e225ebb8b487dd7" prot="public" static="no" const="no" explicit="no" inline="yes" virt="non-virtual">
        <type></type>
        <definition>FindFileCacheElem::FindFileCacheElem</definition>
        <argsstring>(FileDef *fd, bool ambig)</argsstring>
        <name>FindFileCacheElem</name>
        <param>
          <type><ref refid="de/db0/class_file_def" kindref="compound">FileDef</ref> *</type>
          <declname>fd</declname>
        </param>
        <param>
          <type>bool</type>
          <declname>ambig</declname>
        </param>
        <briefdescription>
        </briefdescription>
        <detaileddescription>
        </detaileddescription>
        <inbodydescription>
        </inbodydescription>
        <location file="C:/Users/Mat/Projects/doxygraph/examples/doxygen-1.8.4/src/util.cpp" line="4801" bodyfile="C:/Users/Mat/Projects/doxygraph/examples/doxygen-1.8.4/src/util.cpp" bodystart="4801" bodyend="4801"/>
      </memberdef>
      </sectiondef>
    <briefdescription>
<para>Cache element for the file name to <ref refid="de/db0/class_file_def" kindref="compound">FileDef</ref> mapping cache. </para>    </briefdescription>
    <detaileddescription>
    </detaileddescription>
    <collaborationgraph>
      <node id="3450">
        <label>FindFileCacheElem</label>
        <childnode refid="3451" relation="usage">
          <edgelabel>fileDef</edgelabel>
        </childnode>
      </node>
      <node id="3452">
        <label>Definition</label>
        <link refid="d5/dcc/class_definition"/>
        <childnode refid="3453" relation="public-inheritance">
        </childnode>
      </node>
      <node id="3451">
        <label>FileDef</label>
        <link refid="de/db0/class_file_def"/>
        <childnode refid="3452" relation="public-inheritance">
        </childnode>
      </node>
      <node id="3453">
        <label>DefinitionIntf</label>
        <link refid="d9/d4a/class_definition_intf"/>
      </node>
    </collaborationgraph>
    <location file="C:/Users/Mat/Projects/doxygraph/examples/doxygen-1.8.4/src/util.cpp" line="4800" bodyfile="C:/Users/Mat/Projects/doxygraph/examples/doxygen-1.8.4/src/util.cpp" bodystart="4799" bodyend="4804"/>
    <listofallmembers>
      <member refid="d4/d2f/struct_find_file_cache_elem_1a39ee6985f0ee3593ee2d8d0b9e0f5006" prot="public" virt="non-virtual"><scope>FindFileCacheElem</scope><name>fileDef</name></member>
      <member refid="d4/d2f/struct_find_file_cache_elem_1abe37384216a36e8e4e225ebb8b487dd7" prot="public" virt="non-virtual"><scope>FindFileCacheElem</scope><name>FindFileCacheElem</name></member>
      <member refid="d4/d2f/struct_find_file_cache_elem_1a380e1879b7462592ef5eb5c7289f5714" prot="public" virt="non-virtual"><scope>FindFileCacheElem</scope><name>isAmbig</name></member>
    </listofallmembers>
  </compounddef>
</doxygen>
