<?xml version='1.0' encoding='UTF-8' standalone='no'?>
<doxygen xmlns:xsi="http://www.w3.org/2001/XMLSchema-instance" xsi:noNamespaceSchemaLocation="compound.xsd" version="1.8.2">
  <compounddef id="dc/d12/class_doc_verbatim" kind="class" prot="public">
    <compoundname>DocVerbatim</compoundname>
    <basecompoundref refid="d9/d0e/class_doc_node" prot="public" virt="non-virtual">DocNode</basecompoundref>
    <includes refid="de/d9c/docparser_8h" local="no">docparser.h</includes>
      <sectiondef kind="public-type">
      <memberdef kind="enum" id="dc/d12/class_doc_verbatim_1ad8c770dcf2e62369b95f4e34fb11fa36" prot="public" static="no">
        <name>Type</name>
        <enumvalue id="dc/d12/class_doc_verbatim_1ad8c770dcf2e62369b95f4e34fb11fa36a5237d98c668e1c746648c77e62e18fe4" prot="public">
          <name>Code</name>
          <briefdescription>
          </briefdescription>
          <detaileddescription>
          </detaileddescription>
        </enumvalue>
        <enumvalue id="dc/d12/class_doc_verbatim_1ad8c770dcf2e62369b95f4e34fb11fa36a8abc5ca69c3762e97cffaacc244457f1" prot="public">
          <name>HtmlOnly</name>
          <briefdescription>
          </briefdescription>
          <detaileddescription>
          </detaileddescription>
        </enumvalue>
        <enumvalue id="dc/d12/class_doc_verbatim_1ad8c770dcf2e62369b95f4e34fb11fa36a578f19d38fb29903c3f55aea4f76bccb" prot="public">
          <name>ManOnly</name>
          <briefdescription>
          </briefdescription>
          <detaileddescription>
          </detaileddescription>
        </enumvalue>
        <enumvalue id="dc/d12/class_doc_verbatim_1ad8c770dcf2e62369b95f4e34fb11fa36ac5a4818987c756de7d336c3d7ad04173" prot="public">
          <name>LatexOnly</name>
          <briefdescription>
          </briefdescription>
          <detaileddescription>
          </detaileddescription>
        </enumvalue>
        <enumvalue id="dc/d12/class_doc_verbatim_1ad8c770dcf2e62369b95f4e34fb11fa36a53b96b0c5ba74d8884669c178eb88bf9" prot="public">
          <name>RtfOnly</name>
          <briefdescription>
          </briefdescription>
          <detaileddescription>
          </detaileddescription>
        </enumvalue>
        <enumvalue id="dc/d12/class_doc_verbatim_1ad8c770dcf2e62369b95f4e34fb11fa36ad30f4dea69d46825ffdf21d1748e3715" prot="public">
          <name>XmlOnly</name>
          <briefdescription>
          </briefdescription>
          <detaileddescription>
          </detaileddescription>
        </enumvalue>
        <enumvalue id="dc/d12/class_doc_verbatim_1ad8c770dcf2e62369b95f4e34fb11fa36a6c1b77a564f7f47346627a07de09c251" prot="public">
          <name>Verbatim</name>
          <briefdescription>
          </briefdescription>
          <detaileddescription>
          </detaileddescription>
        </enumvalue>
        <enumvalue id="dc/d12/class_doc_verbatim_1ad8c770dcf2e62369b95f4e34fb11fa36a792fd26984aba5cab5b5bc235d705bd1" prot="public">
          <name>Dot</name>
          <briefdescription>
          </briefdescription>
          <detaileddescription>
          </detaileddescription>
        </enumvalue>
        <enumvalue id="dc/d12/class_doc_verbatim_1ad8c770dcf2e62369b95f4e34fb11fa36aa841d77afafe62444561766f255fda8b" prot="public">
          <name>Msc</name>
          <briefdescription>
          </briefdescription>
          <detaileddescription>
          </detaileddescription>
        </enumvalue>
        <enumvalue id="dc/d12/class_doc_verbatim_1ad8c770dcf2e62369b95f4e34fb11fa36a18bd2b8d2df70a8423919cf6dd4d33e1" prot="public">
          <name>DocbookOnly</name>
          <briefdescription>
          </briefdescription>
          <detaileddescription>
          </detaileddescription>
        </enumvalue>
        <briefdescription>
        </briefdescription>
        <detaileddescription>
        </detaileddescription>
        <inbodydescription>
        </inbodydescription>
        <location file="C:/Users/Mat/Projects/doxygraph/examples/doxygen-1.8.4/src/docparser.h" line="384" bodyfile="C:/Users/Mat/Projects/doxygraph/examples/doxygen-1.8.4/src/docparser.h" bodystart="384" bodyend="384"/>
      </memberdef>
      </sectiondef>
      <sectiondef kind="private-attrib">
      <memberdef kind="variable" id="dc/d12/class_doc_verbatim_1a7fd2b5f180dd154b4039ba566152d0d7" prot="private" static="no" mutable="no">
        <type>QCString</type>
        <definition>QCString DocVerbatim::m_context</definition>
        <argsstring></argsstring>
        <name>m_context</name>
        <briefdescription>
        </briefdescription>
        <detaileddescription>
        </detaileddescription>
        <inbodydescription>
        </inbodydescription>
        <location file="C:/Users/Mat/Projects/doxygraph/examples/doxygen-1.8.4/src/docparser.h" line="399" bodyfile="C:/Users/Mat/Projects/doxygraph/examples/doxygen-1.8.4/src/docparser.h" bodystart="399" bodyend="-1"/>
      </memberdef>
      <memberdef kind="variable" id="dc/d12/class_doc_verbatim_1ad638fc73bebbabdc283069f657111f67" prot="private" static="no" mutable="no">
        <type>QCString</type>
        <definition>QCString DocVerbatim::m_text</definition>
        <argsstring></argsstring>
        <name>m_text</name>
        <briefdescription>
        </briefdescription>
        <detaileddescription>
        </detaileddescription>
        <inbodydescription>
        </inbodydescription>
        <location file="C:/Users/Mat/Projects/doxygraph/examples/doxygen-1.8.4/src/docparser.h" line="400" bodyfile="C:/Users/Mat/Projects/doxygraph/examples/doxygen-1.8.4/src/docparser.h" bodystart="400" bodyend="-1"/>
      </memberdef>
      <memberdef kind="variable" id="dc/d12/class_doc_verbatim_1abe54eba20e82151b6e9a7c1a9f72bbdc" prot="private" static="no" mutable="no">
        <type>Type</type>
        <definition>Type DocVerbatim::m_type</definition>
        <argsstring></argsstring>
        <name>m_type</name>
        <briefdescription>
        </briefdescription>
        <detaileddescription>
        </detaileddescription>
        <inbodydescription>
        </inbodydescription>
        <location file="C:/Users/Mat/Projects/doxygraph/examples/doxygen-1.8.4/src/docparser.h" line="401" bodyfile="C:/Users/Mat/Projects/doxygraph/examples/doxygen-1.8.4/src/docparser.h" bodystart="401" bodyend="-1"/>
      </memberdef>
      <memberdef kind="variable" id="dc/d12/class_doc_verbatim_1a66d6f3547f2548ddb2f14873a508aa92" prot="private" static="no" mutable="no">
        <type>bool</type>
        <definition>bool DocVerbatim::m_isExample</definition>
        <argsstring></argsstring>
        <name>m_isExample</name>
        <briefdescription>
        </briefdescription>
        <detaileddescription>
        </detaileddescription>
        <inbodydescription>
        </inbodydescription>
        <location file="C:/Users/Mat/Projects/doxygraph/examples/doxygen-1.8.4/src/docparser.h" line="402" bodyfile="C:/Users/Mat/Projects/doxygraph/examples/doxygen-1.8.4/src/docparser.h" bodystart="402" bodyend="-1"/>
      </memberdef>
      <memberdef kind="variable" id="dc/d12/class_doc_verbatim_1a7cd4e3bfa4af0d6c46dec86a2fd7deaf" prot="private" static="no" mutable="no">
        <type>QCString</type>
        <definition>QCString DocVerbatim::m_exampleFile</definition>
        <argsstring></argsstring>
        <name>m_exampleFile</name>
        <briefdescription>
        </briefdescription>
        <detaileddescription>
        </detaileddescription>
        <inbodydescription>
        </inbodydescription>
        <location file="C:/Users/Mat/Projects/doxygraph/examples/doxygen-1.8.4/src/docparser.h" line="403" bodyfile="C:/Users/Mat/Projects/doxygraph/examples/doxygen-1.8.4/src/docparser.h" bodystart="403" bodyend="-1"/>
      </memberdef>
      <memberdef kind="variable" id="dc/d12/class_doc_verbatim_1ac44f3cdd3813264c1bd83b402504569e" prot="private" static="no" mutable="no">
        <type>QCString</type>
        <definition>QCString DocVerbatim::m_relPath</definition>
        <argsstring></argsstring>
        <name>m_relPath</name>
        <briefdescription>
        </briefdescription>
        <detaileddescription>
        </detaileddescription>
        <inbodydescription>
        </inbodydescription>
        <location file="C:/Users/Mat/Projects/doxygraph/examples/doxygen-1.8.4/src/docparser.h" line="404" bodyfile="C:/Users/Mat/Projects/doxygraph/examples/doxygen-1.8.4/src/docparser.h" bodystart="404" bodyend="-1"/>
      </memberdef>
      <memberdef kind="variable" id="dc/d12/class_doc_verbatim_1a0193a9dac2e311a0dd91a7074f8666d7" prot="private" static="no" mutable="no">
        <type>QCString</type>
        <definition>QCString DocVerbatim::m_lang</definition>
        <argsstring></argsstring>
        <name>m_lang</name>
        <briefdescription>
        </briefdescription>
        <detaileddescription>
        </detaileddescription>
        <inbodydescription>
        </inbodydescription>
        <location file="C:/Users/Mat/Projects/doxygraph/examples/doxygen-1.8.4/src/docparser.h" line="405" bodyfile="C:/Users/Mat/Projects/doxygraph/examples/doxygen-1.8.4/src/docparser.h" bodystart="405" bodyend="-1"/>
      </memberdef>
      </sectiondef>
      <sectiondef kind="public-func">
      <memberdef kind="function" id="dc/d12/class_doc_verbatim_1a5fc6790cb1b256fa2c21bf920bbd0cfa" prot="public" static="no" const="no" explicit="no" inline="no" virt="non-virtual">
        <type></type>
        <definition>DocVerbatim::DocVerbatim</definition>
        <argsstring>(DocNode *parent, const QCString &amp;context, const QCString &amp;text, Type t, bool isExample, const QCString &amp;exampleFile, const QCString &amp;lang=QCString())</argsstring>
        <name>DocVerbatim</name>
        <param>
          <type><ref refid="d9/d0e/class_doc_node" kindref="compound">DocNode</ref> *</type>
          <declname>parent</declname>
        </param>
        <param>
          <type>const QCString &amp;</type>
          <declname>context</declname>
        </param>
        <param>
          <type>const QCString &amp;</type>
          <declname>text</declname>
        </param>
        <param>
          <type>Type</type>
          <declname>t</declname>
        </param>
        <param>
          <type>bool</type>
          <declname>isExample</declname>
        </param>
        <param>
          <type>const QCString &amp;</type>
          <declname>exampleFile</declname>
        </param>
        <param>
          <type>const QCString &amp;</type>
          <declname>lang</declname>
          <defval>QCString()</defval>
        </param>
        <briefdescription>
        </briefdescription>
        <detaileddescription>
        </detaileddescription>
        <inbodydescription>
        </inbodydescription>
        <location file="C:/Users/Mat/Projects/doxygraph/examples/doxygen-1.8.4/src/docparser.h" line="387" bodyfile="C:/Users/Mat/Projects/doxygraph/examples/doxygen-1.8.4/src/docparser.cpp" bodystart="1896" bodyend="1904"/>
      </memberdef>
      <memberdef kind="function" id="dc/d12/class_doc_verbatim_1a480c731f4c8eefadd7d07d2e7e0ae119" prot="public" static="no" const="yes" explicit="no" inline="yes" virt="virtual">
        <type><ref refid="d9/d0e/class_doc_node_1aebd16e89ca590d84cbd40543ea5faadb" kindref="member">Kind</ref></type>
        <definition>Kind DocVerbatim::kind</definition>
        <argsstring>() const </argsstring>
        <name>kind</name>
        <reimplements refid="d9/d0e/class_doc_node_1a108ffd214a72ba6e93dac084a8f58049">kind</reimplements>
        <briefdescription>
        </briefdescription>
        <detaileddescription>
<para>Returns the kind of node. Provides runtime type information </para>        </detaileddescription>
        <inbodydescription>
        </inbodydescription>
        <location file="C:/Users/Mat/Projects/doxygraph/examples/doxygen-1.8.4/src/docparser.h" line="388" bodyfile="C:/Users/Mat/Projects/doxygraph/examples/doxygen-1.8.4/src/docparser.h" bodystart="388" bodyend="388"/>
      </memberdef>
      <memberdef kind="function" id="dc/d12/class_doc_verbatim_1a9e507bc069090cbb92912a1f4472dbc8" prot="public" static="no" const="yes" explicit="no" inline="yes" virt="non-virtual">
        <type>Type</type>
        <definition>Type DocVerbatim::type</definition>
        <argsstring>() const </argsstring>
        <name>type</name>
        <briefdescription>
        </briefdescription>
        <detaileddescription>
        </detaileddescription>
        <inbodydescription>
        </inbodydescription>
        <location file="C:/Users/Mat/Projects/doxygraph/examples/doxygen-1.8.4/src/docparser.h" line="389" bodyfile="C:/Users/Mat/Projects/doxygraph/examples/doxygen-1.8.4/src/docparser.h" bodystart="389" bodyend="389"/>
      </memberdef>
      <memberdef kind="function" id="dc/d12/class_doc_verbatim_1ac8c4801aa0a4243d489e8bbe0a28b708" prot="public" static="no" const="yes" explicit="no" inline="yes" virt="non-virtual">
        <type>QCString</type>
        <definition>QCString DocVerbatim::text</definition>
        <argsstring>() const </argsstring>
        <name>text</name>
        <briefdescription>
        </briefdescription>
        <detaileddescription>
        </detaileddescription>
        <inbodydescription>
        </inbodydescription>
        <location file="C:/Users/Mat/Projects/doxygraph/examples/doxygen-1.8.4/src/docparser.h" line="390" bodyfile="C:/Users/Mat/Projects/doxygraph/examples/doxygen-1.8.4/src/docparser.h" bodystart="390" bodyend="390"/>
      </memberdef>
      <memberdef kind="function" id="dc/d12/class_doc_verbatim_1a4b087f9a80c4c1c2312149d019d6330f" prot="public" static="no" const="yes" explicit="no" inline="yes" virt="non-virtual">
        <type>QCString</type>
        <definition>QCString DocVerbatim::context</definition>
        <argsstring>() const </argsstring>
        <name>context</name>
        <briefdescription>
        </briefdescription>
        <detaileddescription>
        </detaileddescription>
        <inbodydescription>
        </inbodydescription>
        <location file="C:/Users/Mat/Projects/doxygraph/examples/doxygen-1.8.4/src/docparser.h" line="391" bodyfile="C:/Users/Mat/Projects/doxygraph/examples/doxygen-1.8.4/src/docparser.h" bodystart="391" bodyend="391"/>
      </memberdef>
      <memberdef kind="function" id="dc/d12/class_doc_verbatim_1ae98dce2edd2ad0fa399930f8e61ee9b0" prot="public" static="no" const="no" explicit="no" inline="yes" virt="virtual">
        <type>void</type>
        <definition>void DocVerbatim::accept</definition>
        <argsstring>(DocVisitor *v)</argsstring>
        <name>accept</name>
        <reimplements refid="d9/d0e/class_doc_node_1a5303a550cbe6395663bf9b9dad28cbf1">accept</reimplements>
        <param>
          <type><ref refid="d0/d78/class_doc_visitor" kindref="compound">DocVisitor</ref> *</type>
          <declname>v</declname>
        </param>
        <briefdescription>
        </briefdescription>
        <detaileddescription>
<para>Acceptor function for node visitors. Part of the visitor pattern. <parameterlist kind="param"><parameteritem>
<parameternamelist>
<parametername>v</parametername>
</parameternamelist>
<parameterdescription>
<para>Abstract visitor. </para></parameterdescription>
</parameteritem>
</parameterlist>
</para>        </detaileddescription>
        <inbodydescription>
        </inbodydescription>
        <location file="C:/Users/Mat/Projects/doxygraph/examples/doxygen-1.8.4/src/docparser.h" line="392" bodyfile="C:/Users/Mat/Projects/doxygraph/examples/doxygen-1.8.4/src/docparser.h" bodystart="392" bodyend="392"/>
      </memberdef>
      <memberdef kind="function" id="dc/d12/class_doc_verbatim_1a2f874106da67d2c2031b4e43646038df" prot="public" static="no" const="yes" explicit="no" inline="yes" virt="non-virtual">
        <type>bool</type>
        <definition>bool DocVerbatim::isExample</definition>
        <argsstring>() const </argsstring>
        <name>isExample</name>
        <briefdescription>
        </briefdescription>
        <detaileddescription>
        </detaileddescription>
        <inbodydescription>
        </inbodydescription>
        <location file="C:/Users/Mat/Projects/doxygraph/examples/doxygen-1.8.4/src/docparser.h" line="393" bodyfile="C:/Users/Mat/Projects/doxygraph/examples/doxygen-1.8.4/src/docparser.h" bodystart="393" bodyend="393"/>
      </memberdef>
      <memberdef kind="function" id="dc/d12/class_doc_verbatim_1af4952866820adc88aa826e94d06c9d03" prot="public" static="no" const="yes" explicit="no" inline="yes" virt="non-virtual">
        <type>QCString</type>
        <definition>QCString DocVerbatim::exampleFile</definition>
        <argsstring>() const </argsstring>
        <name>exampleFile</name>
        <briefdescription>
        </briefdescription>
        <detaileddescription>
        </detaileddescription>
        <inbodydescription>
        </inbodydescription>
        <location file="C:/Users/Mat/Projects/doxygraph/examples/doxygen-1.8.4/src/docparser.h" line="394" bodyfile="C:/Users/Mat/Projects/doxygraph/examples/doxygen-1.8.4/src/docparser.h" bodystart="394" bodyend="394"/>
      </memberdef>
      <memberdef kind="function" id="dc/d12/class_doc_verbatim_1a53573f00a7f94e3a032984eb286a6278" prot="public" static="no" const="yes" explicit="no" inline="yes" virt="non-virtual">
        <type>QCString</type>
        <definition>QCString DocVerbatim::relPath</definition>
        <argsstring>() const </argsstring>
        <name>relPath</name>
        <briefdescription>
        </briefdescription>
        <detaileddescription>
        </detaileddescription>
        <inbodydescription>
        </inbodydescription>
        <location file="C:/Users/Mat/Projects/doxygraph/examples/doxygen-1.8.4/src/docparser.h" line="395" bodyfile="C:/Users/Mat/Projects/doxygraph/examples/doxygen-1.8.4/src/docparser.h" bodystart="395" bodyend="395"/>
      </memberdef>
      <memberdef kind="function" id="dc/d12/class_doc_verbatim_1a3b9f6e3332f39e193476818c53b889ae" prot="public" static="no" const="yes" explicit="no" inline="yes" virt="non-virtual">
        <type>QCString</type>
        <definition>QCString DocVerbatim::language</definition>
        <argsstring>() const </argsstring>
        <name>language</name>
        <briefdescription>
        </briefdescription>
        <detaileddescription>
        </detaileddescription>
        <inbodydescription>
        </inbodydescription>
        <location file="C:/Users/Mat/Projects/doxygraph/examples/doxygen-1.8.4/src/docparser.h" line="396" bodyfile="C:/Users/Mat/Projects/doxygraph/examples/doxygen-1.8.4/src/docparser.h" bodystart="396" bodyend="396"/>
      </memberdef>
      </sectiondef>
    <briefdescription>
<para>Node representing a verbatim, unparsed text fragment. </para>    </briefdescription>
    <detaileddescription>
    </detaileddescription>
    <inheritancegraph>
      <node id="3262">
        <label>DocVerbatim</label>
        <link refid="dc/d12/class_doc_verbatim"/>
        <childnode refid="3263" relation="public-inheritance">
        </childnode>
      </node>
      <node id="3263">
        <label>DocNode</label>
        <link refid="d9/d0e/class_doc_node"/>
      </node>
    </inheritancegraph>
    <collaborationgraph>
      <node id="3264">
        <label>DocVerbatim</label>
        <link refid="dc/d12/class_doc_verbatim"/>
        <childnode refid="3265" relation="public-inheritance">
        </childnode>
      </node>
      <node id="3265">
        <label>DocNode</label>
        <link refid="d9/d0e/class_doc_node"/>
        <childnode refid="3265" relation="usage">
          <edgelabel>m_parent</edgelabel>
        </childnode>
      </node>
    </collaborationgraph>
    <location file="C:/Users/Mat/Projects/doxygraph/examples/doxygen-1.8.4/src/docparser.h" line="382" bodyfile="C:/Users/Mat/Projects/doxygraph/examples/doxygen-1.8.4/src/docparser.h" bodystart="381" bodyend="406"/>
    <listofallmembers>
      <member refid="dc/d12/class_doc_verbatim_1ae98dce2edd2ad0fa399930f8e61ee9b0" prot="public" virt="virtual"><scope>DocVerbatim</scope><name>accept</name></member>
      <member refid="dc/d12/class_doc_verbatim_1ad8c770dcf2e62369b95f4e34fb11fa36a5237d98c668e1c746648c77e62e18fe4" prot="public" virt="non-virtual"><scope>DocVerbatim</scope><name>Code</name></member>
      <member refid="dc/d12/class_doc_verbatim_1a4b087f9a80c4c1c2312149d019d6330f" prot="public" virt="non-virtual"><scope>DocVerbatim</scope><name>context</name></member>
      <member refid="dc/d12/class_doc_verbatim_1ad8c770dcf2e62369b95f4e34fb11fa36a18bd2b8d2df70a8423919cf6dd4d33e1" prot="public" virt="non-virtual"><scope>DocVerbatim</scope><name>DocbookOnly</name></member>
      <member refid="d9/d0e/class_doc_node_1a98d902adedf9b2270a6673e59dbab89e" prot="public" virt="non-virtual"><scope>DocVerbatim</scope><name>DocNode</name></member>
      <member refid="dc/d12/class_doc_verbatim_1a5fc6790cb1b256fa2c21bf920bbd0cfa" prot="public" virt="non-virtual"><scope>DocVerbatim</scope><name>DocVerbatim</name></member>
      <member refid="dc/d12/class_doc_verbatim_1ad8c770dcf2e62369b95f4e34fb11fa36a792fd26984aba5cab5b5bc235d705bd1" prot="public" virt="non-virtual"><scope>DocVerbatim</scope><name>Dot</name></member>
      <member refid="dc/d12/class_doc_verbatim_1af4952866820adc88aa826e94d06c9d03" prot="public" virt="non-virtual"><scope>DocVerbatim</scope><name>exampleFile</name></member>
      <member refid="dc/d12/class_doc_verbatim_1ad8c770dcf2e62369b95f4e34fb11fa36a8abc5ca69c3762e97cffaacc244457f1" prot="public" virt="non-virtual"><scope>DocVerbatim</scope><name>HtmlOnly</name></member>
      <member refid="dc/d12/class_doc_verbatim_1a2f874106da67d2c2031b4e43646038df" prot="public" virt="non-virtual"><scope>DocVerbatim</scope><name>isExample</name></member>
      <member refid="d9/d0e/class_doc_node_1aef508bc4dc916756c919594db7930d54" prot="public" virt="non-virtual"><scope>DocVerbatim</scope><name>isPreformatted</name></member>
      <member refid="dc/d12/class_doc_verbatim_1a480c731f4c8eefadd7d07d2e7e0ae119" prot="public" virt="virtual"><scope>DocVerbatim</scope><name>kind</name></member>
      <member refid="d9/d0e/class_doc_node_1aebd16e89ca590d84cbd40543ea5faadb" prot="public" virt="non-virtual"><scope>DocVerbatim</scope><name>Kind</name></member>
      <member refid="d9/d0e/class_doc_node_1aebd16e89ca590d84cbd40543ea5faadba5acf76d5bed04d9f8973b5599e4c7d61" prot="public" virt="non-virtual"><scope>DocVerbatim</scope><name>Kind_Anchor</name></member>
      <member refid="d9/d0e/class_doc_node_1aebd16e89ca590d84cbd40543ea5faadbaf4af6d302524a2a72e6503fa4b5008cc" prot="public" virt="non-virtual"><scope>DocVerbatim</scope><name>Kind_AutoList</name></member>
      <member refid="d9/d0e/class_doc_node_1aebd16e89ca590d84cbd40543ea5faadba09e40b89d37e12cd78384c04aea5c185" prot="public" virt="non-virtual"><scope>DocVerbatim</scope><name>Kind_AutoListItem</name></member>
      <member refid="d9/d0e/class_doc_node_1aebd16e89ca590d84cbd40543ea5faadba2c31b7a4358465ca132212321e15fc20" prot="public" virt="non-virtual"><scope>DocVerbatim</scope><name>Kind_Copy</name></member>
      <member refid="d9/d0e/class_doc_node_1aebd16e89ca590d84cbd40543ea5faadba31635222d2661ef99e79b44bf3b58382" prot="public" virt="non-virtual"><scope>DocVerbatim</scope><name>Kind_DotFile</name></member>
      <member refid="d9/d0e/class_doc_node_1aebd16e89ca590d84cbd40543ea5faadbad6f44af7d7a9d2545d12570f1c911514" prot="public" virt="non-virtual"><scope>DocVerbatim</scope><name>Kind_Formula</name></member>
      <member refid="d9/d0e/class_doc_node_1aebd16e89ca590d84cbd40543ea5faadba66fdcd73d28143e4eee061037d1c0d05" prot="public" virt="non-virtual"><scope>DocVerbatim</scope><name>Kind_HorRuler</name></member>
      <member refid="d9/d0e/class_doc_node_1aebd16e89ca590d84cbd40543ea5faadba219784882f7a809370a515cbf18c2794" prot="public" virt="non-virtual"><scope>DocVerbatim</scope><name>Kind_HRef</name></member>
      <member refid="d9/d0e/class_doc_node_1aebd16e89ca590d84cbd40543ea5faadbacfac967afd367665bc4a4890828fc98d" prot="public" virt="non-virtual"><scope>DocVerbatim</scope><name>Kind_HtmlBlockQuote</name></member>
      <member refid="d9/d0e/class_doc_node_1aebd16e89ca590d84cbd40543ea5faadba3f64e51b724ff9f596689e66165d4e5f" prot="public" virt="non-virtual"><scope>DocVerbatim</scope><name>Kind_HtmlCaption</name></member>
      <member refid="d9/d0e/class_doc_node_1aebd16e89ca590d84cbd40543ea5faadbae35a8fc01717b7fba896f3f9103b641a" prot="public" virt="non-virtual"><scope>DocVerbatim</scope><name>Kind_HtmlCell</name></member>
      <member refid="d9/d0e/class_doc_node_1aebd16e89ca590d84cbd40543ea5faadbac9568654cd0eaa2d2e6705eb88b8bb6f" prot="public" virt="non-virtual"><scope>DocVerbatim</scope><name>Kind_HtmlDescData</name></member>
      <member refid="d9/d0e/class_doc_node_1aebd16e89ca590d84cbd40543ea5faadbad53b68c158dba60a523d4fd261741c1a" prot="public" virt="non-virtual"><scope>DocVerbatim</scope><name>Kind_HtmlDescList</name></member>
      <member refid="d9/d0e/class_doc_node_1aebd16e89ca590d84cbd40543ea5faadba0e47ad72ee03a88acc5d35755230a4bc" prot="public" virt="non-virtual"><scope>DocVerbatim</scope><name>Kind_HtmlDescTitle</name></member>
      <member refid="d9/d0e/class_doc_node_1aebd16e89ca590d84cbd40543ea5faadbac559cf092ec1d51d36500217b128df91" prot="public" virt="non-virtual"><scope>DocVerbatim</scope><name>Kind_HtmlHeader</name></member>
      <member refid="d9/d0e/class_doc_node_1aebd16e89ca590d84cbd40543ea5faadba2d89d13df0a6a173008cc476ed19da5a" prot="public" virt="non-virtual"><scope>DocVerbatim</scope><name>Kind_HtmlList</name></member>
      <member refid="d9/d0e/class_doc_node_1aebd16e89ca590d84cbd40543ea5faadba3899f85cc2bbe76eebc01969f026c4a8" prot="public" virt="non-virtual"><scope>DocVerbatim</scope><name>Kind_HtmlListItem</name></member>
      <member refid="d9/d0e/class_doc_node_1aebd16e89ca590d84cbd40543ea5faadba4aecc53268c197469ae7e36a82297f66" prot="public" virt="non-virtual"><scope>DocVerbatim</scope><name>Kind_HtmlRow</name></member>
      <member refid="d9/d0e/class_doc_node_1aebd16e89ca590d84cbd40543ea5faadbaaa0953fe727d5208d808d6200db9d8c4" prot="public" virt="non-virtual"><scope>DocVerbatim</scope><name>Kind_HtmlTable</name></member>
      <member refid="d9/d0e/class_doc_node_1aebd16e89ca590d84cbd40543ea5faadba130db602d847e2889247e35215f6ab61" prot="public" virt="non-virtual"><scope>DocVerbatim</scope><name>Kind_Image</name></member>
      <member refid="d9/d0e/class_doc_node_1aebd16e89ca590d84cbd40543ea5faadba0d394262ed69236213f48850d00655e1" prot="public" virt="non-virtual"><scope>DocVerbatim</scope><name>Kind_Include</name></member>
      <member refid="d9/d0e/class_doc_node_1aebd16e89ca590d84cbd40543ea5faadba22a463e2625469c3243a58a25ec2ac5e" prot="public" virt="non-virtual"><scope>DocVerbatim</scope><name>Kind_IncOperator</name></member>
      <member refid="d9/d0e/class_doc_node_1aebd16e89ca590d84cbd40543ea5faadba0c99bba8a3a83741f4cb5b488be07919" prot="public" virt="non-virtual"><scope>DocVerbatim</scope><name>Kind_IndexEntry</name></member>
      <member refid="d9/d0e/class_doc_node_1aebd16e89ca590d84cbd40543ea5faadbaa908f2050f29caaa1852bc6bfc2167d7" prot="public" virt="non-virtual"><scope>DocVerbatim</scope><name>Kind_Internal</name></member>
      <member refid="d9/d0e/class_doc_node_1aebd16e89ca590d84cbd40543ea5faadba08795b9078b94b17470db06f10e47e9a" prot="public" virt="non-virtual"><scope>DocVerbatim</scope><name>Kind_InternalRef</name></member>
      <member refid="d9/d0e/class_doc_node_1aebd16e89ca590d84cbd40543ea5faadba806ec6c0d1fe6c3d855364ae3ab6f02e" prot="public" virt="non-virtual"><scope>DocVerbatim</scope><name>Kind_LineBreak</name></member>
      <member refid="d9/d0e/class_doc_node_1aebd16e89ca590d84cbd40543ea5faadba3ea5a7ccd9136dff8ecd035c4d403c4d" prot="public" virt="non-virtual"><scope>DocVerbatim</scope><name>Kind_Link</name></member>
      <member refid="d9/d0e/class_doc_node_1aebd16e89ca590d84cbd40543ea5faadba3078fef47a0dd99f4a3c2ea943e9dc38" prot="public" virt="non-virtual"><scope>DocVerbatim</scope><name>Kind_LinkedWord</name></member>
      <member refid="d9/d0e/class_doc_node_1aebd16e89ca590d84cbd40543ea5faadbaf7a503a623b646514dbf0a1cdd4bc56d" prot="public" virt="non-virtual"><scope>DocVerbatim</scope><name>Kind_MscFile</name></member>
      <member refid="d9/d0e/class_doc_node_1aebd16e89ca590d84cbd40543ea5faadbab386d3972ee5815e6403a2ba94d13da7" prot="public" virt="non-virtual"><scope>DocVerbatim</scope><name>Kind_Para</name></member>
      <member refid="d9/d0e/class_doc_node_1aebd16e89ca590d84cbd40543ea5faadbada1efab7269767fb09ed0468023d47ef" prot="public" virt="non-virtual"><scope>DocVerbatim</scope><name>Kind_ParamList</name></member>
      <member refid="d9/d0e/class_doc_node_1aebd16e89ca590d84cbd40543ea5faadba98f09f518a149bbd2ca945d8be62b2eb" prot="public" virt="non-virtual"><scope>DocVerbatim</scope><name>Kind_ParamSect</name></member>
      <member refid="d9/d0e/class_doc_node_1aebd16e89ca590d84cbd40543ea5faadba7e37091374b5c3a40bc6080b727b8633" prot="public" virt="non-virtual"><scope>DocVerbatim</scope><name>Kind_Ref</name></member>
      <member refid="d9/d0e/class_doc_node_1aebd16e89ca590d84cbd40543ea5faadba40f32b4da392f2e607acd9dcd51e97ef" prot="public" virt="non-virtual"><scope>DocVerbatim</scope><name>Kind_Root</name></member>
      <member refid="d9/d0e/class_doc_node_1aebd16e89ca590d84cbd40543ea5faadbab434fb5f35821ac8e092397720a9986e" prot="public" virt="non-virtual"><scope>DocVerbatim</scope><name>Kind_SecRefItem</name></member>
      <member refid="d9/d0e/class_doc_node_1aebd16e89ca590d84cbd40543ea5faadba8a1dc5275094432667a3b3f60ca6924e" prot="public" virt="non-virtual"><scope>DocVerbatim</scope><name>Kind_SecRefList</name></member>
      <member refid="d9/d0e/class_doc_node_1aebd16e89ca590d84cbd40543ea5faadba2adb5849cad20cab071f918a8da06938" prot="public" virt="non-virtual"><scope>DocVerbatim</scope><name>Kind_Section</name></member>
      <member refid="d9/d0e/class_doc_node_1aebd16e89ca590d84cbd40543ea5faadba653816fa54d8104dc69848cd470e9e50" prot="public" virt="non-virtual"><scope>DocVerbatim</scope><name>Kind_SimpleList</name></member>
      <member refid="d9/d0e/class_doc_node_1aebd16e89ca590d84cbd40543ea5faadba3484d4b967a5e3650a21218cafe45bfc" prot="public" virt="non-virtual"><scope>DocVerbatim</scope><name>Kind_SimpleListItem</name></member>
      <member refid="d9/d0e/class_doc_node_1aebd16e89ca590d84cbd40543ea5faadbac383a7308a123820e290b129354b945b" prot="public" virt="non-virtual"><scope>DocVerbatim</scope><name>Kind_SimpleSect</name></member>
      <member refid="d9/d0e/class_doc_node_1aebd16e89ca590d84cbd40543ea5faadba9e64be26f9961dd56b44dc8bf940f612" prot="public" virt="non-virtual"><scope>DocVerbatim</scope><name>Kind_SimpleSectSep</name></member>
      <member refid="d9/d0e/class_doc_node_1aebd16e89ca590d84cbd40543ea5faadba23b15e9d0bd5a796e7ea6bc5ddb90a51" prot="public" virt="non-virtual"><scope>DocVerbatim</scope><name>Kind_StyleChange</name></member>
      <member refid="d9/d0e/class_doc_node_1aebd16e89ca590d84cbd40543ea5faadba11cfbdc9641f7d5e57bbf9d2d1ac29f6" prot="public" virt="non-virtual"><scope>DocVerbatim</scope><name>Kind_Symbol</name></member>
      <member refid="d9/d0e/class_doc_node_1aebd16e89ca590d84cbd40543ea5faadba7625967c18a27b98c0253b1d8813b22a" prot="public" virt="non-virtual"><scope>DocVerbatim</scope><name>Kind_Text</name></member>
      <member refid="d9/d0e/class_doc_node_1aebd16e89ca590d84cbd40543ea5faadba3a4f43b18aee3dae38339c2e322f019d" prot="public" virt="non-virtual"><scope>DocVerbatim</scope><name>Kind_Title</name></member>
      <member refid="d9/d0e/class_doc_node_1aebd16e89ca590d84cbd40543ea5faadbaf65de407d32b599b5b8e3172e910921f" prot="public" virt="non-virtual"><scope>DocVerbatim</scope><name>Kind_URL</name></member>
      <member refid="d9/d0e/class_doc_node_1aebd16e89ca590d84cbd40543ea5faadba647ae404715ce1ea95d747d03302d069" prot="public" virt="non-virtual"><scope>DocVerbatim</scope><name>Kind_Verbatim</name></member>
      <member refid="d9/d0e/class_doc_node_1aebd16e89ca590d84cbd40543ea5faadba2c92a0041dfb7d3d024370d59840a9ec" prot="public" virt="non-virtual"><scope>DocVerbatim</scope><name>Kind_VhdlFlow</name></member>
      <member refid="d9/d0e/class_doc_node_1aebd16e89ca590d84cbd40543ea5faadba19ac8d817d8ba62f451c9ac6b06052c9" prot="public" virt="non-virtual"><scope>DocVerbatim</scope><name>Kind_WhiteSpace</name></member>
      <member refid="d9/d0e/class_doc_node_1aebd16e89ca590d84cbd40543ea5faadbafaa72c1c3a23f07645d1546177e265ad" prot="public" virt="non-virtual"><scope>DocVerbatim</scope><name>Kind_Word</name></member>
      <member refid="d9/d0e/class_doc_node_1aebd16e89ca590d84cbd40543ea5faadbabf87f371a0f69d86d0e6606d31133d40" prot="public" virt="non-virtual"><scope>DocVerbatim</scope><name>Kind_XRefItem</name></member>
      <member refid="dc/d12/class_doc_verbatim_1a3b9f6e3332f39e193476818c53b889ae" prot="public" virt="non-virtual"><scope>DocVerbatim</scope><name>language</name></member>
      <member refid="dc/d12/class_doc_verbatim_1ad8c770dcf2e62369b95f4e34fb11fa36ac5a4818987c756de7d336c3d7ad04173" prot="public" virt="non-virtual"><scope>DocVerbatim</scope><name>LatexOnly</name></member>
      <member refid="dc/d12/class_doc_verbatim_1a7fd2b5f180dd154b4039ba566152d0d7" prot="private" virt="non-virtual"><scope>DocVerbatim</scope><name>m_context</name></member>
      <member refid="dc/d12/class_doc_verbatim_1a7cd4e3bfa4af0d6c46dec86a2fd7deaf" prot="private" virt="non-virtual"><scope>DocVerbatim</scope><name>m_exampleFile</name></member>
      <member refid="dc/d12/class_doc_verbatim_1a66d6f3547f2548ddb2f14873a508aa92" prot="private" virt="non-virtual"><scope>DocVerbatim</scope><name>m_isExample</name></member>
      <member refid="dc/d12/class_doc_verbatim_1a0193a9dac2e311a0dd91a7074f8666d7" prot="private" virt="non-virtual"><scope>DocVerbatim</scope><name>m_lang</name></member>
      <member refid="d9/d0e/class_doc_node_1a5f1139016d8919795a0e1c722d3e4b91" prot="protected" virt="non-virtual"><scope>DocVerbatim</scope><name>m_parent</name></member>
      <member refid="dc/d12/class_doc_verbatim_1ac44f3cdd3813264c1bd83b402504569e" prot="private" virt="non-virtual"><scope>DocVerbatim</scope><name>m_relPath</name></member>
      <member refid="dc/d12/class_doc_verbatim_1ad638fc73bebbabdc283069f657111f67" prot="private" virt="non-virtual"><scope>DocVerbatim</scope><name>m_text</name></member>
      <member refid="dc/d12/class_doc_verbatim_1abe54eba20e82151b6e9a7c1a9f72bbdc" prot="private" virt="non-virtual"><scope>DocVerbatim</scope><name>m_type</name></member>
      <member refid="dc/d12/class_doc_verbatim_1ad8c770dcf2e62369b95f4e34fb11fa36a578f19d38fb29903c3f55aea4f76bccb" prot="public" virt="non-virtual"><scope>DocVerbatim</scope><name>ManOnly</name></member>
      <member refid="dc/d12/class_doc_verbatim_1ad8c770dcf2e62369b95f4e34fb11fa36aa841d77afafe62444561766f255fda8b" prot="public" virt="non-virtual"><scope>DocVerbatim</scope><name>Msc</name></member>
      <member refid="d9/d0e/class_doc_node_1a990d8b983962776a647e6231d38bd329" prot="public" virt="non-virtual"><scope>DocVerbatim</scope><name>parent</name></member>
      <member refid="dc/d12/class_doc_verbatim_1a53573f00a7f94e3a032984eb286a6278" prot="public" virt="non-virtual"><scope>DocVerbatim</scope><name>relPath</name></member>
      <member refid="dc/d12/class_doc_verbatim_1ad8c770dcf2e62369b95f4e34fb11fa36a53b96b0c5ba74d8884669c178eb88bf9" prot="public" virt="non-virtual"><scope>DocVerbatim</scope><name>RtfOnly</name></member>
      <member refid="d9/d0e/class_doc_node_1a7059408f429dc1358764e334079ca986" prot="protected" virt="non-virtual"><scope>DocVerbatim</scope><name>setInsidePreformatted</name></member>
      <member refid="d9/d0e/class_doc_node_1a2855de7ff1248fdb71e579087ae56098" prot="public" virt="non-virtual"><scope>DocVerbatim</scope><name>setParent</name></member>
      <member refid="dc/d12/class_doc_verbatim_1ac8c4801aa0a4243d489e8bbe0a28b708" prot="public" virt="non-virtual"><scope>DocVerbatim</scope><name>text</name></member>
      <member refid="dc/d12/class_doc_verbatim_1a9e507bc069090cbb92912a1f4472dbc8" prot="public" virt="non-virtual"><scope>DocVerbatim</scope><name>type</name></member>
      <member refid="dc/d12/class_doc_verbatim_1ad8c770dcf2e62369b95f4e34fb11fa36" prot="public" virt="non-virtual"><scope>DocVerbatim</scope><name>Type</name></member>
      <member refid="dc/d12/class_doc_verbatim_1ad8c770dcf2e62369b95f4e34fb11fa36a6c1b77a564f7f47346627a07de09c251" prot="public" virt="non-virtual"><scope>DocVerbatim</scope><name>Verbatim</name></member>
      <member refid="dc/d12/class_doc_verbatim_1ad8c770dcf2e62369b95f4e34fb11fa36ad30f4dea69d46825ffdf21d1748e3715" prot="public" virt="non-virtual"><scope>DocVerbatim</scope><name>XmlOnly</name></member>
      <member refid="d9/d0e/class_doc_node_1a024e5ba89b140e83416f9f85f5f6d036" prot="public" virt="virtual"><scope>DocVerbatim</scope><name>~DocNode</name></member>
    </listofallmembers>
  </compounddef>
</doxygen>
