<?xml version='1.0' encoding='UTF-8' standalone='no'?>
<doxygen xmlns:xsi="http://www.w3.org/2001/XMLSchema-instance" xsi:noNamespaceSchemaLocation="compound.xsd" version="1.8.2">
  <compounddef id="d1/dff/class_config_string" kind="class" prot="public">
    <compoundname>ConfigString</compoundname>
    <basecompoundref refid="d2/dd3/class_config_option" prot="public" virt="non-virtual">ConfigOption</basecompoundref>
    <includes refid="db/d16/config_8h" local="no">config.h</includes>
      <sectiondef kind="public-type">
      <memberdef kind="enum" id="d1/dff/class_config_string_1a6d65e61d6dcbd73f014d16ef4b7721d1" prot="public" static="no">
        <name>WidgetType</name>
        <enumvalue id="d1/dff/class_config_string_1a6d65e61d6dcbd73f014d16ef4b7721d1a11c4b738a4bf25daac178bdcafb7ee1d" prot="public">
          <name>String</name>
          <briefdescription>
          </briefdescription>
          <detaileddescription>
          </detaileddescription>
        </enumvalue>
        <enumvalue id="d1/dff/class_config_string_1a6d65e61d6dcbd73f014d16ef4b7721d1af6654c1bae7f98471bc56277441a6792" prot="public">
          <name>File</name>
          <briefdescription>
          </briefdescription>
          <detaileddescription>
          </detaileddescription>
        </enumvalue>
        <enumvalue id="d1/dff/class_config_string_1a6d65e61d6dcbd73f014d16ef4b7721d1a49f5b7433b27cfc3141075bb4501bcad" prot="public">
          <name>Dir</name>
          <briefdescription>
          </briefdescription>
          <detaileddescription>
          </detaileddescription>
        </enumvalue>
        <briefdescription>
        </briefdescription>
        <detaileddescription>
        </detaileddescription>
        <inbodydescription>
        </inbodydescription>
        <location file="C:/Users/Mat/Projects/doxygraph/examples/doxygen-1.8.4/src/config.h" line="210" bodyfile="C:/Users/Mat/Projects/doxygraph/examples/doxygen-1.8.4/src/config.h" bodystart="210" bodyend="210"/>
      </memberdef>
      </sectiondef>
      <sectiondef kind="private-attrib">
      <memberdef kind="variable" id="d1/dff/class_config_string_1a041a1d375a16343fb90e23a2b71faed6" prot="private" static="no" mutable="no">
        <type>QCString</type>
        <definition>QCString ConfigString::m_value</definition>
        <argsstring></argsstring>
        <name>m_value</name>
        <briefdescription>
        </briefdescription>
        <detaileddescription>
        </detaileddescription>
        <inbodydescription>
        </inbodydescription>
        <location file="C:/Users/Mat/Projects/doxygraph/examples/doxygen-1.8.4/src/config.h" line="246" bodyfile="C:/Users/Mat/Projects/doxygraph/examples/doxygen-1.8.4/src/config.h" bodystart="246" bodyend="-1"/>
      </memberdef>
      <memberdef kind="variable" id="d1/dff/class_config_string_1ae12055fe874e925ee032d97b8b746247" prot="private" static="no" mutable="no">
        <type>QCString</type>
        <definition>QCString ConfigString::m_defValue</definition>
        <argsstring></argsstring>
        <name>m_defValue</name>
        <briefdescription>
        </briefdescription>
        <detaileddescription>
        </detaileddescription>
        <inbodydescription>
        </inbodydescription>
        <location file="C:/Users/Mat/Projects/doxygraph/examples/doxygen-1.8.4/src/config.h" line="247" bodyfile="C:/Users/Mat/Projects/doxygraph/examples/doxygen-1.8.4/src/config.h" bodystart="247" bodyend="-1"/>
      </memberdef>
      <memberdef kind="variable" id="d1/dff/class_config_string_1a51a045dacc635387728409f78f6c8f63" prot="private" static="no" mutable="no">
        <type>WidgetType</type>
        <definition>WidgetType ConfigString::m_widgetType</definition>
        <argsstring></argsstring>
        <name>m_widgetType</name>
        <briefdescription>
        </briefdescription>
        <detaileddescription>
        </detaileddescription>
        <inbodydescription>
        </inbodydescription>
        <location file="C:/Users/Mat/Projects/doxygraph/examples/doxygen-1.8.4/src/config.h" line="248" bodyfile="C:/Users/Mat/Projects/doxygraph/examples/doxygen-1.8.4/src/config.h" bodystart="248" bodyend="-1"/>
      </memberdef>
      </sectiondef>
      <sectiondef kind="public-func">
      <memberdef kind="function" id="d1/dff/class_config_string_1af35e791e48a93c96bdba2df9ca848f28" prot="public" static="no" const="no" explicit="no" inline="yes" virt="non-virtual">
        <type></type>
        <definition>ConfigString::ConfigString</definition>
        <argsstring>(const char *name, const char *doc)</argsstring>
        <name>ConfigString</name>
        <param>
          <type>const char *</type>
          <declname>name</declname>
        </param>
        <param>
          <type>const char *</type>
          <declname>doc</declname>
        </param>
        <briefdescription>
        </briefdescription>
        <detaileddescription>
        </detaileddescription>
        <inbodydescription>
        </inbodydescription>
        <location file="C:/Users/Mat/Projects/doxygraph/examples/doxygen-1.8.4/src/config.h" line="213" bodyfile="C:/Users/Mat/Projects/doxygraph/examples/doxygen-1.8.4/src/config.h" bodystart="211" bodyend="217"/>
      </memberdef>
      <memberdef kind="function" id="d1/dff/class_config_string_1a562abfad9e8a9f7ecb1bcdac06150390" prot="public" static="no" const="no" explicit="no" inline="yes" virt="non-virtual">
        <type></type>
        <definition>ConfigString::~ConfigString</definition>
        <argsstring>()</argsstring>
        <name>~ConfigString</name>
        <briefdescription>
        </briefdescription>
        <detaileddescription>
        </detaileddescription>
        <inbodydescription>
        </inbodydescription>
        <location file="C:/Users/Mat/Projects/doxygraph/examples/doxygen-1.8.4/src/config.h" line="219" bodyfile="C:/Users/Mat/Projects/doxygraph/examples/doxygen-1.8.4/src/config.h" bodystart="218" bodyend="220"/>
      </memberdef>
      <memberdef kind="function" id="d1/dff/class_config_string_1a35abeb5e79ca5812affa17d5ff67f5ee" prot="public" static="no" const="no" explicit="no" inline="yes" virt="non-virtual">
        <type>void</type>
        <definition>void ConfigString::setWidgetType</definition>
        <argsstring>(WidgetType w)</argsstring>
        <name>setWidgetType</name>
        <param>
          <type>WidgetType</type>
          <declname>w</declname>
        </param>
        <briefdescription>
        </briefdescription>
        <detaileddescription>
        </detaileddescription>
        <inbodydescription>
        </inbodydescription>
        <location file="C:/Users/Mat/Projects/doxygraph/examples/doxygen-1.8.4/src/config.h" line="221" bodyfile="C:/Users/Mat/Projects/doxygraph/examples/doxygen-1.8.4/src/config.h" bodystart="221" bodyend="221"/>
      </memberdef>
      <memberdef kind="function" id="d1/dff/class_config_string_1a611a064b88440a10e0f63590430155ac" prot="public" static="no" const="yes" explicit="no" inline="yes" virt="non-virtual">
        <type>WidgetType</type>
        <definition>WidgetType ConfigString::widgetType</definition>
        <argsstring>() const </argsstring>
        <name>widgetType</name>
        <briefdescription>
        </briefdescription>
        <detaileddescription>
        </detaileddescription>
        <inbodydescription>
        </inbodydescription>
        <location file="C:/Users/Mat/Projects/doxygraph/examples/doxygen-1.8.4/src/config.h" line="222" bodyfile="C:/Users/Mat/Projects/doxygraph/examples/doxygen-1.8.4/src/config.h" bodystart="222" bodyend="222"/>
      </memberdef>
      <memberdef kind="function" id="d1/dff/class_config_string_1aabfc2165fcdafd51ec0668d3fe4f7b35" prot="public" static="no" const="no" explicit="no" inline="yes" virt="non-virtual">
        <type>void</type>
        <definition>void ConfigString::setDefaultValue</definition>
        <argsstring>(const char *v)</argsstring>
        <name>setDefaultValue</name>
        <param>
          <type>const char *</type>
          <declname>v</declname>
        </param>
        <briefdescription>
        </briefdescription>
        <detaileddescription>
        </detaileddescription>
        <inbodydescription>
        </inbodydescription>
        <location file="C:/Users/Mat/Projects/doxygraph/examples/doxygen-1.8.4/src/config.h" line="223" bodyfile="C:/Users/Mat/Projects/doxygraph/examples/doxygen-1.8.4/src/config.h" bodystart="223" bodyend="223"/>
      </memberdef>
      <memberdef kind="function" id="d1/dff/class_config_string_1ab3a24655083aa0ed8fb54bab4e060a68" prot="public" static="no" const="no" explicit="no" inline="yes" virt="non-virtual">
        <type>QCString *</type>
        <definition>QCString* ConfigString::valueRef</definition>
        <argsstring>()</argsstring>
        <name>valueRef</name>
        <briefdescription>
        </briefdescription>
        <detaileddescription>
        </detaileddescription>
        <inbodydescription>
        </inbodydescription>
        <location file="C:/Users/Mat/Projects/doxygraph/examples/doxygen-1.8.4/src/config.h" line="224" bodyfile="C:/Users/Mat/Projects/doxygraph/examples/doxygen-1.8.4/src/config.h" bodystart="224" bodyend="224"/>
      </memberdef>
      <memberdef kind="function" id="d1/dff/class_config_string_1a9ba817d1e46850c6000fe2dd6d03ff8e" prot="public" static="no" const="no" explicit="no" inline="yes" virt="virtual">
        <type>void</type>
        <definition>void ConfigString::writeTemplate</definition>
        <argsstring>(FTextStream &amp;t, bool sl, bool)</argsstring>
        <name>writeTemplate</name>
        <reimplements refid="d2/dd3/class_config_option_1a4af9c041d81cc919e5aae2210087bc38">writeTemplate</reimplements>
        <param>
          <type><ref refid="dc/d3c/class_f_text_stream" kindref="compound">FTextStream</ref> &amp;</type>
          <declname>t</declname>
        </param>
        <param>
          <type>bool</type>
          <declname>sl</declname>
        </param>
        <param>
          <type>bool</type>
        </param>
        <briefdescription>
        </briefdescription>
        <detaileddescription>
        </detaileddescription>
        <inbodydescription>
        </inbodydescription>
        <location file="C:/Users/Mat/Projects/doxygraph/examples/doxygen-1.8.4/src/config.h" line="226" bodyfile="C:/Users/Mat/Projects/doxygraph/examples/doxygen-1.8.4/src/config.h" bodystart="225" bodyend="240"/>
      </memberdef>
      <memberdef kind="function" id="d1/dff/class_config_string_1a39a8a773cf8ef1c5b31fa1e02b49cb32" prot="public" static="no" const="no" explicit="no" inline="no" virt="virtual">
        <type>void</type>
        <definition>void ConfigString::substEnvVars</definition>
        <argsstring>()</argsstring>
        <name>substEnvVars</name>
        <reimplements refid="d2/dd3/class_config_option_1aeb6ac539f2fe79e07f2baefd5c4d89c1">substEnvVars</reimplements>
        <briefdescription>
        </briefdescription>
        <detaileddescription>
        </detaileddescription>
        <inbodydescription>
        </inbodydescription>
        <location file="C:/Users/Mat/Projects/doxygraph/examples/doxygen-1.8.4/src/config.h" line="241"/>
      </memberdef>
      <memberdef kind="function" id="d1/dff/class_config_string_1a2153b558bb69bdcca22d5c20754e476c" prot="public" static="no" const="no" explicit="no" inline="no" virt="virtual">
        <type>void</type>
        <definition>void ConfigString::writeXML</definition>
        <argsstring>(FTextStream &amp;)</argsstring>
        <name>writeXML</name>
        <reimplements refid="d2/dd3/class_config_option_1a20d0443904feac374c4b7dbf08e5b5c2">writeXML</reimplements>
        <param>
          <type><ref refid="dc/d3c/class_f_text_stream" kindref="compound">FTextStream</ref> &amp;</type>
        </param>
        <briefdescription>
        </briefdescription>
        <detaileddescription>
        </detaileddescription>
        <inbodydescription>
        </inbodydescription>
        <location file="C:/Users/Mat/Projects/doxygraph/examples/doxygen-1.8.4/src/config.h" line="242"/>
      </memberdef>
      <memberdef kind="function" id="d1/dff/class_config_string_1ace07ea2ad1492f238771682286a7b79e" prot="public" static="no" const="no" explicit="no" inline="yes" virt="virtual">
        <type>void</type>
        <definition>void ConfigString::init</definition>
        <argsstring>()</argsstring>
        <name>init</name>
        <reimplements refid="d2/dd3/class_config_option_1a1dabfad39230674fc07f5f535392fd35">init</reimplements>
        <briefdescription>
        </briefdescription>
        <detaileddescription>
        </detaileddescription>
        <inbodydescription>
        </inbodydescription>
        <location file="C:/Users/Mat/Projects/doxygraph/examples/doxygen-1.8.4/src/config.h" line="243" bodyfile="C:/Users/Mat/Projects/doxygraph/examples/doxygen-1.8.4/src/config.h" bodystart="243" bodyend="243"/>
      </memberdef>
      </sectiondef>
    <briefdescription>
<para>Class representing a string type option. </para>    </briefdescription>
    <detaileddescription>
    </detaileddescription>
    <inheritancegraph>
      <node id="2745">
        <label>ConfigOption</label>
        <link refid="d2/dd3/class_config_option"/>
      </node>
      <node id="2744">
        <label>ConfigString</label>
        <link refid="d1/dff/class_config_string"/>
        <childnode refid="2745" relation="public-inheritance">
        </childnode>
      </node>
    </inheritancegraph>
    <collaborationgraph>
      <node id="2747">
        <label>ConfigOption</label>
        <link refid="d2/dd3/class_config_option"/>
      </node>
      <node id="2746">
        <label>ConfigString</label>
        <link refid="d1/dff/class_config_string"/>
        <childnode refid="2747" relation="public-inheritance">
        </childnode>
      </node>
    </collaborationgraph>
    <location file="C:/Users/Mat/Projects/doxygraph/examples/doxygen-1.8.4/src/config.h" line="208" bodyfile="C:/Users/Mat/Projects/doxygraph/examples/doxygen-1.8.4/src/config.h" bodystart="207" bodyend="249"/>
    <listofallmembers>
      <member refid="d2/dd3/class_config_option_1a290d4454155543728847a75ade256a32" prot="public" virt="non-virtual"><scope>ConfigString</scope><name>addDependency</name></member>
      <member refid="d2/dd3/class_config_option_1a3ce6753bba05ab1ee7e5eaaec6d8f1ac" prot="public" virt="non-virtual"><scope>ConfigString</scope><name>ConfigOption</name></member>
      <member refid="d1/dff/class_config_string_1af35e791e48a93c96bdba2df9ca848f28" prot="public" virt="non-virtual"><scope>ConfigString</scope><name>ConfigString</name></member>
      <member refid="d2/dd3/class_config_option_1af1d26523f37d742316ddc4c0f9add4fc" prot="protected" virt="virtual"><scope>ConfigString</scope><name>convertStrToVal</name></member>
      <member refid="d2/dd3/class_config_option_1a7eff0847fc30aa6cbc457009625d13d1" prot="protected" virt="non-virtual"><scope>ConfigString</scope><name>convertToComment</name></member>
      <member refid="d2/dd3/class_config_option_1acd3c60d9556e68951d43dc3422024cdb" prot="public" virt="non-virtual"><scope>ConfigString</scope><name>dependsOn</name></member>
      <member refid="d1/dff/class_config_string_1a6d65e61d6dcbd73f014d16ef4b7721d1a49f5b7433b27cfc3141075bb4501bcad" prot="public" virt="non-virtual"><scope>ConfigString</scope><name>Dir</name></member>
      <member refid="d2/dd3/class_config_option_1aca53064314cae27e5e650c780c10015c" prot="public" virt="non-virtual"><scope>ConfigString</scope><name>docs</name></member>
      <member refid="d1/dff/class_config_string_1a6d65e61d6dcbd73f014d16ef4b7721d1af6654c1bae7f98471bc56277441a6792" prot="public" virt="non-virtual"><scope>ConfigString</scope><name>File</name></member>
      <member refid="d1/dff/class_config_string_1ace07ea2ad1492f238771682286a7b79e" prot="public" virt="virtual"><scope>ConfigString</scope><name>init</name></member>
      <member refid="d2/dd3/class_config_option_1a9c75888abf6d37cfe9d00ac40ecc474d" prot="public" virt="non-virtual"><scope>ConfigString</scope><name>kind</name></member>
      <member refid="d1/dff/class_config_string_1ae12055fe874e925ee032d97b8b746247" prot="private" virt="non-virtual"><scope>ConfigString</scope><name>m_defValue</name></member>
      <member refid="d2/dd3/class_config_option_1a5146ef81dc662e3c5b2f1e9d1f3c600e" prot="protected" virt="non-virtual"><scope>ConfigString</scope><name>m_dependency</name></member>
      <member refid="d2/dd3/class_config_option_1a28fdea8e9fdf86e73faae697454c17ab" prot="protected" virt="non-virtual"><scope>ConfigString</scope><name>m_doc</name></member>
      <member refid="d2/dd3/class_config_option_1a4953007ad225b5996adf18275f59e922" prot="protected" virt="non-virtual"><scope>ConfigString</scope><name>m_encoding</name></member>
      <member refid="d2/dd3/class_config_option_1a64896a35334d6ab865f8038fb65024ac" prot="protected" virt="non-virtual"><scope>ConfigString</scope><name>m_kind</name></member>
      <member refid="d2/dd3/class_config_option_1a4f081d447f2443212d0d032da63b20d7" prot="protected" virt="non-virtual"><scope>ConfigString</scope><name>m_name</name></member>
      <member refid="d2/dd3/class_config_option_1aa3ef6fe13a480dad1404aee1bb0f2d11" prot="protected" virt="non-virtual"><scope>ConfigString</scope><name>m_spaces</name></member>
      <member refid="d2/dd3/class_config_option_1a5e54ead18c124c6c6c03ed3b678a7103" prot="protected" virt="non-virtual"><scope>ConfigString</scope><name>m_userComment</name></member>
      <member refid="d1/dff/class_config_string_1a041a1d375a16343fb90e23a2b71faed6" prot="private" virt="non-virtual"><scope>ConfigString</scope><name>m_value</name></member>
      <member refid="d1/dff/class_config_string_1a51a045dacc635387728409f78f6c8f63" prot="private" virt="non-virtual"><scope>ConfigString</scope><name>m_widgetType</name></member>
      <member refid="d2/dd3/class_config_option_1a843270e309a4227d54b459dca07f1c86aa40e4123355dbeb41dc6ca0c68c0d346" prot="public" virt="non-virtual"><scope>ConfigString</scope><name>MAX_OPTION_LENGTH</name></member>
      <member refid="d2/dd3/class_config_option_1a2f226c32b0c447c1fa628660f42859c4" prot="public" virt="non-virtual"><scope>ConfigString</scope><name>name</name></member>
      <member refid="d2/dd3/class_config_option_1ad60cb308cdf307e72796dc2fc2a40fdaa306962172c18f2b309fb729e66e32e81" prot="public" virt="non-virtual"><scope>ConfigString</scope><name>O_Bool</name></member>
      <member refid="d2/dd3/class_config_option_1ad60cb308cdf307e72796dc2fc2a40fdaa116df5f47c0442ad31ca0193cf540701" prot="public" virt="non-virtual"><scope>ConfigString</scope><name>O_Disabled</name></member>
      <member refid="d2/dd3/class_config_option_1ad60cb308cdf307e72796dc2fc2a40fdaa1ba2565ddffed94550a83a5b537e6a31" prot="public" virt="non-virtual"><scope>ConfigString</scope><name>O_Enum</name></member>
      <member refid="d2/dd3/class_config_option_1ad60cb308cdf307e72796dc2fc2a40fdaade872bcb27f40e3380fb20be7cea9e57" prot="public" virt="non-virtual"><scope>ConfigString</scope><name>O_Info</name></member>
      <member refid="d2/dd3/class_config_option_1ad60cb308cdf307e72796dc2fc2a40fdaac029c8062b88308de12914e88e12dcd8" prot="public" virt="non-virtual"><scope>ConfigString</scope><name>O_Int</name></member>
      <member refid="d2/dd3/class_config_option_1ad60cb308cdf307e72796dc2fc2a40fdaa18c0785bb1948fb57402ee80324ef1a7" prot="public" virt="non-virtual"><scope>ConfigString</scope><name>O_List</name></member>
      <member refid="d2/dd3/class_config_option_1ad60cb308cdf307e72796dc2fc2a40fdaab60c019594029c214e601ec24988d6ac" prot="public" virt="non-virtual"><scope>ConfigString</scope><name>O_Obsolete</name></member>
      <member refid="d2/dd3/class_config_option_1ad60cb308cdf307e72796dc2fc2a40fdaa3aa84b958a247d79889f28f4244a7d7f" prot="public" virt="non-virtual"><scope>ConfigString</scope><name>O_String</name></member>
      <member refid="d2/dd3/class_config_option_1ad60cb308cdf307e72796dc2fc2a40fda" prot="public" virt="non-virtual"><scope>ConfigString</scope><name>OptionType</name></member>
      <member refid="d1/dff/class_config_string_1aabfc2165fcdafd51ec0668d3fe4f7b35" prot="public" virt="non-virtual"><scope>ConfigString</scope><name>setDefaultValue</name></member>
      <member refid="d2/dd3/class_config_option_1a0ac357ec83d2014603c8d70a00c27a33" prot="public" virt="non-virtual"><scope>ConfigString</scope><name>setEncoding</name></member>
      <member refid="d2/dd3/class_config_option_1a5baa3fb6c4fb6ec667eb91172f3f398a" prot="public" virt="non-virtual"><scope>ConfigString</scope><name>setUserComment</name></member>
      <member refid="d1/dff/class_config_string_1a35abeb5e79ca5812affa17d5ff67f5ee" prot="public" virt="non-virtual"><scope>ConfigString</scope><name>setWidgetType</name></member>
      <member refid="d1/dff/class_config_string_1a6d65e61d6dcbd73f014d16ef4b7721d1a11c4b738a4bf25daac178bdcafb7ee1d" prot="public" virt="non-virtual"><scope>ConfigString</scope><name>String</name></member>
      <member refid="d1/dff/class_config_string_1a39a8a773cf8ef1c5b31fa1e02b49cb32" prot="public" virt="virtual"><scope>ConfigString</scope><name>substEnvVars</name></member>
      <member refid="d1/dff/class_config_string_1ab3a24655083aa0ed8fb54bab4e060a68" prot="public" virt="non-virtual"><scope>ConfigString</scope><name>valueRef</name></member>
      <member refid="d1/dff/class_config_string_1a611a064b88440a10e0f63590430155ac" prot="public" virt="non-virtual"><scope>ConfigString</scope><name>widgetType</name></member>
      <member refid="d1/dff/class_config_string_1a6d65e61d6dcbd73f014d16ef4b7721d1" prot="public" virt="non-virtual"><scope>ConfigString</scope><name>WidgetType</name></member>
      <member refid="d2/dd3/class_config_option_1a0762b14d6706667da888cd9c56c6f1e7" prot="protected" virt="non-virtual"><scope>ConfigString</scope><name>writeBoolValue</name></member>
      <member refid="d2/dd3/class_config_option_1a759c9a9621a46b28dcedd5c22a0e271f" prot="protected" virt="non-virtual"><scope>ConfigString</scope><name>writeIntValue</name></member>
      <member refid="d2/dd3/class_config_option_1abd1fe2acb02bd19ed4ec67b6a60ce446" prot="protected" virt="non-virtual"><scope>ConfigString</scope><name>writeStringList</name></member>
      <member refid="d2/dd3/class_config_option_1a6e36e0022317d91fd50398119420ad02" prot="protected" virt="non-virtual"><scope>ConfigString</scope><name>writeStringValue</name></member>
      <member refid="d1/dff/class_config_string_1a9ba817d1e46850c6000fe2dd6d03ff8e" prot="public" virt="virtual"><scope>ConfigString</scope><name>writeTemplate</name></member>
      <member refid="d1/dff/class_config_string_1a2153b558bb69bdcca22d5c20754e476c" prot="public" virt="virtual"><scope>ConfigString</scope><name>writeXML</name></member>
      <member refid="d2/dd3/class_config_option_1ae9ef259a262e4422ade948313b6dd74a" prot="public" virt="virtual"><scope>ConfigString</scope><name>~ConfigOption</name></member>
      <member refid="d1/dff/class_config_string_1a562abfad9e8a9f7ecb1bcdac06150390" prot="public" virt="non-virtual"><scope>ConfigString</scope><name>~ConfigString</name></member>
    </listofallmembers>
  </compounddef>
</doxygen>
