<?xml version='1.0' encoding='UTF-8' standalone='no'?>
<doxygen xmlns:xsi="http://www.w3.org/2001/XMLSchema-instance" xsi:noNamespaceSchemaLocation="compound.xsd" version="1.8.2">
  <compounddef id="d3/ddf/class_definition_impl" kind="class" prot="public">
    <compoundname>DefinitionImpl</compoundname>
      <sectiondef kind="public-attrib">
      <memberdef kind="variable" id="d3/ddf/class_definition_impl_1a34e4463846d5f873f07509ae80e38724" prot="public" static="no" mutable="no">
        <type><ref refid="de/d9a/class_section_dict" kindref="compound">SectionDict</ref> *</type>
        <definition>SectionDict* DefinitionImpl::sectionDict</definition>
        <argsstring></argsstring>
        <name>sectionDict</name>
        <briefdescription>
        </briefdescription>
        <detaileddescription>
        </detaileddescription>
        <inbodydescription>
        </inbodydescription>
        <location file="C:/Users/Mat/Projects/doxygraph/examples/doxygen-1.8.4/src/definition.cpp" line="59" bodyfile="C:/Users/Mat/Projects/doxygraph/examples/doxygen-1.8.4/src/definition.cpp" bodystart="59" bodyend="-1"/>
      </memberdef>
      <memberdef kind="variable" id="d3/ddf/class_definition_impl_1a854eb82c0fc4b42d42892b42ce924e39" prot="public" static="no" mutable="no">
        <type><ref refid="d6/dd6/class_member_s_dict" kindref="compound">MemberSDict</ref> *</type>
        <definition>MemberSDict* DefinitionImpl::sourceRefByDict</definition>
        <argsstring></argsstring>
        <name>sourceRefByDict</name>
        <briefdescription>
        </briefdescription>
        <detaileddescription>
        </detaileddescription>
        <inbodydescription>
        </inbodydescription>
        <location file="C:/Users/Mat/Projects/doxygraph/examples/doxygen-1.8.4/src/definition.cpp" line="61" bodyfile="C:/Users/Mat/Projects/doxygraph/examples/doxygen-1.8.4/src/definition.cpp" bodystart="61" bodyend="-1"/>
      </memberdef>
      <memberdef kind="variable" id="d3/ddf/class_definition_impl_1af37154064cce9133525a1b3badb4a11d" prot="public" static="no" mutable="no">
        <type><ref refid="d6/dd6/class_member_s_dict" kindref="compound">MemberSDict</ref> *</type>
        <definition>MemberSDict* DefinitionImpl::sourceRefsDict</definition>
        <argsstring></argsstring>
        <name>sourceRefsDict</name>
        <briefdescription>
        </briefdescription>
        <detaileddescription>
        </detaileddescription>
        <inbodydescription>
        </inbodydescription>
        <location file="C:/Users/Mat/Projects/doxygraph/examples/doxygen-1.8.4/src/definition.cpp" line="62" bodyfile="C:/Users/Mat/Projects/doxygraph/examples/doxygen-1.8.4/src/definition.cpp" bodystart="62" bodyend="-1"/>
      </memberdef>
      <memberdef kind="variable" id="d3/ddf/class_definition_impl_1a17e3c2a8898eb19fd5c2f044876de607" prot="public" static="no" mutable="no">
        <type><ref refid="db/daa/class_q_list" kindref="compound">QList</ref>&lt; <ref refid="d8/dd5/struct_list_item_info" kindref="compound">ListItemInfo</ref> &gt; *</type>
        <definition>QList&lt;ListItemInfo&gt;* DefinitionImpl::xrefListItems</definition>
        <argsstring></argsstring>
        <name>xrefListItems</name>
        <briefdescription>
        </briefdescription>
        <detaileddescription>
        </detaileddescription>
        <inbodydescription>
        </inbodydescription>
        <location file="C:/Users/Mat/Projects/doxygraph/examples/doxygen-1.8.4/src/definition.cpp" line="63" bodyfile="C:/Users/Mat/Projects/doxygraph/examples/doxygen-1.8.4/src/definition.cpp" bodystart="63" bodyend="-1"/>
      </memberdef>
      <memberdef kind="variable" id="d3/ddf/class_definition_impl_1aab2bc75a96ff757092b3e6bc3f5ef9ac" prot="public" static="no" mutable="no">
        <type><ref refid="d3/d3b/class_group_list" kindref="compound">GroupList</ref> *</type>
        <definition>GroupList* DefinitionImpl::partOfGroups</definition>
        <argsstring></argsstring>
        <name>partOfGroups</name>
        <briefdescription>
        </briefdescription>
        <detaileddescription>
        </detaileddescription>
        <inbodydescription>
        </inbodydescription>
        <location file="C:/Users/Mat/Projects/doxygraph/examples/doxygen-1.8.4/src/definition.cpp" line="64" bodyfile="C:/Users/Mat/Projects/doxygraph/examples/doxygen-1.8.4/src/definition.cpp" bodystart="64" bodyend="-1"/>
      </memberdef>
      <memberdef kind="variable" id="d3/ddf/class_definition_impl_1ab2d8326c89339ab1a656626763053c97" prot="public" static="no" mutable="no">
        <type><ref refid="d7/dd5/struct_doc_info" kindref="compound">DocInfo</ref> *</type>
        <definition>DocInfo* DefinitionImpl::details</definition>
        <argsstring></argsstring>
        <name>details</name>
        <briefdescription>
        </briefdescription>
        <detaileddescription>
        </detaileddescription>
        <inbodydescription>
        </inbodydescription>
        <location file="C:/Users/Mat/Projects/doxygraph/examples/doxygen-1.8.4/src/definition.cpp" line="66" bodyfile="C:/Users/Mat/Projects/doxygraph/examples/doxygen-1.8.4/src/definition.cpp" bodystart="66" bodyend="-1"/>
      </memberdef>
      <memberdef kind="variable" id="d3/ddf/class_definition_impl_1aa385084930d80331a6502c35ffacbe02" prot="public" static="no" mutable="no">
        <type><ref refid="d7/dd5/struct_doc_info" kindref="compound">DocInfo</ref> *</type>
        <definition>DocInfo* DefinitionImpl::inbodyDocs</definition>
        <argsstring></argsstring>
        <name>inbodyDocs</name>
        <briefdescription>
        </briefdescription>
        <detaileddescription>
        </detaileddescription>
        <inbodydescription>
        </inbodydescription>
        <location file="C:/Users/Mat/Projects/doxygraph/examples/doxygen-1.8.4/src/definition.cpp" line="67" bodyfile="C:/Users/Mat/Projects/doxygraph/examples/doxygen-1.8.4/src/definition.cpp" bodystart="67" bodyend="-1"/>
      </memberdef>
      <memberdef kind="variable" id="d3/ddf/class_definition_impl_1abf7d7378fb40c8bc74ca94dce41cb8cd" prot="public" static="no" mutable="no">
        <type><ref refid="d0/da7/struct_brief_info" kindref="compound">BriefInfo</ref> *</type>
        <definition>BriefInfo* DefinitionImpl::brief</definition>
        <argsstring></argsstring>
        <name>brief</name>
        <briefdescription>
        </briefdescription>
        <detaileddescription>
        </detaileddescription>
        <inbodydescription>
        </inbodydescription>
        <location file="C:/Users/Mat/Projects/doxygraph/examples/doxygen-1.8.4/src/definition.cpp" line="68" bodyfile="C:/Users/Mat/Projects/doxygraph/examples/doxygen-1.8.4/src/definition.cpp" bodystart="68" bodyend="-1"/>
      </memberdef>
      <memberdef kind="variable" id="d3/ddf/class_definition_impl_1abf326140fdf738a7b427cb9a1f447e43" prot="public" static="no" mutable="no">
        <type><ref refid="db/dab/struct_body_info" kindref="compound">BodyInfo</ref> *</type>
        <definition>BodyInfo* DefinitionImpl::body</definition>
        <argsstring></argsstring>
        <name>body</name>
        <briefdescription>
        </briefdescription>
        <detaileddescription>
        </detaileddescription>
        <inbodydescription>
        </inbodydescription>
        <location file="C:/Users/Mat/Projects/doxygraph/examples/doxygen-1.8.4/src/definition.cpp" line="69" bodyfile="C:/Users/Mat/Projects/doxygraph/examples/doxygen-1.8.4/src/definition.cpp" bodystart="69" bodyend="-1"/>
      </memberdef>
      <memberdef kind="variable" id="d3/ddf/class_definition_impl_1a6c3f06715a0145760eaea8ee4a966abb" prot="public" static="no" mutable="no">
        <type>QCString</type>
        <definition>QCString DefinitionImpl::docSignatures</definition>
        <argsstring></argsstring>
        <name>docSignatures</name>
        <briefdescription>
        </briefdescription>
        <detaileddescription>
        </detaileddescription>
        <inbodydescription>
        </inbodydescription>
        <location file="C:/Users/Mat/Projects/doxygraph/examples/doxygen-1.8.4/src/definition.cpp" line="70" bodyfile="C:/Users/Mat/Projects/doxygraph/examples/doxygen-1.8.4/src/definition.cpp" bodystart="70" bodyend="-1"/>
      </memberdef>
      <memberdef kind="variable" id="d3/ddf/class_definition_impl_1a816cc358ff8b86218b801a95085dd347" prot="public" static="no" mutable="no">
        <type>QCString</type>
        <definition>QCString DefinitionImpl::localName</definition>
        <argsstring></argsstring>
        <name>localName</name>
        <briefdescription>
        </briefdescription>
        <detaileddescription>
        </detaileddescription>
        <inbodydescription>
        </inbodydescription>
        <location file="C:/Users/Mat/Projects/doxygraph/examples/doxygen-1.8.4/src/definition.cpp" line="72" bodyfile="C:/Users/Mat/Projects/doxygraph/examples/doxygen-1.8.4/src/definition.cpp" bodystart="72" bodyend="-1"/>
      </memberdef>
      <memberdef kind="variable" id="d3/ddf/class_definition_impl_1a06ff1b32fcaa04543ff4a12b4a82e1d7" prot="public" static="no" mutable="no">
        <type>QCString</type>
        <definition>QCString DefinitionImpl::qualifiedName</definition>
        <argsstring></argsstring>
        <name>qualifiedName</name>
        <briefdescription>
        </briefdescription>
        <detaileddescription>
        </detaileddescription>
        <inbodydescription>
        </inbodydescription>
        <location file="C:/Users/Mat/Projects/doxygraph/examples/doxygen-1.8.4/src/definition.cpp" line="74" bodyfile="C:/Users/Mat/Projects/doxygraph/examples/doxygen-1.8.4/src/definition.cpp" bodystart="74" bodyend="-1"/>
      </memberdef>
      <memberdef kind="variable" id="d3/ddf/class_definition_impl_1a6df3b3b100e090a1f4c20e285f3aba36" prot="public" static="no" mutable="no">
        <type>QCString</type>
        <definition>QCString DefinitionImpl::ref</definition>
        <argsstring></argsstring>
        <name>ref</name>
        <briefdescription>
        </briefdescription>
        <detaileddescription>
        </detaileddescription>
        <inbodydescription>
        </inbodydescription>
        <location file="C:/Users/Mat/Projects/doxygraph/examples/doxygen-1.8.4/src/definition.cpp" line="75" bodyfile="C:/Users/Mat/Projects/doxygraph/examples/doxygen-1.8.4/src/definition.cpp" bodystart="75" bodyend="-1"/>
      </memberdef>
      <memberdef kind="variable" id="d3/ddf/class_definition_impl_1a2d6b6c8d5806528cb153cb67f1269506" prot="public" static="no" mutable="no">
        <type>bool</type>
        <definition>bool DefinitionImpl::hidden</definition>
        <argsstring></argsstring>
        <name>hidden</name>
        <briefdescription>
        </briefdescription>
        <detaileddescription>
        </detaileddescription>
        <inbodydescription>
        </inbodydescription>
        <location file="C:/Users/Mat/Projects/doxygraph/examples/doxygen-1.8.4/src/definition.cpp" line="77" bodyfile="C:/Users/Mat/Projects/doxygraph/examples/doxygen-1.8.4/src/definition.cpp" bodystart="77" bodyend="-1"/>
      </memberdef>
      <memberdef kind="variable" id="d3/ddf/class_definition_impl_1a0c76a16fad3e8893a9f9b4f246de37a5" prot="public" static="no" mutable="no">
        <type>bool</type>
        <definition>bool DefinitionImpl::isArtificial</definition>
        <argsstring></argsstring>
        <name>isArtificial</name>
        <briefdescription>
        </briefdescription>
        <detaileddescription>
        </detaileddescription>
        <inbodydescription>
        </inbodydescription>
        <location file="C:/Users/Mat/Projects/doxygraph/examples/doxygen-1.8.4/src/definition.cpp" line="78" bodyfile="C:/Users/Mat/Projects/doxygraph/examples/doxygen-1.8.4/src/definition.cpp" bodystart="78" bodyend="-1"/>
      </memberdef>
      <memberdef kind="variable" id="d3/ddf/class_definition_impl_1a26dc7cbdcc13447609bb7426c510196e" prot="public" static="no" mutable="no">
        <type><ref refid="d5/dcc/class_definition" kindref="compound">Definition</ref> *</type>
        <definition>Definition* DefinitionImpl::outerScope</definition>
        <argsstring></argsstring>
        <name>outerScope</name>
        <briefdescription>
        </briefdescription>
        <detaileddescription>
        </detaileddescription>
        <inbodydescription>
        </inbodydescription>
        <location file="C:/Users/Mat/Projects/doxygraph/examples/doxygen-1.8.4/src/definition.cpp" line="80" bodyfile="C:/Users/Mat/Projects/doxygraph/examples/doxygen-1.8.4/src/definition.cpp" bodystart="80" bodyend="-1"/>
      </memberdef>
      <memberdef kind="variable" id="d3/ddf/class_definition_impl_1a02626039188bf2cd1c5c819ecaecbaa3" prot="public" static="no" mutable="no">
        <type>QCString</type>
        <definition>QCString DefinitionImpl::defFileName</definition>
        <argsstring></argsstring>
        <name>defFileName</name>
        <briefdescription>
        </briefdescription>
        <detaileddescription>
        </detaileddescription>
        <inbodydescription>
        </inbodydescription>
        <location file="C:/Users/Mat/Projects/doxygraph/examples/doxygen-1.8.4/src/definition.cpp" line="83" bodyfile="C:/Users/Mat/Projects/doxygraph/examples/doxygen-1.8.4/src/definition.cpp" bodystart="83" bodyend="-1"/>
      </memberdef>
      <memberdef kind="variable" id="d3/ddf/class_definition_impl_1aed23b4fc26fa26c448376c619212f2cd" prot="public" static="no" mutable="no">
        <type>QCString</type>
        <definition>QCString DefinitionImpl::defFileExt</definition>
        <argsstring></argsstring>
        <name>defFileExt</name>
        <briefdescription>
        </briefdescription>
        <detaileddescription>
        </detaileddescription>
        <inbodydescription>
        </inbodydescription>
        <location file="C:/Users/Mat/Projects/doxygraph/examples/doxygen-1.8.4/src/definition.cpp" line="84" bodyfile="C:/Users/Mat/Projects/doxygraph/examples/doxygen-1.8.4/src/definition.cpp" bodystart="84" bodyend="-1"/>
      </memberdef>
      <memberdef kind="variable" id="d3/ddf/class_definition_impl_1ac74847e0bf4b0b2e7ed26d37d28fb031" prot="public" static="no" mutable="no">
        <type><ref refid="d9/d49/types_8h_1a9974623ce72fc23df5d64426b9178bf2" kindref="member">SrcLangExt</ref></type>
        <definition>SrcLangExt DefinitionImpl::lang</definition>
        <argsstring></argsstring>
        <name>lang</name>
        <briefdescription>
        </briefdescription>
        <detaileddescription>
        </detaileddescription>
        <inbodydescription>
        </inbodydescription>
        <location file="C:/Users/Mat/Projects/doxygraph/examples/doxygen-1.8.4/src/definition.cpp" line="86" bodyfile="C:/Users/Mat/Projects/doxygraph/examples/doxygen-1.8.4/src/definition.cpp" bodystart="86" bodyend="-1"/>
      </memberdef>
      <memberdef kind="variable" id="d3/ddf/class_definition_impl_1aab2e82412422fb9453c2dcc9f68de942" prot="public" static="no" mutable="no">
        <type>QCString</type>
        <definition>QCString DefinitionImpl::id</definition>
        <argsstring></argsstring>
        <name>id</name>
        <briefdescription>
        </briefdescription>
        <detaileddescription>
        </detaileddescription>
        <inbodydescription>
        </inbodydescription>
        <location file="C:/Users/Mat/Projects/doxygraph/examples/doxygen-1.8.4/src/definition.cpp" line="88" bodyfile="C:/Users/Mat/Projects/doxygraph/examples/doxygen-1.8.4/src/definition.cpp" bodystart="88" bodyend="-1"/>
      </memberdef>
      </sectiondef>
      <sectiondef kind="public-func">
      <memberdef kind="function" id="d3/ddf/class_definition_impl_1ad20015f809e04f727178f024f66e9c9f" prot="public" static="no" const="no" explicit="no" inline="no" virt="non-virtual">
        <type></type>
        <definition>DefinitionImpl::DefinitionImpl</definition>
        <argsstring>()</argsstring>
        <name>DefinitionImpl</name>
        <briefdescription>
        </briefdescription>
        <detaileddescription>
        </detaileddescription>
        <inbodydescription>
        </inbodydescription>
        <location file="C:/Users/Mat/Projects/doxygraph/examples/doxygen-1.8.4/src/definition.cpp" line="55" bodyfile="C:/Users/Mat/Projects/doxygraph/examples/doxygen-1.8.4/src/definition.cpp" bodystart="91" bodyend="97"/>
      </memberdef>
      <memberdef kind="function" id="d3/ddf/class_definition_impl_1aa7e7868bd00eb4970333fc6da39aae39" prot="public" static="no" const="no" explicit="no" inline="no" virt="non-virtual">
        <type></type>
        <definition>DefinitionImpl::~DefinitionImpl</definition>
        <argsstring>()</argsstring>
        <name>~DefinitionImpl</name>
        <briefdescription>
        </briefdescription>
        <detaileddescription>
        </detaileddescription>
        <inbodydescription>
        </inbodydescription>
        <location file="C:/Users/Mat/Projects/doxygraph/examples/doxygen-1.8.4/src/definition.cpp" line="56" bodyfile="C:/Users/Mat/Projects/doxygraph/examples/doxygen-1.8.4/src/definition.cpp" bodystart="99" bodyend="110"/>
      </memberdef>
      <memberdef kind="function" id="d3/ddf/class_definition_impl_1a85ef125ece3adbf81088aed11b23a695" prot="public" static="no" const="no" explicit="no" inline="no" virt="non-virtual">
        <type>void</type>
        <definition>void DefinitionImpl::init</definition>
        <argsstring>(const char *df, const char *n)</argsstring>
        <name>init</name>
        <param>
          <type>const char *</type>
          <declname>df</declname>
        </param>
        <param>
          <type>const char *</type>
          <declname>n</declname>
        </param>
        <briefdescription>
        </briefdescription>
        <detaileddescription>
        </detaileddescription>
        <inbodydescription>
        </inbodydescription>
        <location file="C:/Users/Mat/Projects/doxygraph/examples/doxygen-1.8.4/src/definition.cpp" line="57" bodyfile="C:/Users/Mat/Projects/doxygraph/examples/doxygen-1.8.4/src/definition.cpp" bodystart="112" bodyend="145"/>
      </memberdef>
      </sectiondef>
    <briefdescription>
<para>Private data associated with a Symbol <ref refid="d5/dcc/class_definition" kindref="compound">Definition</ref> object. </para>    </briefdescription>
    <detaileddescription>
    </detaileddescription>
    <collaborationgraph>
      <node id="2790">
        <label>SectionDict</label>
        <link refid="de/d9a/class_section_dict"/>
        <childnode refid="2791" relation="public-inheritance">
        </childnode>
      </node>
      <node id="2800">
        <label>QList&lt; GroupDef &gt;</label>
        <link refid="db/daa/class_q_list"/>
      </node>
      <node id="2792">
        <label>SDict&lt; T &gt;</label>
        <link refid="d1/d50/class_s_dict"/>
      </node>
      <node id="2801">
        <label>DocInfo</label>
        <link refid="d7/dd5/struct_doc_info"/>
      </node>
      <node id="2795">
        <label>Definition</label>
        <link refid="d5/dcc/class_definition"/>
        <childnode refid="2796" relation="public-inheritance">
        </childnode>
      </node>
      <node id="2791">
        <label>SDict&lt; SectionInfo &gt;</label>
        <link refid="d1/d50/class_s_dict"/>
        <childnode refid="2792" relation="template-instance">
          <edgelabel>&lt; SectionInfo &gt;</edgelabel>
        </childnode>
      </node>
      <node id="2797">
        <label>MemberSDict</label>
        <link refid="d6/dd6/class_member_s_dict"/>
        <childnode refid="2798" relation="public-inheritance">
        </childnode>
      </node>
      <node id="2789">
        <label>DefinitionImpl</label>
        <childnode refid="2790" relation="usage">
          <edgelabel>sectionDict</edgelabel>
        </childnode>
        <childnode refid="2793" relation="usage">
          <edgelabel>body</edgelabel>
        </childnode>
        <childnode refid="2797" relation="usage">
          <edgelabel>sourceRefsDict</edgelabel>
          <edgelabel>sourceRefByDict</edgelabel>
        </childnode>
        <childnode refid="2799" relation="usage">
          <edgelabel>partOfGroups</edgelabel>
        </childnode>
        <childnode refid="2801" relation="usage">
          <edgelabel>inbodyDocs</edgelabel>
          <edgelabel>details</edgelabel>
        </childnode>
        <childnode refid="2802" relation="usage">
          <edgelabel>brief</edgelabel>
        </childnode>
        <childnode refid="2795" relation="usage">
          <edgelabel>outerScope</edgelabel>
        </childnode>
      </node>
      <node id="2798">
        <label>SDict&lt; MemberDef &gt;</label>
        <link refid="d1/d50/class_s_dict"/>
        <childnode refid="2792" relation="template-instance">
          <edgelabel>&lt; MemberDef &gt;</edgelabel>
        </childnode>
      </node>
      <node id="2802">
        <label>BriefInfo</label>
        <link refid="d0/da7/struct_brief_info"/>
      </node>
      <node id="2794">
        <label>FileDef</label>
        <link refid="de/db0/class_file_def"/>
        <childnode refid="2795" relation="public-inheritance">
        </childnode>
      </node>
      <node id="2793">
        <label>BodyInfo</label>
        <link refid="db/dab/struct_body_info"/>
        <childnode refid="2794" relation="usage">
          <edgelabel>fileDef</edgelabel>
        </childnode>
      </node>
      <node id="2796">
        <label>DefinitionIntf</label>
        <link refid="d9/d4a/class_definition_intf"/>
      </node>
      <node id="2799">
        <label>GroupList</label>
        <link refid="d3/d3b/class_group_list"/>
        <childnode refid="2800" relation="public-inheritance">
        </childnode>
      </node>
    </collaborationgraph>
    <location file="C:/Users/Mat/Projects/doxygraph/examples/doxygen-1.8.4/src/definition.cpp" line="53" bodyfile="C:/Users/Mat/Projects/doxygraph/examples/doxygen-1.8.4/src/definition.cpp" bodystart="52" bodyend="89"/>
    <listofallmembers>
      <member refid="d3/ddf/class_definition_impl_1abf326140fdf738a7b427cb9a1f447e43" prot="public" virt="non-virtual"><scope>DefinitionImpl</scope><name>body</name></member>
      <member refid="d3/ddf/class_definition_impl_1abf7d7378fb40c8bc74ca94dce41cb8cd" prot="public" virt="non-virtual"><scope>DefinitionImpl</scope><name>brief</name></member>
      <member refid="d3/ddf/class_definition_impl_1aed23b4fc26fa26c448376c619212f2cd" prot="public" virt="non-virtual"><scope>DefinitionImpl</scope><name>defFileExt</name></member>
      <member refid="d3/ddf/class_definition_impl_1a02626039188bf2cd1c5c819ecaecbaa3" prot="public" virt="non-virtual"><scope>DefinitionImpl</scope><name>defFileName</name></member>
      <member refid="d3/ddf/class_definition_impl_1ad20015f809e04f727178f024f66e9c9f" prot="public" virt="non-virtual"><scope>DefinitionImpl</scope><name>DefinitionImpl</name></member>
      <member refid="d3/ddf/class_definition_impl_1ab2d8326c89339ab1a656626763053c97" prot="public" virt="non-virtual"><scope>DefinitionImpl</scope><name>details</name></member>
      <member refid="d3/ddf/class_definition_impl_1a6c3f06715a0145760eaea8ee4a966abb" prot="public" virt="non-virtual"><scope>DefinitionImpl</scope><name>docSignatures</name></member>
      <member refid="d3/ddf/class_definition_impl_1a2d6b6c8d5806528cb153cb67f1269506" prot="public" virt="non-virtual"><scope>DefinitionImpl</scope><name>hidden</name></member>
      <member refid="d3/ddf/class_definition_impl_1aab2e82412422fb9453c2dcc9f68de942" prot="public" virt="non-virtual"><scope>DefinitionImpl</scope><name>id</name></member>
      <member refid="d3/ddf/class_definition_impl_1aa385084930d80331a6502c35ffacbe02" prot="public" virt="non-virtual"><scope>DefinitionImpl</scope><name>inbodyDocs</name></member>
      <member refid="d3/ddf/class_definition_impl_1a85ef125ece3adbf81088aed11b23a695" prot="public" virt="non-virtual"><scope>DefinitionImpl</scope><name>init</name></member>
      <member refid="d3/ddf/class_definition_impl_1a0c76a16fad3e8893a9f9b4f246de37a5" prot="public" virt="non-virtual"><scope>DefinitionImpl</scope><name>isArtificial</name></member>
      <member refid="d3/ddf/class_definition_impl_1ac74847e0bf4b0b2e7ed26d37d28fb031" prot="public" virt="non-virtual"><scope>DefinitionImpl</scope><name>lang</name></member>
      <member refid="d3/ddf/class_definition_impl_1a816cc358ff8b86218b801a95085dd347" prot="public" virt="non-virtual"><scope>DefinitionImpl</scope><name>localName</name></member>
      <member refid="d3/ddf/class_definition_impl_1a26dc7cbdcc13447609bb7426c510196e" prot="public" virt="non-virtual"><scope>DefinitionImpl</scope><name>outerScope</name></member>
      <member refid="d3/ddf/class_definition_impl_1aab2bc75a96ff757092b3e6bc3f5ef9ac" prot="public" virt="non-virtual"><scope>DefinitionImpl</scope><name>partOfGroups</name></member>
      <member refid="d3/ddf/class_definition_impl_1a06ff1b32fcaa04543ff4a12b4a82e1d7" prot="public" virt="non-virtual"><scope>DefinitionImpl</scope><name>qualifiedName</name></member>
      <member refid="d3/ddf/class_definition_impl_1a6df3b3b100e090a1f4c20e285f3aba36" prot="public" virt="non-virtual"><scope>DefinitionImpl</scope><name>ref</name></member>
      <member refid="d3/ddf/class_definition_impl_1a34e4463846d5f873f07509ae80e38724" prot="public" virt="non-virtual"><scope>DefinitionImpl</scope><name>sectionDict</name></member>
      <member refid="d3/ddf/class_definition_impl_1a854eb82c0fc4b42d42892b42ce924e39" prot="public" virt="non-virtual"><scope>DefinitionImpl</scope><name>sourceRefByDict</name></member>
      <member refid="d3/ddf/class_definition_impl_1af37154064cce9133525a1b3badb4a11d" prot="public" virt="non-virtual"><scope>DefinitionImpl</scope><name>sourceRefsDict</name></member>
      <member refid="d3/ddf/class_definition_impl_1a17e3c2a8898eb19fd5c2f044876de607" prot="public" virt="non-virtual"><scope>DefinitionImpl</scope><name>xrefListItems</name></member>
      <member refid="d3/ddf/class_definition_impl_1aa7e7868bd00eb4970333fc6da39aae39" prot="public" virt="non-virtual"><scope>DefinitionImpl</scope><name>~DefinitionImpl</name></member>
    </listofallmembers>
  </compounddef>
</doxygen>
