<?xml version='1.0' encoding='UTF-8' standalone='no'?>
<doxygen xmlns:xsi="http://www.w3.org/2001/XMLSchema-instance" xsi:noNamespaceSchemaLocation="compound.xsd" version="1.8.2">
  <compounddef id="de/d3e/class_alpha_index_table_cell" kind="class" prot="public">
    <compoundname>AlphaIndexTableCell</compoundname>
      <sectiondef kind="private-attrib">
      <memberdef kind="variable" id="de/d3e/class_alpha_index_table_cell_1abef77fd44ff206af1b4ef947f9488240" prot="private" static="no" mutable="no">
        <type>uchar</type>
        <definition>uchar AlphaIndexTableCell::m_letter</definition>
        <argsstring></argsstring>
        <name>m_letter</name>
        <briefdescription>
        </briefdescription>
        <detaileddescription>
        </detaileddescription>
        <inbodydescription>
        </inbodydescription>
        <location file="C:/Users/Mat/Projects/doxygraph/examples/doxygen-1.8.4/src/index.cpp" line="1745" bodyfile="C:/Users/Mat/Projects/doxygraph/examples/doxygen-1.8.4/src/index.cpp" bodystart="1745" bodyend="-1"/>
      </memberdef>
      <memberdef kind="variable" id="de/d3e/class_alpha_index_table_cell_1af96216b3a0d1441dc1119e5474f006e0" prot="private" static="no" mutable="no">
        <type><ref refid="d1/dcf/class_class_def" kindref="compound">ClassDef</ref> *</type>
        <definition>ClassDef* AlphaIndexTableCell::m_class</definition>
        <argsstring></argsstring>
        <name>m_class</name>
        <briefdescription>
        </briefdescription>
        <detaileddescription>
        </detaileddescription>
        <inbodydescription>
        </inbodydescription>
        <location file="C:/Users/Mat/Projects/doxygraph/examples/doxygen-1.8.4/src/index.cpp" line="1746" bodyfile="C:/Users/Mat/Projects/doxygraph/examples/doxygen-1.8.4/src/index.cpp" bodystart="1746" bodyend="-1"/>
      </memberdef>
      <memberdef kind="variable" id="de/d3e/class_alpha_index_table_cell_1a40850222586d301d294518afaadbe64e" prot="private" static="no" mutable="no">
        <type>int</type>
        <definition>int AlphaIndexTableCell::m_row</definition>
        <argsstring></argsstring>
        <name>m_row</name>
        <briefdescription>
        </briefdescription>
        <detaileddescription>
        </detaileddescription>
        <inbodydescription>
        </inbodydescription>
        <location file="C:/Users/Mat/Projects/doxygraph/examples/doxygen-1.8.4/src/index.cpp" line="1747" bodyfile="C:/Users/Mat/Projects/doxygraph/examples/doxygen-1.8.4/src/index.cpp" bodystart="1747" bodyend="-1"/>
      </memberdef>
      <memberdef kind="variable" id="de/d3e/class_alpha_index_table_cell_1aa9253614f800886e2746408311e9f751" prot="private" static="no" mutable="no">
        <type>int</type>
        <definition>int AlphaIndexTableCell::m_col</definition>
        <argsstring></argsstring>
        <name>m_col</name>
        <briefdescription>
        </briefdescription>
        <detaileddescription>
        </detaileddescription>
        <inbodydescription>
        </inbodydescription>
        <location file="C:/Users/Mat/Projects/doxygraph/examples/doxygen-1.8.4/src/index.cpp" line="1748" bodyfile="C:/Users/Mat/Projects/doxygraph/examples/doxygen-1.8.4/src/index.cpp" bodystart="1748" bodyend="-1"/>
      </memberdef>
      </sectiondef>
      <sectiondef kind="public-func">
      <memberdef kind="function" id="de/d3e/class_alpha_index_table_cell_1a12879b9dffb1eef43c139f1e0879b10b" prot="public" static="no" const="no" explicit="no" inline="yes" virt="non-virtual">
        <type></type>
        <definition>AlphaIndexTableCell::AlphaIndexTableCell</definition>
        <argsstring>(int row, int col, uchar letter, ClassDef *cd)</argsstring>
        <name>AlphaIndexTableCell</name>
        <param>
          <type>int</type>
          <declname>row</declname>
        </param>
        <param>
          <type>int</type>
          <declname>col</declname>
        </param>
        <param>
          <type>uchar</type>
          <declname>letter</declname>
        </param>
        <param>
          <type><ref refid="d1/dcf/class_class_def" kindref="compound">ClassDef</ref> *</type>
          <declname>cd</declname>
        </param>
        <briefdescription>
        </briefdescription>
        <detaileddescription>
        </detaileddescription>
        <inbodydescription>
        </inbodydescription>
        <location file="C:/Users/Mat/Projects/doxygraph/examples/doxygen-1.8.4/src/index.cpp" line="1735" bodyfile="C:/Users/Mat/Projects/doxygraph/examples/doxygen-1.8.4/src/index.cpp" bodystart="1733" bodyend="1737"/>
      </memberdef>
      <memberdef kind="function" id="de/d3e/class_alpha_index_table_cell_1a07f7bc0c0a2811a40a3cd49e94d90505" prot="public" static="no" const="yes" explicit="no" inline="yes" virt="non-virtual">
        <type><ref refid="d1/dcf/class_class_def" kindref="compound">ClassDef</ref> *</type>
        <definition>ClassDef* AlphaIndexTableCell::classDef</definition>
        <argsstring>() const </argsstring>
        <name>classDef</name>
        <briefdescription>
        </briefdescription>
        <detaileddescription>
        </detaileddescription>
        <inbodydescription>
        </inbodydescription>
        <location file="C:/Users/Mat/Projects/doxygraph/examples/doxygen-1.8.4/src/index.cpp" line="1739" bodyfile="C:/Users/Mat/Projects/doxygraph/examples/doxygen-1.8.4/src/index.cpp" bodystart="1739" bodyend="1739"/>
      </memberdef>
      <memberdef kind="function" id="de/d3e/class_alpha_index_table_cell_1ad1c348a13bf2c8e838e9a115fb0881c7" prot="public" static="no" const="yes" explicit="no" inline="yes" virt="non-virtual">
        <type>uchar</type>
        <definition>uchar AlphaIndexTableCell::letter</definition>
        <argsstring>() const </argsstring>
        <name>letter</name>
        <briefdescription>
        </briefdescription>
        <detaileddescription>
        </detaileddescription>
        <inbodydescription>
        </inbodydescription>
        <location file="C:/Users/Mat/Projects/doxygraph/examples/doxygen-1.8.4/src/index.cpp" line="1740" bodyfile="C:/Users/Mat/Projects/doxygraph/examples/doxygen-1.8.4/src/index.cpp" bodystart="1740" bodyend="1740"/>
      </memberdef>
      <memberdef kind="function" id="de/d3e/class_alpha_index_table_cell_1a09e803dce5bb9557ac48cc90bdea8ffa" prot="public" static="no" const="yes" explicit="no" inline="yes" virt="non-virtual">
        <type>int</type>
        <definition>int AlphaIndexTableCell::row</definition>
        <argsstring>() const </argsstring>
        <name>row</name>
        <briefdescription>
        </briefdescription>
        <detaileddescription>
        </detaileddescription>
        <inbodydescription>
        </inbodydescription>
        <location file="C:/Users/Mat/Projects/doxygraph/examples/doxygen-1.8.4/src/index.cpp" line="1741" bodyfile="C:/Users/Mat/Projects/doxygraph/examples/doxygen-1.8.4/src/index.cpp" bodystart="1741" bodyend="1741"/>
      </memberdef>
      <memberdef kind="function" id="de/d3e/class_alpha_index_table_cell_1a51cb70403e4ff0e13902760b12e2996a" prot="public" static="no" const="yes" explicit="no" inline="yes" virt="non-virtual">
        <type>int</type>
        <definition>int AlphaIndexTableCell::column</definition>
        <argsstring>() const </argsstring>
        <name>column</name>
        <briefdescription>
        </briefdescription>
        <detaileddescription>
        </detaileddescription>
        <inbodydescription>
        </inbodydescription>
        <location file="C:/Users/Mat/Projects/doxygraph/examples/doxygen-1.8.4/src/index.cpp" line="1742" bodyfile="C:/Users/Mat/Projects/doxygraph/examples/doxygen-1.8.4/src/index.cpp" bodystart="1742" bodyend="1742"/>
      </memberdef>
      </sectiondef>
    <briefdescription>
<para>Class representing a cell in the alphabetical class index. </para>    </briefdescription>
    <detaileddescription>
    </detaileddescription>
    <location file="C:/Users/Mat/Projects/doxygraph/examples/doxygen-1.8.4/src/index.cpp" line="1731" bodyfile="C:/Users/Mat/Projects/doxygraph/examples/doxygen-1.8.4/src/index.cpp" bodystart="1730" bodyend="1749"/>
    <listofallmembers>
      <member refid="de/d3e/class_alpha_index_table_cell_1a12879b9dffb1eef43c139f1e0879b10b" prot="public" virt="non-virtual"><scope>AlphaIndexTableCell</scope><name>AlphaIndexTableCell</name></member>
      <member refid="de/d3e/class_alpha_index_table_cell_1a07f7bc0c0a2811a40a3cd49e94d90505" prot="public" virt="non-virtual"><scope>AlphaIndexTableCell</scope><name>classDef</name></member>
      <member refid="de/d3e/class_alpha_index_table_cell_1a51cb70403e4ff0e13902760b12e2996a" prot="public" virt="non-virtual"><scope>AlphaIndexTableCell</scope><name>column</name></member>
      <member refid="de/d3e/class_alpha_index_table_cell_1ad1c348a13bf2c8e838e9a115fb0881c7" prot="public" virt="non-virtual"><scope>AlphaIndexTableCell</scope><name>letter</name></member>
      <member refid="de/d3e/class_alpha_index_table_cell_1af96216b3a0d1441dc1119e5474f006e0" prot="private" virt="non-virtual"><scope>AlphaIndexTableCell</scope><name>m_class</name></member>
      <member refid="de/d3e/class_alpha_index_table_cell_1aa9253614f800886e2746408311e9f751" prot="private" virt="non-virtual"><scope>AlphaIndexTableCell</scope><name>m_col</name></member>
      <member refid="de/d3e/class_alpha_index_table_cell_1abef77fd44ff206af1b4ef947f9488240" prot="private" virt="non-virtual"><scope>AlphaIndexTableCell</scope><name>m_letter</name></member>
      <member refid="de/d3e/class_alpha_index_table_cell_1a40850222586d301d294518afaadbe64e" prot="private" virt="non-virtual"><scope>AlphaIndexTableCell</scope><name>m_row</name></member>
      <member refid="de/d3e/class_alpha_index_table_cell_1a09e803dce5bb9557ac48cc90bdea8ffa" prot="public" virt="non-virtual"><scope>AlphaIndexTableCell</scope><name>row</name></member>
    </listofallmembers>
  </compounddef>
</doxygen>
