<?xml version='1.0' encoding='UTF-8' standalone='no'?>
<doxygen xmlns:xsi="http://www.w3.org/2001/XMLSchema-instance" xsi:noNamespaceSchemaLocation="compound.xsd" version="1.8.2">
  <compounddef id="d1/d2a/section_8h" kind="file">
    <compoundname>section.h</compoundname>
    <includes refid="d9/d21/sortdict_8h" local="yes">sortdict.h</includes>
    <includedby refid="df/d06/outputgen_8h" local="yes">src/outputgen.h</includedby>
    <includedby refid="d3/dea/definition_8cpp" local="yes">src/definition.cpp</includedby>
    <includedby refid="d8/d29/docbookgen_8cpp" local="yes">src/docbookgen.cpp</includedby>
    <includedby refid="da/d17/docparser_8cpp" local="yes">src/docparser.cpp</includedby>
    <includedby refid="d2/dd2/entry_8cpp" local="yes">src/entry.cpp</includedby>
    <includedby refid="de/d04/markdown_8cpp" local="yes">src/markdown.cpp</includedby>
    <includedby refid="d9/d85/marshal_8cpp" local="yes">src/marshal.cpp</includedby>
    <includedby refid="de/dd0/perlmodgen_8cpp" local="yes">src/perlmodgen.cpp</includedby>
    <includedby refid="d4/d7b/tagreader_8cpp" local="yes">src/tagreader.cpp</includedby>
    <includedby refid="d0/dc3/xmlgen_8cpp" local="yes">src/xmlgen.cpp</includedby>
    <incdepgraph>
      <node id="4639">
        <label>sortdict.h</label>
        <link refid="d9/d21/sortdict_8h_source"/>
        <childnode refid="4640" relation="include">
        </childnode>
        <childnode refid="4641" relation="include">
        </childnode>
        <childnode refid="4642" relation="include">
        </childnode>
      </node>
      <node id="4642">
        <label>qintdict.h</label>
      </node>
      <node id="4640">
        <label>qlist.h</label>
      </node>
      <node id="4638">
        <label>src/section.h</label>
        <link refid="section.h"/>
        <childnode refid="4639" relation="include">
        </childnode>
      </node>
      <node id="4641">
        <label>qdict.h</label>
      </node>
    </incdepgraph>
    <invincdepgraph>
      <node id="4684">
        <label>src/marshal.cpp</label>
        <link refid="d9/d85/marshal_8cpp_source"/>
      </node>
      <node id="4686">
        <label>src/tagreader.cpp</label>
        <link refid="d4/d7b/tagreader_8cpp_source"/>
      </node>
      <node id="4667">
        <label>src/htmldocvisitor.cpp</label>
        <link refid="da/db0/htmldocvisitor_8cpp_source"/>
      </node>
      <node id="4681">
        <label>src/docparser.cpp</label>
        <link refid="da/d17/docparser_8cpp_source"/>
      </node>
      <node id="4678">
        <label>src/rtfdocvisitor.cpp</label>
        <link refid="de/d9a/rtfdocvisitor_8cpp_source"/>
      </node>
      <node id="4655">
        <label>src/membergroup.cpp</label>
        <link refid="d6/d18/membergroup_8cpp_source"/>
      </node>
      <node id="4644">
        <label>src/outputgen.h</label>
        <link refid="df/d06/outputgen_8h_source"/>
        <childnode refid="4645" relation="include">
        </childnode>
        <childnode refid="4662" relation="include">
        </childnode>
        <childnode refid="4663" relation="include">
        </childnode>
        <childnode refid="4664" relation="include">
        </childnode>
        <childnode refid="4665" relation="include">
        </childnode>
        <childnode refid="4669" relation="include">
        </childnode>
        <childnode refid="4671" relation="include">
        </childnode>
        <childnode refid="4673" relation="include">
        </childnode>
        <childnode refid="4667" relation="include">
        </childnode>
        <childnode refid="4675" relation="include">
        </childnode>
        <childnode refid="4676" relation="include">
        </childnode>
        <childnode refid="4677" relation="include">
        </childnode>
        <childnode refid="4658" relation="include">
        </childnode>
        <childnode refid="4678" relation="include">
        </childnode>
        <childnode refid="4679" relation="include">
        </childnode>
        <childnode refid="4680" relation="include">
        </childnode>
      </node>
      <node id="4654">
        <label>src/memberdef.cpp</label>
        <link refid="d0/d72/memberdef_8cpp_source"/>
      </node>
      <node id="4650">
        <label>src/doxygen.cpp</label>
        <link refid="dc/d98/doxygen_8cpp_source"/>
      </node>
      <node id="4661">
        <label>src/vhdldocgen.cpp</label>
        <link refid="de/dea/vhdldocgen_8cpp_source"/>
      </node>
      <node id="4674">
        <label>src/rtfgen.cpp</label>
        <link refid="d0/d9c/rtfgen_8cpp_source"/>
      </node>
      <node id="4645">
        <label>src/outputlist.h</label>
        <link refid="d2/db9/outputlist_8h_source"/>
        <childnode refid="4646" relation="include">
        </childnode>
        <childnode refid="4647" relation="include">
        </childnode>
        <childnode refid="4648" relation="include">
        </childnode>
        <childnode refid="4649" relation="include">
        </childnode>
        <childnode refid="4650" relation="include">
        </childnode>
        <childnode refid="4651" relation="include">
        </childnode>
        <childnode refid="4652" relation="include">
        </childnode>
        <childnode refid="4653" relation="include">
        </childnode>
        <childnode refid="4654" relation="include">
        </childnode>
        <childnode refid="4655" relation="include">
        </childnode>
        <childnode refid="4656" relation="include">
        </childnode>
        <childnode refid="4657" relation="include">
        </childnode>
        <childnode refid="4658" relation="include">
        </childnode>
        <childnode refid="4659" relation="include">
        </childnode>
        <childnode refid="4660" relation="include">
        </childnode>
        <childnode refid="4661" relation="include">
        </childnode>
      </node>
      <node id="4676">
        <label>src/mandocvisitor.cpp</label>
        <link refid="d8/dde/mandocvisitor_8cpp_source"/>
      </node>
      <node id="4647">
        <label>src/classlist.cpp</label>
        <link refid="d6/d10/classlist_8cpp_source"/>
      </node>
      <node id="4659">
        <label>src/pagedef.cpp</label>
        <link refid="d9/db4/pagedef_8cpp_source"/>
      </node>
      <node id="4662">
        <label>src/defgen.cpp</label>
        <link refid="d3/d17/defgen_8cpp_source"/>
      </node>
      <node id="4682">
        <label>src/entry.cpp</label>
        <link refid="d2/dd2/entry_8cpp_source"/>
      </node>
      <node id="4660">
        <label>src/util.cpp</label>
        <link refid="df/d2d/util_8cpp_source"/>
      </node>
      <node id="4675">
        <label>src/latexdocvisitor.cpp</label>
        <link refid="d1/d4e/latexdocvisitor_8cpp_source"/>
      </node>
      <node id="4651">
        <label>src/filedef.cpp</label>
        <link refid="d6/ddc/filedef_8cpp_source"/>
      </node>
      <node id="4652">
        <label>src/groupdef.cpp</label>
        <link refid="d6/d42/groupdef_8cpp_source"/>
      </node>
      <node id="4663">
        <label>src/docbookgen.cpp</label>
        <link refid="d8/d29/docbookgen_8cpp_source"/>
      </node>
      <node id="4649">
        <label>src/dirdef.cpp</label>
        <link refid="d8/d52/dirdef_8cpp_source"/>
      </node>
      <node id="4685">
        <label>src/perlmodgen.cpp</label>
        <link refid="de/dd0/perlmodgen_8cpp_source"/>
      </node>
      <node id="4648">
        <label>src/definition.cpp</label>
        <link refid="d3/dea/definition_8cpp_source"/>
      </node>
      <node id="4657">
        <label>src/namespacedef.cpp</label>
        <link refid="d7/d1c/namespacedef_8cpp_source"/>
      </node>
      <node id="4669">
        <label>src/latexgen.h</label>
        <link refid="d6/d9c/latexgen_8h_source"/>
        <childnode refid="4650" relation="include">
        </childnode>
        <childnode refid="4670" relation="include">
        </childnode>
      </node>
      <node id="4677">
        <label>src/outputgen.cpp</label>
        <link refid="d0/d17/outputgen_8cpp_source"/>
      </node>
      <node id="4679">
        <label>src/xmldocvisitor.cpp</label>
        <link refid="dd/db6/xmldocvisitor_8cpp_source"/>
      </node>
      <node id="4664">
        <label>src/docbookvisitor.cpp</label>
        <link refid="dc/d05/docbookvisitor_8cpp_source"/>
      </node>
      <node id="4672">
        <label>src/mangen.cpp</label>
        <link refid="d7/de7/mangen_8cpp_source"/>
      </node>
      <node id="4666">
        <label>src/ftvhelp.cpp</label>
        <link refid="db/d41/ftvhelp_8cpp_source"/>
      </node>
      <node id="4680">
        <label>src/xmlgen.cpp</label>
        <link refid="d0/dc3/xmlgen_8cpp_source"/>
      </node>
      <node id="4668">
        <label>src/htmlgen.cpp</label>
        <link refid="d8/d6e/htmlgen_8cpp_source"/>
      </node>
      <node id="4665">
        <label>src/htmlgen.h</label>
        <link refid="d8/d56/htmlgen_8h_source"/>
        <childnode refid="4650" relation="include">
        </childnode>
        <childnode refid="4666" relation="include">
        </childnode>
        <childnode refid="4667" relation="include">
        </childnode>
        <childnode refid="4668" relation="include">
        </childnode>
        <childnode refid="4653" relation="include">
        </childnode>
      </node>
      <node id="4653">
        <label>src/index.cpp</label>
        <link refid="db/d14/index_8cpp"/>
      </node>
      <node id="4656">
        <label>src/memberlist.cpp</label>
        <link refid="d0/d14/memberlist_8cpp_source"/>
      </node>
      <node id="4643">
        <label>src/section.h</label>
        <link refid="section.h"/>
        <childnode refid="4644" relation="include">
        </childnode>
        <childnode refid="4648" relation="include">
        </childnode>
        <childnode refid="4663" relation="include">
        </childnode>
        <childnode refid="4681" relation="include">
        </childnode>
        <childnode refid="4682" relation="include">
        </childnode>
        <childnode refid="4683" relation="include">
        </childnode>
        <childnode refid="4684" relation="include">
        </childnode>
        <childnode refid="4685" relation="include">
        </childnode>
        <childnode refid="4686" relation="include">
        </childnode>
        <childnode refid="4680" relation="include">
        </childnode>
      </node>
      <node id="4673">
        <label>src/rtfgen.h</label>
        <link refid="d4/daa/rtfgen_8h_source"/>
        <childnode refid="4650" relation="include">
        </childnode>
        <childnode refid="4674" relation="include">
        </childnode>
      </node>
      <node id="4683">
        <label>src/markdown.cpp</label>
        <link refid="de/d04/markdown_8cpp_source"/>
      </node>
      <node id="4646">
        <label>src/classdef.cpp</label>
        <link refid="de/d89/classdef_8cpp_source"/>
      </node>
      <node id="4671">
        <label>src/mangen.h</label>
        <link refid="da/dc0/mangen_8h_source"/>
        <childnode refid="4650" relation="include">
        </childnode>
        <childnode refid="4672" relation="include">
        </childnode>
      </node>
      <node id="4670">
        <label>src/latexgen.cpp</label>
        <link refid="d4/d42/latexgen_8cpp_source"/>
      </node>
      <node id="4658">
        <label>src/outputlist.cpp</label>
        <link refid="db/dd8/outputlist_8cpp"/>
      </node>
    </invincdepgraph>
    <innerclass refid="d5/d5b/struct_section_info" prot="public">SectionInfo</innerclass>
    <innerclass refid="de/d9a/class_section_dict" prot="public">SectionDict</innerclass>
    <briefdescription>
    </briefdescription>
    <detaileddescription>
    </detaileddescription>
    <programlisting>
<codeline lineno="1"><highlight class="comment">/******************************************************************************</highlight></codeline>
<codeline lineno="2"><highlight class="comment"><sp/>*</highlight></codeline>
<codeline lineno="3"><highlight class="comment"><sp/>*<sp/>$Id:<sp/>section.h,v<sp/>1.7<sp/>2001/03/19<sp/>19:27:41<sp/>root<sp/>Exp<sp/>$</highlight></codeline>
<codeline lineno="4"><highlight class="comment"><sp/>*</highlight></codeline>
<codeline lineno="5"><highlight class="comment"><sp/>*</highlight></codeline>
<codeline lineno="6"><highlight class="comment"><sp/>*<sp/>Copyright<sp/>(C)<sp/>1997-2013<sp/>by<sp/>Dimitri<sp/>van<sp/>Heesch.</highlight></codeline>
<codeline lineno="7"><highlight class="comment"><sp/>*</highlight></codeline>
<codeline lineno="8"><highlight class="comment"><sp/>*<sp/>Permission<sp/>to<sp/>use,<sp/>copy,<sp/>modify,<sp/>and<sp/>distribute<sp/>this<sp/>software<sp/>and<sp/>its</highlight></codeline>
<codeline lineno="9"><highlight class="comment"><sp/>*<sp/>documentation<sp/>under<sp/>the<sp/>terms<sp/>of<sp/>the<sp/>GNU<sp/>General<sp/>Public<sp/>License<sp/>is<sp/>hereby<sp/></highlight></codeline>
<codeline lineno="10"><highlight class="comment"><sp/>*<sp/>granted.<sp/>No<sp/>representations<sp/>are<sp/>made<sp/>about<sp/>the<sp/>suitability<sp/>of<sp/>this<sp/>software<sp/></highlight></codeline>
<codeline lineno="11"><highlight class="comment"><sp/>*<sp/>for<sp/>any<sp/>purpose.<sp/>It<sp/>is<sp/>provided<sp/>&quot;as<sp/>is&quot;<sp/>without<sp/>express<sp/>or<sp/>implied<sp/>warranty.</highlight></codeline>
<codeline lineno="12"><highlight class="comment"><sp/>*<sp/>See<sp/>the<sp/>GNU<sp/>General<sp/>Public<sp/>License<sp/>for<sp/>more<sp/>details.</highlight></codeline>
<codeline lineno="13"><highlight class="comment"><sp/>*</highlight></codeline>
<codeline lineno="14"><highlight class="comment"><sp/>*<sp/>Documents<sp/>produced<sp/>by<sp/>Doxygen<sp/>are<sp/>derivative<sp/>works<sp/>derived<sp/>from<sp/>the</highlight></codeline>
<codeline lineno="15"><highlight class="comment"><sp/>*<sp/>input<sp/>used<sp/>in<sp/>their<sp/>production;<sp/>they<sp/>are<sp/>not<sp/>affected<sp/>by<sp/>this<sp/>license.</highlight></codeline>
<codeline lineno="16"><highlight class="comment"><sp/>*</highlight></codeline>
<codeline lineno="17"><highlight class="comment"><sp/>*/</highlight><highlight class="normal"></highlight></codeline>
<codeline lineno="18"><highlight class="normal"></highlight></codeline>
<codeline lineno="19"><highlight class="normal"></highlight><highlight class="preprocessor">#ifndef<sp/>SECTION_H</highlight></codeline>
<codeline lineno="20"><highlight class="preprocessor"></highlight><highlight class="preprocessor">#define<sp/>SECTION_H</highlight></codeline>
<codeline lineno="21"><highlight class="preprocessor"></highlight><highlight class="normal"></highlight></codeline>
<codeline lineno="22"><highlight class="normal"></highlight><highlight class="preprocessor">#include<sp/>&quot;sortdict.h&quot;</highlight><highlight class="normal"></highlight></codeline>
<codeline lineno="23"><highlight class="normal"></highlight></codeline>
<codeline lineno="24"><highlight class="normal"></highlight><highlight class="keyword">class<sp/></highlight><highlight class="normal"><ref refid="d5/dcc/class_definition" kindref="compound" tooltip="The common base class of all entity definitions found in the sources.">Definition</ref>;</highlight></codeline>
<codeline lineno="25"><highlight class="normal"></highlight></codeline>
<codeline lineno="27" refid="d5/d5b/struct_section_info" refkind="compound"><highlight class="keyword">struct<sp/></highlight><highlight class="normal"><ref refid="d5/d5b/struct_section_info" kindref="compound" tooltip="Class representing a section in a page.">SectionInfo</ref></highlight></codeline>
<codeline lineno="28"><highlight class="normal">{</highlight></codeline>
<codeline lineno="29"><highlight class="normal"><sp/><sp/></highlight><highlight class="keyword">enum</highlight><highlight class="normal"><sp/>SectionType<sp/>{<sp/>Page<sp/><sp/><sp/><sp/><sp/><sp/><sp/><sp/><sp/><sp/>=<sp/>0,<sp/></highlight></codeline>
<codeline lineno="30"><highlight class="normal"><sp/><sp/><sp/><sp/><sp/><sp/><sp/><sp/><sp/><sp/><sp/><sp/><sp/><sp/><sp/><sp/><sp/><sp/><sp/><sp/><sp/>Section<sp/><sp/><sp/><sp/><sp/><sp/><sp/>=<sp/>1,<sp/></highlight></codeline>
<codeline lineno="31"><highlight class="normal"><sp/><sp/><sp/><sp/><sp/><sp/><sp/><sp/><sp/><sp/><sp/><sp/><sp/><sp/><sp/><sp/><sp/><sp/><sp/><sp/><sp/>Subsection<sp/><sp/><sp/><sp/>=<sp/>2,<sp/></highlight></codeline>
<codeline lineno="32"><highlight class="normal"><sp/><sp/><sp/><sp/><sp/><sp/><sp/><sp/><sp/><sp/><sp/><sp/><sp/><sp/><sp/><sp/><sp/><sp/><sp/><sp/><sp/>Subsubsection<sp/>=<sp/>3,<sp/></highlight></codeline>
<codeline lineno="33"><highlight class="normal"><sp/><sp/><sp/><sp/><sp/><sp/><sp/><sp/><sp/><sp/><sp/><sp/><sp/><sp/><sp/><sp/><sp/><sp/><sp/><sp/><sp/>Paragraph<sp/><sp/><sp/><sp/><sp/>=<sp/>4,<sp/></highlight></codeline>
<codeline lineno="34"><highlight class="normal"><sp/><sp/><sp/><sp/><sp/><sp/><sp/><sp/><sp/><sp/><sp/><sp/><sp/><sp/><sp/><sp/><sp/><sp/><sp/><sp/><sp/>Anchor<sp/><sp/><sp/><sp/><sp/><sp/><sp/><sp/>=<sp/>5<sp/></highlight></codeline>
<codeline lineno="35"><highlight class="normal"><sp/><sp/><sp/><sp/><sp/><sp/><sp/><sp/><sp/><sp/><sp/><sp/><sp/><sp/><sp/><sp/><sp/><sp/><sp/>};</highlight></codeline>
<codeline lineno="36"><highlight class="normal"><sp/><sp/><ref refid="d5/d5b/struct_section_info" kindref="compound" tooltip="Class representing a section in a page.">SectionInfo</ref>(</highlight><highlight class="keyword">const</highlight><highlight class="normal"><sp/></highlight><highlight class="keywordtype">char</highlight><highlight class="normal"><sp/>*f,</highlight><highlight class="keyword">const</highlight><highlight class="normal"><sp/></highlight><highlight class="keywordtype">char</highlight><highlight class="normal"><sp/>*l,</highlight><highlight class="keyword">const</highlight><highlight class="normal"><sp/></highlight><highlight class="keywordtype">char</highlight><highlight class="normal"><sp/>*t,</highlight></codeline>
<codeline lineno="37"><highlight class="normal"><sp/><sp/><sp/><sp/><sp/><sp/><sp/><sp/><sp/><sp/><sp/><sp/><sp/><sp/>SectionType<sp/>st,</highlight><highlight class="keywordtype">int</highlight><highlight class="normal"><sp/>lev,</highlight><highlight class="keyword">const</highlight><highlight class="normal"><sp/></highlight><highlight class="keywordtype">char</highlight><highlight class="normal"><sp/>*r=0)<sp/>:</highlight></codeline>
<codeline lineno="38"><highlight class="normal"><sp/><sp/><sp/><sp/>label(l),<sp/>title(t),<sp/>type(st),<sp/>ref(r),<sp/>definition(0),<sp/></highlight></codeline>
<codeline lineno="39"><highlight class="normal"><sp/><sp/><sp/><sp/>fileName(f),<sp/>generated(FALSE),<sp/>level(lev)</highlight></codeline>
<codeline lineno="40"><highlight class="normal"><sp/><sp/>{<sp/></highlight></codeline>
<codeline lineno="41"><highlight class="normal"><sp/><sp/>}</highlight></codeline>
<codeline lineno="42"><highlight class="normal"><sp/><sp/><ref refid="d5/d5b/struct_section_info" kindref="compound" tooltip="Class representing a section in a page.">SectionInfo</ref>(</highlight><highlight class="keyword">const</highlight><highlight class="normal"><sp/><ref refid="d5/d5b/struct_section_info" kindref="compound" tooltip="Class representing a section in a page.">SectionInfo</ref><sp/>&amp;s)</highlight></codeline>
<codeline lineno="43"><highlight class="normal"><sp/><sp/>{</highlight></codeline>
<codeline lineno="44"><highlight class="normal"><sp/><sp/><sp/><sp/>label=s.label.copy();<sp/>title=s.title.copy();<sp/>ref=s.ref.copy();</highlight></codeline>
<codeline lineno="45"><highlight class="normal"><sp/><sp/><sp/><sp/>type<sp/>=s.type;<sp/>definition=s.definition;</highlight></codeline>
<codeline lineno="46"><highlight class="normal"><sp/><sp/><sp/><sp/>fileName=s.fileName.copy();<sp/>generated=s.generated;</highlight></codeline>
<codeline lineno="47"><highlight class="normal"><sp/><sp/>}</highlight></codeline>
<codeline lineno="48"><highlight class="normal"><sp/>~<ref refid="d5/d5b/struct_section_info" kindref="compound" tooltip="Class representing a section in a page.">SectionInfo</ref>()<sp/>{}</highlight></codeline>
<codeline lineno="49"><highlight class="normal"><sp/><sp/>QCString<sp/>label;<sp/></highlight></codeline>
<codeline lineno="50"><highlight class="normal"><sp/><sp/>QCString<sp/>title;</highlight></codeline>
<codeline lineno="51"><highlight class="normal"><sp/><sp/>SectionType<sp/>type;</highlight></codeline>
<codeline lineno="52"><highlight class="normal"><sp/><sp/>QCString<sp/>ref;</highlight></codeline>
<codeline lineno="53"><highlight class="normal"><sp/><sp/><ref refid="d5/dcc/class_definition" kindref="compound" tooltip="The common base class of all entity definitions found in the sources.">Definition</ref><sp/>*definition;</highlight></codeline>
<codeline lineno="54"><highlight class="normal"><sp/><sp/>QCString<sp/>fileName;</highlight></codeline>
<codeline lineno="55"><highlight class="normal"><sp/><sp/></highlight><highlight class="keywordtype">bool</highlight><highlight class="normal"><sp/>generated;</highlight></codeline>
<codeline lineno="56"><highlight class="normal"><sp/><sp/></highlight><highlight class="keywordtype">int</highlight><highlight class="normal"><sp/>level;</highlight></codeline>
<codeline lineno="57"><highlight class="normal">};</highlight></codeline>
<codeline lineno="58"><highlight class="normal"></highlight></codeline>
<codeline lineno="60" refid="de/d9a/class_section_dict" refkind="compound"><highlight class="keyword">class<sp/></highlight><highlight class="normal"><ref refid="de/d9a/class_section_dict" kindref="compound" tooltip="Unsorted dictionary of SectionInfo objects.">SectionDict</ref><sp/>:<sp/></highlight><highlight class="keyword">public</highlight><highlight class="normal"><sp/><ref refid="d1/d50/class_s_dict" kindref="compound" tooltip="Ordered dictionary of elements of type T.">SDict</ref>&lt;SectionInfo&gt;</highlight></codeline>
<codeline lineno="61"><highlight class="normal">{</highlight></codeline>
<codeline lineno="62"><highlight class="normal"><sp/><sp/></highlight><highlight class="keyword">public</highlight><highlight class="normal">:</highlight></codeline>
<codeline lineno="63"><highlight class="normal"><sp/><sp/><sp/><sp/><ref refid="de/d9a/class_section_dict" kindref="compound" tooltip="Unsorted dictionary of SectionInfo objects.">SectionDict</ref>(</highlight><highlight class="keywordtype">int</highlight><highlight class="normal"><sp/>size)<sp/>:<sp/><ref refid="d1/d50/class_s_dict" kindref="compound">SDict&lt;SectionInfo&gt;</ref>(size)<sp/>{}</highlight></codeline>
<codeline lineno="64"><highlight class="normal"><sp/><sp/><sp/>~<ref refid="de/d9a/class_section_dict" kindref="compound" tooltip="Unsorted dictionary of SectionInfo objects.">SectionDict</ref>()<sp/>{}</highlight></codeline>
<codeline lineno="65"><highlight class="normal">};</highlight></codeline>
<codeline lineno="66"><highlight class="normal"></highlight></codeline>
<codeline lineno="67"><highlight class="normal"></highlight><highlight class="preprocessor">#endif</highlight></codeline>
    </programlisting>
    <location file="C:/Users/Mat/Projects/doxygraph/examples/doxygen-1.8.4/src/section.h"/>
  </compounddef>
</doxygen>
