<?xml version='1.0' encoding='UTF-8' standalone='no'?>
<doxygen xmlns:xsi="http://www.w3.org/2001/XMLSchema-instance" xsi:noNamespaceSchemaLocation="compound.xsd" version="1.8.2">
  <compounddef id="d3/d7c/lang__cfg_8h" kind="file">
    <compoundname>lang_cfg.h</compoundname>
    <includedby refid="d2/d48/language_8cpp" local="yes">src/language.cpp</includedby>
    <invincdepgraph>
      <node id="2799">
        <label>src/lang_cfg.h</label>
        <link refid="lang_cfg.h"/>
        <childnode refid="2800" relation="include">
        </childnode>
      </node>
      <node id="2800">
        <label>src/language.cpp</label>
        <link refid="d2/d48/language_8cpp_source"/>
      </node>
    </invincdepgraph>
      <sectiondef kind="define">
      <memberdef kind="define" id="d3/d7c/lang__cfg_8h_1a8e1c08b8103e15c5f88e5ee9acdb3ae5" prot="public" static="no">
        <name>LANG_NL</name>
        <briefdescription>
        </briefdescription>
        <detaileddescription>
        </detaileddescription>
        <inbodydescription>
        </inbodydescription>
        <location file="C:/Users/Mat/Projects/doxygraph/examples/doxygen-1.8.4/src/lang_cfg.h" line="1" bodyfile="C:/Users/Mat/Projects/doxygraph/examples/doxygen-1.8.4/src/lang_cfg.h" bodystart="1" bodyend="-1"/>
      </memberdef>
      <memberdef kind="define" id="d3/d7c/lang__cfg_8h_1a11e29747103546a64f26081039a0b75c" prot="public" static="no">
        <name>LANG_SV</name>
        <briefdescription>
        </briefdescription>
        <detaileddescription>
        </detaileddescription>
        <inbodydescription>
        </inbodydescription>
        <location file="C:/Users/Mat/Projects/doxygraph/examples/doxygen-1.8.4/src/lang_cfg.h" line="2" bodyfile="C:/Users/Mat/Projects/doxygraph/examples/doxygen-1.8.4/src/lang_cfg.h" bodystart="2" bodyend="-1"/>
      </memberdef>
      <memberdef kind="define" id="d3/d7c/lang__cfg_8h_1a2c1176114528175c78028fc5cb904b71" prot="public" static="no">
        <name>LANG_CZ</name>
        <briefdescription>
        </briefdescription>
        <detaileddescription>
        </detaileddescription>
        <inbodydescription>
        </inbodydescription>
        <location file="C:/Users/Mat/Projects/doxygraph/examples/doxygen-1.8.4/src/lang_cfg.h" line="3" bodyfile="C:/Users/Mat/Projects/doxygraph/examples/doxygen-1.8.4/src/lang_cfg.h" bodystart="3" bodyend="-1"/>
      </memberdef>
      <memberdef kind="define" id="d3/d7c/lang__cfg_8h_1acd2a4d43ca3bb96df1b5d01f4285ec10" prot="public" static="no">
        <name>LANG_FR</name>
        <briefdescription>
        </briefdescription>
        <detaileddescription>
        </detaileddescription>
        <inbodydescription>
        </inbodydescription>
        <location file="C:/Users/Mat/Projects/doxygraph/examples/doxygen-1.8.4/src/lang_cfg.h" line="4" bodyfile="C:/Users/Mat/Projects/doxygraph/examples/doxygen-1.8.4/src/lang_cfg.h" bodystart="4" bodyend="-1"/>
      </memberdef>
      <memberdef kind="define" id="d3/d7c/lang__cfg_8h_1a8df37a07a1934408eb692c346a6a0548" prot="public" static="no">
        <name>LANG_ID</name>
        <briefdescription>
        </briefdescription>
        <detaileddescription>
        </detaileddescription>
        <inbodydescription>
        </inbodydescription>
        <location file="C:/Users/Mat/Projects/doxygraph/examples/doxygen-1.8.4/src/lang_cfg.h" line="5" bodyfile="C:/Users/Mat/Projects/doxygraph/examples/doxygen-1.8.4/src/lang_cfg.h" bodystart="5" bodyend="-1"/>
      </memberdef>
      <memberdef kind="define" id="d3/d7c/lang__cfg_8h_1a43ec3d3bcaada95787f2e6dc6569a60a" prot="public" static="no">
        <name>LANG_IT</name>
        <briefdescription>
        </briefdescription>
        <detaileddescription>
        </detaileddescription>
        <inbodydescription>
        </inbodydescription>
        <location file="C:/Users/Mat/Projects/doxygraph/examples/doxygen-1.8.4/src/lang_cfg.h" line="6" bodyfile="C:/Users/Mat/Projects/doxygraph/examples/doxygen-1.8.4/src/lang_cfg.h" bodystart="6" bodyend="-1"/>
      </memberdef>
      <memberdef kind="define" id="d3/d7c/lang__cfg_8h_1a171638193ccda72690723e243c96620c" prot="public" static="no">
        <name>LANG_DE</name>
        <briefdescription>
        </briefdescription>
        <detaileddescription>
        </detaileddescription>
        <inbodydescription>
        </inbodydescription>
        <location file="C:/Users/Mat/Projects/doxygraph/examples/doxygen-1.8.4/src/lang_cfg.h" line="7" bodyfile="C:/Users/Mat/Projects/doxygraph/examples/doxygen-1.8.4/src/lang_cfg.h" bodystart="7" bodyend="-1"/>
      </memberdef>
      <memberdef kind="define" id="d3/d7c/lang__cfg_8h_1a32f0014244644d60c0a7c855efba167f" prot="public" static="no">
        <name>LANG_JP</name>
        <briefdescription>
        </briefdescription>
        <detaileddescription>
        </detaileddescription>
        <inbodydescription>
        </inbodydescription>
        <location file="C:/Users/Mat/Projects/doxygraph/examples/doxygen-1.8.4/src/lang_cfg.h" line="8" bodyfile="C:/Users/Mat/Projects/doxygraph/examples/doxygen-1.8.4/src/lang_cfg.h" bodystart="8" bodyend="-1"/>
      </memberdef>
      <memberdef kind="define" id="d3/d7c/lang__cfg_8h_1a23afce669017d7193864391f28bcaf05" prot="public" static="no">
        <name>LANG_JE</name>
        <briefdescription>
        </briefdescription>
        <detaileddescription>
        </detaileddescription>
        <inbodydescription>
        </inbodydescription>
        <location file="C:/Users/Mat/Projects/doxygraph/examples/doxygen-1.8.4/src/lang_cfg.h" line="9" bodyfile="C:/Users/Mat/Projects/doxygraph/examples/doxygen-1.8.4/src/lang_cfg.h" bodystart="9" bodyend="-1"/>
      </memberdef>
      <memberdef kind="define" id="d3/d7c/lang__cfg_8h_1a399d49defe086291fa0d36c1fbce04a5" prot="public" static="no">
        <name>LANG_ES</name>
        <briefdescription>
        </briefdescription>
        <detaileddescription>
        </detaileddescription>
        <inbodydescription>
        </inbodydescription>
        <location file="C:/Users/Mat/Projects/doxygraph/examples/doxygen-1.8.4/src/lang_cfg.h" line="10" bodyfile="C:/Users/Mat/Projects/doxygraph/examples/doxygen-1.8.4/src/lang_cfg.h" bodystart="10" bodyend="-1"/>
      </memberdef>
      <memberdef kind="define" id="d3/d7c/lang__cfg_8h_1af4ed83060f87c1a9eb6048550ada1bdf" prot="public" static="no">
        <name>LANG_FI</name>
        <briefdescription>
        </briefdescription>
        <detaileddescription>
        </detaileddescription>
        <inbodydescription>
        </inbodydescription>
        <location file="C:/Users/Mat/Projects/doxygraph/examples/doxygen-1.8.4/src/lang_cfg.h" line="11" bodyfile="C:/Users/Mat/Projects/doxygraph/examples/doxygen-1.8.4/src/lang_cfg.h" bodystart="11" bodyend="-1"/>
      </memberdef>
      <memberdef kind="define" id="d3/d7c/lang__cfg_8h_1a23124a1d9bbd288e582ac5089e49c267" prot="public" static="no">
        <name>LANG_RU</name>
        <briefdescription>
        </briefdescription>
        <detaileddescription>
        </detaileddescription>
        <inbodydescription>
        </inbodydescription>
        <location file="C:/Users/Mat/Projects/doxygraph/examples/doxygen-1.8.4/src/lang_cfg.h" line="12" bodyfile="C:/Users/Mat/Projects/doxygraph/examples/doxygen-1.8.4/src/lang_cfg.h" bodystart="12" bodyend="-1"/>
      </memberdef>
      <memberdef kind="define" id="d3/d7c/lang__cfg_8h_1ae85f3f54cf99e83428667495855c60f9" prot="public" static="no">
        <name>LANG_HR</name>
        <briefdescription>
        </briefdescription>
        <detaileddescription>
        </detaileddescription>
        <inbodydescription>
        </inbodydescription>
        <location file="C:/Users/Mat/Projects/doxygraph/examples/doxygen-1.8.4/src/lang_cfg.h" line="13" bodyfile="C:/Users/Mat/Projects/doxygraph/examples/doxygen-1.8.4/src/lang_cfg.h" bodystart="13" bodyend="-1"/>
      </memberdef>
      <memberdef kind="define" id="d3/d7c/lang__cfg_8h_1a7a4af5e146153d4702e515d74159879e" prot="public" static="no">
        <name>LANG_PL</name>
        <briefdescription>
        </briefdescription>
        <detaileddescription>
        </detaileddescription>
        <inbodydescription>
        </inbodydescription>
        <location file="C:/Users/Mat/Projects/doxygraph/examples/doxygen-1.8.4/src/lang_cfg.h" line="14" bodyfile="C:/Users/Mat/Projects/doxygraph/examples/doxygen-1.8.4/src/lang_cfg.h" bodystart="14" bodyend="-1"/>
      </memberdef>
      <memberdef kind="define" id="d3/d7c/lang__cfg_8h_1a6e4453fd62975788bad21779cc1801ca" prot="public" static="no">
        <name>LANG_PT</name>
        <briefdescription>
        </briefdescription>
        <detaileddescription>
        </detaileddescription>
        <inbodydescription>
        </inbodydescription>
        <location file="C:/Users/Mat/Projects/doxygraph/examples/doxygen-1.8.4/src/lang_cfg.h" line="15" bodyfile="C:/Users/Mat/Projects/doxygraph/examples/doxygen-1.8.4/src/lang_cfg.h" bodystart="15" bodyend="-1"/>
      </memberdef>
      <memberdef kind="define" id="d3/d7c/lang__cfg_8h_1abb35129b4d1719a388dd93064e81c2e0" prot="public" static="no">
        <name>LANG_HU</name>
        <briefdescription>
        </briefdescription>
        <detaileddescription>
        </detaileddescription>
        <inbodydescription>
        </inbodydescription>
        <location file="C:/Users/Mat/Projects/doxygraph/examples/doxygen-1.8.4/src/lang_cfg.h" line="16" bodyfile="C:/Users/Mat/Projects/doxygraph/examples/doxygen-1.8.4/src/lang_cfg.h" bodystart="16" bodyend="-1"/>
      </memberdef>
      <memberdef kind="define" id="d3/d7c/lang__cfg_8h_1a4345a7e54fd3d78549a03717c20a85cb" prot="public" static="no">
        <name>LANG_KR</name>
        <briefdescription>
        </briefdescription>
        <detaileddescription>
        </detaileddescription>
        <inbodydescription>
        </inbodydescription>
        <location file="C:/Users/Mat/Projects/doxygraph/examples/doxygen-1.8.4/src/lang_cfg.h" line="17" bodyfile="C:/Users/Mat/Projects/doxygraph/examples/doxygen-1.8.4/src/lang_cfg.h" bodystart="17" bodyend="-1"/>
      </memberdef>
      <memberdef kind="define" id="d3/d7c/lang__cfg_8h_1ac9fdb544ea92ea9f1f184d16fbbf9cc2" prot="public" static="no">
        <name>LANG_KE</name>
        <briefdescription>
        </briefdescription>
        <detaileddescription>
        </detaileddescription>
        <inbodydescription>
        </inbodydescription>
        <location file="C:/Users/Mat/Projects/doxygraph/examples/doxygen-1.8.4/src/lang_cfg.h" line="18" bodyfile="C:/Users/Mat/Projects/doxygraph/examples/doxygen-1.8.4/src/lang_cfg.h" bodystart="18" bodyend="-1"/>
      </memberdef>
      <memberdef kind="define" id="d3/d7c/lang__cfg_8h_1a5d7c225b44640c34b2bb8ad906aa44ae" prot="public" static="no">
        <name>LANG_RO</name>
        <briefdescription>
        </briefdescription>
        <detaileddescription>
        </detaileddescription>
        <inbodydescription>
        </inbodydescription>
        <location file="C:/Users/Mat/Projects/doxygraph/examples/doxygen-1.8.4/src/lang_cfg.h" line="19" bodyfile="C:/Users/Mat/Projects/doxygraph/examples/doxygen-1.8.4/src/lang_cfg.h" bodystart="19" bodyend="-1"/>
      </memberdef>
      <memberdef kind="define" id="d3/d7c/lang__cfg_8h_1ae0e53a1032b411484e62377f6520faf2" prot="public" static="no">
        <name>LANG_SI</name>
        <briefdescription>
        </briefdescription>
        <detaileddescription>
        </detaileddescription>
        <inbodydescription>
        </inbodydescription>
        <location file="C:/Users/Mat/Projects/doxygraph/examples/doxygen-1.8.4/src/lang_cfg.h" line="20" bodyfile="C:/Users/Mat/Projects/doxygraph/examples/doxygen-1.8.4/src/lang_cfg.h" bodystart="20" bodyend="-1"/>
      </memberdef>
      <memberdef kind="define" id="d3/d7c/lang__cfg_8h_1afdd05bebd1bb7c47e0a7dccc1b2bf040" prot="public" static="no">
        <name>LANG_CN</name>
        <briefdescription>
        </briefdescription>
        <detaileddescription>
        </detaileddescription>
        <inbodydescription>
        </inbodydescription>
        <location file="C:/Users/Mat/Projects/doxygraph/examples/doxygen-1.8.4/src/lang_cfg.h" line="21" bodyfile="C:/Users/Mat/Projects/doxygraph/examples/doxygen-1.8.4/src/lang_cfg.h" bodystart="21" bodyend="-1"/>
      </memberdef>
      <memberdef kind="define" id="d3/d7c/lang__cfg_8h_1a2d0b3ce5b1824fac4c0889074153b4a8" prot="public" static="no">
        <name>LANG_NO</name>
        <briefdescription>
        </briefdescription>
        <detaileddescription>
        </detaileddescription>
        <inbodydescription>
        </inbodydescription>
        <location file="C:/Users/Mat/Projects/doxygraph/examples/doxygen-1.8.4/src/lang_cfg.h" line="22" bodyfile="C:/Users/Mat/Projects/doxygraph/examples/doxygen-1.8.4/src/lang_cfg.h" bodystart="22" bodyend="-1"/>
      </memberdef>
      <memberdef kind="define" id="d3/d7c/lang__cfg_8h_1af5a376facf11ae36ab812f5ec6a56ae0" prot="public" static="no">
        <name>LANG_MK</name>
        <briefdescription>
        </briefdescription>
        <detaileddescription>
        </detaileddescription>
        <inbodydescription>
        </inbodydescription>
        <location file="C:/Users/Mat/Projects/doxygraph/examples/doxygen-1.8.4/src/lang_cfg.h" line="23" bodyfile="C:/Users/Mat/Projects/doxygraph/examples/doxygen-1.8.4/src/lang_cfg.h" bodystart="23" bodyend="-1"/>
      </memberdef>
      <memberdef kind="define" id="d3/d7c/lang__cfg_8h_1ad6e9e66b71825d115d51b0f8a904718d" prot="public" static="no">
        <name>LANG_BR</name>
        <briefdescription>
        </briefdescription>
        <detaileddescription>
        </detaileddescription>
        <inbodydescription>
        </inbodydescription>
        <location file="C:/Users/Mat/Projects/doxygraph/examples/doxygen-1.8.4/src/lang_cfg.h" line="24" bodyfile="C:/Users/Mat/Projects/doxygraph/examples/doxygen-1.8.4/src/lang_cfg.h" bodystart="24" bodyend="-1"/>
      </memberdef>
      <memberdef kind="define" id="d3/d7c/lang__cfg_8h_1a945d2c2442b21ca10d3a77d648c3d50d" prot="public" static="no">
        <name>LANG_DK</name>
        <briefdescription>
        </briefdescription>
        <detaileddescription>
        </detaileddescription>
        <inbodydescription>
        </inbodydescription>
        <location file="C:/Users/Mat/Projects/doxygraph/examples/doxygen-1.8.4/src/lang_cfg.h" line="25" bodyfile="C:/Users/Mat/Projects/doxygraph/examples/doxygen-1.8.4/src/lang_cfg.h" bodystart="25" bodyend="-1"/>
      </memberdef>
      <memberdef kind="define" id="d3/d7c/lang__cfg_8h_1a78c528293f982a004c1da446387f96ca" prot="public" static="no">
        <name>LANG_SK</name>
        <briefdescription>
        </briefdescription>
        <detaileddescription>
        </detaileddescription>
        <inbodydescription>
        </inbodydescription>
        <location file="C:/Users/Mat/Projects/doxygraph/examples/doxygen-1.8.4/src/lang_cfg.h" line="26" bodyfile="C:/Users/Mat/Projects/doxygraph/examples/doxygen-1.8.4/src/lang_cfg.h" bodystart="26" bodyend="-1"/>
      </memberdef>
      <memberdef kind="define" id="d3/d7c/lang__cfg_8h_1a515d136fb41ea27c1331429e94c44eab" prot="public" static="no">
        <name>LANG_UA</name>
        <briefdescription>
        </briefdescription>
        <detaileddescription>
        </detaileddescription>
        <inbodydescription>
        </inbodydescription>
        <location file="C:/Users/Mat/Projects/doxygraph/examples/doxygen-1.8.4/src/lang_cfg.h" line="27" bodyfile="C:/Users/Mat/Projects/doxygraph/examples/doxygen-1.8.4/src/lang_cfg.h" bodystart="27" bodyend="-1"/>
      </memberdef>
      <memberdef kind="define" id="d3/d7c/lang__cfg_8h_1a1ce9845b6856aa7f16d4908452bee50f" prot="public" static="no">
        <name>LANG_GR</name>
        <briefdescription>
        </briefdescription>
        <detaileddescription>
        </detaileddescription>
        <inbodydescription>
        </inbodydescription>
        <location file="C:/Users/Mat/Projects/doxygraph/examples/doxygen-1.8.4/src/lang_cfg.h" line="28" bodyfile="C:/Users/Mat/Projects/doxygraph/examples/doxygen-1.8.4/src/lang_cfg.h" bodystart="28" bodyend="-1"/>
      </memberdef>
      <memberdef kind="define" id="d3/d7c/lang__cfg_8h_1a6911cc8a733b10d5ad3e5fcb908830fb" prot="public" static="no">
        <name>LANG_TW</name>
        <briefdescription>
        </briefdescription>
        <detaileddescription>
        </detaileddescription>
        <inbodydescription>
        </inbodydescription>
        <location file="C:/Users/Mat/Projects/doxygraph/examples/doxygen-1.8.4/src/lang_cfg.h" line="29" bodyfile="C:/Users/Mat/Projects/doxygraph/examples/doxygen-1.8.4/src/lang_cfg.h" bodystart="29" bodyend="-1"/>
      </memberdef>
      <memberdef kind="define" id="d3/d7c/lang__cfg_8h_1a77cb3b83dac377cebf2abb1c2e8fce9d" prot="public" static="no">
        <name>LANG_SR</name>
        <briefdescription>
        </briefdescription>
        <detaileddescription>
        </detaileddescription>
        <inbodydescription>
        </inbodydescription>
        <location file="C:/Users/Mat/Projects/doxygraph/examples/doxygen-1.8.4/src/lang_cfg.h" line="30" bodyfile="C:/Users/Mat/Projects/doxygraph/examples/doxygen-1.8.4/src/lang_cfg.h" bodystart="30" bodyend="-1"/>
      </memberdef>
      <memberdef kind="define" id="d3/d7c/lang__cfg_8h_1a32c56ac01d1fefd0f2badb549d57b7ba" prot="public" static="no">
        <name>LANG_CA</name>
        <briefdescription>
        </briefdescription>
        <detaileddescription>
        </detaileddescription>
        <inbodydescription>
        </inbodydescription>
        <location file="C:/Users/Mat/Projects/doxygraph/examples/doxygen-1.8.4/src/lang_cfg.h" line="31" bodyfile="C:/Users/Mat/Projects/doxygraph/examples/doxygen-1.8.4/src/lang_cfg.h" bodystart="31" bodyend="-1"/>
      </memberdef>
      <memberdef kind="define" id="d3/d7c/lang__cfg_8h_1a645d806a51f27e3f4e632da4d73f050a" prot="public" static="no">
        <name>LANG_LT</name>
        <briefdescription>
        </briefdescription>
        <detaileddescription>
        </detaileddescription>
        <inbodydescription>
        </inbodydescription>
        <location file="C:/Users/Mat/Projects/doxygraph/examples/doxygen-1.8.4/src/lang_cfg.h" line="32" bodyfile="C:/Users/Mat/Projects/doxygraph/examples/doxygen-1.8.4/src/lang_cfg.h" bodystart="32" bodyend="-1"/>
      </memberdef>
      <memberdef kind="define" id="d3/d7c/lang__cfg_8h_1a0ffcb1280430acbea3c31f77185a2dfd" prot="public" static="no">
        <name>LANG_ZA</name>
        <briefdescription>
        </briefdescription>
        <detaileddescription>
        </detaileddescription>
        <inbodydescription>
        </inbodydescription>
        <location file="C:/Users/Mat/Projects/doxygraph/examples/doxygen-1.8.4/src/lang_cfg.h" line="33" bodyfile="C:/Users/Mat/Projects/doxygraph/examples/doxygen-1.8.4/src/lang_cfg.h" bodystart="33" bodyend="-1"/>
      </memberdef>
      <memberdef kind="define" id="d3/d7c/lang__cfg_8h_1a06653c866f7c234d615297d0ebfd1568" prot="public" static="no">
        <name>LANG_AR</name>
        <briefdescription>
        </briefdescription>
        <detaileddescription>
        </detaileddescription>
        <inbodydescription>
        </inbodydescription>
        <location file="C:/Users/Mat/Projects/doxygraph/examples/doxygen-1.8.4/src/lang_cfg.h" line="34" bodyfile="C:/Users/Mat/Projects/doxygraph/examples/doxygen-1.8.4/src/lang_cfg.h" bodystart="34" bodyend="-1"/>
      </memberdef>
      <memberdef kind="define" id="d3/d7c/lang__cfg_8h_1ad9a193d9b878bb840c5ebe8163588c01" prot="public" static="no">
        <name>LANG_FA</name>
        <briefdescription>
        </briefdescription>
        <detaileddescription>
        </detaileddescription>
        <inbodydescription>
        </inbodydescription>
        <location file="C:/Users/Mat/Projects/doxygraph/examples/doxygen-1.8.4/src/lang_cfg.h" line="35" bodyfile="C:/Users/Mat/Projects/doxygraph/examples/doxygen-1.8.4/src/lang_cfg.h" bodystart="35" bodyend="-1"/>
      </memberdef>
      <memberdef kind="define" id="d3/d7c/lang__cfg_8h_1a8f87b73d87ee1caa860e8a34dd31ee24" prot="public" static="no">
        <name>LANG_SC</name>
        <briefdescription>
        </briefdescription>
        <detaileddescription>
        </detaileddescription>
        <inbodydescription>
        </inbodydescription>
        <location file="C:/Users/Mat/Projects/doxygraph/examples/doxygen-1.8.4/src/lang_cfg.h" line="36" bodyfile="C:/Users/Mat/Projects/doxygraph/examples/doxygen-1.8.4/src/lang_cfg.h" bodystart="36" bodyend="-1"/>
      </memberdef>
      <memberdef kind="define" id="d3/d7c/lang__cfg_8h_1a5331c1ca5eaf35e541bf8d727d000790" prot="public" static="no">
        <name>LANG_VI</name>
        <briefdescription>
        </briefdescription>
        <detaileddescription>
        </detaileddescription>
        <inbodydescription>
        </inbodydescription>
        <location file="C:/Users/Mat/Projects/doxygraph/examples/doxygen-1.8.4/src/lang_cfg.h" line="37" bodyfile="C:/Users/Mat/Projects/doxygraph/examples/doxygen-1.8.4/src/lang_cfg.h" bodystart="37" bodyend="-1"/>
      </memberdef>
      <memberdef kind="define" id="d3/d7c/lang__cfg_8h_1a925f33d4c62bce3529960496b1751364" prot="public" static="no">
        <name>LANG_TR</name>
        <briefdescription>
        </briefdescription>
        <detaileddescription>
        </detaileddescription>
        <inbodydescription>
        </inbodydescription>
        <location file="C:/Users/Mat/Projects/doxygraph/examples/doxygen-1.8.4/src/lang_cfg.h" line="38" bodyfile="C:/Users/Mat/Projects/doxygraph/examples/doxygen-1.8.4/src/lang_cfg.h" bodystart="38" bodyend="-1"/>
      </memberdef>
      <memberdef kind="define" id="d3/d7c/lang__cfg_8h_1a9b60bf44ff39c8d8271105e4af6285c8" prot="public" static="no">
        <name>LANG_EO</name>
        <briefdescription>
        </briefdescription>
        <detaileddescription>
        </detaileddescription>
        <inbodydescription>
        </inbodydescription>
        <location file="C:/Users/Mat/Projects/doxygraph/examples/doxygen-1.8.4/src/lang_cfg.h" line="39" bodyfile="C:/Users/Mat/Projects/doxygraph/examples/doxygen-1.8.4/src/lang_cfg.h" bodystart="39" bodyend="-1"/>
      </memberdef>
      <memberdef kind="define" id="d3/d7c/lang__cfg_8h_1a0ab79f51f53b1fbe01c516adbf65aa09" prot="public" static="no">
        <name>LANG_AM</name>
        <briefdescription>
        </briefdescription>
        <detaileddescription>
        </detaileddescription>
        <inbodydescription>
        </inbodydescription>
        <location file="C:/Users/Mat/Projects/doxygraph/examples/doxygen-1.8.4/src/lang_cfg.h" line="40" bodyfile="C:/Users/Mat/Projects/doxygraph/examples/doxygen-1.8.4/src/lang_cfg.h" bodystart="40" bodyend="-1"/>
      </memberdef>
      </sectiondef>
    <briefdescription>
    </briefdescription>
    <detaileddescription>
    </detaileddescription>
    <programlisting>
<codeline lineno="1"><highlight class="preprocessor">#define<sp/>LANG_NL</highlight></codeline>
<codeline lineno="2"><highlight class="preprocessor"></highlight><highlight class="preprocessor">#define<sp/>LANG_SV</highlight></codeline>
<codeline lineno="3"><highlight class="preprocessor"></highlight><highlight class="preprocessor">#define<sp/>LANG_CZ</highlight></codeline>
<codeline lineno="4"><highlight class="preprocessor"></highlight><highlight class="preprocessor">#define<sp/>LANG_FR</highlight></codeline>
<codeline lineno="5"><highlight class="preprocessor"></highlight><highlight class="preprocessor">#define<sp/>LANG_ID</highlight></codeline>
<codeline lineno="6"><highlight class="preprocessor"></highlight><highlight class="preprocessor">#define<sp/>LANG_IT</highlight></codeline>
<codeline lineno="7"><highlight class="preprocessor"></highlight><highlight class="preprocessor">#define<sp/>LANG_DE</highlight></codeline>
<codeline lineno="8"><highlight class="preprocessor"></highlight><highlight class="preprocessor">#define<sp/>LANG_JP</highlight></codeline>
<codeline lineno="9"><highlight class="preprocessor"></highlight><highlight class="preprocessor">#define<sp/>LANG_JE</highlight></codeline>
<codeline lineno="10"><highlight class="preprocessor"></highlight><highlight class="preprocessor">#define<sp/>LANG_ES</highlight></codeline>
<codeline lineno="11"><highlight class="preprocessor"></highlight><highlight class="preprocessor">#define<sp/>LANG_FI</highlight></codeline>
<codeline lineno="12"><highlight class="preprocessor"></highlight><highlight class="preprocessor">#define<sp/>LANG_RU</highlight></codeline>
<codeline lineno="13"><highlight class="preprocessor"></highlight><highlight class="preprocessor">#define<sp/>LANG_HR</highlight></codeline>
<codeline lineno="14"><highlight class="preprocessor"></highlight><highlight class="preprocessor">#define<sp/>LANG_PL</highlight></codeline>
<codeline lineno="15"><highlight class="preprocessor"></highlight><highlight class="preprocessor">#define<sp/>LANG_PT</highlight></codeline>
<codeline lineno="16"><highlight class="preprocessor"></highlight><highlight class="preprocessor">#define<sp/>LANG_HU</highlight></codeline>
<codeline lineno="17"><highlight class="preprocessor"></highlight><highlight class="preprocessor">#define<sp/>LANG_KR</highlight></codeline>
<codeline lineno="18"><highlight class="preprocessor"></highlight><highlight class="preprocessor">#define<sp/>LANG_KE</highlight></codeline>
<codeline lineno="19"><highlight class="preprocessor"></highlight><highlight class="preprocessor">#define<sp/>LANG_RO</highlight></codeline>
<codeline lineno="20"><highlight class="preprocessor"></highlight><highlight class="preprocessor">#define<sp/>LANG_SI</highlight></codeline>
<codeline lineno="21"><highlight class="preprocessor"></highlight><highlight class="preprocessor">#define<sp/>LANG_CN</highlight></codeline>
<codeline lineno="22"><highlight class="preprocessor"></highlight><highlight class="preprocessor">#define<sp/>LANG_NO</highlight></codeline>
<codeline lineno="23"><highlight class="preprocessor"></highlight><highlight class="preprocessor">#define<sp/>LANG_MK</highlight></codeline>
<codeline lineno="24"><highlight class="preprocessor"></highlight><highlight class="preprocessor">#define<sp/>LANG_BR</highlight></codeline>
<codeline lineno="25"><highlight class="preprocessor"></highlight><highlight class="preprocessor">#define<sp/>LANG_DK</highlight></codeline>
<codeline lineno="26"><highlight class="preprocessor"></highlight><highlight class="preprocessor">#define<sp/>LANG_SK</highlight></codeline>
<codeline lineno="27"><highlight class="preprocessor"></highlight><highlight class="preprocessor">#define<sp/>LANG_UA</highlight></codeline>
<codeline lineno="28"><highlight class="preprocessor"></highlight><highlight class="preprocessor">#define<sp/>LANG_GR</highlight></codeline>
<codeline lineno="29"><highlight class="preprocessor"></highlight><highlight class="preprocessor">#define<sp/>LANG_TW</highlight></codeline>
<codeline lineno="30"><highlight class="preprocessor"></highlight><highlight class="preprocessor">#define<sp/>LANG_SR</highlight></codeline>
<codeline lineno="31"><highlight class="preprocessor"></highlight><highlight class="preprocessor">#define<sp/>LANG_CA</highlight></codeline>
<codeline lineno="32"><highlight class="preprocessor"></highlight><highlight class="preprocessor">#define<sp/>LANG_LT</highlight></codeline>
<codeline lineno="33"><highlight class="preprocessor"></highlight><highlight class="preprocessor">#define<sp/>LANG_ZA</highlight></codeline>
<codeline lineno="34"><highlight class="preprocessor"></highlight><highlight class="preprocessor">#define<sp/>LANG_AR</highlight></codeline>
<codeline lineno="35"><highlight class="preprocessor"></highlight><highlight class="preprocessor">#define<sp/>LANG_FA</highlight></codeline>
<codeline lineno="36"><highlight class="preprocessor"></highlight><highlight class="preprocessor">#define<sp/>LANG_SC</highlight></codeline>
<codeline lineno="37"><highlight class="preprocessor"></highlight><highlight class="preprocessor">#define<sp/>LANG_VI</highlight></codeline>
<codeline lineno="38"><highlight class="preprocessor"></highlight><highlight class="preprocessor">#define<sp/>LANG_TR</highlight></codeline>
<codeline lineno="39"><highlight class="preprocessor"></highlight><highlight class="preprocessor">#define<sp/>LANG_EO</highlight></codeline>
<codeline lineno="40"><highlight class="preprocessor"></highlight><highlight class="preprocessor">#define<sp/>LANG_AM</highlight></codeline>
    </programlisting>
    <location file="C:/Users/Mat/Projects/doxygraph/examples/doxygen-1.8.4/src/lang_cfg.h"/>
  </compounddef>
</doxygen>
