<?xml version='1.0' encoding='UTF-8' standalone='no'?>
<doxygen xmlns:xsi="http://www.w3.org/2001/XMLSchema-instance" xsi:noNamespaceSchemaLocation="compound.xsd" version="1.8.2">
  <compounddef id="df/de1/class_doc_formula" kind="class" prot="public">
    <compoundname>DocFormula</compoundname>
    <basecompoundref refid="d9/d0e/class_doc_node" prot="public" virt="non-virtual">DocNode</basecompoundref>
    <includes refid="de/d9c/docparser_8h" local="no">docparser.h</includes>
      <sectiondef kind="private-attrib">
      <memberdef kind="variable" id="df/de1/class_doc_formula_1ada8d3f8af9f6412342c7cfecb34b7da0" prot="private" static="no" mutable="no">
        <type>QCString</type>
        <definition>QCString DocFormula::m_name</definition>
        <argsstring></argsstring>
        <name>m_name</name>
        <briefdescription>
        </briefdescription>
        <detaileddescription>
        </detaileddescription>
        <inbodydescription>
        </inbodydescription>
        <location file="C:/Users/Mat/Projects/doxygraph/examples/doxygen-1.8.4/src/docparser.h" line="497" bodyfile="C:/Users/Mat/Projects/doxygraph/examples/doxygen-1.8.4/src/docparser.h" bodystart="497" bodyend="-1"/>
      </memberdef>
      <memberdef kind="variable" id="df/de1/class_doc_formula_1a6f50c483044f645d715a7f0f5b3f3cf9" prot="private" static="no" mutable="no">
        <type>QCString</type>
        <definition>QCString DocFormula::m_text</definition>
        <argsstring></argsstring>
        <name>m_text</name>
        <briefdescription>
        </briefdescription>
        <detaileddescription>
        </detaileddescription>
        <inbodydescription>
        </inbodydescription>
        <location file="C:/Users/Mat/Projects/doxygraph/examples/doxygen-1.8.4/src/docparser.h" line="498" bodyfile="C:/Users/Mat/Projects/doxygraph/examples/doxygen-1.8.4/src/docparser.h" bodystart="498" bodyend="-1"/>
      </memberdef>
      <memberdef kind="variable" id="df/de1/class_doc_formula_1a0f51f9183b2945ed91b8f2fd5eda1433" prot="private" static="no" mutable="no">
        <type>QCString</type>
        <definition>QCString DocFormula::m_relPath</definition>
        <argsstring></argsstring>
        <name>m_relPath</name>
        <briefdescription>
        </briefdescription>
        <detaileddescription>
        </detaileddescription>
        <inbodydescription>
        </inbodydescription>
        <location file="C:/Users/Mat/Projects/doxygraph/examples/doxygen-1.8.4/src/docparser.h" line="499" bodyfile="C:/Users/Mat/Projects/doxygraph/examples/doxygen-1.8.4/src/docparser.h" bodystart="499" bodyend="-1"/>
      </memberdef>
      <memberdef kind="variable" id="df/de1/class_doc_formula_1a4233be60e0519a3386b6866b0281324e" prot="private" static="no" mutable="no">
        <type>int</type>
        <definition>int DocFormula::m_id</definition>
        <argsstring></argsstring>
        <name>m_id</name>
        <briefdescription>
        </briefdescription>
        <detaileddescription>
        </detaileddescription>
        <inbodydescription>
        </inbodydescription>
        <location file="C:/Users/Mat/Projects/doxygraph/examples/doxygen-1.8.4/src/docparser.h" line="500" bodyfile="C:/Users/Mat/Projects/doxygraph/examples/doxygen-1.8.4/src/docparser.h" bodystart="500" bodyend="-1"/>
      </memberdef>
      </sectiondef>
      <sectiondef kind="public-func">
      <memberdef kind="function" id="df/de1/class_doc_formula_1a381ed9f6ea1bbfbf5b247f30470417b3" prot="public" static="no" const="no" explicit="no" inline="no" virt="non-virtual">
        <type></type>
        <definition>DocFormula::DocFormula</definition>
        <argsstring>(DocNode *parent, int id)</argsstring>
        <name>DocFormula</name>
        <param>
          <type><ref refid="d9/d0e/class_doc_node" kindref="compound">DocNode</ref> *</type>
          <declname>parent</declname>
        </param>
        <param>
          <type>int</type>
          <declname>id</declname>
        </param>
        <briefdescription>
        </briefdescription>
        <detaileddescription>
        </detaileddescription>
        <inbodydescription>
        </inbodydescription>
        <location file="C:/Users/Mat/Projects/doxygraph/examples/doxygen-1.8.4/src/docparser.h" line="487" bodyfile="C:/Users/Mat/Projects/doxygraph/examples/doxygen-1.8.4/src/docparser.cpp" bodystart="2212" bodyend="2225"/>
      </memberdef>
      <memberdef kind="function" id="df/de1/class_doc_formula_1a1e0b1e16b62c6c470eb5e1599eefebee" prot="public" static="no" const="yes" explicit="no" inline="yes" virt="virtual">
        <type><ref refid="d9/d0e/class_doc_node_1aebd16e89ca590d84cbd40543ea5faadb" kindref="member">Kind</ref></type>
        <definition>Kind DocFormula::kind</definition>
        <argsstring>() const </argsstring>
        <name>kind</name>
        <reimplements refid="d9/d0e/class_doc_node_1a108ffd214a72ba6e93dac084a8f58049">kind</reimplements>
        <briefdescription>
        </briefdescription>
        <detaileddescription>
<para>Returns the kind of node. Provides runtime type information </para>        </detaileddescription>
        <inbodydescription>
        </inbodydescription>
        <location file="C:/Users/Mat/Projects/doxygraph/examples/doxygen-1.8.4/src/docparser.h" line="488" bodyfile="C:/Users/Mat/Projects/doxygraph/examples/doxygen-1.8.4/src/docparser.h" bodystart="488" bodyend="488"/>
      </memberdef>
      <memberdef kind="function" id="df/de1/class_doc_formula_1a637dbc660f44394e3e1c83fb36b13ba3" prot="public" static="no" const="yes" explicit="no" inline="yes" virt="non-virtual">
        <type>QCString</type>
        <definition>QCString DocFormula::name</definition>
        <argsstring>() const </argsstring>
        <name>name</name>
        <briefdescription>
        </briefdescription>
        <detaileddescription>
        </detaileddescription>
        <inbodydescription>
        </inbodydescription>
        <location file="C:/Users/Mat/Projects/doxygraph/examples/doxygen-1.8.4/src/docparser.h" line="489" bodyfile="C:/Users/Mat/Projects/doxygraph/examples/doxygen-1.8.4/src/docparser.h" bodystart="489" bodyend="489"/>
      </memberdef>
      <memberdef kind="function" id="df/de1/class_doc_formula_1a4b89e5aa8d72ca35bbc470e076f821fe" prot="public" static="no" const="yes" explicit="no" inline="yes" virt="non-virtual">
        <type>QCString</type>
        <definition>QCString DocFormula::text</definition>
        <argsstring>() const </argsstring>
        <name>text</name>
        <briefdescription>
        </briefdescription>
        <detaileddescription>
        </detaileddescription>
        <inbodydescription>
        </inbodydescription>
        <location file="C:/Users/Mat/Projects/doxygraph/examples/doxygen-1.8.4/src/docparser.h" line="490" bodyfile="C:/Users/Mat/Projects/doxygraph/examples/doxygen-1.8.4/src/docparser.h" bodystart="490" bodyend="490"/>
      </memberdef>
      <memberdef kind="function" id="df/de1/class_doc_formula_1a2d32ac668b182f82d6fb1e058ef163d2" prot="public" static="no" const="yes" explicit="no" inline="yes" virt="non-virtual">
        <type>QCString</type>
        <definition>QCString DocFormula::relPath</definition>
        <argsstring>() const </argsstring>
        <name>relPath</name>
        <briefdescription>
        </briefdescription>
        <detaileddescription>
        </detaileddescription>
        <inbodydescription>
        </inbodydescription>
        <location file="C:/Users/Mat/Projects/doxygraph/examples/doxygen-1.8.4/src/docparser.h" line="491" bodyfile="C:/Users/Mat/Projects/doxygraph/examples/doxygen-1.8.4/src/docparser.h" bodystart="491" bodyend="491"/>
      </memberdef>
      <memberdef kind="function" id="df/de1/class_doc_formula_1a0726c71907cc5e0c094b51a9d241892f" prot="public" static="no" const="yes" explicit="no" inline="yes" virt="non-virtual">
        <type>int</type>
        <definition>int DocFormula::id</definition>
        <argsstring>() const </argsstring>
        <name>id</name>
        <briefdescription>
        </briefdescription>
        <detaileddescription>
        </detaileddescription>
        <inbodydescription>
        </inbodydescription>
        <location file="C:/Users/Mat/Projects/doxygraph/examples/doxygen-1.8.4/src/docparser.h" line="492" bodyfile="C:/Users/Mat/Projects/doxygraph/examples/doxygen-1.8.4/src/docparser.h" bodystart="492" bodyend="492"/>
      </memberdef>
      <memberdef kind="function" id="df/de1/class_doc_formula_1a714e301b3a0805e3f117e42d3953b881" prot="public" static="no" const="no" explicit="no" inline="yes" virt="virtual">
        <type>void</type>
        <definition>void DocFormula::accept</definition>
        <argsstring>(DocVisitor *v)</argsstring>
        <name>accept</name>
        <reimplements refid="d9/d0e/class_doc_node_1a5303a550cbe6395663bf9b9dad28cbf1">accept</reimplements>
        <param>
          <type><ref refid="d0/d78/class_doc_visitor" kindref="compound">DocVisitor</ref> *</type>
          <declname>v</declname>
        </param>
        <briefdescription>
        </briefdescription>
        <detaileddescription>
<para>Acceptor function for node visitors. Part of the visitor pattern. <parameterlist kind="param"><parameteritem>
<parameternamelist>
<parametername>v</parametername>
</parameternamelist>
<parameterdescription>
<para>Abstract visitor. </para></parameterdescription>
</parameteritem>
</parameterlist>
</para>        </detaileddescription>
        <inbodydescription>
        </inbodydescription>
        <location file="C:/Users/Mat/Projects/doxygraph/examples/doxygen-1.8.4/src/docparser.h" line="493" bodyfile="C:/Users/Mat/Projects/doxygraph/examples/doxygen-1.8.4/src/docparser.h" bodystart="493" bodyend="493"/>
      </memberdef>
      <memberdef kind="function" id="df/de1/class_doc_formula_1a3ffb67844f3342f7f7ca97ad1b885cfb" prot="public" static="no" const="no" explicit="no" inline="yes" virt="non-virtual">
        <type>bool</type>
        <definition>bool DocFormula::isInline</definition>
        <argsstring>()</argsstring>
        <name>isInline</name>
        <briefdescription>
        </briefdescription>
        <detaileddescription>
        </detaileddescription>
        <inbodydescription>
        </inbodydescription>
        <location file="C:/Users/Mat/Projects/doxygraph/examples/doxygen-1.8.4/src/docparser.h" line="494" bodyfile="C:/Users/Mat/Projects/doxygraph/examples/doxygen-1.8.4/src/docparser.h" bodystart="494" bodyend="494"/>
      </memberdef>
      </sectiondef>
    <briefdescription>
<para>Node representing an item of a cross-referenced list. </para>    </briefdescription>
    <detaileddescription>
    </detaileddescription>
    <inheritancegraph>
      <node id="2916">
        <label>DocNode</label>
        <link refid="d9/d0e/class_doc_node"/>
      </node>
      <node id="2915">
        <label>DocFormula</label>
        <link refid="df/de1/class_doc_formula"/>
        <childnode refid="2916" relation="public-inheritance">
        </childnode>
      </node>
    </inheritancegraph>
    <collaborationgraph>
      <node id="2918">
        <label>DocNode</label>
        <link refid="d9/d0e/class_doc_node"/>
        <childnode refid="2918" relation="usage">
          <edgelabel>m_parent</edgelabel>
        </childnode>
      </node>
      <node id="2917">
        <label>DocFormula</label>
        <link refid="df/de1/class_doc_formula"/>
        <childnode refid="2918" relation="public-inheritance">
        </childnode>
      </node>
    </collaborationgraph>
    <location file="C:/Users/Mat/Projects/doxygraph/examples/doxygen-1.8.4/src/docparser.h" line="485" bodyfile="C:/Users/Mat/Projects/doxygraph/examples/doxygen-1.8.4/src/docparser.h" bodystart="484" bodyend="501"/>
    <listofallmembers>
      <member refid="df/de1/class_doc_formula_1a714e301b3a0805e3f117e42d3953b881" prot="public" virt="virtual"><scope>DocFormula</scope><name>accept</name></member>
      <member refid="df/de1/class_doc_formula_1a381ed9f6ea1bbfbf5b247f30470417b3" prot="public" virt="non-virtual"><scope>DocFormula</scope><name>DocFormula</name></member>
      <member refid="d9/d0e/class_doc_node_1a98d902adedf9b2270a6673e59dbab89e" prot="public" virt="non-virtual"><scope>DocFormula</scope><name>DocNode</name></member>
      <member refid="df/de1/class_doc_formula_1a0726c71907cc5e0c094b51a9d241892f" prot="public" virt="non-virtual"><scope>DocFormula</scope><name>id</name></member>
      <member refid="df/de1/class_doc_formula_1a3ffb67844f3342f7f7ca97ad1b885cfb" prot="public" virt="non-virtual"><scope>DocFormula</scope><name>isInline</name></member>
      <member refid="d9/d0e/class_doc_node_1aef508bc4dc916756c919594db7930d54" prot="public" virt="non-virtual"><scope>DocFormula</scope><name>isPreformatted</name></member>
      <member refid="df/de1/class_doc_formula_1a1e0b1e16b62c6c470eb5e1599eefebee" prot="public" virt="virtual"><scope>DocFormula</scope><name>kind</name></member>
      <member refid="d9/d0e/class_doc_node_1aebd16e89ca590d84cbd40543ea5faadb" prot="public" virt="non-virtual"><scope>DocFormula</scope><name>Kind</name></member>
      <member refid="d9/d0e/class_doc_node_1aebd16e89ca590d84cbd40543ea5faadba5acf76d5bed04d9f8973b5599e4c7d61" prot="public" virt="non-virtual"><scope>DocFormula</scope><name>Kind_Anchor</name></member>
      <member refid="d9/d0e/class_doc_node_1aebd16e89ca590d84cbd40543ea5faadbaf4af6d302524a2a72e6503fa4b5008cc" prot="public" virt="non-virtual"><scope>DocFormula</scope><name>Kind_AutoList</name></member>
      <member refid="d9/d0e/class_doc_node_1aebd16e89ca590d84cbd40543ea5faadba09e40b89d37e12cd78384c04aea5c185" prot="public" virt="non-virtual"><scope>DocFormula</scope><name>Kind_AutoListItem</name></member>
      <member refid="d9/d0e/class_doc_node_1aebd16e89ca590d84cbd40543ea5faadba2c31b7a4358465ca132212321e15fc20" prot="public" virt="non-virtual"><scope>DocFormula</scope><name>Kind_Copy</name></member>
      <member refid="d9/d0e/class_doc_node_1aebd16e89ca590d84cbd40543ea5faadba31635222d2661ef99e79b44bf3b58382" prot="public" virt="non-virtual"><scope>DocFormula</scope><name>Kind_DotFile</name></member>
      <member refid="d9/d0e/class_doc_node_1aebd16e89ca590d84cbd40543ea5faadbad6f44af7d7a9d2545d12570f1c911514" prot="public" virt="non-virtual"><scope>DocFormula</scope><name>Kind_Formula</name></member>
      <member refid="d9/d0e/class_doc_node_1aebd16e89ca590d84cbd40543ea5faadba66fdcd73d28143e4eee061037d1c0d05" prot="public" virt="non-virtual"><scope>DocFormula</scope><name>Kind_HorRuler</name></member>
      <member refid="d9/d0e/class_doc_node_1aebd16e89ca590d84cbd40543ea5faadba219784882f7a809370a515cbf18c2794" prot="public" virt="non-virtual"><scope>DocFormula</scope><name>Kind_HRef</name></member>
      <member refid="d9/d0e/class_doc_node_1aebd16e89ca590d84cbd40543ea5faadbacfac967afd367665bc4a4890828fc98d" prot="public" virt="non-virtual"><scope>DocFormula</scope><name>Kind_HtmlBlockQuote</name></member>
      <member refid="d9/d0e/class_doc_node_1aebd16e89ca590d84cbd40543ea5faadba3f64e51b724ff9f596689e66165d4e5f" prot="public" virt="non-virtual"><scope>DocFormula</scope><name>Kind_HtmlCaption</name></member>
      <member refid="d9/d0e/class_doc_node_1aebd16e89ca590d84cbd40543ea5faadbae35a8fc01717b7fba896f3f9103b641a" prot="public" virt="non-virtual"><scope>DocFormula</scope><name>Kind_HtmlCell</name></member>
      <member refid="d9/d0e/class_doc_node_1aebd16e89ca590d84cbd40543ea5faadbac9568654cd0eaa2d2e6705eb88b8bb6f" prot="public" virt="non-virtual"><scope>DocFormula</scope><name>Kind_HtmlDescData</name></member>
      <member refid="d9/d0e/class_doc_node_1aebd16e89ca590d84cbd40543ea5faadbad53b68c158dba60a523d4fd261741c1a" prot="public" virt="non-virtual"><scope>DocFormula</scope><name>Kind_HtmlDescList</name></member>
      <member refid="d9/d0e/class_doc_node_1aebd16e89ca590d84cbd40543ea5faadba0e47ad72ee03a88acc5d35755230a4bc" prot="public" virt="non-virtual"><scope>DocFormula</scope><name>Kind_HtmlDescTitle</name></member>
      <member refid="d9/d0e/class_doc_node_1aebd16e89ca590d84cbd40543ea5faadbac559cf092ec1d51d36500217b128df91" prot="public" virt="non-virtual"><scope>DocFormula</scope><name>Kind_HtmlHeader</name></member>
      <member refid="d9/d0e/class_doc_node_1aebd16e89ca590d84cbd40543ea5faadba2d89d13df0a6a173008cc476ed19da5a" prot="public" virt="non-virtual"><scope>DocFormula</scope><name>Kind_HtmlList</name></member>
      <member refid="d9/d0e/class_doc_node_1aebd16e89ca590d84cbd40543ea5faadba3899f85cc2bbe76eebc01969f026c4a8" prot="public" virt="non-virtual"><scope>DocFormula</scope><name>Kind_HtmlListItem</name></member>
      <member refid="d9/d0e/class_doc_node_1aebd16e89ca590d84cbd40543ea5faadba4aecc53268c197469ae7e36a82297f66" prot="public" virt="non-virtual"><scope>DocFormula</scope><name>Kind_HtmlRow</name></member>
      <member refid="d9/d0e/class_doc_node_1aebd16e89ca590d84cbd40543ea5faadbaaa0953fe727d5208d808d6200db9d8c4" prot="public" virt="non-virtual"><scope>DocFormula</scope><name>Kind_HtmlTable</name></member>
      <member refid="d9/d0e/class_doc_node_1aebd16e89ca590d84cbd40543ea5faadba130db602d847e2889247e35215f6ab61" prot="public" virt="non-virtual"><scope>DocFormula</scope><name>Kind_Image</name></member>
      <member refid="d9/d0e/class_doc_node_1aebd16e89ca590d84cbd40543ea5faadba0d394262ed69236213f48850d00655e1" prot="public" virt="non-virtual"><scope>DocFormula</scope><name>Kind_Include</name></member>
      <member refid="d9/d0e/class_doc_node_1aebd16e89ca590d84cbd40543ea5faadba22a463e2625469c3243a58a25ec2ac5e" prot="public" virt="non-virtual"><scope>DocFormula</scope><name>Kind_IncOperator</name></member>
      <member refid="d9/d0e/class_doc_node_1aebd16e89ca590d84cbd40543ea5faadba0c99bba8a3a83741f4cb5b488be07919" prot="public" virt="non-virtual"><scope>DocFormula</scope><name>Kind_IndexEntry</name></member>
      <member refid="d9/d0e/class_doc_node_1aebd16e89ca590d84cbd40543ea5faadbaa908f2050f29caaa1852bc6bfc2167d7" prot="public" virt="non-virtual"><scope>DocFormula</scope><name>Kind_Internal</name></member>
      <member refid="d9/d0e/class_doc_node_1aebd16e89ca590d84cbd40543ea5faadba08795b9078b94b17470db06f10e47e9a" prot="public" virt="non-virtual"><scope>DocFormula</scope><name>Kind_InternalRef</name></member>
      <member refid="d9/d0e/class_doc_node_1aebd16e89ca590d84cbd40543ea5faadba806ec6c0d1fe6c3d855364ae3ab6f02e" prot="public" virt="non-virtual"><scope>DocFormula</scope><name>Kind_LineBreak</name></member>
      <member refid="d9/d0e/class_doc_node_1aebd16e89ca590d84cbd40543ea5faadba3ea5a7ccd9136dff8ecd035c4d403c4d" prot="public" virt="non-virtual"><scope>DocFormula</scope><name>Kind_Link</name></member>
      <member refid="d9/d0e/class_doc_node_1aebd16e89ca590d84cbd40543ea5faadba3078fef47a0dd99f4a3c2ea943e9dc38" prot="public" virt="non-virtual"><scope>DocFormula</scope><name>Kind_LinkedWord</name></member>
      <member refid="d9/d0e/class_doc_node_1aebd16e89ca590d84cbd40543ea5faadbaf7a503a623b646514dbf0a1cdd4bc56d" prot="public" virt="non-virtual"><scope>DocFormula</scope><name>Kind_MscFile</name></member>
      <member refid="d9/d0e/class_doc_node_1aebd16e89ca590d84cbd40543ea5faadbab386d3972ee5815e6403a2ba94d13da7" prot="public" virt="non-virtual"><scope>DocFormula</scope><name>Kind_Para</name></member>
      <member refid="d9/d0e/class_doc_node_1aebd16e89ca590d84cbd40543ea5faadbada1efab7269767fb09ed0468023d47ef" prot="public" virt="non-virtual"><scope>DocFormula</scope><name>Kind_ParamList</name></member>
      <member refid="d9/d0e/class_doc_node_1aebd16e89ca590d84cbd40543ea5faadba98f09f518a149bbd2ca945d8be62b2eb" prot="public" virt="non-virtual"><scope>DocFormula</scope><name>Kind_ParamSect</name></member>
      <member refid="d9/d0e/class_doc_node_1aebd16e89ca590d84cbd40543ea5faadba7e37091374b5c3a40bc6080b727b8633" prot="public" virt="non-virtual"><scope>DocFormula</scope><name>Kind_Ref</name></member>
      <member refid="d9/d0e/class_doc_node_1aebd16e89ca590d84cbd40543ea5faadba40f32b4da392f2e607acd9dcd51e97ef" prot="public" virt="non-virtual"><scope>DocFormula</scope><name>Kind_Root</name></member>
      <member refid="d9/d0e/class_doc_node_1aebd16e89ca590d84cbd40543ea5faadbab434fb5f35821ac8e092397720a9986e" prot="public" virt="non-virtual"><scope>DocFormula</scope><name>Kind_SecRefItem</name></member>
      <member refid="d9/d0e/class_doc_node_1aebd16e89ca590d84cbd40543ea5faadba8a1dc5275094432667a3b3f60ca6924e" prot="public" virt="non-virtual"><scope>DocFormula</scope><name>Kind_SecRefList</name></member>
      <member refid="d9/d0e/class_doc_node_1aebd16e89ca590d84cbd40543ea5faadba2adb5849cad20cab071f918a8da06938" prot="public" virt="non-virtual"><scope>DocFormula</scope><name>Kind_Section</name></member>
      <member refid="d9/d0e/class_doc_node_1aebd16e89ca590d84cbd40543ea5faadba653816fa54d8104dc69848cd470e9e50" prot="public" virt="non-virtual"><scope>DocFormula</scope><name>Kind_SimpleList</name></member>
      <member refid="d9/d0e/class_doc_node_1aebd16e89ca590d84cbd40543ea5faadba3484d4b967a5e3650a21218cafe45bfc" prot="public" virt="non-virtual"><scope>DocFormula</scope><name>Kind_SimpleListItem</name></member>
      <member refid="d9/d0e/class_doc_node_1aebd16e89ca590d84cbd40543ea5faadbac383a7308a123820e290b129354b945b" prot="public" virt="non-virtual"><scope>DocFormula</scope><name>Kind_SimpleSect</name></member>
      <member refid="d9/d0e/class_doc_node_1aebd16e89ca590d84cbd40543ea5faadba9e64be26f9961dd56b44dc8bf940f612" prot="public" virt="non-virtual"><scope>DocFormula</scope><name>Kind_SimpleSectSep</name></member>
      <member refid="d9/d0e/class_doc_node_1aebd16e89ca590d84cbd40543ea5faadba23b15e9d0bd5a796e7ea6bc5ddb90a51" prot="public" virt="non-virtual"><scope>DocFormula</scope><name>Kind_StyleChange</name></member>
      <member refid="d9/d0e/class_doc_node_1aebd16e89ca590d84cbd40543ea5faadba11cfbdc9641f7d5e57bbf9d2d1ac29f6" prot="public" virt="non-virtual"><scope>DocFormula</scope><name>Kind_Symbol</name></member>
      <member refid="d9/d0e/class_doc_node_1aebd16e89ca590d84cbd40543ea5faadba7625967c18a27b98c0253b1d8813b22a" prot="public" virt="non-virtual"><scope>DocFormula</scope><name>Kind_Text</name></member>
      <member refid="d9/d0e/class_doc_node_1aebd16e89ca590d84cbd40543ea5faadba3a4f43b18aee3dae38339c2e322f019d" prot="public" virt="non-virtual"><scope>DocFormula</scope><name>Kind_Title</name></member>
      <member refid="d9/d0e/class_doc_node_1aebd16e89ca590d84cbd40543ea5faadbaf65de407d32b599b5b8e3172e910921f" prot="public" virt="non-virtual"><scope>DocFormula</scope><name>Kind_URL</name></member>
      <member refid="d9/d0e/class_doc_node_1aebd16e89ca590d84cbd40543ea5faadba647ae404715ce1ea95d747d03302d069" prot="public" virt="non-virtual"><scope>DocFormula</scope><name>Kind_Verbatim</name></member>
      <member refid="d9/d0e/class_doc_node_1aebd16e89ca590d84cbd40543ea5faadba2c92a0041dfb7d3d024370d59840a9ec" prot="public" virt="non-virtual"><scope>DocFormula</scope><name>Kind_VhdlFlow</name></member>
      <member refid="d9/d0e/class_doc_node_1aebd16e89ca590d84cbd40543ea5faadba19ac8d817d8ba62f451c9ac6b06052c9" prot="public" virt="non-virtual"><scope>DocFormula</scope><name>Kind_WhiteSpace</name></member>
      <member refid="d9/d0e/class_doc_node_1aebd16e89ca590d84cbd40543ea5faadbafaa72c1c3a23f07645d1546177e265ad" prot="public" virt="non-virtual"><scope>DocFormula</scope><name>Kind_Word</name></member>
      <member refid="d9/d0e/class_doc_node_1aebd16e89ca590d84cbd40543ea5faadbabf87f371a0f69d86d0e6606d31133d40" prot="public" virt="non-virtual"><scope>DocFormula</scope><name>Kind_XRefItem</name></member>
      <member refid="df/de1/class_doc_formula_1a4233be60e0519a3386b6866b0281324e" prot="private" virt="non-virtual"><scope>DocFormula</scope><name>m_id</name></member>
      <member refid="df/de1/class_doc_formula_1ada8d3f8af9f6412342c7cfecb34b7da0" prot="private" virt="non-virtual"><scope>DocFormula</scope><name>m_name</name></member>
      <member refid="d9/d0e/class_doc_node_1a5f1139016d8919795a0e1c722d3e4b91" prot="protected" virt="non-virtual"><scope>DocFormula</scope><name>m_parent</name></member>
      <member refid="df/de1/class_doc_formula_1a0f51f9183b2945ed91b8f2fd5eda1433" prot="private" virt="non-virtual"><scope>DocFormula</scope><name>m_relPath</name></member>
      <member refid="df/de1/class_doc_formula_1a6f50c483044f645d715a7f0f5b3f3cf9" prot="private" virt="non-virtual"><scope>DocFormula</scope><name>m_text</name></member>
      <member refid="df/de1/class_doc_formula_1a637dbc660f44394e3e1c83fb36b13ba3" prot="public" virt="non-virtual"><scope>DocFormula</scope><name>name</name></member>
      <member refid="d9/d0e/class_doc_node_1a990d8b983962776a647e6231d38bd329" prot="public" virt="non-virtual"><scope>DocFormula</scope><name>parent</name></member>
      <member refid="df/de1/class_doc_formula_1a2d32ac668b182f82d6fb1e058ef163d2" prot="public" virt="non-virtual"><scope>DocFormula</scope><name>relPath</name></member>
      <member refid="d9/d0e/class_doc_node_1a7059408f429dc1358764e334079ca986" prot="protected" virt="non-virtual"><scope>DocFormula</scope><name>setInsidePreformatted</name></member>
      <member refid="d9/d0e/class_doc_node_1a2855de7ff1248fdb71e579087ae56098" prot="public" virt="non-virtual"><scope>DocFormula</scope><name>setParent</name></member>
      <member refid="df/de1/class_doc_formula_1a4b89e5aa8d72ca35bbc470e076f821fe" prot="public" virt="non-virtual"><scope>DocFormula</scope><name>text</name></member>
      <member refid="d9/d0e/class_doc_node_1a024e5ba89b140e83416f9f85f5f6d036" prot="public" virt="virtual"><scope>DocFormula</scope><name>~DocNode</name></member>
    </listofallmembers>
  </compounddef>
</doxygen>
