<?xml version='1.0' encoding='UTF-8' standalone='no'?>
<doxygen xmlns:xsi="http://www.w3.org/2001/XMLSchema-instance" xsi:noNamespaceSchemaLocation="compound.xsd" version="1.8.2">
  <compounddef id="df/d40/struct_cite_info" kind="struct" prot="public">
    <compoundname>CiteInfo</compoundname>
    <includes refid="d7/d69/cite_8h" local="no">cite.h</includes>
      <sectiondef kind="public-attrib">
      <memberdef kind="variable" id="df/d40/struct_cite_info_1a890d06cbf9082f55099c244a53319ea2" prot="public" static="no" mutable="no">
        <type>QCString</type>
        <definition>QCString CiteInfo::label</definition>
        <argsstring></argsstring>
        <name>label</name>
        <briefdescription>
        </briefdescription>
        <detaileddescription>
        </detaileddescription>
        <inbodydescription>
        </inbodydescription>
        <location file="C:/Users/Mat/Projects/doxygraph/examples/doxygen-1.8.4/src/cite.h" line="44" bodyfile="C:/Users/Mat/Projects/doxygraph/examples/doxygen-1.8.4/src/cite.h" bodystart="44" bodyend="-1"/>
      </memberdef>
      <memberdef kind="variable" id="df/d40/struct_cite_info_1a2823a2e8898a833bacf931d188e1fd19" prot="public" static="no" mutable="no">
        <type>QCString</type>
        <definition>QCString CiteInfo::text</definition>
        <argsstring></argsstring>
        <name>text</name>
        <briefdescription>
        </briefdescription>
        <detaileddescription>
        </detaileddescription>
        <inbodydescription>
        </inbodydescription>
        <location file="C:/Users/Mat/Projects/doxygraph/examples/doxygen-1.8.4/src/cite.h" line="45" bodyfile="C:/Users/Mat/Projects/doxygraph/examples/doxygen-1.8.4/src/cite.h" bodystart="45" bodyend="-1"/>
      </memberdef>
      <memberdef kind="variable" id="df/d40/struct_cite_info_1a0afbc201283c71463729e97ff3e981df" prot="public" static="no" mutable="no">
        <type>QCString</type>
        <definition>QCString CiteInfo::fullText</definition>
        <argsstring></argsstring>
        <name>fullText</name>
        <briefdescription>
        </briefdescription>
        <detaileddescription>
        </detaileddescription>
        <inbodydescription>
        </inbodydescription>
        <location file="C:/Users/Mat/Projects/doxygraph/examples/doxygen-1.8.4/src/cite.h" line="46" bodyfile="C:/Users/Mat/Projects/doxygraph/examples/doxygen-1.8.4/src/cite.h" bodystart="46" bodyend="-1"/>
      </memberdef>
      <memberdef kind="variable" id="df/d40/struct_cite_info_1a5d290206c0dc2efaf99b253c4413aac6" prot="public" static="no" mutable="no">
        <type>QCString</type>
        <definition>QCString CiteInfo::ref</definition>
        <argsstring></argsstring>
        <name>ref</name>
        <briefdescription>
        </briefdescription>
        <detaileddescription>
        </detaileddescription>
        <inbodydescription>
        </inbodydescription>
        <location file="C:/Users/Mat/Projects/doxygraph/examples/doxygen-1.8.4/src/cite.h" line="47" bodyfile="C:/Users/Mat/Projects/doxygraph/examples/doxygen-1.8.4/src/cite.h" bodystart="47" bodyend="-1"/>
      </memberdef>
      </sectiondef>
      <sectiondef kind="public-func">
      <memberdef kind="function" id="df/d40/struct_cite_info_1a2546c0db77c9357896fe497171ff2b51" prot="public" static="no" const="no" explicit="no" inline="yes" virt="non-virtual">
        <type></type>
        <definition>CiteInfo::CiteInfo</definition>
        <argsstring>(const char *label_, const char *text_=0, const char *fullText_=0, const char *ref_=0)</argsstring>
        <name>CiteInfo</name>
        <param>
          <type>const char *</type>
          <declname>label_</declname>
        </param>
        <param>
          <type>const char *</type>
          <declname>text_</declname>
          <defval>0</defval>
        </param>
        <param>
          <type>const char *</type>
          <declname>fullText_</declname>
          <defval>0</defval>
        </param>
        <param>
          <type>const char *</type>
          <declname>ref_</declname>
          <defval>0</defval>
        </param>
        <briefdescription>
        </briefdescription>
        <detaileddescription>
        </detaileddescription>
        <inbodydescription>
        </inbodydescription>
        <location file="C:/Users/Mat/Projects/doxygraph/examples/doxygen-1.8.4/src/cite.h" line="39" bodyfile="C:/Users/Mat/Projects/doxygraph/examples/doxygen-1.8.4/src/cite.h" bodystart="36" bodyend="39"/>
      </memberdef>
      <memberdef kind="function" id="df/d40/struct_cite_info_1ac9e08095b548dfb6d1e78197de8d222a" prot="public" static="no" const="no" explicit="no" inline="yes" virt="non-virtual">
        <type></type>
        <definition>CiteInfo::CiteInfo</definition>
        <argsstring>(const CiteInfo &amp;o)</argsstring>
        <name>CiteInfo</name>
        <param>
          <type>const <ref refid="df/d40/struct_cite_info" kindref="compound">CiteInfo</ref> &amp;</type>
          <declname>o</declname>
        </param>
        <briefdescription>
        </briefdescription>
        <detaileddescription>
        </detaileddescription>
        <inbodydescription>
        </inbodydescription>
        <location file="C:/Users/Mat/Projects/doxygraph/examples/doxygen-1.8.4/src/cite.h" line="42" bodyfile="C:/Users/Mat/Projects/doxygraph/examples/doxygen-1.8.4/src/cite.h" bodystart="41" bodyend="42"/>
      </memberdef>
      </sectiondef>
    <briefdescription>
<para>Citation-related data. </para>    </briefdescription>
    <detaileddescription>
    </detaileddescription>
    <location file="C:/Users/Mat/Projects/doxygraph/examples/doxygen-1.8.4/src/cite.h" line="35" bodyfile="C:/Users/Mat/Projects/doxygraph/examples/doxygen-1.8.4/src/cite.h" bodystart="34" bodyend="49"/>
    <listofallmembers>
      <member refid="df/d40/struct_cite_info_1a2546c0db77c9357896fe497171ff2b51" prot="public" virt="non-virtual"><scope>CiteInfo</scope><name>CiteInfo</name></member>
      <member refid="df/d40/struct_cite_info_1ac9e08095b548dfb6d1e78197de8d222a" prot="public" virt="non-virtual"><scope>CiteInfo</scope><name>CiteInfo</name></member>
      <member refid="df/d40/struct_cite_info_1a0afbc201283c71463729e97ff3e981df" prot="public" virt="non-virtual"><scope>CiteInfo</scope><name>fullText</name></member>
      <member refid="df/d40/struct_cite_info_1a890d06cbf9082f55099c244a53319ea2" prot="public" virt="non-virtual"><scope>CiteInfo</scope><name>label</name></member>
      <member refid="df/d40/struct_cite_info_1a5d290206c0dc2efaf99b253c4413aac6" prot="public" virt="non-virtual"><scope>CiteInfo</scope><name>ref</name></member>
      <member refid="df/d40/struct_cite_info_1a2823a2e8898a833bacf931d188e1fd19" prot="public" virt="non-virtual"><scope>CiteInfo</scope><name>text</name></member>
    </listofallmembers>
  </compounddef>
</doxygen>
