<?xml version='1.0' encoding='UTF-8' standalone='no'?>
<doxygen xmlns:xsi="http://www.w3.org/2001/XMLSchema-instance" xsi:noNamespaceSchemaLocation="compound.xsd" version="1.8.2">
  <compounddef id="d5/d0f/struct_lode_p_n_g___info_color" kind="struct" prot="public">
    <compoundname>LodePNG_InfoColor</compoundname>
      <sectiondef kind="public-attrib">
      <memberdef kind="variable" id="d5/d0f/struct_lode_p_n_g___info_color_1a4ed18d179c5078137a18e742b1c41a00" prot="public" static="no" mutable="no">
        <type>unsigned</type>
        <definition>unsigned LodePNG_InfoColor::colorType</definition>
        <argsstring></argsstring>
        <name>colorType</name>
        <briefdescription>
        </briefdescription>
        <detaileddescription>
        </detaileddescription>
        <inbodydescription>
        </inbodydescription>
        <location file="C:/Users/Mat/Projects/doxygraph/examples/doxygen-1.8.4/src/lodepng.h" line="127" bodyfile="C:/Users/Mat/Projects/doxygraph/examples/doxygen-1.8.4/src/lodepng.h" bodystart="127" bodyend="-1"/>
      </memberdef>
      <memberdef kind="variable" id="d5/d0f/struct_lode_p_n_g___info_color_1a9d538965a46d59bbdea744da8b290591" prot="public" static="no" mutable="no">
        <type>unsigned</type>
        <definition>unsigned LodePNG_InfoColor::bitDepth</definition>
        <argsstring></argsstring>
        <name>bitDepth</name>
        <briefdescription>
        </briefdescription>
        <detaileddescription>
        </detaileddescription>
        <inbodydescription>
        </inbodydescription>
        <location file="C:/Users/Mat/Projects/doxygraph/examples/doxygen-1.8.4/src/lodepng.h" line="128" bodyfile="C:/Users/Mat/Projects/doxygraph/examples/doxygen-1.8.4/src/lodepng.h" bodystart="128" bodyend="-1"/>
      </memberdef>
      <memberdef kind="variable" id="d5/d0f/struct_lode_p_n_g___info_color_1ac6de7ff58cb1f39a73567abb826f72f5" prot="public" static="no" mutable="no">
        <type>unsigned char *</type>
        <definition>unsigned char* LodePNG_InfoColor::palette</definition>
        <argsstring></argsstring>
        <name>palette</name>
        <briefdescription>
        </briefdescription>
        <detaileddescription>
        </detaileddescription>
        <inbodydescription>
        </inbodydescription>
        <location file="C:/Users/Mat/Projects/doxygraph/examples/doxygen-1.8.4/src/lodepng.h" line="131" bodyfile="C:/Users/Mat/Projects/doxygraph/examples/doxygen-1.8.4/src/lodepng.h" bodystart="131" bodyend="-1"/>
      </memberdef>
      <memberdef kind="variable" id="d5/d0f/struct_lode_p_n_g___info_color_1a49842a304ffd0abc8aa791030c5fa5dd" prot="public" static="no" mutable="no">
        <type>size_t</type>
        <definition>size_t LodePNG_InfoColor::palettesize</definition>
        <argsstring></argsstring>
        <name>palettesize</name>
        <briefdescription>
        </briefdescription>
        <detaileddescription>
        </detaileddescription>
        <inbodydescription>
        </inbodydescription>
        <location file="C:/Users/Mat/Projects/doxygraph/examples/doxygen-1.8.4/src/lodepng.h" line="132" bodyfile="C:/Users/Mat/Projects/doxygraph/examples/doxygen-1.8.4/src/lodepng.h" bodystart="132" bodyend="-1"/>
      </memberdef>
      <memberdef kind="variable" id="d5/d0f/struct_lode_p_n_g___info_color_1aa0193ce13025c776a0dfb1e6d1bed14a" prot="public" static="no" mutable="no">
        <type>unsigned</type>
        <definition>unsigned LodePNG_InfoColor::key_defined</definition>
        <argsstring></argsstring>
        <name>key_defined</name>
        <briefdescription>
        </briefdescription>
        <detaileddescription>
        </detaileddescription>
        <inbodydescription>
        </inbodydescription>
        <location file="C:/Users/Mat/Projects/doxygraph/examples/doxygen-1.8.4/src/lodepng.h" line="135" bodyfile="C:/Users/Mat/Projects/doxygraph/examples/doxygen-1.8.4/src/lodepng.h" bodystart="135" bodyend="-1"/>
      </memberdef>
      <memberdef kind="variable" id="d5/d0f/struct_lode_p_n_g___info_color_1a5536a8859201cd11df789ec7ad8263df" prot="public" static="no" mutable="no">
        <type>unsigned</type>
        <definition>unsigned LodePNG_InfoColor::key_r</definition>
        <argsstring></argsstring>
        <name>key_r</name>
        <briefdescription>
        </briefdescription>
        <detaileddescription>
        </detaileddescription>
        <inbodydescription>
        </inbodydescription>
        <location file="C:/Users/Mat/Projects/doxygraph/examples/doxygen-1.8.4/src/lodepng.h" line="136" bodyfile="C:/Users/Mat/Projects/doxygraph/examples/doxygen-1.8.4/src/lodepng.h" bodystart="136" bodyend="-1"/>
      </memberdef>
      <memberdef kind="variable" id="d5/d0f/struct_lode_p_n_g___info_color_1a44bf4906335328972acebd6c8b83a073" prot="public" static="no" mutable="no">
        <type>unsigned</type>
        <definition>unsigned LodePNG_InfoColor::key_g</definition>
        <argsstring></argsstring>
        <name>key_g</name>
        <briefdescription>
        </briefdescription>
        <detaileddescription>
        </detaileddescription>
        <inbodydescription>
        </inbodydescription>
        <location file="C:/Users/Mat/Projects/doxygraph/examples/doxygen-1.8.4/src/lodepng.h" line="137" bodyfile="C:/Users/Mat/Projects/doxygraph/examples/doxygen-1.8.4/src/lodepng.h" bodystart="137" bodyend="-1"/>
      </memberdef>
      <memberdef kind="variable" id="d5/d0f/struct_lode_p_n_g___info_color_1a9f99cc5b4366f1eed325d13b4f191560" prot="public" static="no" mutable="no">
        <type>unsigned</type>
        <definition>unsigned LodePNG_InfoColor::key_b</definition>
        <argsstring></argsstring>
        <name>key_b</name>
        <briefdescription>
        </briefdescription>
        <detaileddescription>
        </detaileddescription>
        <inbodydescription>
        </inbodydescription>
        <location file="C:/Users/Mat/Projects/doxygraph/examples/doxygen-1.8.4/src/lodepng.h" line="138" bodyfile="C:/Users/Mat/Projects/doxygraph/examples/doxygen-1.8.4/src/lodepng.h" bodystart="138" bodyend="-1"/>
      </memberdef>
      </sectiondef>
    <briefdescription>
    </briefdescription>
    <detaileddescription>
    </detaileddescription>
    <location file="C:/Users/Mat/Projects/doxygraph/examples/doxygen-1.8.4/src/lodepng.h" line="125" bodyfile="C:/Users/Mat/Projects/doxygraph/examples/doxygen-1.8.4/src/lodepng.h" bodystart="124" bodyend="139"/>
    <listofallmembers>
      <member refid="d5/d0f/struct_lode_p_n_g___info_color_1a9d538965a46d59bbdea744da8b290591" prot="public" virt="non-virtual"><scope>LodePNG_InfoColor</scope><name>bitDepth</name></member>
      <member refid="d5/d0f/struct_lode_p_n_g___info_color_1a4ed18d179c5078137a18e742b1c41a00" prot="public" virt="non-virtual"><scope>LodePNG_InfoColor</scope><name>colorType</name></member>
      <member refid="d5/d0f/struct_lode_p_n_g___info_color_1a9f99cc5b4366f1eed325d13b4f191560" prot="public" virt="non-virtual"><scope>LodePNG_InfoColor</scope><name>key_b</name></member>
      <member refid="d5/d0f/struct_lode_p_n_g___info_color_1aa0193ce13025c776a0dfb1e6d1bed14a" prot="public" virt="non-virtual"><scope>LodePNG_InfoColor</scope><name>key_defined</name></member>
      <member refid="d5/d0f/struct_lode_p_n_g___info_color_1a44bf4906335328972acebd6c8b83a073" prot="public" virt="non-virtual"><scope>LodePNG_InfoColor</scope><name>key_g</name></member>
      <member refid="d5/d0f/struct_lode_p_n_g___info_color_1a5536a8859201cd11df789ec7ad8263df" prot="public" virt="non-virtual"><scope>LodePNG_InfoColor</scope><name>key_r</name></member>
      <member refid="d5/d0f/struct_lode_p_n_g___info_color_1ac6de7ff58cb1f39a73567abb826f72f5" prot="public" virt="non-virtual"><scope>LodePNG_InfoColor</scope><name>palette</name></member>
      <member refid="d5/d0f/struct_lode_p_n_g___info_color_1a49842a304ffd0abc8aa791030c5fa5dd" prot="public" virt="non-virtual"><scope>LodePNG_InfoColor</scope><name>palettesize</name></member>
    </listofallmembers>
  </compounddef>
</doxygen>
