<?xml version='1.0' encoding='UTF-8' standalone='no'?>
<doxygen xmlns:xsi="http://www.w3.org/2001/XMLSchema-instance" xsi:noNamespaceSchemaLocation="compound.xsd" version="1.8.2">
  <compounddef id="d6/df4/struct_token_info" kind="struct" prot="public">
    <compoundname>TokenInfo</compoundname>
    <includes refid="d0/d0c/doctokenizer_8h" local="no">doctokenizer.h</includes>
      <sectiondef kind="public-type">
      <memberdef kind="enum" id="d6/df4/struct_token_info_1acc77be95dcb06cac9e3954a1ab62c443" prot="public" static="no">
        <name>ParamDir</name>
        <enumvalue id="d6/df4/struct_token_info_1acc77be95dcb06cac9e3954a1ab62c443a430d723273d0bce74134074236310cb3" prot="public">
          <name>In</name>
          <initializer>=1</initializer>
          <briefdescription>
          </briefdescription>
          <detaileddescription>
          </detaileddescription>
        </enumvalue>
        <enumvalue id="d6/df4/struct_token_info_1acc77be95dcb06cac9e3954a1ab62c443a015517728a8cf2e9afa7daf358494b7f" prot="public">
          <name>Out</name>
          <initializer>=2</initializer>
          <briefdescription>
          </briefdescription>
          <detaileddescription>
          </detaileddescription>
        </enumvalue>
        <enumvalue id="d6/df4/struct_token_info_1acc77be95dcb06cac9e3954a1ab62c443ab035bcc98eb9bf542c4ab3d20b3ad3ca" prot="public">
          <name>InOut</name>
          <initializer>=3</initializer>
          <briefdescription>
          </briefdescription>
          <detaileddescription>
          </detaileddescription>
        </enumvalue>
        <enumvalue id="d6/df4/struct_token_info_1acc77be95dcb06cac9e3954a1ab62c443a4970bd30967b6173cb3aeb899cfc7a1a" prot="public">
          <name>Unspecified</name>
          <initializer>=0</initializer>
          <briefdescription>
          </briefdescription>
          <detaileddescription>
          </detaileddescription>
        </enumvalue>
        <briefdescription>
        </briefdescription>
        <detaileddescription>
        </detaileddescription>
        <inbodydescription>
        </inbodydescription>
        <location file="C:/Users/Mat/Projects/doxygraph/examples/doxygen-1.8.4/src/doctokenizer.h" line="111" bodyfile="C:/Users/Mat/Projects/doxygraph/examples/doxygen-1.8.4/src/doctokenizer.h" bodystart="111" bodyend="111"/>
      </memberdef>
      </sectiondef>
      <sectiondef kind="public-attrib">
      <memberdef kind="variable" id="d6/df4/struct_token_info_1a6c01376dcc8a973fa6cfbdb54a71a7cf" prot="public" static="no" mutable="no">
        <type>char</type>
        <definition>char TokenInfo::unknownChar</definition>
        <argsstring></argsstring>
        <name>unknownChar</name>
        <briefdescription>
        </briefdescription>
        <detaileddescription>
        </detaileddescription>
        <inbodydescription>
        </inbodydescription>
        <location file="C:/Users/Mat/Projects/doxygraph/examples/doxygen-1.8.4/src/doctokenizer.h" line="72" bodyfile="C:/Users/Mat/Projects/doxygraph/examples/doxygen-1.8.4/src/doctokenizer.h" bodystart="72" bodyend="-1"/>
      </memberdef>
      <memberdef kind="variable" id="d6/df4/struct_token_info_1ad01df4cf228c63091fd14007b7331b8e" prot="public" static="no" mutable="no">
        <type>QCString</type>
        <definition>QCString TokenInfo::name</definition>
        <argsstring></argsstring>
        <name>name</name>
        <briefdescription>
        </briefdescription>
        <detaileddescription>
        </detaileddescription>
        <inbodydescription>
        </inbodydescription>
        <location file="C:/Users/Mat/Projects/doxygraph/examples/doxygen-1.8.4/src/doctokenizer.h" line="75" bodyfile="C:/Users/Mat/Projects/doxygraph/examples/doxygen-1.8.4/src/doctokenizer.h" bodystart="75" bodyend="-1"/>
      </memberdef>
      <memberdef kind="variable" id="d6/df4/struct_token_info_1a55ddc22fdcbb1121681b831154389e07" prot="public" static="no" mutable="no">
        <type>QCString</type>
        <definition>QCString TokenInfo::text</definition>
        <argsstring></argsstring>
        <name>text</name>
        <briefdescription>
        </briefdescription>
        <detaileddescription>
        </detaileddescription>
        <inbodydescription>
        </inbodydescription>
        <location file="C:/Users/Mat/Projects/doxygraph/examples/doxygen-1.8.4/src/doctokenizer.h" line="78" bodyfile="C:/Users/Mat/Projects/doxygraph/examples/doxygen-1.8.4/src/doctokenizer.h" bodystart="78" bodyend="-1"/>
      </memberdef>
      <memberdef kind="variable" id="d6/df4/struct_token_info_1a402c7432dcd346501c8e07b8f8fb5df9" prot="public" static="no" mutable="no">
        <type>bool</type>
        <definition>bool TokenInfo::isEnumList</definition>
        <argsstring></argsstring>
        <name>isEnumList</name>
        <briefdescription>
        </briefdescription>
        <detaileddescription>
        </detaileddescription>
        <inbodydescription>
        </inbodydescription>
        <location file="C:/Users/Mat/Projects/doxygraph/examples/doxygen-1.8.4/src/doctokenizer.h" line="83" bodyfile="C:/Users/Mat/Projects/doxygraph/examples/doxygen-1.8.4/src/doctokenizer.h" bodystart="83" bodyend="-1"/>
      </memberdef>
      <memberdef kind="variable" id="d6/df4/struct_token_info_1aaa051d5e146647070e9a82f545243e46" prot="public" static="no" mutable="no">
        <type>int</type>
        <definition>int TokenInfo::indent</definition>
        <argsstring></argsstring>
        <name>indent</name>
        <briefdescription>
        </briefdescription>
        <detaileddescription>
        </detaileddescription>
        <inbodydescription>
        </inbodydescription>
        <location file="C:/Users/Mat/Projects/doxygraph/examples/doxygen-1.8.4/src/doctokenizer.h" line="84" bodyfile="C:/Users/Mat/Projects/doxygraph/examples/doxygen-1.8.4/src/doctokenizer.h" bodystart="84" bodyend="-1"/>
      </memberdef>
      <memberdef kind="variable" id="d6/df4/struct_token_info_1a60510e59ef059f69c4c3c44547cdf68d" prot="public" static="no" mutable="no">
        <type>QCString</type>
        <definition>QCString TokenInfo::sectionId</definition>
        <argsstring></argsstring>
        <name>sectionId</name>
        <briefdescription>
        </briefdescription>
        <detaileddescription>
        </detaileddescription>
        <inbodydescription>
        </inbodydescription>
        <location file="C:/Users/Mat/Projects/doxygraph/examples/doxygen-1.8.4/src/doctokenizer.h" line="87" bodyfile="C:/Users/Mat/Projects/doxygraph/examples/doxygen-1.8.4/src/doctokenizer.h" bodystart="87" bodyend="-1"/>
      </memberdef>
      <memberdef kind="variable" id="d6/df4/struct_token_info_1af3c275c68061c64ea6b5fb513a6d118b" prot="public" static="no" mutable="no">
        <type>QCString</type>
        <definition>QCString TokenInfo::simpleSectName</definition>
        <argsstring></argsstring>
        <name>simpleSectName</name>
        <briefdescription>
        </briefdescription>
        <detaileddescription>
        </detaileddescription>
        <inbodydescription>
        </inbodydescription>
        <location file="C:/Users/Mat/Projects/doxygraph/examples/doxygen-1.8.4/src/doctokenizer.h" line="90" bodyfile="C:/Users/Mat/Projects/doxygraph/examples/doxygen-1.8.4/src/doctokenizer.h" bodystart="90" bodyend="-1"/>
      </memberdef>
      <memberdef kind="variable" id="d6/df4/struct_token_info_1ab1f904a5dcf5fd5ac09be589a7ad734e" prot="public" static="no" mutable="no">
        <type>QCString</type>
        <definition>QCString TokenInfo::simpleSectText</definition>
        <argsstring></argsstring>
        <name>simpleSectText</name>
        <briefdescription>
        </briefdescription>
        <detaileddescription>
        </detaileddescription>
        <inbodydescription>
        </inbodydescription>
        <location file="C:/Users/Mat/Projects/doxygraph/examples/doxygen-1.8.4/src/doctokenizer.h" line="91" bodyfile="C:/Users/Mat/Projects/doxygraph/examples/doxygen-1.8.4/src/doctokenizer.h" bodystart="91" bodyend="-1"/>
      </memberdef>
      <memberdef kind="variable" id="d6/df4/struct_token_info_1a3fec10a272a450f7dd40948b5d6e33b4" prot="public" static="no" mutable="no">
        <type>QCString</type>
        <definition>QCString TokenInfo::verb</definition>
        <argsstring></argsstring>
        <name>verb</name>
        <briefdescription>
        </briefdescription>
        <detaileddescription>
        </detaileddescription>
        <inbodydescription>
        </inbodydescription>
        <location file="C:/Users/Mat/Projects/doxygraph/examples/doxygen-1.8.4/src/doctokenizer.h" line="94" bodyfile="C:/Users/Mat/Projects/doxygraph/examples/doxygen-1.8.4/src/doctokenizer.h" bodystart="94" bodyend="-1"/>
      </memberdef>
      <memberdef kind="variable" id="d6/df4/struct_token_info_1ab9c0ff8ec2c582d0e55e80ae35ec6d7e" prot="public" static="no" mutable="no">
        <type>int</type>
        <definition>int TokenInfo::id</definition>
        <argsstring></argsstring>
        <name>id</name>
        <briefdescription>
        </briefdescription>
        <detaileddescription>
        </detaileddescription>
        <inbodydescription>
        </inbodydescription>
        <location file="C:/Users/Mat/Projects/doxygraph/examples/doxygen-1.8.4/src/doctokenizer.h" line="97" bodyfile="C:/Users/Mat/Projects/doxygraph/examples/doxygen-1.8.4/src/doctokenizer.h" bodystart="97" bodyend="-1"/>
      </memberdef>
      <memberdef kind="variable" id="d6/df4/struct_token_info_1a811b08400dcdf6aa65b3fd3149b890c9" prot="public" static="no" mutable="no">
        <type><ref refid="db/d4d/class_html_attrib_list" kindref="compound">HtmlAttribList</ref></type>
        <definition>HtmlAttribList TokenInfo::attribs</definition>
        <argsstring></argsstring>
        <name>attribs</name>
        <briefdescription>
        </briefdescription>
        <detaileddescription>
        </detaileddescription>
        <inbodydescription>
        </inbodydescription>
        <location file="C:/Users/Mat/Projects/doxygraph/examples/doxygen-1.8.4/src/doctokenizer.h" line="100" bodyfile="C:/Users/Mat/Projects/doxygraph/examples/doxygen-1.8.4/src/doctokenizer.h" bodystart="100" bodyend="-1"/>
      </memberdef>
      <memberdef kind="variable" id="d6/df4/struct_token_info_1a8492fcbbf13ce7dbb7fa8d1eaa9d1e91" prot="public" static="no" mutable="no">
        <type>bool</type>
        <definition>bool TokenInfo::endTag</definition>
        <argsstring></argsstring>
        <name>endTag</name>
        <briefdescription>
        </briefdescription>
        <detaileddescription>
        </detaileddescription>
        <inbodydescription>
        </inbodydescription>
        <location file="C:/Users/Mat/Projects/doxygraph/examples/doxygen-1.8.4/src/doctokenizer.h" line="101" bodyfile="C:/Users/Mat/Projects/doxygraph/examples/doxygen-1.8.4/src/doctokenizer.h" bodystart="101" bodyend="-1"/>
      </memberdef>
      <memberdef kind="variable" id="d6/df4/struct_token_info_1afc2259af930fe0364268ed684b558629" prot="public" static="no" mutable="no">
        <type>bool</type>
        <definition>bool TokenInfo::emptyTag</definition>
        <argsstring></argsstring>
        <name>emptyTag</name>
        <briefdescription>
        </briefdescription>
        <detaileddescription>
        </detaileddescription>
        <inbodydescription>
        </inbodydescription>
        <location file="C:/Users/Mat/Projects/doxygraph/examples/doxygen-1.8.4/src/doctokenizer.h" line="102" bodyfile="C:/Users/Mat/Projects/doxygraph/examples/doxygen-1.8.4/src/doctokenizer.h" bodystart="102" bodyend="-1"/>
      </memberdef>
      <memberdef kind="variable" id="d6/df4/struct_token_info_1a7dc1ad1cf0a4e237d7be47b02092d6eb" prot="public" static="no" mutable="no">
        <type>QCString</type>
        <definition>QCString TokenInfo::chars</definition>
        <argsstring></argsstring>
        <name>chars</name>
        <briefdescription>
        </briefdescription>
        <detaileddescription>
        </detaileddescription>
        <inbodydescription>
        </inbodydescription>
        <location file="C:/Users/Mat/Projects/doxygraph/examples/doxygen-1.8.4/src/doctokenizer.h" line="105" bodyfile="C:/Users/Mat/Projects/doxygraph/examples/doxygen-1.8.4/src/doctokenizer.h" bodystart="105" bodyend="-1"/>
      </memberdef>
      <memberdef kind="variable" id="d6/df4/struct_token_info_1aea756802b18b2753726cbea140961282" prot="public" static="no" mutable="no">
        <type>bool</type>
        <definition>bool TokenInfo::isEMailAddr</definition>
        <argsstring></argsstring>
        <name>isEMailAddr</name>
        <briefdescription>
        </briefdescription>
        <detaileddescription>
        </detaileddescription>
        <inbodydescription>
        </inbodydescription>
        <location file="C:/Users/Mat/Projects/doxygraph/examples/doxygen-1.8.4/src/doctokenizer.h" line="108" bodyfile="C:/Users/Mat/Projects/doxygraph/examples/doxygen-1.8.4/src/doctokenizer.h" bodystart="108" bodyend="-1"/>
      </memberdef>
      <memberdef kind="variable" id="d6/df4/struct_token_info_1a133bc92e279cd9709b8f9b018498d938" prot="public" static="no" mutable="no">
        <type>ParamDir</type>
        <definition>ParamDir TokenInfo::paramDir</definition>
        <argsstring></argsstring>
        <name>paramDir</name>
        <briefdescription>
        </briefdescription>
        <detaileddescription>
        </detaileddescription>
        <inbodydescription>
        </inbodydescription>
        <location file="C:/Users/Mat/Projects/doxygraph/examples/doxygen-1.8.4/src/doctokenizer.h" line="112" bodyfile="C:/Users/Mat/Projects/doxygraph/examples/doxygen-1.8.4/src/doctokenizer.h" bodystart="112" bodyend="-1"/>
      </memberdef>
      </sectiondef>
    <briefdescription>
<para>Data associated with a token used by the comment block parser. </para>    </briefdescription>
    <detaileddescription>
    </detaileddescription>
    <collaborationgraph>
      <node id="4270">
        <label>HtmlAttribList</label>
        <link refid="db/d4d/class_html_attrib_list"/>
        <childnode refid="4271" relation="public-inheritance">
        </childnode>
      </node>
      <node id="4271">
        <label>QList&lt; HtmlAttrib &gt;</label>
        <link refid="db/daa/class_q_list"/>
      </node>
      <node id="4269">
        <label>TokenInfo</label>
        <link refid="d6/df4/struct_token_info"/>
        <childnode refid="4270" relation="usage">
          <edgelabel>attribs</edgelabel>
        </childnode>
      </node>
    </collaborationgraph>
    <location file="C:/Users/Mat/Projects/doxygraph/examples/doxygen-1.8.4/src/doctokenizer.h" line="70" bodyfile="C:/Users/Mat/Projects/doxygraph/examples/doxygen-1.8.4/src/doctokenizer.h" bodystart="69" bodyend="113"/>
    <listofallmembers>
      <member refid="d6/df4/struct_token_info_1a811b08400dcdf6aa65b3fd3149b890c9" prot="public" virt="non-virtual"><scope>TokenInfo</scope><name>attribs</name></member>
      <member refid="d6/df4/struct_token_info_1a7dc1ad1cf0a4e237d7be47b02092d6eb" prot="public" virt="non-virtual"><scope>TokenInfo</scope><name>chars</name></member>
      <member refid="d6/df4/struct_token_info_1afc2259af930fe0364268ed684b558629" prot="public" virt="non-virtual"><scope>TokenInfo</scope><name>emptyTag</name></member>
      <member refid="d6/df4/struct_token_info_1a8492fcbbf13ce7dbb7fa8d1eaa9d1e91" prot="public" virt="non-virtual"><scope>TokenInfo</scope><name>endTag</name></member>
      <member refid="d6/df4/struct_token_info_1ab9c0ff8ec2c582d0e55e80ae35ec6d7e" prot="public" virt="non-virtual"><scope>TokenInfo</scope><name>id</name></member>
      <member refid="d6/df4/struct_token_info_1acc77be95dcb06cac9e3954a1ab62c443a430d723273d0bce74134074236310cb3" prot="public" virt="non-virtual"><scope>TokenInfo</scope><name>In</name></member>
      <member refid="d6/df4/struct_token_info_1aaa051d5e146647070e9a82f545243e46" prot="public" virt="non-virtual"><scope>TokenInfo</scope><name>indent</name></member>
      <member refid="d6/df4/struct_token_info_1acc77be95dcb06cac9e3954a1ab62c443ab035bcc98eb9bf542c4ab3d20b3ad3ca" prot="public" virt="non-virtual"><scope>TokenInfo</scope><name>InOut</name></member>
      <member refid="d6/df4/struct_token_info_1aea756802b18b2753726cbea140961282" prot="public" virt="non-virtual"><scope>TokenInfo</scope><name>isEMailAddr</name></member>
      <member refid="d6/df4/struct_token_info_1a402c7432dcd346501c8e07b8f8fb5df9" prot="public" virt="non-virtual"><scope>TokenInfo</scope><name>isEnumList</name></member>
      <member refid="d6/df4/struct_token_info_1ad01df4cf228c63091fd14007b7331b8e" prot="public" virt="non-virtual"><scope>TokenInfo</scope><name>name</name></member>
      <member refid="d6/df4/struct_token_info_1acc77be95dcb06cac9e3954a1ab62c443a015517728a8cf2e9afa7daf358494b7f" prot="public" virt="non-virtual"><scope>TokenInfo</scope><name>Out</name></member>
      <member refid="d6/df4/struct_token_info_1a133bc92e279cd9709b8f9b018498d938" prot="public" virt="non-virtual"><scope>TokenInfo</scope><name>paramDir</name></member>
      <member refid="d6/df4/struct_token_info_1acc77be95dcb06cac9e3954a1ab62c443" prot="public" virt="non-virtual"><scope>TokenInfo</scope><name>ParamDir</name></member>
      <member refid="d6/df4/struct_token_info_1a60510e59ef059f69c4c3c44547cdf68d" prot="public" virt="non-virtual"><scope>TokenInfo</scope><name>sectionId</name></member>
      <member refid="d6/df4/struct_token_info_1af3c275c68061c64ea6b5fb513a6d118b" prot="public" virt="non-virtual"><scope>TokenInfo</scope><name>simpleSectName</name></member>
      <member refid="d6/df4/struct_token_info_1ab1f904a5dcf5fd5ac09be589a7ad734e" prot="public" virt="non-virtual"><scope>TokenInfo</scope><name>simpleSectText</name></member>
      <member refid="d6/df4/struct_token_info_1a55ddc22fdcbb1121681b831154389e07" prot="public" virt="non-virtual"><scope>TokenInfo</scope><name>text</name></member>
      <member refid="d6/df4/struct_token_info_1a6c01376dcc8a973fa6cfbdb54a71a7cf" prot="public" virt="non-virtual"><scope>TokenInfo</scope><name>unknownChar</name></member>
      <member refid="d6/df4/struct_token_info_1acc77be95dcb06cac9e3954a1ab62c443a4970bd30967b6173cb3aeb899cfc7a1a" prot="public" virt="non-virtual"><scope>TokenInfo</scope><name>Unspecified</name></member>
      <member refid="d6/df4/struct_token_info_1a3fec10a272a450f7dd40948b5d6e33b4" prot="public" virt="non-virtual"><scope>TokenInfo</scope><name>verb</name></member>
    </listofallmembers>
  </compounddef>
</doxygen>
