<?xml version='1.0' encoding='UTF-8' standalone='no'?>
<doxygen xmlns:xsi="http://www.w3.org/2001/XMLSchema-instance" xsi:noNamespaceSchemaLocation="compound.xsd" version="1.8.2">
  <compounddef id="d1/dc5/translator__je_8h" kind="file">
    <compoundname>translator_je.h</compoundname>
    <includedby refid="d2/d48/language_8cpp" local="yes">src/language.cpp</includedby>
    <invincdepgraph>
      <node id="5024">
        <label>src/translator_je.h</label>
        <link refid="translator_je.h"/>
        <childnode refid="5025" relation="include">
        </childnode>
      </node>
      <node id="5025">
        <label>src/language.cpp</label>
        <link refid="d2/d48/language_8cpp_source"/>
      </node>
    </invincdepgraph>
    <innerclass refid="d0/d16/class_translator_japanese_en" prot="public">TranslatorJapaneseEn</innerclass>
    <briefdescription>
    </briefdescription>
    <detaileddescription>
    </detaileddescription>
    <programlisting>
<codeline lineno="1"><highlight class="comment">/******************************************************************************</highlight></codeline>
<codeline lineno="2"><highlight class="comment"><sp/>*</highlight></codeline>
<codeline lineno="3"><highlight class="comment"><sp/>*</highlight></codeline>
<codeline lineno="4"><highlight class="comment"><sp/>*</highlight></codeline>
<codeline lineno="5"><highlight class="comment"><sp/>*<sp/>Copyright<sp/>(C)<sp/>1997-2013<sp/>by<sp/>Dimitri<sp/>van<sp/>Heesch.</highlight></codeline>
<codeline lineno="6"><highlight class="comment"><sp/>*</highlight></codeline>
<codeline lineno="7"><highlight class="comment"><sp/>*<sp/>Permission<sp/>to<sp/>use,<sp/>copy,<sp/>modify,<sp/>and<sp/>distribute<sp/>this<sp/>software<sp/>and<sp/>its</highlight></codeline>
<codeline lineno="8"><highlight class="comment"><sp/>*<sp/>documentation<sp/>under<sp/>the<sp/>terms<sp/>of<sp/>the<sp/>GNU<sp/>General<sp/>Public<sp/>License<sp/>is<sp/>hereby</highlight></codeline>
<codeline lineno="9"><highlight class="comment"><sp/>*<sp/>granted.<sp/>No<sp/>representations<sp/>are<sp/>made<sp/>about<sp/>the<sp/>suitability<sp/>of<sp/>this<sp/>software</highlight></codeline>
<codeline lineno="10"><highlight class="comment"><sp/>*<sp/>for<sp/>any<sp/>purpose.<sp/>It<sp/>is<sp/>provided<sp/>&quot;as<sp/>is&quot;<sp/>without<sp/>express<sp/>or<sp/>implied<sp/>warranty.</highlight></codeline>
<codeline lineno="11"><highlight class="comment"><sp/>*<sp/>See<sp/>the<sp/>GNU<sp/>General<sp/>Public<sp/>License<sp/>for<sp/>more<sp/>details.</highlight></codeline>
<codeline lineno="12"><highlight class="comment"><sp/>*</highlight></codeline>
<codeline lineno="13"><highlight class="comment"><sp/>*<sp/>Documents<sp/>produced<sp/>by<sp/>Doxygen<sp/>are<sp/>derivative<sp/>works<sp/>derived<sp/>from<sp/>the</highlight></codeline>
<codeline lineno="14"><highlight class="comment"><sp/>*<sp/>input<sp/>used<sp/>in<sp/>their<sp/>production;<sp/>they<sp/>are<sp/>not<sp/>affected<sp/>by<sp/>this<sp/>license.</highlight></codeline>
<codeline lineno="15"><highlight class="comment"><sp/>*</highlight></codeline>
<codeline lineno="16"><highlight class="comment"><sp/>*/</highlight><highlight class="normal"></highlight></codeline>
<codeline lineno="17"><highlight class="normal"></highlight></codeline>
<codeline lineno="18"><highlight class="normal"></highlight><highlight class="comment">/*</highlight></codeline>
<codeline lineno="19"><highlight class="comment"><sp/>*<sp/>translator_jp.h</highlight></codeline>
<codeline lineno="20"><highlight class="comment"><sp/>*</highlight></codeline>
<codeline lineno="21"><highlight class="comment"><sp/>*<sp/>1.2.5)</highlight></codeline>
<codeline lineno="22"><highlight class="comment"><sp/>*<sp/>First<sp/>Translation</highlight></codeline>
<codeline lineno="23"><highlight class="comment"><sp/>*<sp/><sp/><sp/><sp/><sp/><sp/>by<sp/>Kenji<sp/>Nagamatsu</highlight></codeline>
<codeline lineno="24"><highlight class="comment"><sp/>*<sp/>1.2.12)</highlight></codeline>
<codeline lineno="25"><highlight class="comment"><sp/>*<sp/>Update<sp/>and<sp/>Shift-Jis(_WIN32)</highlight></codeline>
<codeline lineno="26"><highlight class="comment"><sp/>*<sp/><sp/><sp/><sp/><sp/><sp/>by<sp/>Ryunosuke<sp/>Sato<sp/>(30-Dec-2001)</highlight></codeline>
<codeline lineno="27"><highlight class="comment"><sp/>*/</highlight><highlight class="normal"></highlight></codeline>
<codeline lineno="28"><highlight class="normal"></highlight></codeline>
<codeline lineno="29"><highlight class="normal"></highlight><highlight class="preprocessor">#ifndef<sp/>TRANSLATOR_JE_H</highlight></codeline>
<codeline lineno="30"><highlight class="preprocessor"></highlight><highlight class="preprocessor">#define<sp/>TRANSLATOR_JE_H</highlight></codeline>
<codeline lineno="31"><highlight class="preprocessor"></highlight><highlight class="normal"></highlight></codeline>
<codeline lineno="32" refid="d0/d16/class_translator_japanese_en" refkind="compound"><highlight class="normal"></highlight><highlight class="keyword">class<sp/></highlight><highlight class="normal"><ref refid="d0/d16/class_translator_japanese_en" kindref="compound">TranslatorJapaneseEn</ref><sp/>:<sp/></highlight><highlight class="keyword">public</highlight><highlight class="normal"><sp/><ref refid="d6/d78/class_translator_english" kindref="compound">TranslatorEnglish</ref></highlight></codeline>
<codeline lineno="33"><highlight class="normal">{</highlight></codeline>
<codeline lineno="34"><highlight class="normal"><sp/><sp/></highlight><highlight class="keyword">public</highlight><highlight class="normal">:</highlight></codeline>
<codeline lineno="35" refid="d0/d16/class_translator_japanese_en_1a920e7fc0a427b655de47f4085d331099" refkind="member"><highlight class="normal"><sp/><sp/><sp/><sp/></highlight><highlight class="keyword">virtual</highlight><highlight class="normal"><sp/>QCString<sp/><ref refid="d0/d16/class_translator_japanese_en_1a920e7fc0a427b655de47f4085d331099" kindref="member">idLanguage</ref>()</highlight></codeline>
<codeline lineno="36"><highlight class="normal"><sp/><sp/><sp/><sp/>{<sp/></highlight><highlight class="keywordflow">return</highlight><highlight class="normal"><sp/></highlight><highlight class="stringliteral">&quot;japanese-en&quot;</highlight><highlight class="normal">;<sp/>}</highlight></codeline>
<codeline lineno="37" refid="d0/d16/class_translator_japanese_en_1a82a0008e9f9183374a7581124053ca4f" refkind="member"><highlight class="normal"><sp/><sp/><sp/><sp/></highlight><highlight class="keyword">virtual</highlight><highlight class="normal"><sp/>QCString<sp/><ref refid="d0/d16/class_translator_japanese_en_1a82a0008e9f9183374a7581124053ca4f" kindref="member">latexLanguageSupportCommand</ref>()</highlight></codeline>
<codeline lineno="38"><highlight class="normal"><sp/><sp/><sp/><sp/><sp/><sp/>{</highlight></codeline>
<codeline lineno="39"><highlight class="normal"><sp/><sp/><sp/><sp/><sp/><sp/><sp/><sp/></highlight><highlight class="keywordflow">return</highlight><highlight class="normal"><sp/></highlight><highlight class="stringliteral">&quot;platex&quot;</highlight><highlight class="normal">;</highlight></codeline>
<codeline lineno="40"><highlight class="normal"><sp/><sp/><sp/><sp/><sp/><sp/>}</highlight></codeline>
<codeline lineno="42" refid="d0/d16/class_translator_japanese_en_1a00dbedbab808e61e8d3afb04aa109715" refkind="member"><highlight class="normal"><sp/><sp/><sp/><sp/></highlight><highlight class="keyword">virtual</highlight><highlight class="normal"><sp/>QCString<sp/><ref refid="d0/d16/class_translator_japanese_en_1a00dbedbab808e61e8d3afb04aa109715" kindref="member">idLanguageCharset</ref>()</highlight></codeline>
<codeline lineno="43"><highlight class="normal"><sp/><sp/><sp/><sp/>{</highlight></codeline>
<codeline lineno="44"><highlight class="normal"><sp/><sp/><sp/><sp/><sp/><sp/></highlight><highlight class="comment">//if<sp/>(Config_getBool(&quot;USE_WINDOWS_ENCODING&quot;))</highlight><highlight class="normal"></highlight></codeline>
<codeline lineno="45"><highlight class="normal"><sp/><sp/><sp/><sp/><sp/><sp/></highlight><highlight class="comment">//{</highlight><highlight class="normal"></highlight></codeline>
<codeline lineno="46"><highlight class="normal"><sp/><sp/><sp/><sp/><sp/><sp/></highlight><highlight class="comment">//<sp/><sp/>return<sp/>&quot;Shift_JIS&quot;;</highlight><highlight class="normal"></highlight></codeline>
<codeline lineno="47"><highlight class="normal"><sp/><sp/><sp/><sp/><sp/><sp/></highlight><highlight class="comment">//}</highlight><highlight class="normal"></highlight></codeline>
<codeline lineno="48"><highlight class="normal"><sp/><sp/><sp/><sp/><sp/><sp/></highlight><highlight class="comment">//else</highlight><highlight class="normal"></highlight></codeline>
<codeline lineno="49"><highlight class="normal"><sp/><sp/><sp/><sp/><sp/><sp/></highlight><highlight class="comment">//{</highlight><highlight class="normal"></highlight></codeline>
<codeline lineno="50"><highlight class="normal"><sp/><sp/><sp/><sp/><sp/><sp/><sp/><sp/></highlight><highlight class="keywordflow">return</highlight><highlight class="normal"><sp/></highlight><highlight class="stringliteral">&quot;euc-jp&quot;</highlight><highlight class="normal">;</highlight></codeline>
<codeline lineno="51"><highlight class="normal"><sp/><sp/><sp/><sp/><sp/><sp/></highlight><highlight class="comment">//}</highlight><highlight class="normal"></highlight></codeline>
<codeline lineno="52"><highlight class="normal"><sp/><sp/><sp/><sp/>}</highlight></codeline>
<codeline lineno="53" refid="d0/d16/class_translator_japanese_en_1a4da6df8b58582eb97ffef9f75e070c0f" refkind="member"><highlight class="normal"><sp/><sp/><sp/><sp/></highlight><highlight class="keyword">virtual</highlight><highlight class="normal"><sp/>QCString<sp/><ref refid="d0/d16/class_translator_japanese_en_1a4da6df8b58582eb97ffef9f75e070c0f" kindref="member">trRTFansicp</ref>()</highlight></codeline>
<codeline lineno="54"><highlight class="normal"><sp/><sp/><sp/><sp/>{</highlight></codeline>
<codeline lineno="55"><highlight class="normal"><sp/><sp/><sp/><sp/><sp/><sp/></highlight><highlight class="keywordflow">return</highlight><highlight class="normal"><sp/></highlight><highlight class="stringliteral">&quot;932&quot;</highlight><highlight class="normal">;</highlight></codeline>
<codeline lineno="56"><highlight class="normal"><sp/><sp/><sp/><sp/>}</highlight></codeline>
<codeline lineno="57"><highlight class="normal"></highlight></codeline>
<codeline lineno="61" refid="d0/d16/class_translator_japanese_en_1aff3e71dc3a1d71f056fea3299c8a427e" refkind="member"><highlight class="normal"><sp/><sp/><sp/><sp/></highlight><highlight class="keyword">virtual</highlight><highlight class="normal"><sp/>QCString<sp/><ref refid="d0/d16/class_translator_japanese_en_1aff3e71dc3a1d71f056fea3299c8a427e" kindref="member">trRTFCharSet</ref>()</highlight></codeline>
<codeline lineno="62"><highlight class="normal"><sp/><sp/><sp/><sp/>{</highlight></codeline>
<codeline lineno="63"><highlight class="normal"><sp/><sp/><sp/><sp/><sp/><sp/></highlight><highlight class="keywordflow">return</highlight><highlight class="normal"><sp/></highlight><highlight class="stringliteral">&quot;128&quot;</highlight><highlight class="normal">;</highlight></codeline>
<codeline lineno="64"><highlight class="normal"><sp/><sp/><sp/><sp/>}</highlight></codeline>
<codeline lineno="65"><highlight class="normal">};</highlight></codeline>
<codeline lineno="66"><highlight class="normal"></highlight></codeline>
<codeline lineno="67"><highlight class="normal"></highlight><highlight class="preprocessor">#endif</highlight></codeline>
    </programlisting>
    <location file="C:/Users/Mat/Projects/doxygraph/examples/doxygen-1.8.4/src/translator_je.h"/>
  </compounddef>
</doxygen>
