<?xml version='1.0' encoding='UTF-8' standalone='no'?>
<doxygen xmlns:xsi="http://www.w3.org/2001/XMLSchema-instance" xsi:noNamespaceSchemaLocation="compound.xsd" version="1.8.2">
  <compounddef id="d1/d0c/sqlite3gen_8h" kind="file">
    <compoundname>sqlite3gen.h</compoundname>
    <includedby refid="dc/d98/doxygen_8cpp" local="yes">src/doxygen.cpp</includedby>
    <invincdepgraph>
      <node id="4783">
        <label>src/doxygen.cpp</label>
        <link refid="dc/d98/doxygen_8cpp_source"/>
      </node>
      <node id="4782">
        <label>src/sqlite3gen.h</label>
        <link refid="sqlite3gen.h"/>
        <childnode refid="4783" relation="include">
        </childnode>
      </node>
    </invincdepgraph>
      <sectiondef kind="func">
      <memberdef kind="function" id="d1/d0c/sqlite3gen_8h_1ae5b36a2f93dadba9f8c7d762564154e1" prot="public" static="no" const="no" explicit="no" inline="no" virt="non-virtual">
        <type>void</type>
        <definition>void generateSqlite3</definition>
        <argsstring>()</argsstring>
        <name>generateSqlite3</name>
        <briefdescription>
        </briefdescription>
        <detaileddescription>
        </detaileddescription>
        <inbodydescription>
        </inbodydescription>
        <location file="C:/Users/Mat/Projects/doxygraph/examples/doxygen-1.8.4/src/sqlite3gen.h" line="21" bodyfile="C:/Users/Mat/Projects/doxygraph/examples/doxygen-1.8.4/src/sqlite3gen.cpp" bodystart="1356" bodyend="1359"/>
      </memberdef>
      </sectiondef>
    <briefdescription>
    </briefdescription>
    <detaileddescription>
    </detaileddescription>
    <programlisting>
<codeline lineno="1"><highlight class="comment">/******************************************************************************</highlight></codeline>
<codeline lineno="2"><highlight class="comment"><sp/>*</highlight></codeline>
<codeline lineno="3"><highlight class="comment"><sp/>*</highlight></codeline>
<codeline lineno="4"><highlight class="comment"><sp/>*</highlight></codeline>
<codeline lineno="5"><highlight class="comment"><sp/>*<sp/>Copyright<sp/>(C)<sp/>1997-2012<sp/>by<sp/>Dimitri<sp/>van<sp/>Heesch.</highlight></codeline>
<codeline lineno="6"><highlight class="comment"><sp/>*</highlight></codeline>
<codeline lineno="7"><highlight class="comment"><sp/>*<sp/>Permission<sp/>to<sp/>use,<sp/>copy,<sp/>modify,<sp/>and<sp/>distribute<sp/>this<sp/>software<sp/>and<sp/>its</highlight></codeline>
<codeline lineno="8"><highlight class="comment"><sp/>*<sp/>documentation<sp/>under<sp/>the<sp/>terms<sp/>of<sp/>the<sp/>GNU<sp/>General<sp/>Public<sp/>License<sp/>is<sp/>hereby</highlight></codeline>
<codeline lineno="9"><highlight class="comment"><sp/>*<sp/>granted.<sp/>No<sp/>representations<sp/>are<sp/>made<sp/>about<sp/>the<sp/>suitability<sp/>of<sp/>this<sp/>software</highlight></codeline>
<codeline lineno="10"><highlight class="comment"><sp/>*<sp/>for<sp/>any<sp/>purpose.<sp/>It<sp/>is<sp/>provided<sp/>&quot;as<sp/>is&quot;<sp/>without<sp/>express<sp/>or<sp/>implied<sp/>warranty.</highlight></codeline>
<codeline lineno="11"><highlight class="comment"><sp/>*<sp/>See<sp/>the<sp/>GNU<sp/>General<sp/>Public<sp/>License<sp/>for<sp/>more<sp/>details.</highlight></codeline>
<codeline lineno="12"><highlight class="comment"><sp/>*</highlight></codeline>
<codeline lineno="13"><highlight class="comment"><sp/>*<sp/>Documents<sp/>produced<sp/>by<sp/>Doxygen<sp/>are<sp/>derivative<sp/>works<sp/>derived<sp/>from<sp/>the</highlight></codeline>
<codeline lineno="14"><highlight class="comment"><sp/>*<sp/>input<sp/>used<sp/>in<sp/>their<sp/>production;<sp/>they<sp/>are<sp/>not<sp/>affected<sp/>by<sp/>this<sp/>license.</highlight></codeline>
<codeline lineno="15"><highlight class="comment"><sp/>*</highlight></codeline>
<codeline lineno="16"><highlight class="comment"><sp/>*/</highlight><highlight class="normal"></highlight></codeline>
<codeline lineno="17"><highlight class="normal"></highlight></codeline>
<codeline lineno="18"><highlight class="normal"></highlight><highlight class="preprocessor">#ifndef<sp/>SQLITE3GEN_H</highlight></codeline>
<codeline lineno="19"><highlight class="preprocessor"></highlight><highlight class="preprocessor">#define<sp/>SQLITE3GEN_H</highlight></codeline>
<codeline lineno="20"><highlight class="preprocessor"></highlight><highlight class="normal"></highlight></codeline>
<codeline lineno="21"><highlight class="normal"></highlight><highlight class="keywordtype">void</highlight><highlight class="normal"><sp/>generateSqlite3();</highlight></codeline>
<codeline lineno="22"><highlight class="normal"></highlight></codeline>
<codeline lineno="23"><highlight class="normal"></highlight><highlight class="preprocessor">#endif</highlight></codeline>
    </programlisting>
    <location file="C:/Users/Mat/Projects/doxygraph/examples/doxygen-1.8.4/src/sqlite3gen.h"/>
  </compounddef>
</doxygen>
