<?xml version='1.0' encoding='UTF-8' standalone='no'?>
<doxygen xmlns:xsi="http://www.w3.org/2001/XMLSchema-instance" xsi:noNamespaceSchemaLocation="compound.xsd" version="1.8.2">
  <compounddef id="dd/df7/struct_search_doc_entry" kind="struct" prot="public">
    <compoundname>SearchDocEntry</compoundname>
      <sectiondef kind="public-attrib">
      <memberdef kind="variable" id="dd/df7/struct_search_doc_entry_1a628b826e7aaa2e3d9fca5524fe6f7ce2" prot="public" static="no" mutable="no">
        <type>QCString</type>
        <definition>QCString SearchDocEntry::type</definition>
        <argsstring></argsstring>
        <name>type</name>
        <briefdescription>
        </briefdescription>
        <detaileddescription>
        </detaileddescription>
        <inbodydescription>
        </inbodydescription>
        <location file="C:/Users/Mat/Projects/doxygraph/examples/doxygen-1.8.4/src/searchindex.cpp" line="416" bodyfile="C:/Users/Mat/Projects/doxygraph/examples/doxygen-1.8.4/src/searchindex.cpp" bodystart="416" bodyend="-1"/>
      </memberdef>
      <memberdef kind="variable" id="dd/df7/struct_search_doc_entry_1a1fdc0594e9a3cde5c97802611d2dd6c0" prot="public" static="no" mutable="no">
        <type>QCString</type>
        <definition>QCString SearchDocEntry::name</definition>
        <argsstring></argsstring>
        <name>name</name>
        <briefdescription>
        </briefdescription>
        <detaileddescription>
        </detaileddescription>
        <inbodydescription>
        </inbodydescription>
        <location file="C:/Users/Mat/Projects/doxygraph/examples/doxygen-1.8.4/src/searchindex.cpp" line="417" bodyfile="C:/Users/Mat/Projects/doxygraph/examples/doxygen-1.8.4/src/searchindex.cpp" bodystart="417" bodyend="-1"/>
      </memberdef>
      <memberdef kind="variable" id="dd/df7/struct_search_doc_entry_1a037c1fb6101ce91538d56b0947d0835a" prot="public" static="no" mutable="no">
        <type>QCString</type>
        <definition>QCString SearchDocEntry::args</definition>
        <argsstring></argsstring>
        <name>args</name>
        <briefdescription>
        </briefdescription>
        <detaileddescription>
        </detaileddescription>
        <inbodydescription>
        </inbodydescription>
        <location file="C:/Users/Mat/Projects/doxygraph/examples/doxygen-1.8.4/src/searchindex.cpp" line="418" bodyfile="C:/Users/Mat/Projects/doxygraph/examples/doxygen-1.8.4/src/searchindex.cpp" bodystart="418" bodyend="-1"/>
      </memberdef>
      <memberdef kind="variable" id="dd/df7/struct_search_doc_entry_1af346c3d58867e1235d51656c9a9951d4" prot="public" static="no" mutable="no">
        <type>QCString</type>
        <definition>QCString SearchDocEntry::extId</definition>
        <argsstring></argsstring>
        <name>extId</name>
        <briefdescription>
        </briefdescription>
        <detaileddescription>
        </detaileddescription>
        <inbodydescription>
        </inbodydescription>
        <location file="C:/Users/Mat/Projects/doxygraph/examples/doxygen-1.8.4/src/searchindex.cpp" line="419" bodyfile="C:/Users/Mat/Projects/doxygraph/examples/doxygen-1.8.4/src/searchindex.cpp" bodystart="419" bodyend="-1"/>
      </memberdef>
      <memberdef kind="variable" id="dd/df7/struct_search_doc_entry_1abe8caf3bff9736a11702102da14232aa" prot="public" static="no" mutable="no">
        <type>QCString</type>
        <definition>QCString SearchDocEntry::url</definition>
        <argsstring></argsstring>
        <name>url</name>
        <briefdescription>
        </briefdescription>
        <detaileddescription>
        </detaileddescription>
        <inbodydescription>
        </inbodydescription>
        <location file="C:/Users/Mat/Projects/doxygraph/examples/doxygen-1.8.4/src/searchindex.cpp" line="420" bodyfile="C:/Users/Mat/Projects/doxygraph/examples/doxygen-1.8.4/src/searchindex.cpp" bodystart="420" bodyend="-1"/>
      </memberdef>
      <memberdef kind="variable" id="dd/df7/struct_search_doc_entry_1a70ac96a54611c810bf88a36bb77898e2" prot="public" static="no" mutable="no">
        <type><ref refid="d8/d33/class_grow_buf" kindref="compound">GrowBuf</ref></type>
        <definition>GrowBuf SearchDocEntry::importantText</definition>
        <argsstring></argsstring>
        <name>importantText</name>
        <briefdescription>
        </briefdescription>
        <detaileddescription>
        </detaileddescription>
        <inbodydescription>
        </inbodydescription>
        <location file="C:/Users/Mat/Projects/doxygraph/examples/doxygen-1.8.4/src/searchindex.cpp" line="421" bodyfile="C:/Users/Mat/Projects/doxygraph/examples/doxygen-1.8.4/src/searchindex.cpp" bodystart="421" bodyend="-1"/>
      </memberdef>
      <memberdef kind="variable" id="dd/df7/struct_search_doc_entry_1abab47279dc03fb989c8e32a08731b17b" prot="public" static="no" mutable="no">
        <type><ref refid="d8/d33/class_grow_buf" kindref="compound">GrowBuf</ref></type>
        <definition>GrowBuf SearchDocEntry::normalText</definition>
        <argsstring></argsstring>
        <name>normalText</name>
        <briefdescription>
        </briefdescription>
        <detaileddescription>
        </detaileddescription>
        <inbodydescription>
        </inbodydescription>
        <location file="C:/Users/Mat/Projects/doxygraph/examples/doxygen-1.8.4/src/searchindex.cpp" line="422" bodyfile="C:/Users/Mat/Projects/doxygraph/examples/doxygen-1.8.4/src/searchindex.cpp" bodystart="422" bodyend="-1"/>
      </memberdef>
      </sectiondef>
    <briefdescription>
    </briefdescription>
    <detaileddescription>
    </detaileddescription>
    <collaborationgraph>
      <node id="4069">
        <label>SearchDocEntry</label>
        <childnode refid="4070" relation="usage">
          <edgelabel>normalText</edgelabel>
          <edgelabel>importantText</edgelabel>
        </childnode>
      </node>
      <node id="4070">
        <label>GrowBuf</label>
        <link refid="d8/d33/class_grow_buf"/>
      </node>
    </collaborationgraph>
    <location file="C:/Users/Mat/Projects/doxygraph/examples/doxygen-1.8.4/src/searchindex.cpp" line="415" bodyfile="C:/Users/Mat/Projects/doxygraph/examples/doxygen-1.8.4/src/searchindex.cpp" bodystart="414" bodyend="423"/>
    <listofallmembers>
      <member refid="dd/df7/struct_search_doc_entry_1a037c1fb6101ce91538d56b0947d0835a" prot="public" virt="non-virtual"><scope>SearchDocEntry</scope><name>args</name></member>
      <member refid="dd/df7/struct_search_doc_entry_1af346c3d58867e1235d51656c9a9951d4" prot="public" virt="non-virtual"><scope>SearchDocEntry</scope><name>extId</name></member>
      <member refid="dd/df7/struct_search_doc_entry_1a70ac96a54611c810bf88a36bb77898e2" prot="public" virt="non-virtual"><scope>SearchDocEntry</scope><name>importantText</name></member>
      <member refid="dd/df7/struct_search_doc_entry_1a1fdc0594e9a3cde5c97802611d2dd6c0" prot="public" virt="non-virtual"><scope>SearchDocEntry</scope><name>name</name></member>
      <member refid="dd/df7/struct_search_doc_entry_1abab47279dc03fb989c8e32a08731b17b" prot="public" virt="non-virtual"><scope>SearchDocEntry</scope><name>normalText</name></member>
      <member refid="dd/df7/struct_search_doc_entry_1a628b826e7aaa2e3d9fca5524fe6f7ce2" prot="public" virt="non-virtual"><scope>SearchDocEntry</scope><name>type</name></member>
      <member refid="dd/df7/struct_search_doc_entry_1abe8caf3bff9736a11702102da14232aa" prot="public" virt="non-virtual"><scope>SearchDocEntry</scope><name>url</name></member>
    </listofallmembers>
  </compounddef>
</doxygen>
