<?xml version='1.0' encoding='UTF-8' standalone='no'?>
<doxygen xmlns:xsi="http://www.w3.org/2001/XMLSchema-instance" xsi:noNamespaceSchemaLocation="compound.xsd" version="1.8.2">
  <compounddef id="da/dd8/struct_style_data" kind="struct" prot="public">
    <compoundname>StyleData</compoundname>
      <sectiondef kind="public-attrib">
      <memberdef kind="variable" id="da/dd8/struct_style_data_1ac74fb0d3bea6b08d24488c66dabae064" prot="public" static="no" mutable="no">
        <type>unsigned</type>
        <definition>unsigned StyleData::index</definition>
        <argsstring></argsstring>
        <name>index</name>
        <briefdescription>
        </briefdescription>
        <detaileddescription>
        </detaileddescription>
        <inbodydescription>
        </inbodydescription>
        <location file="C:/Users/Mat/Projects/doxygraph/examples/doxygen-1.8.4/src/rtfstyle.h" line="66" bodyfile="C:/Users/Mat/Projects/doxygraph/examples/doxygen-1.8.4/src/rtfstyle.h" bodystart="66" bodyend="-1"/>
      </memberdef>
      <memberdef kind="variable" id="da/dd8/struct_style_data_1aa83b48b8d838f93571decb3160be8c0a" prot="public" static="no" mutable="no">
        <type>char *</type>
        <definition>char* StyleData::reference</definition>
        <argsstring></argsstring>
        <name>reference</name>
        <briefdescription>
        </briefdescription>
        <detaileddescription>
        </detaileddescription>
        <inbodydescription>
        </inbodydescription>
        <location file="C:/Users/Mat/Projects/doxygraph/examples/doxygen-1.8.4/src/rtfstyle.h" line="67" bodyfile="C:/Users/Mat/Projects/doxygraph/examples/doxygen-1.8.4/src/rtfstyle.h" bodystart="67" bodyend="-1"/>
      </memberdef>
      <memberdef kind="variable" id="da/dd8/struct_style_data_1a604f4e5cb27a87ada3ca30bd4b196650" prot="public" static="no" mutable="no">
        <type>char *</type>
        <definition>char* StyleData::definition</definition>
        <argsstring></argsstring>
        <name>definition</name>
        <briefdescription>
        </briefdescription>
        <detaileddescription>
        </detaileddescription>
        <inbodydescription>
        </inbodydescription>
        <location file="C:/Users/Mat/Projects/doxygraph/examples/doxygen-1.8.4/src/rtfstyle.h" line="68" bodyfile="C:/Users/Mat/Projects/doxygraph/examples/doxygen-1.8.4/src/rtfstyle.h" bodystart="68" bodyend="-1"/>
      </memberdef>
      </sectiondef>
      <sectiondef kind="public-static-attrib">
      <memberdef kind="variable" id="da/dd8/struct_style_data_1a33092391b83203d69fc4532b460cec39" prot="public" static="yes" mutable="no">
        <type>const QRegExp</type>
        <definition>const QRegExp StyleData::s_clause</definition>
        <argsstring></argsstring>
        <name>s_clause</name>
        <briefdescription>
        </briefdescription>
        <detaileddescription>
        </detaileddescription>
        <inbodydescription>
        </inbodydescription>
        <location file="C:/Users/Mat/Projects/doxygraph/examples/doxygen-1.8.4/src/rtfstyle.h" line="74" bodyfile="C:/Users/Mat/Projects/doxygraph/examples/doxygen-1.8.4/src/rtfstyle.h" bodystart="74" bodyend="-1"/>
      </memberdef>
      </sectiondef>
      <sectiondef kind="public-func">
      <memberdef kind="function" id="da/dd8/struct_style_data_1a3b478669fea15283276db4a036582c12" prot="public" static="no" const="no" explicit="no" inline="no" virt="non-virtual">
        <type></type>
        <definition>StyleData::StyleData</definition>
        <argsstring>(const char *reference, const char *definition)</argsstring>
        <name>StyleData</name>
        <param>
          <type>const char *</type>
          <declname>reference</declname>
        </param>
        <param>
          <type>const char *</type>
          <declname>definition</declname>
        </param>
        <briefdescription>
        </briefdescription>
        <detaileddescription>
        </detaileddescription>
        <inbodydescription>
        </inbodydescription>
        <location file="C:/Users/Mat/Projects/doxygraph/examples/doxygen-1.8.4/src/rtfstyle.h" line="70" bodyfile="C:/Users/Mat/Projects/doxygraph/examples/doxygen-1.8.4/src/rtfstyle.cpp" bodystart="341" bodyend="354"/>
      </memberdef>
      <memberdef kind="function" id="da/dd8/struct_style_data_1a57d64f785c030904d672d5f9d81a1c43" prot="public" static="no" const="no" explicit="no" inline="no" virt="non-virtual">
        <type></type>
        <definition>StyleData::~StyleData</definition>
        <argsstring>()</argsstring>
        <name>~StyleData</name>
        <briefdescription>
        </briefdescription>
        <detaileddescription>
        </detaileddescription>
        <inbodydescription>
        </inbodydescription>
        <location file="C:/Users/Mat/Projects/doxygraph/examples/doxygen-1.8.4/src/rtfstyle.h" line="71" bodyfile="C:/Users/Mat/Projects/doxygraph/examples/doxygen-1.8.4/src/rtfstyle.cpp" bodystart="356" bodyend="360"/>
      </memberdef>
      <memberdef kind="function" id="da/dd8/struct_style_data_1ae62e4fcfe258807c0dcdffcaf82500f8" prot="public" static="no" const="no" explicit="no" inline="no" virt="non-virtual">
        <type>bool</type>
        <definition>bool StyleData::setStyle</definition>
        <argsstring>(const char *s, const char *styleName)</argsstring>
        <name>setStyle</name>
        <param>
          <type>const char *</type>
          <declname>s</declname>
        </param>
        <param>
          <type>const char *</type>
          <declname>styleName</declname>
        </param>
        <briefdescription>
        </briefdescription>
        <detaileddescription>
        </detaileddescription>
        <inbodydescription>
        </inbodydescription>
        <location file="C:/Users/Mat/Projects/doxygraph/examples/doxygen-1.8.4/src/rtfstyle.h" line="72" bodyfile="C:/Users/Mat/Projects/doxygraph/examples/doxygen-1.8.4/src/rtfstyle.cpp" bodystart="362" bodyend="426"/>
      </memberdef>
      </sectiondef>
    <briefdescription>
    </briefdescription>
    <detaileddescription>
    </detaileddescription>
    <location file="C:/Users/Mat/Projects/doxygraph/examples/doxygen-1.8.4/src/rtfstyle.h" line="60" bodyfile="C:/Users/Mat/Projects/doxygraph/examples/doxygen-1.8.4/src/rtfstyle.h" bodystart="59" bodyend="75"/>
    <listofallmembers>
      <member refid="da/dd8/struct_style_data_1a604f4e5cb27a87ada3ca30bd4b196650" prot="public" virt="non-virtual"><scope>StyleData</scope><name>definition</name></member>
      <member refid="da/dd8/struct_style_data_1ac74fb0d3bea6b08d24488c66dabae064" prot="public" virt="non-virtual"><scope>StyleData</scope><name>index</name></member>
      <member refid="da/dd8/struct_style_data_1aa83b48b8d838f93571decb3160be8c0a" prot="public" virt="non-virtual"><scope>StyleData</scope><name>reference</name></member>
      <member refid="da/dd8/struct_style_data_1a33092391b83203d69fc4532b460cec39" prot="public" virt="non-virtual"><scope>StyleData</scope><name>s_clause</name></member>
      <member refid="da/dd8/struct_style_data_1ae62e4fcfe258807c0dcdffcaf82500f8" prot="public" virt="non-virtual"><scope>StyleData</scope><name>setStyle</name></member>
      <member refid="da/dd8/struct_style_data_1a3b478669fea15283276db4a036582c12" prot="public" virt="non-virtual"><scope>StyleData</scope><name>StyleData</name></member>
      <member refid="da/dd8/struct_style_data_1a57d64f785c030904d672d5f9d81a1c43" prot="public" virt="non-virtual"><scope>StyleData</scope><name>~StyleData</name></member>
    </listofallmembers>
  </compounddef>
</doxygen>
