<?xml version='1.0' encoding='UTF-8' standalone='no'?>
<doxygen xmlns:xsi="http://www.w3.org/2001/XMLSchema-instance" xsi:noNamespaceSchemaLocation="compound.xsd" version="1.8.2">
  <compounddef id="d3/dd0/class_formula_list" kind="class" prot="public">
    <compoundname>FormulaList</compoundname>
    <basecompoundref refid="db/daa/class_q_list" prot="public" virt="non-virtual">QList&lt; Formula &gt;</basecompoundref>
    <includes refid="d3/d9a/formula_8h" local="no">formula.h</includes>
      <sectiondef kind="public-func">
      <memberdef kind="function" id="d3/dd0/class_formula_list_1a2fafeac31c525057a50c6e584f9470c6" prot="public" static="no" const="no" explicit="no" inline="no" virt="non-virtual">
        <type>void</type>
        <definition>void FormulaList::generateBitmaps</definition>
        <argsstring>(const char *path)</argsstring>
        <name>generateBitmaps</name>
        <param>
          <type>const char *</type>
          <declname>path</declname>
        </param>
        <briefdescription>
        </briefdescription>
        <detaileddescription>
        </detaileddescription>
        <inbodydescription>
        </inbodydescription>
        <location file="C:/Users/Mat/Projects/doxygraph/examples/doxygen-1.8.4/src/formula.h" line="42" bodyfile="C:/Users/Mat/Projects/doxygraph/examples/doxygen-1.8.4/src/formula.cpp" bodystart="51" bodyend="315"/>
      </memberdef>
      </sectiondef>
    <briefdescription>
<para>A list of <ref refid="d2/db0/class_formula" kindref="compound">Formula</ref> objects. </para>    </briefdescription>
    <detaileddescription>
    </detaileddescription>
    <inheritancegraph>
      <node id="3465">
        <label>QList&lt; Formula &gt;</label>
        <link refid="db/daa/class_q_list"/>
      </node>
      <node id="3464">
        <label>FormulaList</label>
        <link refid="d3/dd0/class_formula_list"/>
        <childnode refid="3465" relation="public-inheritance">
        </childnode>
      </node>
    </inheritancegraph>
    <collaborationgraph>
      <node id="3467">
        <label>QList&lt; Formula &gt;</label>
        <link refid="db/daa/class_q_list"/>
      </node>
      <node id="3466">
        <label>FormulaList</label>
        <link refid="d3/dd0/class_formula_list"/>
        <childnode refid="3467" relation="public-inheritance">
        </childnode>
      </node>
    </collaborationgraph>
    <location file="C:/Users/Mat/Projects/doxygraph/examples/doxygen-1.8.4/src/formula.h" line="40" bodyfile="C:/Users/Mat/Projects/doxygraph/examples/doxygen-1.8.4/src/formula.h" bodystart="39" bodyend="43"/>
    <listofallmembers>
      <member refid="d3/dd0/class_formula_list_1a2fafeac31c525057a50c6e584f9470c6" prot="public" virt="non-virtual"><scope>FormulaList</scope><name>generateBitmaps</name></member>
    </listofallmembers>
  </compounddef>
</doxygen>
