<?xml version='1.0' encoding='UTF-8' standalone='no'?>
<doxygen xmlns:xsi="http://www.w3.org/2001/XMLSchema-instance" xsi:noNamespaceSchemaLocation="compound.xsd" version="1.8.2">
  <compounddef id="d7/da3/class_comp_accept" kind="class" prot="public">
    <compoundname>CompAccept</compoundname>
    <includes refid="de/d9c/docparser_8h" local="no">docparser.h</includes>
    <templateparamlist>
      <param>
        <type>class</type>
        <declname>T</declname>
        <defname>T</defname>
      </param>
    </templateparamlist>
      <sectiondef kind="protected-attrib">
      <memberdef kind="variable" id="d7/da3/class_comp_accept_1af32d89695dc65d34b642dceb0da9e281" prot="protected" static="no" mutable="no">
        <type><ref refid="db/daa/class_q_list" kindref="compound">QList</ref>&lt; <ref refid="d9/d0e/class_doc_node" kindref="compound">DocNode</ref> &gt;</type>
        <definition>QList&lt;DocNode&gt; CompAccept&lt; T &gt;::m_children</definition>
        <argsstring></argsstring>
        <name>m_children</name>
        <briefdescription>
        </briefdescription>
        <detaileddescription>
        </detaileddescription>
        <inbodydescription>
        </inbodydescription>
        <location file="C:/Users/Mat/Projects/doxygraph/examples/doxygen-1.8.4/src/docparser.h" line="187" bodyfile="C:/Users/Mat/Projects/doxygraph/examples/doxygen-1.8.4/src/docparser.h" bodystart="187" bodyend="-1"/>
      </memberdef>
      </sectiondef>
      <sectiondef kind="public-func">
      <memberdef kind="function" id="d7/da3/class_comp_accept_1ad243d87336e0fd5dae91ca8481a1c85a" prot="public" static="no" const="no" explicit="no" inline="yes" virt="non-virtual">
        <type></type>
        <definition>CompAccept&lt; T &gt;::CompAccept</definition>
        <argsstring>()</argsstring>
        <name>CompAccept</name>
        <briefdescription>
        </briefdescription>
        <detaileddescription>
        </detaileddescription>
        <inbodydescription>
        </inbodydescription>
        <location file="C:/Users/Mat/Projects/doxygraph/examples/doxygen-1.8.4/src/docparser.h" line="173" bodyfile="C:/Users/Mat/Projects/doxygraph/examples/doxygen-1.8.4/src/docparser.h" bodystart="173" bodyend="173"/>
      </memberdef>
      <memberdef kind="function" id="d7/da3/class_comp_accept_1a0efdf3a4631f1d7894bf5c4ba6025d1e" prot="public" static="no" const="no" explicit="no" inline="yes" virt="virtual">
        <type></type>
        <definition>virtual CompAccept&lt; T &gt;::~CompAccept</definition>
        <argsstring>()</argsstring>
        <name>~CompAccept</name>
        <briefdescription>
        </briefdescription>
        <detaileddescription>
        </detaileddescription>
        <inbodydescription>
        </inbodydescription>
        <location file="C:/Users/Mat/Projects/doxygraph/examples/doxygen-1.8.4/src/docparser.h" line="174" bodyfile="C:/Users/Mat/Projects/doxygraph/examples/doxygen-1.8.4/src/docparser.h" bodystart="174" bodyend="174"/>
      </memberdef>
      <memberdef kind="function" id="d7/da3/class_comp_accept_1a5787ab796a9008bab225031921773b5c" prot="public" static="no" const="no" explicit="no" inline="yes" virt="non-virtual">
        <type>void</type>
        <definition>void CompAccept&lt; T &gt;::accept</definition>
        <argsstring>(T *obj, DocVisitor *v)</argsstring>
        <name>accept</name>
        <param>
          <type>T *</type>
          <declname>obj</declname>
        </param>
        <param>
          <type><ref refid="d0/d78/class_doc_visitor" kindref="compound">DocVisitor</ref> *</type>
          <declname>v</declname>
        </param>
        <briefdescription>
        </briefdescription>
        <detaileddescription>
        </detaileddescription>
        <inbodydescription>
        </inbodydescription>
        <location file="C:/Users/Mat/Projects/doxygraph/examples/doxygen-1.8.4/src/docparser.h" line="176" bodyfile="C:/Users/Mat/Projects/doxygraph/examples/doxygen-1.8.4/src/docparser.h" bodystart="175" bodyend="182"/>
      </memberdef>
      <memberdef kind="function" id="d7/da3/class_comp_accept_1ad45c9ef74bc602bead18c2f36ad5d351" prot="public" static="no" const="yes" explicit="no" inline="yes" virt="non-virtual">
        <type>const <ref refid="db/daa/class_q_list" kindref="compound">QList</ref>&lt; <ref refid="d9/d0e/class_doc_node" kindref="compound">DocNode</ref> &gt; &amp;</type>
        <definition>const QList&lt;DocNode&gt;&amp; CompAccept&lt; T &gt;::children</definition>
        <argsstring>() const </argsstring>
        <name>children</name>
        <briefdescription>
        </briefdescription>
        <detaileddescription>
        </detaileddescription>
        <inbodydescription>
        </inbodydescription>
        <location file="C:/Users/Mat/Projects/doxygraph/examples/doxygen-1.8.4/src/docparser.h" line="183" bodyfile="C:/Users/Mat/Projects/doxygraph/examples/doxygen-1.8.4/src/docparser.h" bodystart="183" bodyend="183"/>
      </memberdef>
      <memberdef kind="function" id="d7/da3/class_comp_accept_1af0bab1c89fc80848fe8be7b5c81afacb" prot="public" static="no" const="no" explicit="no" inline="yes" virt="non-virtual">
        <type><ref refid="db/daa/class_q_list" kindref="compound">QList</ref>&lt; <ref refid="d9/d0e/class_doc_node" kindref="compound">DocNode</ref> &gt; &amp;</type>
        <definition>QList&lt;DocNode&gt;&amp; CompAccept&lt; T &gt;::children</definition>
        <argsstring>()</argsstring>
        <name>children</name>
        <briefdescription>
        </briefdescription>
        <detaileddescription>
        </detaileddescription>
        <inbodydescription>
        </inbodydescription>
        <location file="C:/Users/Mat/Projects/doxygraph/examples/doxygen-1.8.4/src/docparser.h" line="184" bodyfile="C:/Users/Mat/Projects/doxygraph/examples/doxygen-1.8.4/src/docparser.h" bodystart="184" bodyend="184"/>
      </memberdef>
      </sectiondef>
    <briefdescription>
<para>Default accept implementation for compound nodes in the abstract syntax tree. </para>    </briefdescription>
    <detaileddescription>
    </detaileddescription>
    <inheritancegraph>
      <node id="2682">
        <label>DocAutoList</label>
        <link refid="d1/d3f/class_doc_auto_list"/>
        <childnode refid="2681" relation="public-inheritance">
        </childnode>
      </node>
      <node id="2656">
        <label>DocTitle</label>
        <link refid="d3/d1c/class_doc_title"/>
        <childnode refid="2655" relation="public-inheritance">
        </childnode>
      </node>
      <node id="2668">
        <label>DocRoot</label>
        <link refid="d8/ddb/class_doc_root"/>
        <childnode refid="2667" relation="public-inheritance">
        </childnode>
      </node>
      <node id="2678">
        <label>DocHRef</label>
        <link refid="d9/d10/class_doc_h_ref"/>
        <childnode refid="2677" relation="public-inheritance">
        </childnode>
      </node>
      <node id="2642">
        <label>DocHtmlCaption</label>
        <link refid="d0/dc7/class_doc_html_caption"/>
        <childnode refid="2641" relation="public-inheritance">
        </childnode>
      </node>
      <node id="2695">
        <label>CompAccept&lt; DocSimpleSect &gt;</label>
        <link refid="d7/da3/class_comp_accept"/>
        <childnode refid="2634" relation="template-instance">
          <edgelabel>&lt; DocSimpleSect &gt;</edgelabel>
        </childnode>
      </node>
      <node id="2640">
        <label>DocSimpleList</label>
        <link refid="dc/de6/class_doc_simple_list"/>
        <childnode refid="2639" relation="public-inheritance">
        </childnode>
      </node>
      <node id="2669">
        <label>CompAccept&lt; DocSection &gt;</label>
        <link refid="d7/da3/class_comp_accept"/>
        <childnode refid="2634" relation="template-instance">
          <edgelabel>&lt; DocSection &gt;</edgelabel>
        </childnode>
      </node>
      <node id="2655">
        <label>CompAccept&lt; DocTitle &gt;</label>
        <link refid="d7/da3/class_comp_accept"/>
        <childnode refid="2634" relation="template-instance">
          <edgelabel>&lt; DocTitle &gt;</edgelabel>
        </childnode>
      </node>
      <node id="2648">
        <label>DocLink</label>
        <link refid="d5/dd3/class_doc_link"/>
        <childnode refid="2647" relation="public-inheritance">
        </childnode>
      </node>
      <node id="2644">
        <label>DocRef</label>
        <link refid="d5/d68/class_doc_ref"/>
        <childnode refid="2643" relation="public-inheritance">
        </childnode>
      </node>
      <node id="2677">
        <label>CompAccept&lt; DocHRef &gt;</label>
        <link refid="d7/da3/class_comp_accept"/>
        <childnode refid="2634" relation="template-instance">
          <edgelabel>&lt; DocHRef &gt;</edgelabel>
        </childnode>
      </node>
      <node id="2673">
        <label>CompAccept&lt; DocHtmlList &gt;</label>
        <link refid="d7/da3/class_comp_accept"/>
        <childnode refid="2634" relation="template-instance">
          <edgelabel>&lt; DocHtmlList &gt;</edgelabel>
        </childnode>
      </node>
      <node id="2690">
        <label>DocInternalRef</label>
        <link refid="da/da2/class_doc_internal_ref"/>
        <childnode refid="2689" relation="public-inheritance">
        </childnode>
      </node>
      <node id="2700">
        <label>DocHtmlTable</label>
        <link refid="de/d79/class_doc_html_table"/>
        <childnode refid="2699" relation="public-inheritance">
        </childnode>
      </node>
      <node id="2658">
        <label>DocHtmlDescTitle</label>
        <link refid="dd/dd1/class_doc_html_desc_title"/>
        <childnode refid="2657" relation="public-inheritance">
        </childnode>
      </node>
      <node id="2698">
        <label>DocSecRefList</label>
        <link refid="d3/ddb/class_doc_sec_ref_list"/>
        <childnode refid="2697" relation="public-inheritance">
        </childnode>
      </node>
      <node id="2666">
        <label>DocDotFile</label>
        <link refid="df/d37/class_doc_dot_file"/>
        <childnode refid="2665" relation="public-inheritance">
        </childnode>
      </node>
      <node id="2687">
        <label>CompAccept&lt; DocVhdlFlow &gt;</label>
        <link refid="d7/da3/class_comp_accept"/>
        <childnode refid="2634" relation="template-instance">
          <edgelabel>&lt; DocVhdlFlow &gt;</edgelabel>
        </childnode>
      </node>
      <node id="2691">
        <label>CompAccept&lt; DocHtmlHeader &gt;</label>
        <link refid="d7/da3/class_comp_accept"/>
        <childnode refid="2634" relation="template-instance">
          <edgelabel>&lt; DocHtmlHeader &gt;</edgelabel>
        </childnode>
      </node>
      <node id="2663">
        <label>CompAccept&lt; DocInternal &gt;</label>
        <link refid="d7/da3/class_comp_accept"/>
        <childnode refid="2634" relation="template-instance">
          <edgelabel>&lt; DocInternal &gt;</edgelabel>
        </childnode>
      </node>
      <node id="2688">
        <label>DocVhdlFlow</label>
        <link refid="d0/d89/class_doc_vhdl_flow"/>
        <childnode refid="2687" relation="public-inheritance">
        </childnode>
      </node>
      <node id="2667">
        <label>CompAccept&lt; DocRoot &gt;</label>
        <link refid="d7/da3/class_comp_accept"/>
        <childnode refid="2634" relation="template-instance">
          <edgelabel>&lt; DocRoot &gt;</edgelabel>
        </childnode>
      </node>
      <node id="2689">
        <label>CompAccept&lt; DocInternalRef &gt;</label>
        <link refid="d7/da3/class_comp_accept"/>
        <childnode refid="2634" relation="template-instance">
          <edgelabel>&lt; DocInternalRef &gt;</edgelabel>
        </childnode>
      </node>
      <node id="2647">
        <label>CompAccept&lt; DocLink &gt;</label>
        <link refid="d7/da3/class_comp_accept"/>
        <childnode refid="2634" relation="template-instance">
          <edgelabel>&lt; DocLink &gt;</edgelabel>
        </childnode>
      </node>
      <node id="2638">
        <label>DocHtmlDescList</label>
        <link refid="df/d6f/class_doc_html_desc_list"/>
        <childnode refid="2637" relation="public-inheritance">
        </childnode>
      </node>
      <node id="2661">
        <label>CompAccept&lt; DocImage &gt;</label>
        <link refid="d7/da3/class_comp_accept"/>
        <childnode refid="2634" relation="template-instance">
          <edgelabel>&lt; DocImage &gt;</edgelabel>
        </childnode>
      </node>
      <node id="2654">
        <label>DocMscFile</label>
        <link refid="d3/d7d/class_doc_msc_file"/>
        <childnode refid="2653" relation="public-inheritance">
        </childnode>
      </node>
      <node id="2696">
        <label>DocSimpleSect</label>
        <link refid="de/d65/class_doc_simple_sect"/>
        <childnode refid="2695" relation="public-inheritance">
        </childnode>
      </node>
      <node id="2680">
        <label>DocPara</label>
        <link refid="d3/d01/class_doc_para"/>
        <childnode refid="2679" relation="public-inheritance">
        </childnode>
      </node>
      <node id="2681">
        <label>CompAccept&lt; DocAutoList &gt;</label>
        <link refid="d7/da3/class_comp_accept"/>
        <childnode refid="2634" relation="template-instance">
          <edgelabel>&lt; DocAutoList &gt;</edgelabel>
        </childnode>
      </node>
      <node id="2637">
        <label>CompAccept&lt; DocHtmlDescList &gt;</label>
        <link refid="d7/da3/class_comp_accept"/>
        <childnode refid="2634" relation="template-instance">
          <edgelabel>&lt; DocHtmlDescList &gt;</edgelabel>
        </childnode>
      </node>
      <node id="2651">
        <label>CompAccept&lt; DocHtmlBlockQuote &gt;</label>
        <link refid="d7/da3/class_comp_accept"/>
        <childnode refid="2634" relation="template-instance">
          <edgelabel>&lt; DocHtmlBlockQuote &gt;</edgelabel>
        </childnode>
      </node>
      <node id="2686">
        <label>DocSecRefItem</label>
        <link refid="de/d87/class_doc_sec_ref_item"/>
        <childnode refid="2685" relation="public-inheritance">
        </childnode>
      </node>
      <node id="2671">
        <label>CompAccept&lt; DocText &gt;</label>
        <link refid="d7/da3/class_comp_accept"/>
        <childnode refid="2634" relation="template-instance">
          <edgelabel>&lt; DocText &gt;</edgelabel>
        </childnode>
      </node>
      <node id="2683">
        <label>CompAccept&lt; DocHtmlDescData &gt;</label>
        <link refid="d7/da3/class_comp_accept"/>
        <childnode refid="2634" relation="template-instance">
          <edgelabel>&lt; DocHtmlDescData &gt;</edgelabel>
        </childnode>
      </node>
      <node id="2664">
        <label>DocInternal</label>
        <link refid="db/d6d/class_doc_internal"/>
        <childnode refid="2663" relation="public-inheritance">
        </childnode>
      </node>
      <node id="2662">
        <label>DocImage</label>
        <link refid="db/dc8/class_doc_image"/>
        <childnode refid="2661" relation="public-inheritance">
        </childnode>
      </node>
      <node id="2652">
        <label>DocHtmlBlockQuote</label>
        <link refid="d9/dd3/class_doc_html_block_quote"/>
        <childnode refid="2651" relation="public-inheritance">
        </childnode>
      </node>
      <node id="2646">
        <label>DocXRefItem</label>
        <link refid="d0/d90/class_doc_x_ref_item"/>
        <childnode refid="2645" relation="public-inheritance">
        </childnode>
      </node>
      <node id="2665">
        <label>CompAccept&lt; DocDotFile &gt;</label>
        <link refid="d7/da3/class_comp_accept"/>
        <childnode refid="2634" relation="template-instance">
          <edgelabel>&lt; DocDotFile &gt;</edgelabel>
        </childnode>
      </node>
      <node id="2653">
        <label>CompAccept&lt; DocMscFile &gt;</label>
        <link refid="d7/da3/class_comp_accept"/>
        <childnode refid="2634" relation="template-instance">
          <edgelabel>&lt; DocMscFile &gt;</edgelabel>
        </childnode>
      </node>
      <node id="2676">
        <label>DocHtmlCell</label>
        <link refid="d1/d56/class_doc_html_cell"/>
        <childnode refid="2675" relation="public-inheritance">
        </childnode>
      </node>
      <node id="2645">
        <label>CompAccept&lt; DocXRefItem &gt;</label>
        <link refid="d7/da3/class_comp_accept"/>
        <childnode refid="2634" relation="template-instance">
          <edgelabel>&lt; DocXRefItem &gt;</edgelabel>
        </childnode>
      </node>
      <node id="2675">
        <label>CompAccept&lt; DocHtmlCell &gt;</label>
        <link refid="d7/da3/class_comp_accept"/>
        <childnode refid="2634" relation="template-instance">
          <edgelabel>&lt; DocHtmlCell &gt;</edgelabel>
        </childnode>
      </node>
      <node id="2650">
        <label>DocHtmlRow</label>
        <link refid="d3/d16/class_doc_html_row"/>
        <childnode refid="2649" relation="public-inheritance">
        </childnode>
      </node>
      <node id="2636">
        <label>DocParamSect</label>
        <link refid="d1/d01/class_doc_param_sect"/>
        <childnode refid="2635" relation="public-inheritance">
        </childnode>
      </node>
      <node id="2674">
        <label>DocHtmlList</label>
        <link refid="d5/d42/class_doc_html_list"/>
        <childnode refid="2673" relation="public-inheritance">
        </childnode>
      </node>
      <node id="2672">
        <label>DocText</label>
        <link refid="d0/d87/class_doc_text"/>
        <childnode refid="2671" relation="public-inheritance">
        </childnode>
      </node>
      <node id="2635">
        <label>CompAccept&lt; DocParamSect &gt;</label>
        <link refid="d7/da3/class_comp_accept"/>
        <childnode refid="2634" relation="template-instance">
          <edgelabel>&lt; DocParamSect &gt;</edgelabel>
        </childnode>
      </node>
      <node id="2699">
        <label>CompAccept&lt; DocHtmlTable &gt;</label>
        <link refid="d7/da3/class_comp_accept"/>
        <childnode refid="2634" relation="template-instance">
          <edgelabel>&lt; DocHtmlTable &gt;</edgelabel>
        </childnode>
      </node>
      <node id="2639">
        <label>CompAccept&lt; DocSimpleList &gt;</label>
        <link refid="d7/da3/class_comp_accept"/>
        <childnode refid="2634" relation="template-instance">
          <edgelabel>&lt; DocSimpleList &gt;</edgelabel>
        </childnode>
      </node>
      <node id="2649">
        <label>CompAccept&lt; DocHtmlRow &gt;</label>
        <link refid="d7/da3/class_comp_accept"/>
        <childnode refid="2634" relation="template-instance">
          <edgelabel>&lt; DocHtmlRow &gt;</edgelabel>
        </childnode>
      </node>
      <node id="2634">
        <label>CompAccept&lt; T &gt;</label>
        <link refid="d7/da3/class_comp_accept"/>
      </node>
      <node id="2697">
        <label>CompAccept&lt; DocSecRefList &gt;</label>
        <link refid="d7/da3/class_comp_accept"/>
        <childnode refid="2634" relation="template-instance">
          <edgelabel>&lt; DocSecRefList &gt;</edgelabel>
        </childnode>
      </node>
      <node id="2641">
        <label>CompAccept&lt; DocHtmlCaption &gt;</label>
        <link refid="d7/da3/class_comp_accept"/>
        <childnode refid="2634" relation="template-instance">
          <edgelabel>&lt; DocHtmlCaption &gt;</edgelabel>
        </childnode>
      </node>
      <node id="2679">
        <label>CompAccept&lt; DocPara &gt;</label>
        <link refid="d7/da3/class_comp_accept"/>
        <childnode refid="2634" relation="template-instance">
          <edgelabel>&lt; DocPara &gt;</edgelabel>
        </childnode>
      </node>
      <node id="2694">
        <label>DocAutoListItem</label>
        <link refid="d8/df9/class_doc_auto_list_item"/>
        <childnode refid="2693" relation="public-inheritance">
        </childnode>
      </node>
      <node id="2692">
        <label>DocHtmlHeader</label>
        <link refid="df/d24/class_doc_html_header"/>
        <childnode refid="2691" relation="public-inheritance">
        </childnode>
      </node>
      <node id="2657">
        <label>CompAccept&lt; DocHtmlDescTitle &gt;</label>
        <link refid="d7/da3/class_comp_accept"/>
        <childnode refid="2634" relation="template-instance">
          <edgelabel>&lt; DocHtmlDescTitle &gt;</edgelabel>
        </childnode>
      </node>
      <node id="2670">
        <label>DocSection</label>
        <link refid="d2/da3/class_doc_section"/>
        <childnode refid="2669" relation="public-inheritance">
        </childnode>
      </node>
      <node id="2660">
        <label>DocHtmlListItem</label>
        <link refid="df/da8/class_doc_html_list_item"/>
        <childnode refid="2659" relation="public-inheritance">
        </childnode>
      </node>
      <node id="2684">
        <label>DocHtmlDescData</label>
        <link refid="dd/d88/class_doc_html_desc_data"/>
        <childnode refid="2683" relation="public-inheritance">
        </childnode>
      </node>
      <node id="2643">
        <label>CompAccept&lt; DocRef &gt;</label>
        <link refid="d7/da3/class_comp_accept"/>
        <childnode refid="2634" relation="template-instance">
          <edgelabel>&lt; DocRef &gt;</edgelabel>
        </childnode>
      </node>
      <node id="2659">
        <label>CompAccept&lt; DocHtmlListItem &gt;</label>
        <link refid="d7/da3/class_comp_accept"/>
        <childnode refid="2634" relation="template-instance">
          <edgelabel>&lt; DocHtmlListItem &gt;</edgelabel>
        </childnode>
      </node>
      <node id="2693">
        <label>CompAccept&lt; DocAutoListItem &gt;</label>
        <link refid="d7/da3/class_comp_accept"/>
        <childnode refid="2634" relation="template-instance">
          <edgelabel>&lt; DocAutoListItem &gt;</edgelabel>
        </childnode>
      </node>
      <node id="2685">
        <label>CompAccept&lt; DocSecRefItem &gt;</label>
        <link refid="d7/da3/class_comp_accept"/>
        <childnode refid="2634" relation="template-instance">
          <edgelabel>&lt; DocSecRefItem &gt;</edgelabel>
        </childnode>
      </node>
    </inheritancegraph>
    <location file="C:/Users/Mat/Projects/doxygraph/examples/doxygen-1.8.4/src/docparser.h" line="171" bodyfile="C:/Users/Mat/Projects/doxygraph/examples/doxygen-1.8.4/src/docparser.h" bodystart="170" bodyend="188"/>
    <listofallmembers>
      <member refid="d7/da3/class_comp_accept_1a5787ab796a9008bab225031921773b5c" prot="public" virt="non-virtual"><scope>CompAccept</scope><name>accept</name></member>
      <member refid="d7/da3/class_comp_accept_1ad45c9ef74bc602bead18c2f36ad5d351" prot="public" virt="non-virtual"><scope>CompAccept</scope><name>children</name></member>
      <member refid="d7/da3/class_comp_accept_1af0bab1c89fc80848fe8be7b5c81afacb" prot="public" virt="non-virtual"><scope>CompAccept</scope><name>children</name></member>
      <member refid="d7/da3/class_comp_accept_1ad243d87336e0fd5dae91ca8481a1c85a" prot="public" virt="non-virtual"><scope>CompAccept</scope><name>CompAccept</name></member>
      <member refid="d7/da3/class_comp_accept_1af32d89695dc65d34b642dceb0da9e281" prot="protected" virt="non-virtual"><scope>CompAccept</scope><name>m_children</name></member>
      <member refid="d7/da3/class_comp_accept_1a0efdf3a4631f1d7894bf5c4ba6025d1e" prot="public" virt="virtual"><scope>CompAccept</scope><name>~CompAccept</name></member>
    </listofallmembers>
  </compounddef>
</doxygen>
