<?xml version='1.0' encoding='UTF-8' standalone='no'?>
<doxygen xmlns:xsi="http://www.w3.org/2001/XMLSchema-instance" xsi:noNamespaceSchemaLocation="compound.xsd" version="1.8.2">
  <compounddef id="d7/da3/class_class_list" kind="class" prot="public">
    <compoundname>ClassList</compoundname>
    <basecompoundref refid="db/daa/class_q_list" prot="public" virt="non-virtual">QList&lt; ClassDef &gt;</basecompoundref>
    <derivedcompoundref refid="da/dba/class_prefix_ignore_class_list" prot="public" virt="non-virtual">PrefixIgnoreClassList</derivedcompoundref>
    <includes refid="d2/df8/classlist_8h" local="no">classlist.h</includes>
      <sectiondef kind="public-func">
      <memberdef kind="function" id="d7/da3/class_class_list_1ae38fe54b4c889fb276f4b2d14d63ffa4" prot="public" static="no" const="no" explicit="no" inline="no" virt="non-virtual">
        <type></type>
        <definition>ClassList::ClassList</definition>
        <argsstring>()</argsstring>
        <name>ClassList</name>
        <briefdescription>
        </briefdescription>
        <detaileddescription>
        </detaileddescription>
        <inbodydescription>
        </inbodydescription>
        <location file="C:/Users/Mat/Projects/doxygraph/examples/doxygen-1.8.4/src/classlist.h" line="33" bodyfile="C:/Users/Mat/Projects/doxygraph/examples/doxygen-1.8.4/src/classlist.cpp" bodystart="28" bodyend="30"/>
      </memberdef>
      <memberdef kind="function" id="d7/da3/class_class_list_1a07fc7f24daa108b3c249c76bf1fffca2" prot="public" static="no" const="no" explicit="no" inline="no" virt="non-virtual">
        <type></type>
        <definition>ClassList::~ClassList</definition>
        <argsstring>()</argsstring>
        <name>~ClassList</name>
        <briefdescription>
        </briefdescription>
        <detaileddescription>
        </detaileddescription>
        <inbodydescription>
        </inbodydescription>
        <location file="C:/Users/Mat/Projects/doxygraph/examples/doxygen-1.8.4/src/classlist.h" line="34" bodyfile="C:/Users/Mat/Projects/doxygraph/examples/doxygen-1.8.4/src/classlist.cpp" bodystart="32" bodyend="34"/>
      </memberdef>
      <memberdef kind="function" id="d7/da3/class_class_list_1a265b921739b2f4572ac42a9f869067ff" prot="public" static="no" const="no" explicit="no" inline="no" virt="non-virtual">
        <type>int</type>
        <definition>int ClassList::compareItems</definition>
        <argsstring>(QCollection::Item item1, QCollection::Item item2)</argsstring>
        <name>compareItems</name>
        <param>
          <type>QCollection::Item</type>
          <declname>item1</declname>
        </param>
        <param>
          <type>QCollection::Item</type>
          <declname>item2</declname>
        </param>
        <briefdescription>
        </briefdescription>
        <detaileddescription>
        </detaileddescription>
        <inbodydescription>
        </inbodydescription>
        <location file="C:/Users/Mat/Projects/doxygraph/examples/doxygen-1.8.4/src/classlist.h" line="36" bodyfile="C:/Users/Mat/Projects/doxygraph/examples/doxygen-1.8.4/src/classlist.cpp" bodystart="54" bodyend="57"/>
      </memberdef>
      </sectiondef>
    <briefdescription>
<para>A list of <ref refid="d1/dcf/class_class_def" kindref="compound">ClassDef</ref> objects. </para>    </briefdescription>
    <detaileddescription>
    </detaileddescription>
    <inheritancegraph>
      <node id="2592">
        <label>QList&lt; ClassDef &gt;</label>
        <link refid="db/daa/class_q_list"/>
      </node>
      <node id="2591">
        <label>ClassList</label>
        <link refid="d7/da3/class_class_list"/>
        <childnode refid="2592" relation="public-inheritance">
        </childnode>
      </node>
      <node id="2593">
        <label>PrefixIgnoreClassList</label>
        <childnode refid="2591" relation="public-inheritance">
        </childnode>
      </node>
    </inheritancegraph>
    <collaborationgraph>
      <node id="2595">
        <label>QList&lt; ClassDef &gt;</label>
        <link refid="db/daa/class_q_list"/>
      </node>
      <node id="2594">
        <label>ClassList</label>
        <link refid="d7/da3/class_class_list"/>
        <childnode refid="2595" relation="public-inheritance">
        </childnode>
      </node>
    </collaborationgraph>
    <location file="C:/Users/Mat/Projects/doxygraph/examples/doxygen-1.8.4/src/classlist.h" line="31" bodyfile="C:/Users/Mat/Projects/doxygraph/examples/doxygen-1.8.4/src/classlist.h" bodystart="30" bodyend="37"/>
    <listofallmembers>
      <member refid="d7/da3/class_class_list_1ae38fe54b4c889fb276f4b2d14d63ffa4" prot="public" virt="non-virtual"><scope>ClassList</scope><name>ClassList</name></member>
      <member refid="d7/da3/class_class_list_1a265b921739b2f4572ac42a9f869067ff" prot="public" virt="non-virtual"><scope>ClassList</scope><name>compareItems</name></member>
      <member refid="d7/da3/class_class_list_1a07fc7f24daa108b3c249c76bf1fffca2" prot="public" virt="non-virtual"><scope>ClassList</scope><name>~ClassList</name></member>
    </listofallmembers>
  </compounddef>
</doxygen>
