<?xml version='1.0' encoding='UTF-8' standalone='no'?>
<doxygen xmlns:xsi="http://www.w3.org/2001/XMLSchema-instance" xsi:noNamespaceSchemaLocation="compound.xsd" version="1.8.2">
  <compounddef id="d3/de8/class_diagram_item_list" kind="class" prot="public">
    <compoundname>DiagramItemList</compoundname>
    <basecompoundref refid="db/daa/class_q_list" prot="public" virt="non-virtual">QList&lt; DiagramItem &gt;</basecompoundref>
      <sectiondef kind="public-func">
      <memberdef kind="function" id="d3/de8/class_diagram_item_list_1a41640f51f1214d0b9a880216687b6ee4" prot="public" static="no" const="no" explicit="no" inline="yes" virt="non-virtual">
        <type></type>
        <definition>DiagramItemList::DiagramItemList</definition>
        <argsstring>()</argsstring>
        <name>DiagramItemList</name>
        <briefdescription>
        </briefdescription>
        <detaileddescription>
        </detaileddescription>
        <inbodydescription>
        </inbodydescription>
        <location file="C:/Users/Mat/Projects/doxygraph/examples/doxygen-1.8.4/src/diagram.cpp" line="80" bodyfile="C:/Users/Mat/Projects/doxygraph/examples/doxygen-1.8.4/src/diagram.cpp" bodystart="80" bodyend="80"/>
      </memberdef>
      <memberdef kind="function" id="d3/de8/class_diagram_item_list_1a2f22c1c178dc080d224786411c805b41" prot="public" static="no" const="no" explicit="no" inline="yes" virt="non-virtual">
        <type></type>
        <definition>DiagramItemList::~DiagramItemList</definition>
        <argsstring>()</argsstring>
        <name>~DiagramItemList</name>
        <briefdescription>
        </briefdescription>
        <detaileddescription>
        </detaileddescription>
        <inbodydescription>
        </inbodydescription>
        <location file="C:/Users/Mat/Projects/doxygraph/examples/doxygen-1.8.4/src/diagram.cpp" line="81" bodyfile="C:/Users/Mat/Projects/doxygraph/examples/doxygen-1.8.4/src/diagram.cpp" bodystart="81" bodyend="81"/>
      </memberdef>
      </sectiondef>
    <briefdescription>
<para>Class representing a list of DiagramItem object. </para>    </briefdescription>
    <detaileddescription>
    </detaileddescription>
    <inheritancegraph>
      <node id="2831">
        <label>QList&lt; DiagramItem &gt;</label>
        <link refid="db/daa/class_q_list"/>
      </node>
      <node id="2830">
        <label>DiagramItemList</label>
        <childnode refid="2831" relation="public-inheritance">
        </childnode>
      </node>
    </inheritancegraph>
    <collaborationgraph>
      <node id="2833">
        <label>QList&lt; DiagramItem &gt;</label>
        <link refid="db/daa/class_q_list"/>
      </node>
      <node id="2832">
        <label>DiagramItemList</label>
        <childnode refid="2833" relation="public-inheritance">
        </childnode>
      </node>
    </collaborationgraph>
    <location file="C:/Users/Mat/Projects/doxygraph/examples/doxygen-1.8.4/src/diagram.cpp" line="78" bodyfile="C:/Users/Mat/Projects/doxygraph/examples/doxygen-1.8.4/src/diagram.cpp" bodystart="77" bodyend="82"/>
    <listofallmembers>
      <member refid="d3/de8/class_diagram_item_list_1a41640f51f1214d0b9a880216687b6ee4" prot="public" virt="non-virtual"><scope>DiagramItemList</scope><name>DiagramItemList</name></member>
      <member refid="d3/de8/class_diagram_item_list_1a2f22c1c178dc080d224786411c805b41" prot="public" virt="non-virtual"><scope>DiagramItemList</scope><name>~DiagramItemList</name></member>
    </listofallmembers>
  </compounddef>
</doxygen>
