<?xml version='1.0' encoding='UTF-8' standalone='no'?>
<doxygen xmlns:xsi="http://www.w3.org/2001/XMLSchema-instance" xsi:noNamespaceSchemaLocation="compound.xsd" version="1.8.2">
  <compounddef id="d5/d46/jquery__p2__js_8h" kind="file">
    <compoundname>jquery_p2_js.h</compoundname>
    <includedby refid="d8/d6e/htmlgen_8cpp" local="yes">src/htmlgen.cpp</includedby>
    <invincdepgraph>
      <node id="2794">
        <label>src/htmlgen.cpp</label>
        <link refid="d8/d6e/htmlgen_8cpp_source"/>
      </node>
      <node id="2793">
        <label>src/jquery_p2_js.h</label>
        <link refid="jquery_p2_js.h"/>
        <childnode refid="2794" relation="include">
        </childnode>
      </node>
    </invincdepgraph>
    <briefdescription>
    </briefdescription>
    <detaileddescription>
    </detaileddescription>
    <programlisting>
<codeline lineno="1"><highlight class="stringliteral">&quot;}b.event.add(this,\&quot;click._submit<sp/>keypress._submit\&quot;,function(bx){var<sp/>bw=bx.target,bv=b.nodeName(bw,\&quot;input\&quot;)||b.nodeName(bw,\&quot;button\&quot;)?bw.form:L;if(bv&amp;&amp;!bv._submit_attached){b.event.add(bv,\&quot;submit._submit\&quot;,function(e){if(this.parentNode&amp;&amp;!e.isTrigger){b.event.simulate(\&quot;submit\&quot;,this.parentNode,e,true)}});bv._submit_attached=true}})},teardown:function(){if(b.nodeName(this,\&quot;form\&quot;)){return<sp/>false}b.event.remove(this,\&quot;._submit\&quot;)}}}if(!b.support.changeBubbles){b.event.special.change={setup:function(){if(bd.test(this.nodeName)){if(this.type===\&quot;checkbox\&quot;||this.type===\&quot;radio\&quot;){b.event.add(this,\&quot;propertychange._change\&quot;,function(e){if(e.originalEvent.propertyName===\&quot;checked\&quot;){this._just_changed=true}});b.event.add(this,\&quot;click._change\&quot;,function(e){if(this._just_changed&amp;&amp;!e.isTrigger){this._just_changed=false;b.event.simulate(\&quot;change\&quot;,this,e,true)}})}return<sp/>false}b.event.add(this,\&quot;beforeactivate._change\&quot;,function(bw){var<sp/>bv=bw.target;if(bd.test(bv.nodeName)&amp;&amp;!bv._change_attached){b.event.add(bv,\&quot;change._change\&quot;,function(e){if(this.parentNode&amp;&amp;!e.isSimulated&amp;&amp;!e.isTrigger){b.event.simulate(\&quot;change\&quot;,this.parentNode,e,true)}});bv._change_attached=true}})},handle:function(bv){var<sp/>e=bv.target;if(this!==e||bv.isSimulated||bv.isTrigger||(e.type!==\&quot;radio\&quot;&amp;&amp;e.type!==\&quot;checkbox\&quot;)){return<sp/>bv.handleObj.handler.apply(this,arguments)}},teardown:function(){b.event.remove(this,\&quot;._change\&quot;);return<sp/>bd.test(this.nodeName)}}}if(!b.support.focusinBubbles){b.each({focus:\&quot;focusin\&quot;,blur:\&quot;focusout\&quot;},function(bx,e){var<sp/>bv=0,bw=function(by){b.event.simulate(e,by.target,b.event.fix(by),true)};b.event.special[e]={setup:function(){if(bv++===0){av.addEventListener(bx,bw,true)}},teardown:function(){if(--bv===0){av.removeEventListener(bx,bw,true)}}}})}b.fn.extend({on:function(bw,e,bz,by,bv){var<sp/>bA,bx;if(typeof<sp/>bw===\&quot;object\&quot;){if(typeof<sp/>e!==\&quot;string\&quot;){bz=e;e=L}for(bx<sp/>in<sp/>bw){this.on(bx,e,bz,bw[bx],bv)}return<sp/>this}if(bz==null&amp;&amp;by==null){by=e;bz=e=L}else{if(by==null){if(typeof<sp/>e===\&quot;string\&quot;){by=bz;bz=L}else{by=bz;bz=e;e=L}}}if(by===false){by=bk}else{if(!by){return<sp/>this}}if(bv===1){bA=by;by=function(bB){b().off(bB);return<sp/>bA.apply(this,arguments)};by.guid=bA.guid||(bA.guid=b.guid++)}return<sp/>this.each(function(){b.event.add(this,bw,by,bz,e)})},one:function(bv,e,bx,bw){return<sp/>this.on.call(this,bv,e,bx,bw,1)},off:function(bw,e,by){if(bw&amp;&amp;bw.preventDefault&amp;&amp;bw.handleObj){var<sp/>bv=bw.handleObj;b(bw.delegateTarget).off(bv.namespace?bv.type+\&quot;.\&quot;+bv.namespace:bv.type,bv.selector,bv.handler);return<sp/>this}if(typeof<sp/>bw===\&quot;object\&quot;){for(var<sp/>bx<sp/>in<sp/>bw){this.off(bx,e,bw[bx])}return<sp/>this}if(e===false||typeof<sp/>e===\&quot;function\&quot;){by=e;e=L}if(by===false){by=bk}return<sp/>this.each(function(){b.event.remove(this,bw,by,e)})},bind:function(e,bw,bv){return<sp/>this.on(e,null,bw,bv)},unbind:function(e,bv){return<sp/>this.off(e,null,bv)},live:function(e,bw,bv){b(this.context).on(e,this.selector,bw,bv);return<sp/>this},die:function(e,bv){b(this.context).off(e,this.selector||\&quot;**\&quot;,bv);return<sp/>this},delegate:function(e,bv,bx,bw){return<sp/>this.on(bv,e,bx,bw)},undelegate:function(e,bv,bw){return<sp/>arguments.length==1?this.off(e,\&quot;**\&quot;):this.off(bv,e,bw)},trigger:function(e,bv){return<sp/>this.each(function(){b.event.trigger(e,bv,this)})},triggerHandler:function(e,bv){if(this[0]){return<sp/>b.event.trigger(e,bv,this[0],true)}},toggle:function(bx){var<sp/>bv=arguments,e=bx.guid||b.guid++,bw=0,by=function(bz){var<sp/>bA=(b._data(this,\&quot;lastToggle\&quot;+bx.guid)||0)%bw;b._data(this,\&quot;lastToggle\&quot;+bx.guid,bA+1);bz.preventDefault();return<sp/>bv[bA].apply(this,arguments)||false};by.guid=e;while(bw&lt;bv.length){bv[bw++].guid=e}return<sp/>this.click(by)},hover:function(e,bv){return<sp/>this.mouseenter(e).mouseleave(bv||e)}});b.each((\&quot;blur<sp/>focus<sp/>focusin<sp/>focusout<sp/>load<sp/>resize<sp/>scroll<sp/>unload<sp/>click<sp/>dblclick<sp/>mousedown<sp/>mouseup<sp/>mousemove<sp/>mouseover<sp/>mouseout<sp/>mouseenter<sp/>mouseleave<sp/>change<sp/>select<sp/>submit<sp/>keydown<sp/>keypress<sp/>keyup<sp/>error<sp/>contextmenu\&quot;).split(\&quot;<sp/>\&quot;),function(bv,e){b.fn[e]=function(bx,bw){if(bw==null){bw=bx;bx=null}return<sp/>arguments.length&gt;0?this.on(e,null,bx,bw):this.trigger(e)};if(b.attrFn){b.attrFn[e]=true}if(aO.test(e)){b.event.fixHooks[e]=b.event.keyHooks}if(bf.test(e)){b.event.fixHooks[e]=b.event.mouseHooks}});\n&quot;</highlight><highlight class="normal"></highlight></codeline>
<codeline lineno="2"><highlight class="normal"></highlight><highlight class="stringliteral">&quot;/*!\n&quot;</highlight><highlight class="normal"></highlight></codeline>
<codeline lineno="3"><highlight class="normal"></highlight><highlight class="stringliteral">&quot;<sp/>*<sp/>Sizzle<sp/>CSS<sp/>Selector<sp/>Engine\n&quot;</highlight><highlight class="normal"></highlight></codeline>
<codeline lineno="4"><highlight class="normal"></highlight><highlight class="stringliteral">&quot;<sp/>*<sp/><sp/>Copyright<sp/>2011,<sp/>The<sp/>Dojo<sp/>Foundation\n&quot;</highlight><highlight class="normal"></highlight></codeline>
<codeline lineno="5"><highlight class="normal"></highlight><highlight class="stringliteral">&quot;<sp/>*<sp/><sp/>Released<sp/>under<sp/>the<sp/>MIT,<sp/>BSD,<sp/>and<sp/>GPL<sp/>Licenses.\n&quot;</highlight><highlight class="normal"></highlight></codeline>
<codeline lineno="6"><highlight class="normal"></highlight><highlight class="stringliteral">&quot;<sp/>*<sp/><sp/>More<sp/>information:<sp/>http://sizzlejs.com/\n&quot;</highlight><highlight class="normal"></highlight></codeline>
<codeline lineno="7"><highlight class="normal"></highlight><highlight class="stringliteral">&quot;<sp/>*/\n&quot;</highlight><highlight class="normal"></highlight></codeline>
<codeline lineno="8"><highlight class="normal"></highlight><highlight class="stringliteral">&quot;(function(){var<sp/>bH=/((?:\\((?:\\([^()]+\\)|[^()]+)+\\)|\\[(?:\\[[^\\[\\]]*\\]|[&apos;\&quot;][^&apos;\&quot;]*[&apos;\&quot;]|[^\\[\\]&apos;\&quot;]+)+\\]|\\\\.|[^<sp/>&gt;+~,(\\[\\\\]+)+|[&gt;+~])(\\s*,\\s*)?((?:.|\\r|\\n)*)/g,bC=\&quot;sizcache\&quot;+(Math.random()+\&quot;\&quot;).replace(\&quot;.\&quot;,\&quot;\&quot;),bI=0,bL=Object.prototype.toString,bB=false,bA=true,bK=/\\\\/g,bO=/\\r\\n/g,bQ=/\\W/;[0,0].sort(function(){bA=false;return<sp/>0});var<sp/>by=function(bV,e,bY,bZ){bY=bY||[];e=e||av;var<sp/>b1=e;if(e.nodeType!==1&amp;&amp;e.nodeType!==9){return[]}if(!bV||typeof<sp/>bV!==\&quot;string\&quot;){return<sp/>bY}var<sp/>bS,b3,b6,bR,b2,b5,b4,bX,bU=true,bT=by.isXML(e),bW=[],b0=bV;do{bH.exec(\&quot;\&quot;);bS=bH.exec(b0);if(bS){b0=bS[3];bW.push(bS[1]);if(bS[2]){bR=bS[3];break}}}while(bS);if(bW.length&gt;1&amp;&amp;bD.exec(bV)){if(bW.length===2&amp;&amp;bE.relative[bW[0]]){b3=bM(bW[0]+bW[1],e,bZ)}else{b3=bE.relative[bW[0]]?[e]:by(bW.shift(),e);while(bW.length){bV=bW.shift();if(bE.relative[bV]){bV+=bW.shift()}b3=bM(bV,b3,bZ)}}}else{if(!bZ&amp;&amp;bW.length&gt;1&amp;&amp;e.nodeType===9&amp;&amp;!bT&amp;&amp;bE.match.ID.test(bW[0])&amp;&amp;!bE.match.ID.test(bW[bW.length-1])){b2=by.find(bW.shift(),e,bT);e=b2.expr?by.filter(b2.expr,b2.set)[0]:b2.set[0]}if(e){b2=bZ?{expr:bW.pop(),set:bF(bZ)}:by.find(bW.pop(),bW.length===1&amp;&amp;(bW[0]===\&quot;~\&quot;||bW[0]===\&quot;+\&quot;)&amp;&amp;e.parentNode?e.parentNode:e,bT);b3=b2.expr?by.filter(b2.expr,b2.set):b2.set;if(bW.length&gt;0){b6=bF(b3)}else{bU=false}while(bW.length){b5=bW.pop();b4=b5;if(!bE.relative[b5]){b5=\&quot;\&quot;}else{b4=bW.pop()}if(b4==null){b4=e}bE.relative[b5](b6,b4,bT)}}else{b6=bW=[]}}if(!b6){b6=b3}if(!b6){by.error(b5||bV)}if(bL.call(b6)===\&quot;[object<sp/>Array]\&quot;){if(!bU){bY.push.apply(bY,b6)}else{if(e&amp;&amp;e.nodeType===1){for(bX=0;b6[bX]!=null;bX++){if(b6[bX]&amp;&amp;(b6[bX]===true||b6[bX].nodeType===1&amp;&amp;by.contains(e,b6[bX]))){bY.push(b3[bX])}}}else{for(bX=0;b6[bX]!=null;bX++){if(b6[bX]&amp;&amp;b6[bX].nodeType===1){bY.push(b3[bX])}}}}}else{bF(b6,bY)}if(bR){by(bR,b1,bY,bZ);by.uniqueSort(bY)}return<sp/>bY};by.uniqueSort=function(bR){if(bJ){bB=bA;bR.sort(bJ);if(bB){for(var<sp/>e=1;e&lt;bR.length;e++){if(bR[e]===bR[e-1]){bR.splice(e--,1)}}}}return<sp/>bR};by.matches=function(e,bR){return<sp/>by(e,null,null,bR)};by.matchesSelector=function(e,bR){return<sp/>by(bR,null,null,[e]).length&gt;0};by.find=function(bX,e,bY){var<sp/>bW,bS,bU,bT,bV,bR;if(!bX){return[]}for(bS=0,bU=bE.order.length;bS&lt;bU;bS++){bV=bE.order[bS];if((bT=bE.leftMatch[bV].exec(bX))){bR=bT[1];bT.splice(1,1);if(bR.substr(bR.length-1)!==\&quot;\\\\\&quot;){bT[1]=(bT[1]||\&quot;\&quot;).replace(bK,\&quot;\&quot;);bW=bE.find[bV](bT,e,bY);if(bW!=null){bX=bX.replace(bE.match[bV],\&quot;\&quot;);break}}}}if(!bW){bW=typeof<sp/>e.getElementsByTagName!==\&quot;undefined\&quot;?e.getElementsByTagName(\&quot;*\&quot;):[]}return{set:bW,expr:bX}};by.filter=function(b1,b0,b4,bU){var<sp/>bW,e,bZ,b6,b3,bR,bT,bV,b2,bS=b1,b5=[],bY=b0,bX=b0&amp;&amp;b0[0]&amp;&amp;by.isXML(b0[0]);while(b1&amp;&amp;b0.length){for(bZ<sp/>in<sp/>bE.filter){if((bW=bE.leftMatch[bZ].exec(b1))!=null&amp;&amp;bW[2]){bR=bE.filter[bZ];bT=bW[1];e=false;bW.splice(1,1);if(bT.substr(bT.length-1)===\&quot;\\\\\&quot;){continue}if(bY===b5){b5=[]}if(bE.preFilter[bZ]){bW=bE.preFilter[bZ](bW,bY,b4,b5,bU,bX);if(!bW){e=b6=true}else{if(bW===true){continue}}}if(bW){for(bV=0;(b3=bY[bV])!=null;bV++){if(b3){b6=bR(b3,bW,bV,bY);b2=bU^b6;if(b4&amp;&amp;b6!=null){if(b2){e=true}else{bY[bV]=false}}else{if(b2){b5.push(b3);e=true}}}}}if(b6!==L){if(!b4){bY=b5}b1=b1.replace(bE.match[bZ],\&quot;\&quot;);if(!e){return[]}break}}}if(b1===bS){if(e==null){by.error(b1)}else{break}}bS=b1}return<sp/>bY};by.error=function(e){throw<sp/>new<sp/>Error(\&quot;Syntax<sp/>error,<sp/>unrecognized<sp/>expression:<sp/>\&quot;+e)};var<sp/>bw=by.getText=function(bU){var<sp/>bS,bT,e=bU.nodeType,bR=\&quot;\&quot;;if(e){if(e===1||e===9){if(typeof<sp/>bU.textContent===\&quot;string\&quot;){return<sp/>bU.textContent}else{if(typeof<sp/>bU.innerText===\&quot;string\&quot;){return<sp/>bU.innerText.replace(bO,\&quot;\&quot;)}else{for(bU=bU.firstChild;bU;bU=bU.nextSibling){bR+=bw(bU)}}}}else{if(e===3||e===4){return<sp/>bU.nodeValue}}}else{for(bS=0;(bT=bU[bS]);bS++){if(bT.nodeType!==8){bR+=bw(bT)}}}return<sp/>bR};var<sp/>bE=by.selectors={order:[\&quot;ID\&quot;,\&quot;NAME\&quot;,\&quot;TAG\&quot;],match:{ID:/#((?:[\\w\\u00c0-\\uFFFF\\-]|\\\\.)+)/,CLASS:/\\.((?:[\\w\\u00c0-\\uFFFF\\-]|\\\\.)+)/,NAME:/\\[name=[&apos;\&quot;]*((?:[\\w\\u00c0-\\uFFFF\\-]|\\\\.)+)[&apos;\&quot;]*\\]/,ATTR:/\\[\\s*((?:[\\w\\u00c0-\\uFFFF\\-]|\\\\.)+)\\s*(?:(\\S?=)\\s*(?:([&apos;\&quot;])(.*?)\\3|(#?(?:[\\w\\u00c0-\\uFFFF\\-]|\\\\.)*)|)|)\\s*\\]/,TAG:/^((?:[\\w\\u00c0-\\uFFFF\\*\\-]|\\\\.)+)/,CHILD:/:(only|nth|last|first)-child(?:\\(\\s*(even|odd|(?:[+\\-]?\\d+|(?:[+\\-]?\\d*)?n\\s*(?:[+\\-]\\s*\\d+)?))\\s*\\))?/,POS:/:(nth|eq|gt|lt|first|last|even|odd)(?:\\((\\d*)\\))?(?=[^\\-]|$)/,PSEUDO:/:((?:[\\w\\u00c0-\\uFFFF\\-]|\\\\.)+)(?:\\(([&apos;\&quot;]?)((?:\\([^\\)]+\\)|[^\\(\\)]*)+)\\2\\))?/},leftMatch:{},attrMap:{\&quot;class\&quot;:\&quot;className\&quot;,\&quot;for\&quot;:\&quot;htmlFor\&quot;},attrHandle:{href:function(e){return<sp/>e.getAttribute(\&quot;href\&quot;)},type:function(e){return<sp/>e.getAttribute(\&quot;type\&quot;)}},relative:{\&quot;+\&quot;:function(bW,bR){var<sp/>bT=typeof<sp/>bR===\&quot;string\&quot;,bV=bT&amp;&amp;!bQ.test(bR),bX=bT&amp;&amp;!bV;if(bV){bR=bR.toLowerCase()}for(var<sp/>bS=0,e=bW.length,bU;bS&lt;e;bS++){if((bU=bW[bS])){while((bU=bU.previousSibling)&amp;&amp;bU.nodeType!==1){}bW[bS]=bX||bU&amp;&amp;bU.nodeName.toLowerCase()===bR?bU||false:bU===bR}}if(bX){by.filter(bR,bW,true)}},\&quot;&gt;\&quot;:function(bW,bR){var<sp/>bV,bU=typeof<sp/>bR===\&quot;string\&quot;,bS=0,e=bW.length;if(bU&amp;&amp;!bQ.test(bR)){bR=bR.toLowerCase();for(;bS&lt;e;bS++){bV=bW[bS];if(bV){var<sp/>bT=bV.parentNode;bW[bS]=bT.nodeName.toLowerCase()===bR?bT:false}}}else{for(;bS&lt;e;bS++){bV=bW[bS];if(bV){bW[bS]=bU?bV.parentNode:bV.parentNode===bR}}if(bU){by.filter(bR,bW,true)}}},\&quot;\&quot;:function(bT,bR,bV){var<sp/>bU,bS=bI++,e=bN;if(typeof<sp/>bR===\&quot;string\&quot;&amp;&amp;!bQ.test(bR)){bR=bR.toLowerCase();bU=bR;e=bv}e(\&quot;parentNode\&quot;,bR,bS,bT,bU,bV)},\&quot;~\&quot;:function(bT,bR,bV){var<sp/>bU,bS=bI++,e=bN;if(typeof<sp/>bR===\&quot;string\&quot;&amp;&amp;!bQ.test(bR)){bR=bR.toLowerCase();bU=bR;e=bv}e(\&quot;previousSibling\&quot;,bR,bS,bT,bU,bV)}},find:{ID:function(bR,bS,bT){if(typeof<sp/>bS.getElementById!==\&quot;undefined\&quot;&amp;&amp;!bT){var<sp/>e=bS.getElementById(bR[1]);return<sp/>e&amp;&amp;e.parentNode?[e]:[]}},NAME:function(bS,bV){if(typeof<sp/>bV.getElementsByName!==\&quot;undefined\&quot;){var<sp/>bR=[],bU=bV.getElementsByName(bS[1]);for(var<sp/>bT=0,e=bU.length;bT&lt;e;bT++){if(bU[bT].getAttribute(\&quot;name\&quot;)===bS[1]){bR.push(bU[bT])}}return<sp/>bR.length===0?null:bR}},TAG:function(e,bR){if(typeof<sp/>bR.getElementsByTagName!==\&quot;undefined\&quot;){return<sp/>bR.getElementsByTagName(e[1])}}},preFilter:{CLASS:function(bT,bR,bS,e,bW,bX){bT=\&quot;<sp/>\&quot;+bT[1].replace(bK,\&quot;\&quot;)+\&quot;<sp/>\&quot;;if(bX){return<sp/>bT}for(var<sp/>bU=0,bV;(bV=bR[bU])!=null;bU++){if(bV){if(bW^(bV.className&amp;&amp;(\&quot;<sp/>\&quot;+bV.className+\&quot;<sp/>\&quot;).replace(/[\\t\\n\\r]/g,\&quot;<sp/>\&quot;).indexOf(bT)&gt;=0)){if(!bS){e.push(bV)}}else{if(bS){bR[bU]=false}}}}return<sp/>false},ID:function(e){return<sp/>e[1].replace(bK,\&quot;\&quot;)},TAG:function(bR,e){return<sp/>bR[1].replace(bK,\&quot;\&quot;).toLowerCase()},CHILD:function(e){if(e[1]===\&quot;nth\&quot;){if(!e[2]){by.error(e[0])}e[2]=e[2].replace(/^\\+|\\s*/g,\&quot;\&quot;);var<sp/>bR=/(-?)(\\d*)(?:n([+\\-]?\\d*))?/.exec(e[2]===\&quot;even\&quot;&amp;&amp;\&quot;2n\&quot;||e[2]===\&quot;odd\&quot;&amp;&amp;\&quot;2n+1\&quot;||!/\\D/.test(e[2])&amp;&amp;\&quot;0n+\&quot;+e[2]||e[2]);e[2]=(bR[1]+(bR[2]||1))-0;e[3]=bR[3]-0}else{if(e[2]){by.error(e[0])}}e[0]=bI++;return<sp/>e},ATTR:function(bU,bR,bS,e,bV,bW){var<sp/>bT=bU[1]=bU[1].replace(bK,\&quot;\&quot;);if(!bW&amp;&amp;bE.attrMap[bT]){bU[1]=bE.attrMap[bT]}bU[4]=(bU[4]||bU[5]||\&quot;\&quot;).replace(bK,\&quot;\&quot;);if(bU[2]===\&quot;~=\&quot;){bU[4]=\&quot;<sp/>\&quot;+bU[4]+\&quot;<sp/>\&quot;}return<sp/>bU},PSEUDO:function(bU,bR,bS,e,bV){if(bU[1]===\&quot;not\&quot;){if((bH.exec(bU[3])||\&quot;\&quot;).length&gt;1||/^\\w/.test(bU[3])){bU[3]=by(bU[3],null,null,bR)}else{var<sp/>bT=by.filter(bU[3],bR,bS,true^bV);if(!bS){e.push.apply(e,bT)}return<sp/>false}}else{if(bE.match.POS.test(bU[0])||bE.match.CHILD.test(bU[0])){return<sp/>true}}return<sp/>bU},POS:function(e){e.unshift(true);return<sp/>e}},filters:{enabled:function(e){return<sp/>e.disabled===false&amp;&amp;e.type!==\&quot;hidden\&quot;},disabled:function(e){return<sp/>e.disabled===true},checked:function(e){return<sp/>e.checked===true},selected:function(e){if(e.parentNode){e.parentNode.selectedIndex}return<sp/>e.selected===true},parent:function(e){return<sp/>!!e.firstChild},empty:function(e){return<sp/>!e.firstChild},has:function(bS,bR,e){return<sp/>!!by(e[3],bS).length},header:function(e){return(/h\\d/i).test(e.nodeName)},text:function(bS){var<sp/>e=bS.getAttribute(\&quot;type\&quot;),bR=bS.type;return<sp/>bS.nodeName.toLowerCase()===\&quot;input\&quot;&amp;&amp;\&quot;text\&quot;===bR&amp;&amp;(e===bR||e===null)},radio:function(e){return<sp/>e.nodeName.toLowerCase()===\&quot;input\&quot;&amp;&amp;\&quot;radio\&quot;===e.type},checkbox:function(e){return<sp/>e.nodeName.toLowerCase()===\&quot;input\&quot;&amp;&amp;\&quot;checkbox\&quot;===e.type},file:function(e){return<sp/>e.nodeName.toLowerCase()===\&quot;input\&quot;&amp;&amp;\&quot;file\&quot;===e.type},password:function(e){return<sp/>e.nodeName.toLowerCase()===\&quot;input\&quot;&amp;&amp;\&quot;password\&quot;===e.type},submit:function(bR){var<sp/>e=bR.nodeName.toLowerCase();return(e===\&quot;input\&quot;||e===\&quot;button\&quot;)&amp;&amp;\&quot;submit\&quot;===bR.type},image:function(e){return<sp/>e.nodeName.toLowerCase()===\&quot;input\&quot;&amp;&amp;\&quot;image\&quot;===e.type},reset:function(bR){var<sp/>e=bR.nodeName.toLowerCase();return(e===\&quot;input\&quot;||e===\&quot;button\&quot;)&amp;&amp;\&quot;reset\&quot;===bR.type},button:function(bR){var<sp/>e=bR.nodeName.toLowerCase();return<sp/>e===\&quot;input\&quot;&amp;&amp;\&quot;button\&quot;===bR.type||e===\&quot;button\&quot;},input:function(e){return(/input|select|textarea|button/i).test(e.nodeName)},focus:function(e){return<sp/>e===e.ownerDocument.activeElement}},setFilters:{first:function(bR,e){return<sp/>e===0},last:function(bS,bR,e,bT){return<sp/>bR===bT.length-1},even:function(bR,e){return<sp/>e%2===0},odd:function(bR,e){return<sp/>e%2===1\n&quot;</highlight><highlight class="normal"></highlight></codeline>
<codeline lineno="9"><highlight class="normal"></highlight><highlight class="stringliteral">&quot;},lt:function(bS,bR,e){return<sp/>bR&lt;e[3]-0},gt:function(bS,bR,e){return<sp/>bR&gt;e[3]-0},nth:function(bS,bR,e){return<sp/>e[3]-0===bR},eq:function(bS,bR,e){return<sp/>e[3]-0===bR}},filter:{PSEUDO:function(bS,bX,bW,bY){var<sp/>e=bX[1],bR=bE.filters[e];if(bR){return<sp/>bR(bS,bW,bX,bY)}else{if(e===\&quot;contains\&quot;){return(bS.textContent||bS.innerText||bw([bS])||\&quot;\&quot;).indexOf(bX[3])&gt;=0}else{if(e===\&quot;not\&quot;){var<sp/>bT=bX[3];for(var<sp/>bV=0,bU=bT.length;bV&lt;bU;bV++){if(bT[bV]===bS){return<sp/>false}}return<sp/>true}else{by.error(e)}}}},CHILD:function(bS,bU){var<sp/>bT,b0,bW,bZ,e,bV,bY,bX=bU[1],bR=bS;switch(bX){case\&quot;only\&quot;:case\&quot;first\&quot;:while((bR=bR.previousSibling)){if(bR.nodeType===1){return<sp/>false}}if(bX===\&quot;first\&quot;){return<sp/>true}bR=bS;case\&quot;last\&quot;:while((bR=bR.nextSibling)){if(bR.nodeType===1){return<sp/>false}}return<sp/>true;case\&quot;nth\&quot;:bT=bU[2];b0=bU[3];if(bT===1&amp;&amp;b0===0){return<sp/>true}bW=bU[0];bZ=bS.parentNode;if(bZ&amp;&amp;(bZ[bC]!==bW||!bS.nodeIndex)){bV=0;for(bR=bZ.firstChild;bR;bR=bR.nextSibling){if(bR.nodeType===1){bR.nodeIndex=++bV}}bZ[bC]=bW}bY=bS.nodeIndex-b0;if(bT===0){return<sp/>bY===0}else{return(bY%bT===0&amp;&amp;bY/bT&gt;=0)}}},ID:function(bR,e){return<sp/>bR.nodeType===1&amp;&amp;bR.getAttribute(\&quot;id\&quot;)===e},TAG:function(bR,e){return(e===\&quot;*\&quot;&amp;&amp;bR.nodeType===1)||!!bR.nodeName&amp;&amp;bR.nodeName.toLowerCase()===e},CLASS:function(bR,e){return(\&quot;<sp/>\&quot;+(bR.className||bR.getAttribute(\&quot;class\&quot;))+\&quot;<sp/>\&quot;).indexOf(e)&gt;-1},ATTR:function(bV,bT){var<sp/>bS=bT[1],e=by.attr?by.attr(bV,bS):bE.attrHandle[bS]?bE.attrHandle[bS](bV):bV[bS]!=null?bV[bS]:bV.getAttribute(bS),bW=e+\&quot;\&quot;,bU=bT[2],bR=bT[4];return<sp/>e==null?bU===\&quot;!=\&quot;:!bU&amp;&amp;by.attr?e!=null:bU===\&quot;=\&quot;?bW===bR:bU===\&quot;*=\&quot;?bW.indexOf(bR)&gt;=0:bU===\&quot;~=\&quot;?(\&quot;<sp/>\&quot;+bW+\&quot;<sp/>\&quot;).indexOf(bR)&gt;=0:!bR?bW&amp;&amp;e!==false:bU===\&quot;!=\&quot;?bW!==bR:bU===\&quot;^=\&quot;?bW.indexOf(bR)===0:bU===\&quot;$=\&quot;?bW.substr(bW.length-bR.length)===bR:bU===\&quot;|=\&quot;?bW===bR||bW.substr(0,bR.length+1)===bR+\&quot;-\&quot;:false},POS:function(bU,bR,bS,bV){var<sp/>e=bR[2],bT=bE.setFilters[e];if(bT){return<sp/>bT(bU,bS,bR,bV)}}}};var<sp/>bD=bE.match.POS,bx=function(bR,e){return\&quot;\\\\\&quot;+(e-0+1)};for(var<sp/>bz<sp/>in<sp/>bE.match){bE.match[bz]=new<sp/>RegExp(bE.match[bz].source+(/(?![^\\[]*\\])(?![^\\(]*\\))/.source));bE.leftMatch[bz]=new<sp/>RegExp(/(^(?:.|\\r|\\n)*?)/.source+bE.match[bz].source.replace(/\\\\(\\d+)/g,bx))}var<sp/>bF=function(bR,e){bR=Array.prototype.slice.call(bR,0);if(e){e.push.apply(e,bR);return<sp/>e}return<sp/>bR};try{Array.prototype.slice.call(av.documentElement.childNodes,0)[0].nodeType}catch(bP){bF=function(bU,bT){var<sp/>bS=0,bR=bT||[];if(bL.call(bU)===\&quot;[object<sp/>Array]\&quot;){Array.prototype.push.apply(bR,bU)}else{if(typeof<sp/>bU.length===\&quot;number\&quot;){for(var<sp/>e=bU.length;bS&lt;e;bS++){bR.push(bU[bS])}}else{for(;bU[bS];bS++){bR.push(bU[bS])}}}return<sp/>bR}}var<sp/>bJ,bG;if(av.documentElement.compareDocumentPosition){bJ=function(bR,e){if(bR===e){bB=true;return<sp/>0}if(!bR.compareDocumentPosition||!e.compareDocumentPosition){return<sp/>bR.compareDocumentPosition?-1:1}return<sp/>bR.compareDocumentPosition(e)&amp;4?-1:1}}else{bJ=function(bY,bX){if(bY===bX){bB=true;return<sp/>0}else{if(bY.sourceIndex&amp;&amp;bX.sourceIndex){return<sp/>bY.sourceIndex-bX.sourceIndex}}var<sp/>bV,bR,bS=[],e=[],bU=bY.parentNode,bW=bX.parentNode,bZ=bU;if(bU===bW){return<sp/>bG(bY,bX)}else{if(!bU){return<sp/>-1}else{if(!bW){return<sp/>1}}}while(bZ){bS.unshift(bZ);bZ=bZ.parentNode}bZ=bW;while(bZ){e.unshift(bZ);bZ=bZ.parentNode}bV=bS.length;bR=e.length;for(var<sp/>bT=0;bT&lt;bV&amp;&amp;bT&lt;bR;bT++){if(bS[bT]!==e[bT]){return<sp/>bG(bS[bT],e[bT])}}return<sp/>bT===bV?bG(bY,e[bT],-1):bG(bS[bT],bX,1)};bG=function(bR,e,bS){if(bR===e){return<sp/>bS}var<sp/>bT=bR.nextSibling;while(bT){if(bT===e){return<sp/>-1}bT=bT.nextSibling}return<sp/>1}}(function(){var<sp/>bR=av.createElement(\&quot;div\&quot;),bS=\&quot;script\&quot;+(new<sp/>Date()).getTime(),e=av.documentElement;bR.innerHTML=\&quot;&lt;a<sp/>name=&apos;\&quot;+bS+\&quot;&apos;/&gt;\&quot;;e.insertBefore(bR,e.firstChild);if(av.getElementById(bS)){bE.find.ID=function(bU,bV,bW){if(typeof<sp/>bV.getElementById!==\&quot;undefined\&quot;&amp;&amp;!bW){var<sp/>bT=bV.getElementById(bU[1]);return<sp/>bT?bT.id===bU[1]||typeof<sp/>bT.getAttributeNode!==\&quot;undefined\&quot;&amp;&amp;bT.getAttributeNode(\&quot;id\&quot;).nodeValue===bU[1]?[bT]:L:[]}};bE.filter.ID=function(bV,bT){var<sp/>bU=typeof<sp/>bV.getAttributeNode!==\&quot;undefined\&quot;&amp;&amp;bV.getAttributeNode(\&quot;id\&quot;);return<sp/>bV.nodeType===1&amp;&amp;bU&amp;&amp;bU.nodeValue===bT}}e.removeChild(bR);e=bR=null})();(function(){var<sp/>e=av.createElement(\&quot;div\&quot;);e.appendChild(av.createComment(\&quot;\&quot;));if(e.getElementsByTagName(\&quot;*\&quot;).length&gt;0){bE.find.TAG=function(bR,bV){var<sp/>bU=bV.getElementsByTagName(bR[1]);if(bR[1]===\&quot;*\&quot;){var<sp/>bT=[];for(var<sp/>bS=0;bU[bS];bS++){if(bU[bS].nodeType===1){bT.push(bU[bS])}}bU=bT}return<sp/>bU}}e.innerHTML=\&quot;&lt;a<sp/>href=&apos;#&apos;&gt;&lt;/a&gt;\&quot;;if(e.firstChild&amp;&amp;typeof<sp/>e.firstChild.getAttribute!==\&quot;undefined\&quot;&amp;&amp;e.firstChild.getAttribute(\&quot;href\&quot;)!==\&quot;#\&quot;){bE.attrHandle.href=function(bR){return<sp/>bR.getAttribute(\&quot;href\&quot;,2)}}e=null})();if(av.querySelectorAll){(function(){var<sp/>e=by,bT=av.createElement(\&quot;div\&quot;),bS=\&quot;__sizzle__\&quot;;bT.innerHTML=\&quot;&lt;p<sp/>class=&apos;TEST&apos;&gt;&lt;/p&gt;\&quot;;if(bT.querySelectorAll&amp;&amp;bT.querySelectorAll(\&quot;.TEST\&quot;).length===0){return}by=function(b4,bV,bZ,b3){bV=bV||av;if(!b3&amp;&amp;!by.isXML(bV)){var<sp/>b2=/^(\\w+$)|^\\.([\\w\\-]+$)|^#([\\w\\-]+$)/.exec(b4);if(b2&amp;&amp;(bV.nodeType===1||bV.nodeType===9)){if(b2[1]){return<sp/>bF(bV.getElementsByTagName(b4),bZ)}else{if(b2[2]&amp;&amp;bE.find.CLASS&amp;&amp;bV.getElementsByClassName){return<sp/>bF(bV.getElementsByClassName(b2[2]),bZ)}}}if(bV.nodeType===9){if(b4===\&quot;body\&quot;&amp;&amp;bV.body){return<sp/>bF([bV.body],bZ)}else{if(b2&amp;&amp;b2[3]){var<sp/>bY=bV.getElementById(b2[3]);if(bY&amp;&amp;bY.parentNode){if(bY.id===b2[3]){return<sp/>bF([bY],bZ)}}else{return<sp/>bF([],bZ)}}}try{return<sp/>bF(bV.querySelectorAll(b4),bZ)}catch(b0){}}else{if(bV.nodeType===1&amp;&amp;bV.nodeName.toLowerCase()!==\&quot;object\&quot;){var<sp/>bW=bV,bX=bV.getAttribute(\&quot;id\&quot;),bU=bX||bS,b6=bV.parentNode,b5=/^\\s*[+~]/.test(b4);if(!bX){bV.setAttribute(\&quot;id\&quot;,bU)}else{bU=bU.replace(/&apos;/g,\&quot;\\\\$&amp;\&quot;)}if(b5&amp;&amp;b6){bV=bV.parentNode}try{if(!b5||b6){return<sp/>bF(bV.querySelectorAll(\&quot;[id=&apos;\&quot;+bU+\&quot;&apos;]<sp/>\&quot;+b4),bZ)}}catch(b1){}finally{if(!bX){bW.removeAttribute(\&quot;id\&quot;)}}}}}return<sp/>e(b4,bV,bZ,b3)};for(var<sp/>bR<sp/>in<sp/>e){by[bR]=e[bR]}bT=null})()}(function(){var<sp/>e=av.documentElement,bS=e.matchesSelector||e.mozMatchesSelector||e.webkitMatchesSelector||e.msMatchesSelector;if(bS){var<sp/>bU=!bS.call(av.createElement(\&quot;div\&quot;),\&quot;div\&quot;),bR=false;try{bS.call(av.documentElement,\&quot;[test!=&apos;&apos;]:sizzle\&quot;)}catch(bT){bR=true}by.matchesSelector=function(bW,bY){bY=bY.replace(/\\=\\s*([^&apos;\&quot;\\]]*)\\s*\\]/g,\&quot;=&apos;$1&apos;]\&quot;);if(!by.isXML(bW)){try{if(bR||!bE.match.PSEUDO.test(bY)&amp;&amp;!/!=/.test(bY)){var<sp/>bV=bS.call(bW,bY);if(bV||!bU||bW.document&amp;&amp;bW.document.nodeType!==11){return<sp/>bV}}}catch(bX){}}return<sp/>by(bY,null,null,[bW]).length&gt;0}}})();(function(){var<sp/>e=av.createElement(\&quot;div\&quot;);e.innerHTML=\&quot;&lt;div<sp/>class=&apos;test<sp/>e&apos;&gt;&lt;/div&gt;&lt;div<sp/>class=&apos;test&apos;&gt;&lt;/div&gt;\&quot;;if(!e.getElementsByClassName||e.getElementsByClassName(\&quot;e\&quot;).length===0){return}e.lastChild.className=\&quot;e\&quot;;if(e.getElementsByClassName(\&quot;e\&quot;).length===1){return}bE.order.splice(1,0,\&quot;CLASS\&quot;);bE.find.CLASS=function(bR,bS,bT){if(typeof<sp/>bS.getElementsByClassName!==\&quot;undefined\&quot;&amp;&amp;!bT){return<sp/>bS.getElementsByClassName(bR[1])}};e=null})();function<sp/>bv(bR,bW,bV,bZ,bX,bY){for(var<sp/>bT=0,bS=bZ.length;bT&lt;bS;bT++){var<sp/>e=bZ[bT];if(e){var<sp/>bU=false;e=e[bR];while(e){if(e[bC]===bV){bU=bZ[e.sizset];break}if(e.nodeType===1&amp;&amp;!bY){e[bC]=bV;e.sizset=bT}if(e.nodeName.toLowerCase()===bW){bU=e;break}e=e[bR]}bZ[bT]=bU}}}function<sp/>bN(bR,bW,bV,bZ,bX,bY){for(var<sp/>bT=0,bS=bZ.length;bT&lt;bS;bT++){var<sp/>e=bZ[bT];if(e){var<sp/>bU=false;e=e[bR];while(e){if(e[bC]===bV){bU=bZ[e.sizset];break}if(e.nodeType===1){if(!bY){e[bC]=bV;e.sizset=bT}if(typeof<sp/>bW!==\&quot;string\&quot;){if(e===bW){bU=true;break}}else{if(by.filter(bW,[e]).length&gt;0){bU=e;break}}}e=e[bR]}bZ[bT]=bU}}}if(av.documentElement.contains){by.contains=function(bR,e){return<sp/>bR!==e&amp;&amp;(bR.contains?bR.contains(e):true)}}else{if(av.documentElement.compareDocumentPosition){by.contains=function(bR,e){return<sp/>!!(bR.compareDocumentPosition(e)&amp;16)}}else{by.contains=function(){return<sp/>false}}}by.isXML=function(e){var<sp/>bR=(e?e.ownerDocument||e:0).documentElement;return<sp/>bR?bR.nodeName!==\&quot;HTML\&quot;:false};var<sp/>bM=function(bS,e,bW){var<sp/>bV,bX=[],bU=\&quot;\&quot;,bY=e.nodeType?[e]:e;while((bV=bE.match.PSEUDO.exec(bS))){bU+=bV[0];bS=bS.replace(bE.match.PSEUDO,\&quot;\&quot;)}bS=bE.relative[bS]?bS+\&quot;*\&quot;:bS;for(var<sp/>bT=0,bR=bY.length;bT&lt;bR;bT++){by(bS,bY[bT],bX,bW)}return<sp/>by.filter(bU,bX)};by.attr=b.attr;by.selectors.attrMap={};b.find=by;b.expr=by.selectors;b.expr[\&quot;:\&quot;]=b.expr.filters;b.unique=by.uniqueSort;b.text=by.getText;b.isXMLDoc=by.isXML;b.contains=by.contains})();var<sp/>ab=/Until$/,aq=/^(?:parents|prevUntil|prevAll)/,a9=/,/,bp=/^.[^:#\\[\\.,]*$/,P=Array.prototype.slice,H=b.expr.match.POS,ay={children:true,contents:true,next:true,prev:true};b.fn.extend({find:function(e){var<sp/>bw=this,by,bv;if(typeof<sp/>e!==\&quot;string\&quot;){return<sp/>b(e).filter(function(){for(by=0,bv=bw.length;by&lt;bv;by++){if(b.contains(bw[by],this)){return<sp/>true}}})}var<sp/>bx=this.pushStack(\&quot;\&quot;,\&quot;find\&quot;,e),bA,bB,bz;for(by=0,bv=this.length;by&lt;bv;by++){bA=bx.length;b.find(e,this[by],bx);if(by&gt;0){for(bB=bA;bB&lt;bx.length;bB++){for(bz=0;bz&lt;bA;bz++){if(bx[bz]===bx[bB]){bx.splice(bB--,1);break}}}}}return<sp/>bx},has:function(bv){var<sp/>e=b(bv);return<sp/>this.filter(function(){for(var<sp/>bx=0,bw=e.length;bx&lt;bw;bx++){if(b.contains(this,e[bx])){return<sp/>true}}})},not:function(e){return<sp/>this.pushStack(aG(this,e,false),\&quot;not\&quot;,e)},filter:function(e){return<sp/>this.pushStack(aG(this,e,true),\&quot;filter\&quot;,e)},is:function(e){return<sp/>!!e&amp;&amp;(typeof<sp/>e===\&quot;string\&quot;?H.test(e)?b(e,this.context).index(this[0])&gt;=0:b.filter(e,this).length&gt;0:this.filter(e).length&gt;0)},closest:function(by,bx){var<sp/>bv=[],bw,e,bz=this[0];if(b.isArray(by)){var<sp/>bB=1;while(bz&amp;&amp;bz.ownerDocument&amp;&amp;bz!==bx){for(bw=0;bw&lt;by.length;bw++){if(b(bz).is(by[bw])){bv.push({selector:by[bw],elem:bz,level:bB})}}bz=bz.parentNode;bB++}return<sp/>bv}var<sp/>bA=H.test(by)||typeof<sp/>by!==\&quot;string\&quot;?b(by,bx||this.context):0;for(bw=0,e=this.length;bw&lt;e;bw++){bz=this[bw];while(bz){if(bA?bA.index(bz)&gt;-1:b.find.matchesSelector(bz,by)){bv.push(bz);break}else{bz=bz.parentNode;if(!bz||!bz.ownerDocument||bz===bx||bz.nodeType===11){break}}}}bv=bv.length&gt;1?b.unique(bv):bv;return<sp/>this.pushStack(bv,\&quot;closest\&quot;,by)},index:function(e){if(!e){return(this[0]&amp;&amp;this[0].parentNode)?this.prevAll().length:-1}if(typeof<sp/>e===\&quot;string\&quot;){return<sp/>b.inArray(this[0],b(e))}return<sp/>b.inArray(e.jquery?e[0]:e,this)},add:function(e,bv){var<sp/>bx=typeof<sp/>e===\&quot;string\&quot;?b(e,bv):b.makeArray(e&amp;&amp;e.nodeType?[e]:e),bw=b.merge(this.get(),bx);return<sp/>this.pushStack(C(bx[0])||C(bw[0])?bw:b.unique(bw))},andSelf:function(){return<sp/>this.add(this.prevObject)}});function<sp/>C(e){return<sp/>!e||!e.parentNode||e.parentNode.nodeType===11}b.each({parent:function(bv){var<sp/>e=bv.parentNode;return<sp/>e&amp;&amp;e.nodeType!==11?e:null},parents:function(e){return<sp/>b.dir(e,\&quot;parentNode\&quot;)},parentsUntil:function(bv,e,bw){return<sp/>b.dir(bv,\&quot;parentNode\&quot;,bw)},next:function(e){return<sp/>b.nth(e,2,\&quot;nextSibling\&quot;)},prev:function(e){return<sp/>b.nth(e,2,\&quot;previousSibling\&quot;)},nextAll:function(e){return<sp/>b.dir(e,\&quot;nextSibling\&quot;)},prevAll:function(e){return<sp/>b.dir(e,\&quot;previousSibling\&quot;)},nextUntil:function(bv,e,bw){return<sp/>b.dir(bv,\&quot;nextSibling\&quot;,bw)},prevUntil:function(bv,e,bw){return<sp/>b.dir(bv,\&quot;previousSibling\&quot;,bw)},siblings:function(e){return<sp/>b.sibling(e.parentNode.firstChild,e)},children:function(e){return<sp/>b.sibling(e.firstChild)},contents:function(e){return<sp/>b.nodeName(e,\&quot;iframe\&quot;)?e.contentDocument||e.contentWindow.document:b.makeArray(e.childNodes)}},function(e,bv){b.fn[e]=function(by,bw){var<sp/>bx=b.map(this,bv,by);if(!ab.test(e)){bw=by}if(bw&amp;&amp;typeof<sp/>bw===\&quot;string\&quot;){bx=b.filter(bw,bx)}bx=this.length&gt;1&amp;&amp;!ay[e]?b.unique(bx):bx;if((this.length&gt;1||a9.test(bw))&amp;&amp;aq.test(e)){bx=bx.reverse()}return<sp/>this.pushStack(bx,e,P.call(arguments).join(\&quot;,\&quot;))}});b.extend({filter:function(bw,e,bv){if(bv){bw=\&quot;:not(\&quot;+bw+\&quot;)\&quot;}return<sp/>e.length===1?b.find.matchesSelector(e[0],bw)?[e[0]]:[]:b.find.matches(bw,e)},dir:function(bw,bv,by){var<sp/>e=[],bx=bw[bv];while(bx&amp;&amp;bx.nodeType!==9&amp;&amp;(by===L||bx.nodeType!==1||!b(bx).is(by))){if(bx.nodeType===1){e.push(bx)}bx=bx[bv]}return<sp/>e},nth:function(by,e,bw,bx){e=e||1;var<sp/>bv=0;for(;by;by=by[bw]){if(by.nodeType===1&amp;&amp;++bv===e){break}}return<sp/>by},sibling:function(bw,bv){var<sp/>e=[];for(;bw;bw=bw.nextSibling){if(bw.nodeType===1&amp;&amp;bw!==bv){e.push(bw)}}return<sp/>e}});function<sp/>aG(bx,bw,e){bw=bw||0;if(b.isFunction(bw)){return<sp/>b.grep(bx,function(bz,by){var<sp/>bA=!!bw.call(bz,by,bz);return<sp/>bA===e})}else{if(bw.nodeType){return<sp/>b.grep(bx,function(bz,by){return(bz===bw)===e})}else{if(typeof<sp/>bw===\&quot;string\&quot;){var<sp/>bv=b.grep(bx,function(by){return<sp/>by.nodeType===1});if(bp.test(bw)){return<sp/>b.filter(bw,bv,!e)}else{bw=b.filter(bw,bv)}}}}return<sp/>b.grep(bx,function(bz,by){return(b.inArray(bz,bw)&gt;=0)===e})}function<sp/>a(e){var<sp/>bw=aR.split(\&quot;|\&quot;),bv=e.createDocumentFragment();if(bv.createElement){while(bw.length){bv.createElement(bw.pop())}}return<sp/>bv}var<sp/>aR=\&quot;abbr|article|aside|audio|canvas|datalist|details|figcaption|figure|footer|header|hgroup|mark|meter|nav|output|progress|section|summary|time|video\&quot;,ag=/<sp/>jQuery\\d+=\&quot;(?:\\d+|null)\&quot;/g,ar=/^\\s+/,R=/&lt;(?!area|br|col|embed|hr|img|input|link|meta|param)(([\\w:]+)[^&gt;]*)\\/&gt;/ig,d=/&lt;([\\w:]+)/,w=/&lt;tbody/i,W=/&lt;|&amp;#?\\w+;/,ae=/&lt;(?:script|style)/i,O=/&lt;(?:script|object|embed|option|style)/i,ah=new<sp/>RegExp(\&quot;&lt;(?:\&quot;+aR+\&quot;)\&quot;,\&quot;i\&quot;),o=/checked\\s*(?:[^=]|=\\s*.checked.)/i,bm=/\\/(java|ecma)script/i,aN=/^\\s*&lt;!(?:\\[CDATA\\[|\\-\\-)/,ax={option:[1,\&quot;&lt;select<sp/>multiple=&apos;multiple&apos;&gt;\&quot;,\&quot;&lt;/select&gt;\&quot;],legend:[1,\&quot;&lt;fieldset&gt;\&quot;,\&quot;&lt;/fieldset&gt;\&quot;],thead:[1,\&quot;&lt;table&gt;\&quot;,\&quot;&lt;/table&gt;\&quot;],tr:[2,\&quot;&lt;table&gt;&lt;tbody&gt;\&quot;,\&quot;&lt;/tbody&gt;&lt;/table&gt;\&quot;],td:[3,\&quot;&lt;table&gt;&lt;tbody&gt;&lt;tr&gt;\&quot;,\&quot;&lt;/tr&gt;&lt;/tbody&gt;&lt;/table&gt;\&quot;],col:[2,\&quot;&lt;table&gt;&lt;tbody&gt;&lt;/tbody&gt;&lt;colgroup&gt;\&quot;,\&quot;&lt;/colgroup&gt;&lt;/table&gt;\&quot;],area:[1,\&quot;&lt;map&gt;\&quot;,\&quot;&lt;/map&gt;\&quot;],_default:[0,\&quot;\&quot;,\&quot;\&quot;]},ac=a(av);\n&quot;</highlight><highlight class="normal"></highlight></codeline>
<codeline lineno="10"><highlight class="normal"></highlight><highlight class="stringliteral">&quot;ax.optgroup=ax.option;ax.tbody=ax.tfoot=ax.colgroup=ax.caption=ax.thead;ax.th=ax.td;if(!b.support.htmlSerialize){ax._default=[1,\&quot;div&lt;div&gt;\&quot;,\&quot;&lt;/div&gt;\&quot;]}b.fn.extend({text:function(e){if(b.isFunction(e)){return<sp/>this.each(function(bw){var<sp/>bv=b(this);bv.text(e.call(this,bw,bv.text()))})}if(typeof<sp/>e!==\&quot;object\&quot;&amp;&amp;e!==L){return<sp/>this.empty().append((this[0]&amp;&amp;this[0].ownerDocument||av).createTextNode(e))}return<sp/>b.text(this)},wrapAll:function(e){if(b.isFunction(e)){return<sp/>this.each(function(bw){b(this).wrapAll(e.call(this,bw))})}if(this[0]){var<sp/>bv=b(e,this[0].ownerDocument).eq(0).clone(true);if(this[0].parentNode){bv.insertBefore(this[0])}bv.map(function(){var<sp/>bw=this;while(bw.firstChild&amp;&amp;bw.firstChild.nodeType===1){bw=bw.firstChild}return<sp/>bw}).append(this)}return<sp/>this},wrapInner:function(e){if(b.isFunction(e)){return<sp/>this.each(function(bv){b(this).wrapInner(e.call(this,bv))})}return<sp/>this.each(function(){var<sp/>bv=b(this),bw=bv.contents();if(bw.length){bw.wrapAll(e)}else{bv.append(e)}})},wrap:function(e){var<sp/>bv=b.isFunction(e);return<sp/>this.each(function(bw){b(this).wrapAll(bv?e.call(this,bw):e)})},unwrap:function(){return<sp/>this.parent().each(function(){if(!b.nodeName(this,\&quot;body\&quot;)){b(this).replaceWith(this.childNodes)}}).end()},append:function(){return<sp/>this.domManip(arguments,true,function(e){if(this.nodeType===1){this.appendChild(e)}})},prepend:function(){return<sp/>this.domManip(arguments,true,function(e){if(this.nodeType===1){this.insertBefore(e,this.firstChild)}})},before:function(){if(this[0]&amp;&amp;this[0].parentNode){return<sp/>this.domManip(arguments,false,function(bv){this.parentNode.insertBefore(bv,this)})}else{if(arguments.length){var<sp/>e=b.clean(arguments);e.push.apply(e,this.toArray());return<sp/>this.pushStack(e,\&quot;before\&quot;,arguments)}}},after:function(){if(this[0]&amp;&amp;this[0].parentNode){return<sp/>this.domManip(arguments,false,function(bv){this.parentNode.insertBefore(bv,this.nextSibling)})}else{if(arguments.length){var<sp/>e=this.pushStack(this,\&quot;after\&quot;,arguments);e.push.apply(e,b.clean(arguments));return<sp/>e}}},remove:function(e,bx){for(var<sp/>bv=0,bw;(bw=this[bv])!=null;bv++){if(!e||b.filter(e,[bw]).length){if(!bx&amp;&amp;bw.nodeType===1){b.cleanData(bw.getElementsByTagName(\&quot;*\&quot;));b.cleanData([bw])}if(bw.parentNode){bw.parentNode.removeChild(bw)}}}return<sp/>this},empty:function(){for(var<sp/>e=0,bv;(bv=this[e])!=null;e++){if(bv.nodeType===1){b.cleanData(bv.getElementsByTagName(\&quot;*\&quot;))}while(bv.firstChild){bv.removeChild(bv.firstChild)}}return<sp/>this},clone:function(bv,e){bv=bv==null?false:bv;e=e==null?bv:e;return<sp/>this.map(function(){return<sp/>b.clone(this,bv,e)})},html:function(bx){if(bx===L){return<sp/>this[0]&amp;&amp;this[0].nodeType===1?this[0].innerHTML.replace(ag,\&quot;\&quot;):null}else{if(typeof<sp/>bx===\&quot;string\&quot;&amp;&amp;!ae.test(bx)&amp;&amp;(b.support.leadingWhitespace||!ar.test(bx))&amp;&amp;!ax[(d.exec(bx)||[\&quot;\&quot;,\&quot;\&quot;])[1].toLowerCase()]){bx=bx.replace(R,\&quot;&lt;$1&gt;&lt;/$2&gt;\&quot;);try{for(var<sp/>bw=0,bv=this.length;bw&lt;bv;bw++){if(this[bw].nodeType===1){b.cleanData(this[bw].getElementsByTagName(\&quot;*\&quot;));this[bw].innerHTML=bx}}}catch(by){this.empty().append(bx)}}else{if(b.isFunction(bx)){this.each(function(bz){var<sp/>e=b(this);e.html(bx.call(this,bz,e.html()))})}else{this.empty().append(bx)}}}return<sp/>this},replaceWith:function(e){if(this[0]&amp;&amp;this[0].parentNode){if(b.isFunction(e)){return<sp/>this.each(function(bx){var<sp/>bw=b(this),bv=bw.html();bw.replaceWith(e.call(this,bx,bv))})}if(typeof<sp/>e!==\&quot;string\&quot;){e=b(e).detach()}return<sp/>this.each(function(){var<sp/>bw=this.nextSibling,bv=this.parentNode;b(this).remove();if(bw){b(bw).before(e)}else{b(bv).append(e)}})}else{return<sp/>this.length?this.pushStack(b(b.isFunction(e)?e():e),\&quot;replaceWith\&quot;,e):this}},detach:function(e){return<sp/>this.remove(e,true)},domManip:function(bB,bF,bE){var<sp/>bx,by,bA,bD,bC=bB[0],bv=[];if(!b.support.checkClone&amp;&amp;arguments.length===3&amp;&amp;typeof<sp/>bC===\&quot;string\&quot;&amp;&amp;o.test(bC)){return<sp/>this.each(function(){b(this).domManip(bB,bF,bE,true)})}if(b.isFunction(bC)){return<sp/>this.each(function(bH){var<sp/>bG=b(this);bB[0]=bC.call(this,bH,bF?bG.html():L);bG.domManip(bB,bF,bE)})}if(this[0]){bD=bC&amp;&amp;bC.parentNode;if(b.support.parentNode&amp;&amp;bD&amp;&amp;bD.nodeType===11&amp;&amp;bD.childNodes.length===this.length){bx={fragment:bD}}else{bx=b.buildFragment(bB,this,bv)}bA=bx.fragment;if(bA.childNodes.length===1){by=bA=bA.firstChild}else{by=bA.firstChild}if(by){bF=bF&amp;&amp;b.nodeName(by,\&quot;tr\&quot;);for(var<sp/>bw=0,e=this.length,bz=e-1;bw&lt;e;bw++){bE.call(bF?ba(this[bw],by):this[bw],bx.cacheable||(e&gt;1&amp;&amp;bw&lt;bz)?b.clone(bA,true,true):bA)}}if(bv.length){b.each(bv,bo)}}return<sp/>this}});function<sp/>ba(e,bv){return<sp/>b.nodeName(e,\&quot;table\&quot;)?(e.getElementsByTagName(\&quot;tbody\&quot;)[0]||e.appendChild(e.ownerDocument.createElement(\&quot;tbody\&quot;))):e}function<sp/>t(bB,bv){if(bv.nodeType!==1||!b.hasData(bB)){return}var<sp/>by,bx,e,bA=b._data(bB),bz=b._data(bv,bA),bw=bA.events;if(bw){delete<sp/>bz.handle;bz.events={};for(by<sp/>in<sp/>bw){for(bx=0,e=bw[by].length;bx&lt;e;bx++){b.event.add(bv,by+(bw[by][bx].namespace?\&quot;.\&quot;:\&quot;\&quot;)+bw[by][bx].namespace,bw[by][bx],bw[by][bx].data)}}}if(bz.data){bz.data=b.extend({},bz.data)}}function<sp/>ai(bv,e){var<sp/>bw;if(e.nodeType!==1){return}if(e.clearAttributes){e.clearAttributes()}if(e.mergeAttributes){e.mergeAttributes(bv)}bw=e.nodeName.toLowerCase();if(bw===\&quot;object\&quot;){e.outerHTML=bv.outerHTML}else{if(bw===\&quot;input\&quot;&amp;&amp;(bv.type===\&quot;checkbox\&quot;||bv.type===\&quot;radio\&quot;)){if(bv.checked){e.defaultChecked=e.checked=bv.checked}if(e.value!==bv.value){e.value=bv.value}}else{if(bw===\&quot;option\&quot;){e.selected=bv.defaultSelected}else{if(bw===\&quot;input\&quot;||bw===\&quot;textarea\&quot;){e.defaultValue=bv.defaultValue}}}}e.removeAttribute(b.expando)}b.buildFragment=function(bz,bx,bv){var<sp/>by,e,bw,bA,bB=bz[0];if(bx&amp;&amp;bx[0]){bA=bx[0].ownerDocument||bx[0]}if(!bA.createDocumentFragment){bA=av}if(bz.length===1&amp;&amp;typeof<sp/>bB===\&quot;string\&quot;&amp;&amp;bB.length&lt;512&amp;&amp;bA===av&amp;&amp;bB.charAt(0)===\&quot;&lt;\&quot;&amp;&amp;!O.test(bB)&amp;&amp;(b.support.checkClone||!o.test(bB))&amp;&amp;(b.support.html5Clone||!ah.test(bB))){e=true;bw=b.fragments[bB];if(bw&amp;&amp;bw!==1){by=bw}}if(!by){by=bA.createDocumentFragment();b.clean(bz,bA,by,bv)}if(e){b.fragments[bB]=bw?by:1}return{fragment:by,cacheable:e}};b.fragments={};b.each({appendTo:\&quot;append\&quot;,prependTo:\&quot;prepend\&quot;,insertBefore:\&quot;before\&quot;,insertAfter:\&quot;after\&quot;,replaceAll:\&quot;replaceWith\&quot;},function(e,bv){b.fn[e]=function(bw){var<sp/>bz=[],bC=b(bw),bB=this.length===1&amp;&amp;this[0].parentNode;if(bB&amp;&amp;bB.nodeType===11&amp;&amp;bB.childNodes.length===1&amp;&amp;bC.length===1){bC[bv](this[0]);return<sp/>this}else{for(var<sp/>bA=0,bx=bC.length;bA&lt;bx;bA++){var<sp/>by=(bA&gt;0?this.clone(true):this).get();b(bC[bA])[bv](by);bz=bz.concat(by)}return<sp/>this.pushStack(bz,e,bC.selector)}}});function<sp/>bg(e){if(typeof<sp/>e.getElementsByTagName!==\&quot;undefined\&quot;){return<sp/>e.getElementsByTagName(\&quot;*\&quot;)}else{if(typeof<sp/>e.querySelectorAll!==\&quot;undefined\&quot;){return<sp/>e.querySelectorAll(\&quot;*\&quot;)}else{return[]}}}function<sp/>az(e){if(e.type===\&quot;checkbox\&quot;||e.type===\&quot;radio\&quot;){e.defaultChecked=e.checked}}function<sp/>E(e){var<sp/>bv=(e.nodeName||\&quot;\&quot;).toLowerCase();if(bv===\&quot;input\&quot;){az(e)}else{if(bv!==\&quot;script\&quot;&amp;&amp;typeof<sp/>e.getElementsByTagName!==\&quot;undefined\&quot;){b.grep(e.getElementsByTagName(\&quot;input\&quot;),az)}}}function<sp/>al(e){var<sp/>bv=av.createElement(\&quot;div\&quot;);ac.appendChild(bv);bv.innerHTML=e.outerHTML;return<sp/>bv.firstChild}b.extend({clone:function(by,bA,bw){var<sp/>e,bv,bx,bz=b.support.html5Clone||!ah.test(\&quot;&lt;\&quot;+by.nodeName)?by.cloneNode(true):al(by);if((!b.support.noCloneEvent||!b.support.noCloneChecked)&amp;&amp;(by.nodeType===1||by.nodeType===11)&amp;&amp;!b.isXMLDoc(by)){ai(by,bz);e=bg(by);bv=bg(bz);for(bx=0;e[bx];++bx){if(bv[bx]){ai(e[bx],bv[bx])}}}if(bA){t(by,bz);if(bw){e=bg(by);bv=bg(bz);for(bx=0;e[bx];++bx){t(e[bx],bv[bx])}}}e=bv=null;return<sp/>bz},clean:function(bw,by,bH,bA){var<sp/>bF;by=by||av;if(typeof<sp/>by.createElement===\&quot;undefined\&quot;){by=by.ownerDocument||by[0]&amp;&amp;by[0].ownerDocument||av}var<sp/>bI=[],bB;for(var<sp/>bE=0,bz;(bz=bw[bE])!=null;bE++){if(typeof<sp/>bz===\&quot;number\&quot;){bz+=\&quot;\&quot;}if(!bz){continue}if(typeof<sp/>bz===\&quot;string\&quot;){if(!W.test(bz)){bz=by.createTextNode(bz)}else{bz=bz.replace(R,\&quot;&lt;$1&gt;&lt;/$2&gt;\&quot;);var<sp/>bK=(d.exec(bz)||[\&quot;\&quot;,\&quot;\&quot;])[1].toLowerCase(),bx=ax[bK]||ax._default,bD=bx[0],bv=by.createElement(\&quot;div\&quot;);if(by===av){ac.appendChild(bv)}else{a(by).appendChild(bv)}bv.innerHTML=bx[1]+bz+bx[2];while(bD--){bv=bv.lastChild}if(!b.support.tbody){var<sp/>e=w.test(bz),bC=bK===\&quot;table\&quot;&amp;&amp;!e?bv.firstChild&amp;&amp;bv.firstChild.childNodes:bx[1]===\&quot;&lt;table&gt;\&quot;&amp;&amp;!e?bv.childNodes:[];for(bB=bC.length-1;bB&gt;=0;--bB){if(b.nodeName(bC[bB],\&quot;tbody\&quot;)&amp;&amp;!bC[bB].childNodes.length){bC[bB].parentNode.removeChild(bC[bB])}}}if(!b.support.leadingWhitespace&amp;&amp;ar.test(bz)){bv.insertBefore(by.createTextNode(ar.exec(bz)[0]),bv.firstChild)}bz=bv.childNodes}}var<sp/>bG;if(!b.support.appendChecked){if(bz[0]&amp;&amp;typeof(bG=bz.length)===\&quot;number\&quot;){for(bB=0;bB&lt;bG;bB++){E(bz[bB])}}else{E(bz)}}if(bz.nodeType){bI.push(bz)}else{bI=b.merge(bI,bz)}}if(bH){bF=function(bL){return<sp/>!bL.type||bm.test(bL.type)};for(bE=0;bI[bE];bE++){if(bA&amp;&amp;b.nodeName(bI[bE],\&quot;script\&quot;)&amp;&amp;(!bI[bE].type||bI[bE].type.toLowerCase()===\&quot;text/javascript\&quot;)){bA.push(bI[bE].parentNode?bI[bE].parentNode.removeChild(bI[bE]):bI[bE])}else{if(bI[bE].nodeType===1){var<sp/>bJ=b.grep(bI[bE].getElementsByTagName(\&quot;script\&quot;),bF);bI.splice.apply(bI,[bE+1,0].concat(bJ))}bH.appendChild(bI[bE])}}}return<sp/>bI},cleanData:function(bv){var<sp/>by,bw,e=b.cache,bB=b.event.special,bA=b.support.deleteExpando;for(var<sp/>bz=0,bx;(bx=bv[bz])!=null;bz++){if(bx.nodeName&amp;&amp;b.noData[bx.nodeName.toLowerCase()]){continue}bw=bx[b.expando];if(bw){by=e[bw];if(by&amp;&amp;by.events){for(var<sp/>bC<sp/>in<sp/>by.events){if(bB[bC]){b.event.remove(bx,bC)}else{b.removeEvent(bx,bC,by.handle)}}if(by.handle){by.handle.elem=null}}if(bA){delete<sp/>bx[b.expando]}else{if(bx.removeAttribute){bx.removeAttribute(b.expando)}}delete<sp/>e[bw]}}}});function<sp/>bo(e,bv){if(bv.src){b.ajax({url:bv.src,async:false,dataType:\&quot;script\&quot;})}else{b.globalEval((bv.text||bv.textContent||bv.innerHTML||\&quot;\&quot;).replace(aN,\&quot;/*$0*/\&quot;))}if(bv.parentNode){bv.parentNode.removeChild(bv)}}var<sp/>ak=/alpha\\([^)]*\\)/i,au=/opacity=([^)]*)/,z=/([A-Z]|^ms)/g,bc=/^-?\\d+(?:px)?$/i,bn=/^-?\\d/,I=/^([\\-+])=([\\-+.\\de]+)/,a7={position:\&quot;absolute\&quot;,visibility:\&quot;hidden\&quot;,display:\&quot;block\&quot;},an=[\&quot;Left\&quot;,\&quot;Right\&quot;],a1=[\&quot;Top\&quot;,\&quot;Bottom\&quot;],Z,aI,aX;b.fn.css=function(e,bv){if(arguments.length===2&amp;&amp;bv===L){return<sp/>this}return<sp/>b.access(this,e,bv,true,function(bx,bw,by){return<sp/>by!==L?b.style(bx,bw,by):b.css(bx,bw)})};b.extend({cssHooks:{opacity:{get:function(bw,bv){if(bv){var<sp/>e=Z(bw,\&quot;opacity\&quot;,\&quot;opacity\&quot;);return<sp/>e===\&quot;\&quot;?\&quot;1\&quot;:e}else{return<sp/>bw.style.opacity}}}},cssNumber:{fillOpacity:true,fontWeight:true,lineHeight:true,opacity:true,orphans:true,widows:true,zIndex:true,zoom:true},cssProps:{\&quot;float\&quot;:b.support.cssFloat?\&quot;cssFloat\&quot;:\&quot;styleFloat\&quot;},style:function(bx,bw,bD,by){if(!bx||bx.nodeType===3||bx.nodeType===8||!bx.style){return}var<sp/>bB,bC,bz=b.camelCase(bw),bv=bx.style,bE=b.cssHooks[bz];bw=b.cssProps[bz]||bz;if(bD!==L){bC=typeof<sp/>bD;if(bC===\&quot;string\&quot;&amp;&amp;(bB=I.exec(bD))){bD=(+(bB[1]+1)*+bB[2])+parseFloat(b.css(bx,bw));bC=\&quot;number\&quot;}if(bD==null||bC===\&quot;number\&quot;&amp;&amp;isNaN(bD)){return}if(bC===\&quot;number\&quot;&amp;&amp;!b.cssNumber[bz]){bD+=\&quot;px\&quot;}if(!bE||!(\&quot;set\&quot;<sp/>in<sp/>bE)||(bD=bE.set(bx,bD))!==L){try{bv[bw]=bD}catch(bA){}}}else{if(bE&amp;&amp;\&quot;get\&quot;<sp/>in<sp/>bE&amp;&amp;(bB=bE.get(bx,false,by))!==L){return<sp/>bB}return<sp/>bv[bw]}},css:function(by,bx,bv){var<sp/>bw,e;bx=b.camelCase(bx);e=b.cssHooks[bx];bx=b.cssProps[bx]||bx;if(bx===\&quot;cssFloat\&quot;){bx=\&quot;float\&quot;}if(e&amp;&amp;\&quot;get\&quot;<sp/>in<sp/>e&amp;&amp;(bw=e.get(by,true,bv))!==L){return<sp/>bw}else{if(Z){return<sp/>Z(by,bx)}}},swap:function(bx,bw,by){var<sp/>e={};for(var<sp/>bv<sp/>in<sp/>bw){e[bv]=bx.style[bv];bx.style[bv]=bw[bv]}by.call(bx);for(bv<sp/>in<sp/>bw){bx.style[bv]=e[bv]}}});b.curCSS=b.css;b.each([\&quot;height\&quot;,\&quot;width\&quot;],function(bv,e){b.cssHooks[e]={get:function(by,bx,bw){var<sp/>bz;if(bx){if(by.offsetWidth!==0){return<sp/>p(by,e,bw)}else{b.swap(by,a7,function(){bz=p(by,e,bw)})}return<sp/>bz}},set:function(bw,bx){if(bc.test(bx)){bx=parseFloat(bx);if(bx&gt;=0){return<sp/>bx+\&quot;px\&quot;}}else{return<sp/>bx}}}});if(!b.support.opacity){b.cssHooks.opacity={get:function(bv,e){return<sp/>au.test((e&amp;&amp;bv.currentStyle?bv.currentStyle.filter:bv.style.filter)||\&quot;\&quot;)?(parseFloat(RegExp.$1)/100)+\&quot;\&quot;:e?\&quot;1\&quot;:\&quot;\&quot;},set:function(by,bz){var<sp/>bx=by.style,bv=by.currentStyle,e=b.isNumeric(bz)?\&quot;alpha(opacity=\&quot;+bz*100+\&quot;)\&quot;:\&quot;\&quot;,bw=bv&amp;&amp;bv.filter||bx.filter||\&quot;\&quot;;bx.zoom=1;if(bz&gt;=1&amp;&amp;b.trim(bw.replace(ak,\&quot;\&quot;))===\&quot;\&quot;){bx.removeAttribute(\&quot;filter\&quot;);if(bv&amp;&amp;!bv.filter){return}}bx.filter=ak.test(bw)?bw.replace(ak,e):bw+\&quot;<sp/>\&quot;+e}}}b(function(){if(!b.support.reliableMarginRight){b.cssHooks.marginRight={get:function(bw,bv){var<sp/>e;b.swap(bw,{display:\&quot;inline-block\&quot;},function(){if(bv){e=Z(bw,\&quot;margin-right\&quot;,\&quot;marginRight\&quot;)}else{e=bw.style.marginRight}});return<sp/>e}}}});if(av.defaultView&amp;&amp;av.defaultView.getComputedStyle){aI=function(by,bw){var<sp/>bv,bx,e;bw=bw.replace(z,\&quot;-$1\&quot;).toLowerCase();if((bx=by.ownerDocument.defaultView)&amp;&amp;(e=bx.getComputedStyle(by,null))){bv=e.getPropertyValue(bw);if(bv===\&quot;\&quot;&amp;&amp;!b.contains(by.ownerDocument.documentElement,by)){bv=b.style(by,bw)}}return<sp/>bv}}if(av.documentElement.currentStyle){aX=function(bz,bw){var<sp/>bA,e,by,bv=bz.currentStyle&amp;&amp;bz.currentStyle[bw],bx=bz.style;if(bv===null&amp;&amp;bx&amp;&amp;(by=bx[bw])){bv=by}if(!bc.test(bv)&amp;&amp;bn.test(bv)){bA=bx.left;e=bz.runtimeStyle&amp;&amp;bz.runtimeStyle.left;if(e){bz.runtimeStyle.left=bz.currentStyle.left}bx.left=bw===\&quot;fontSize\&quot;?\&quot;1em\&quot;:(bv||0);bv=bx.pixelLeft+\&quot;px\&quot;;bx.left=bA;if(e){bz.runtimeStyle.left=e}}return<sp/>bv===\&quot;\&quot;?\&quot;auto\&quot;:bv}}Z=aI||aX;function<sp/>p(by,bw,bv){var<sp/>bA=bw===\&quot;width\&quot;?by.offsetWidth:by.offsetHeight,bz=bw===\&quot;width\&quot;?an:a1,bx=0,e=bz.length;\n&quot;</highlight><highlight class="normal"></highlight></codeline>
    </programlisting>
    <location file="C:/Users/Mat/Projects/doxygraph/examples/doxygen-1.8.4/src/jquery_p2_js.h"/>
  </compounddef>
</doxygen>
