<?xml version='1.0' encoding='UTF-8' standalone='no'?>
<doxygen xmlns:xsi="http://www.w3.org/2001/XMLSchema-instance" xsi:noNamespaceSchemaLocation="compound.xsd" version="1.8.2">
  <compounddef id="dc/d84/class_tag_anchor_info_list" kind="class" prot="public">
    <compoundname>TagAnchorInfoList</compoundname>
    <basecompoundref refid="db/daa/class_q_list" prot="public" virt="non-virtual">QList&lt; TagAnchorInfo &gt;</basecompoundref>
      <sectiondef kind="public-func">
      <memberdef kind="function" id="dc/d84/class_tag_anchor_info_list_1a6ea5cd30cb2d923f9ea003cc01c64106" prot="public" static="no" const="no" explicit="no" inline="yes" virt="non-virtual">
        <type></type>
        <definition>TagAnchorInfoList::TagAnchorInfoList</definition>
        <argsstring>()</argsstring>
        <name>TagAnchorInfoList</name>
        <briefdescription>
        </briefdescription>
        <detaileddescription>
        </detaileddescription>
        <inbodydescription>
        </inbodydescription>
        <location file="C:/Users/Mat/Projects/doxygraph/examples/doxygen-1.8.4/src/tagreader.cpp" line="60" bodyfile="C:/Users/Mat/Projects/doxygraph/examples/doxygen-1.8.4/src/tagreader.cpp" bodystart="60" bodyend="60"/>
      </memberdef>
      <memberdef kind="function" id="dc/d84/class_tag_anchor_info_list_1ac0e218508323c15bc3b555ca7c6e58b8" prot="public" static="no" const="no" explicit="no" inline="yes" virt="virtual">
        <type></type>
        <definition>virtual TagAnchorInfoList::~TagAnchorInfoList</definition>
        <argsstring>()</argsstring>
        <name>~TagAnchorInfoList</name>
        <briefdescription>
        </briefdescription>
        <detaileddescription>
        </detaileddescription>
        <inbodydescription>
        </inbodydescription>
        <location file="C:/Users/Mat/Projects/doxygraph/examples/doxygen-1.8.4/src/tagreader.cpp" line="61" bodyfile="C:/Users/Mat/Projects/doxygraph/examples/doxygen-1.8.4/src/tagreader.cpp" bodystart="61" bodyend="61"/>
      </memberdef>
      </sectiondef>
    <briefdescription>
<para>List of TagAnchorInfo objects. </para>    </briefdescription>
    <detaileddescription>
    </detaileddescription>
    <inheritancegraph>
      <node id="4195">
        <label>TagAnchorInfoList</label>
        <childnode refid="4196" relation="public-inheritance">
        </childnode>
      </node>
      <node id="4196">
        <label>QList&lt; TagAnchorInfo &gt;</label>
        <link refid="db/daa/class_q_list"/>
      </node>
    </inheritancegraph>
    <collaborationgraph>
      <node id="4197">
        <label>TagAnchorInfoList</label>
        <childnode refid="4198" relation="public-inheritance">
        </childnode>
      </node>
      <node id="4198">
        <label>QList&lt; TagAnchorInfo &gt;</label>
        <link refid="db/daa/class_q_list"/>
      </node>
    </collaborationgraph>
    <location file="C:/Users/Mat/Projects/doxygraph/examples/doxygen-1.8.4/src/tagreader.cpp" line="58" bodyfile="C:/Users/Mat/Projects/doxygraph/examples/doxygen-1.8.4/src/tagreader.cpp" bodystart="57" bodyend="62"/>
    <listofallmembers>
      <member refid="dc/d84/class_tag_anchor_info_list_1a6ea5cd30cb2d923f9ea003cc01c64106" prot="public" virt="non-virtual"><scope>TagAnchorInfoList</scope><name>TagAnchorInfoList</name></member>
      <member refid="dc/d84/class_tag_anchor_info_list_1ac0e218508323c15bc3b555ca7c6e58b8" prot="public" virt="virtual"><scope>TagAnchorInfoList</scope><name>~TagAnchorInfoList</name></member>
    </listofallmembers>
  </compounddef>
</doxygen>
