<?xml version='1.0' encoding='UTF-8' standalone='no'?>
<doxygen xmlns:xsi="http://www.w3.org/2001/XMLSchema-instance" xsi:noNamespaceSchemaLocation="compound.xsd" version="1.8.2">
  <compounddef id="de/d9a/class_section_dict" kind="class" prot="public">
    <compoundname>SectionDict</compoundname>
    <basecompoundref refid="d1/d50/class_s_dict" prot="public" virt="non-virtual">SDict&lt; SectionInfo &gt;</basecompoundref>
    <includes refid="d1/d2a/section_8h" local="no">section.h</includes>
      <sectiondef kind="public-func">
      <memberdef kind="function" id="de/d9a/class_section_dict_1a8bff954afa7f270d05ff368fae048e59" prot="public" static="no" const="no" explicit="no" inline="yes" virt="non-virtual">
        <type></type>
        <definition>SectionDict::SectionDict</definition>
        <argsstring>(int size)</argsstring>
        <name>SectionDict</name>
        <param>
          <type>int</type>
          <declname>size</declname>
        </param>
        <briefdescription>
        </briefdescription>
        <detaileddescription>
        </detaileddescription>
        <inbodydescription>
        </inbodydescription>
        <location file="C:/Users/Mat/Projects/doxygraph/examples/doxygen-1.8.4/src/section.h" line="63" bodyfile="C:/Users/Mat/Projects/doxygraph/examples/doxygen-1.8.4/src/section.h" bodystart="63" bodyend="63"/>
      </memberdef>
      <memberdef kind="function" id="de/d9a/class_section_dict_1a6755f1527d911ef19556d0e0a1bc81c5" prot="public" static="no" const="no" explicit="no" inline="yes" virt="non-virtual">
        <type></type>
        <definition>SectionDict::~SectionDict</definition>
        <argsstring>()</argsstring>
        <name>~SectionDict</name>
        <briefdescription>
        </briefdescription>
        <detaileddescription>
        </detaileddescription>
        <inbodydescription>
        </inbodydescription>
        <location file="C:/Users/Mat/Projects/doxygraph/examples/doxygen-1.8.4/src/section.h" line="64" bodyfile="C:/Users/Mat/Projects/doxygraph/examples/doxygen-1.8.4/src/section.h" bodystart="64" bodyend="64"/>
      </memberdef>
      </sectiondef>
    <briefdescription>
<para>Unsorted dictionary of <ref refid="d5/d5b/struct_section_info" kindref="compound">SectionInfo</ref> objects. </para>    </briefdescription>
    <detaileddescription>
    </detaileddescription>
    <inheritancegraph>
      <node id="4091">
        <label>SectionDict</label>
        <link refid="de/d9a/class_section_dict"/>
        <childnode refid="4092" relation="public-inheritance">
        </childnode>
      </node>
      <node id="4093">
        <label>SDict&lt; T &gt;</label>
        <link refid="d1/d50/class_s_dict"/>
      </node>
      <node id="4092">
        <label>SDict&lt; SectionInfo &gt;</label>
        <link refid="d1/d50/class_s_dict"/>
        <childnode refid="4093" relation="template-instance">
          <edgelabel>&lt; SectionInfo &gt;</edgelabel>
        </childnode>
      </node>
    </inheritancegraph>
    <collaborationgraph>
      <node id="4094">
        <label>SectionDict</label>
        <link refid="de/d9a/class_section_dict"/>
        <childnode refid="4095" relation="public-inheritance">
        </childnode>
      </node>
      <node id="4096">
        <label>SDict&lt; T &gt;</label>
        <link refid="d1/d50/class_s_dict"/>
      </node>
      <node id="4095">
        <label>SDict&lt; SectionInfo &gt;</label>
        <link refid="d1/d50/class_s_dict"/>
        <childnode refid="4096" relation="template-instance">
          <edgelabel>&lt; SectionInfo &gt;</edgelabel>
        </childnode>
      </node>
    </collaborationgraph>
    <location file="C:/Users/Mat/Projects/doxygraph/examples/doxygen-1.8.4/src/section.h" line="61" bodyfile="C:/Users/Mat/Projects/doxygraph/examples/doxygen-1.8.4/src/section.h" bodystart="60" bodyend="65"/>
    <listofallmembers>
      <member refid="d1/d50/class_s_dict_1a121842d9858421076b81ed663034d62c" prot="public" virt="non-virtual"><scope>SectionDict</scope><name>append</name></member>
      <member refid="d1/d50/class_s_dict_1ab993899004fc3cfc8f00f131e0b6a29d" prot="public" virt="non-virtual"><scope>SectionDict</scope><name>at</name></member>
      <member refid="d1/d50/class_s_dict_1afd6bec6aaf77e2943f42cec1208bc46d" prot="public" virt="non-virtual"><scope>SectionDict</scope><name>clear</name></member>
      <member refid="d1/d50/class_s_dict_1a99cd2f7d27403649ab8b7e60d06f487e" prot="public" virt="virtual"><scope>SectionDict</scope><name>compareItems</name></member>
      <member refid="d1/d50/class_s_dict_1a9e95eebac3e87938cc5bc1f79d078c8a" prot="public" virt="non-virtual"><scope>SectionDict</scope><name>count</name></member>
      <member refid="d1/d50/class_s_dict_1aec67482d780157680d46f48a7ed5e7bd" prot="public" virt="non-virtual"><scope>SectionDict</scope><name>find</name></member>
      <member refid="d1/d50/class_s_dict_1a357a25974d906de30d2e34de08b35a4e" prot="public" virt="non-virtual"><scope>SectionDict</scope><name>find</name></member>
      <member refid="d1/d50/class_s_dict_1abc60b1cc06b0643753906387b7cccfe2" prot="public" virt="non-virtual"><scope>SectionDict</scope><name>find</name></member>
      <member refid="d1/d50/class_s_dict_1a6a05b33d4c87325d4f2826921910c89d" prot="public" virt="non-virtual"><scope>SectionDict</scope><name>findAt</name></member>
      <member refid="d1/d50/class_s_dict_1a7f0a7e316d26fccdf7d0d351837a6614" prot="public" virt="non-virtual"><scope>SectionDict</scope><name>insertAt</name></member>
      <member refid="d1/d50/class_s_dict_1a25a85aeba441b4c855ea7be25a4741b5" prot="public" virt="non-virtual"><scope>SectionDict</scope><name>inSort</name></member>
      <member refid="d1/d50/class_s_dict_1a1858d5cdf864c4fa6476137ace8bb7f5" prot="public" virt="non-virtual"><scope>SectionDict</scope><name>operator[]</name></member>
      <member refid="d1/d50/class_s_dict_1adcfbdc244e81360522457c8a84069f2b" prot="public" virt="non-virtual"><scope>SectionDict</scope><name>prepend</name></member>
      <member refid="d1/d50/class_s_dict_1ad647b04c9dff33ac0182c4d83b025c77" prot="public" virt="non-virtual"><scope>SectionDict</scope><name>remove</name></member>
      <member refid="d1/d50/class_s_dict_1a42ccd9c8ed71acbe2771ac65df817323" prot="public" virt="non-virtual"><scope>SectionDict</scope><name>SDict</name></member>
      <member refid="de/d9a/class_section_dict_1a8bff954afa7f270d05ff368fae048e59" prot="public" virt="non-virtual"><scope>SectionDict</scope><name>SectionDict</name></member>
      <member refid="d1/d50/class_s_dict_1ac5ed340a2e6b4b4fb8398254cd35ef55" prot="public" virt="non-virtual"><scope>SectionDict</scope><name>setAutoDelete</name></member>
      <member refid="d1/d50/class_s_dict_1ab6da88a61ee284dfbd07830fcd63aed3" prot="public" virt="non-virtual"><scope>SectionDict</scope><name>sort</name></member>
      <member refid="d1/d50/class_s_dict_1ac5aa2cf317cef817cf585efdab3663d7" prot="public" virt="non-virtual"><scope>SectionDict</scope><name>take</name></member>
      <member refid="d1/d50/class_s_dict_1a49594f6c587e0915be3861538a3c96cb" prot="public" virt="virtual"><scope>SectionDict</scope><name>~SDict</name></member>
      <member refid="de/d9a/class_section_dict_1a6755f1527d911ef19556d0e0a1bc81c5" prot="public" virt="non-virtual"><scope>SectionDict</scope><name>~SectionDict</name></member>
    </listofallmembers>
  </compounddef>
</doxygen>
