<?xml version='1.0' encoding='UTF-8' standalone='no'?>
<doxygen xmlns:xsi="http://www.w3.org/2001/XMLSchema-instance" xsi:noNamespaceSchemaLocation="compound.xsd" version="1.8.2">
  <compounddef id="d1/d56/class_doc_html_cell" kind="class" prot="public">
    <compoundname>DocHtmlCell</compoundname>
    <basecompoundref refid="d7/da3/class_comp_accept" prot="public" virt="non-virtual">CompAccept&lt; DocHtmlCell &gt;</basecompoundref>
    <basecompoundref refid="d9/d0e/class_doc_node" prot="public" virt="non-virtual">DocNode</basecompoundref>
    <includes refid="de/d9c/docparser_8h" local="no">docparser.h</includes>
      <sectiondef kind="public-type">
      <memberdef kind="enum" id="d1/d56/class_doc_html_cell_1a1bfba233eb785db3496ea2a82d9a2136" prot="public" static="no">
        <name>Alignment</name>
        <enumvalue id="d1/d56/class_doc_html_cell_1a1bfba233eb785db3496ea2a82d9a2136a8dd1ecd8df71ef42303c2b64fd73804f" prot="public">
          <name>Left</name>
          <briefdescription>
          </briefdescription>
          <detaileddescription>
          </detaileddescription>
        </enumvalue>
        <enumvalue id="d1/d56/class_doc_html_cell_1a1bfba233eb785db3496ea2a82d9a2136a65214529ecca545b977a6edf61de84c4" prot="public">
          <name>Right</name>
          <briefdescription>
          </briefdescription>
          <detaileddescription>
          </detaileddescription>
        </enumvalue>
        <enumvalue id="d1/d56/class_doc_html_cell_1a1bfba233eb785db3496ea2a82d9a2136a6bf57086c5c581a2d4905ad7cfbec3e0" prot="public">
          <name>Center</name>
          <briefdescription>
          </briefdescription>
          <detaileddescription>
          </detaileddescription>
        </enumvalue>
        <briefdescription>
        </briefdescription>
        <detaileddescription>
        </detaileddescription>
        <inbodydescription>
        </inbodydescription>
        <location file="C:/Users/Mat/Projects/doxygraph/examples/doxygen-1.8.4/src/docparser.h" line="1147" bodyfile="C:/Users/Mat/Projects/doxygraph/examples/doxygen-1.8.4/src/docparser.h" bodystart="1147" bodyend="1147"/>
      </memberdef>
      </sectiondef>
      <sectiondef kind="friend">
      <memberdef kind="friend" id="d1/d56/class_doc_html_cell_1a1f7413118a8c0d90c891a2695a7cb90d" prot="private" static="no" const="no" explicit="no" inline="no" virt="non-virtual">
        <type>friend class</type>
        <definition>friend class DocHtmlTable</definition>
        <argsstring></argsstring>
        <name>DocHtmlTable</name>
        <briefdescription>
        </briefdescription>
        <detaileddescription>
        </detaileddescription>
        <inbodydescription>
        </inbodydescription>
        <location file="C:/Users/Mat/Projects/doxygraph/examples/doxygen-1.8.4/src/docparser.h" line="1145" bodyfile="C:/Users/Mat/Projects/doxygraph/examples/doxygen-1.8.4/src/docparser.h" bodystart="1145" bodyend="-1"/>
      </memberdef>
      </sectiondef>
      <sectiondef kind="private-attrib">
      <memberdef kind="variable" id="d1/d56/class_doc_html_cell_1aed8ab1bde0ee71206b9e26e1acdd867d" prot="private" static="no" mutable="no">
        <type>bool</type>
        <definition>bool DocHtmlCell::m_isHeading</definition>
        <argsstring></argsstring>
        <name>m_isHeading</name>
        <briefdescription>
        </briefdescription>
        <detaileddescription>
        </detaileddescription>
        <inbodydescription>
        </inbodydescription>
        <location file="C:/Users/Mat/Projects/doxygraph/examples/doxygen-1.8.4/src/docparser.h" line="1171" bodyfile="C:/Users/Mat/Projects/doxygraph/examples/doxygen-1.8.4/src/docparser.h" bodystart="1171" bodyend="-1"/>
      </memberdef>
      <memberdef kind="variable" id="d1/d56/class_doc_html_cell_1aaa7def072b06126955bbd933a964cdae" prot="private" static="no" mutable="no">
        <type>bool</type>
        <definition>bool DocHtmlCell::m_isFirst</definition>
        <argsstring></argsstring>
        <name>m_isFirst</name>
        <briefdescription>
        </briefdescription>
        <detaileddescription>
        </detaileddescription>
        <inbodydescription>
        </inbodydescription>
        <location file="C:/Users/Mat/Projects/doxygraph/examples/doxygen-1.8.4/src/docparser.h" line="1172" bodyfile="C:/Users/Mat/Projects/doxygraph/examples/doxygen-1.8.4/src/docparser.h" bodystart="1172" bodyend="-1"/>
      </memberdef>
      <memberdef kind="variable" id="d1/d56/class_doc_html_cell_1ad2d75b7e896ef8dffb629e8f79dccdd5" prot="private" static="no" mutable="no">
        <type>bool</type>
        <definition>bool DocHtmlCell::m_isLast</definition>
        <argsstring></argsstring>
        <name>m_isLast</name>
        <briefdescription>
        </briefdescription>
        <detaileddescription>
        </detaileddescription>
        <inbodydescription>
        </inbodydescription>
        <location file="C:/Users/Mat/Projects/doxygraph/examples/doxygen-1.8.4/src/docparser.h" line="1173" bodyfile="C:/Users/Mat/Projects/doxygraph/examples/doxygen-1.8.4/src/docparser.h" bodystart="1173" bodyend="-1"/>
      </memberdef>
      <memberdef kind="variable" id="d1/d56/class_doc_html_cell_1ae30663e211eb07d31179a3742ee6fb6a" prot="private" static="no" mutable="no">
        <type><ref refid="db/d4d/class_html_attrib_list" kindref="compound">HtmlAttribList</ref></type>
        <definition>HtmlAttribList DocHtmlCell::m_attribs</definition>
        <argsstring></argsstring>
        <name>m_attribs</name>
        <briefdescription>
        </briefdescription>
        <detaileddescription>
        </detaileddescription>
        <inbodydescription>
        </inbodydescription>
        <location file="C:/Users/Mat/Projects/doxygraph/examples/doxygen-1.8.4/src/docparser.h" line="1174" bodyfile="C:/Users/Mat/Projects/doxygraph/examples/doxygen-1.8.4/src/docparser.h" bodystart="1174" bodyend="-1"/>
      </memberdef>
      <memberdef kind="variable" id="d1/d56/class_doc_html_cell_1a6b9a98caef285a165451b07a285a941e" prot="private" static="no" mutable="no">
        <type>int</type>
        <definition>int DocHtmlCell::m_rowIdx</definition>
        <argsstring></argsstring>
        <name>m_rowIdx</name>
        <briefdescription>
        </briefdescription>
        <detaileddescription>
        </detaileddescription>
        <inbodydescription>
        </inbodydescription>
        <location file="C:/Users/Mat/Projects/doxygraph/examples/doxygen-1.8.4/src/docparser.h" line="1175" bodyfile="C:/Users/Mat/Projects/doxygraph/examples/doxygen-1.8.4/src/docparser.h" bodystart="1175" bodyend="-1"/>
      </memberdef>
      <memberdef kind="variable" id="d1/d56/class_doc_html_cell_1aca5a60db731e1c48721b24a532e9d3c3" prot="private" static="no" mutable="no">
        <type>int</type>
        <definition>int DocHtmlCell::m_colIdx</definition>
        <argsstring></argsstring>
        <name>m_colIdx</name>
        <briefdescription>
        </briefdescription>
        <detaileddescription>
        </detaileddescription>
        <inbodydescription>
        </inbodydescription>
        <location file="C:/Users/Mat/Projects/doxygraph/examples/doxygen-1.8.4/src/docparser.h" line="1176" bodyfile="C:/Users/Mat/Projects/doxygraph/examples/doxygen-1.8.4/src/docparser.h" bodystart="1176" bodyend="-1"/>
      </memberdef>
      </sectiondef>
      <sectiondef kind="public-func">
      <memberdef kind="function" id="d1/d56/class_doc_html_cell_1a408005d09b36012a9aa432df386a8ed0" prot="public" static="no" const="no" explicit="no" inline="yes" virt="non-virtual">
        <type></type>
        <definition>DocHtmlCell::DocHtmlCell</definition>
        <argsstring>(DocNode *parent, const HtmlAttribList &amp;attribs, bool isHeading)</argsstring>
        <name>DocHtmlCell</name>
        <param>
          <type><ref refid="d9/d0e/class_doc_node" kindref="compound">DocNode</ref> *</type>
          <declname>parent</declname>
        </param>
        <param>
          <type>const <ref refid="db/d4d/class_html_attrib_list" kindref="compound">HtmlAttribList</ref> &amp;</type>
          <declname>attribs</declname>
        </param>
        <param>
          <type>bool</type>
          <declname>isHeading</declname>
        </param>
        <briefdescription>
        </briefdescription>
        <detaileddescription>
        </detaileddescription>
        <inbodydescription>
        </inbodydescription>
        <location file="C:/Users/Mat/Projects/doxygraph/examples/doxygen-1.8.4/src/docparser.h" line="1151" bodyfile="C:/Users/Mat/Projects/doxygraph/examples/doxygen-1.8.4/src/docparser.h" bodystart="1148" bodyend="1151"/>
      </memberdef>
      <memberdef kind="function" id="d1/d56/class_doc_html_cell_1aec60f6b9943eb73cc5e0e9fd930aec15" prot="public" static="no" const="yes" explicit="no" inline="yes" virt="non-virtual">
        <type>bool</type>
        <definition>bool DocHtmlCell::isHeading</definition>
        <argsstring>() const </argsstring>
        <name>isHeading</name>
        <briefdescription>
        </briefdescription>
        <detaileddescription>
        </detaileddescription>
        <inbodydescription>
        </inbodydescription>
        <location file="C:/Users/Mat/Projects/doxygraph/examples/doxygen-1.8.4/src/docparser.h" line="1152" bodyfile="C:/Users/Mat/Projects/doxygraph/examples/doxygen-1.8.4/src/docparser.h" bodystart="1152" bodyend="1152"/>
      </memberdef>
      <memberdef kind="function" id="d1/d56/class_doc_html_cell_1abc25e29d4e00822b9f40217da6e00cc7" prot="public" static="no" const="yes" explicit="no" inline="yes" virt="non-virtual">
        <type>bool</type>
        <definition>bool DocHtmlCell::isFirst</definition>
        <argsstring>() const </argsstring>
        <name>isFirst</name>
        <briefdescription>
        </briefdescription>
        <detaileddescription>
        </detaileddescription>
        <inbodydescription>
        </inbodydescription>
        <location file="C:/Users/Mat/Projects/doxygraph/examples/doxygen-1.8.4/src/docparser.h" line="1153" bodyfile="C:/Users/Mat/Projects/doxygraph/examples/doxygen-1.8.4/src/docparser.h" bodystart="1153" bodyend="1153"/>
      </memberdef>
      <memberdef kind="function" id="d1/d56/class_doc_html_cell_1ad0ee2ef185bd6cee0a7c23488b07bd7e" prot="public" static="no" const="yes" explicit="no" inline="yes" virt="non-virtual">
        <type>bool</type>
        <definition>bool DocHtmlCell::isLast</definition>
        <argsstring>() const </argsstring>
        <name>isLast</name>
        <briefdescription>
        </briefdescription>
        <detaileddescription>
        </detaileddescription>
        <inbodydescription>
        </inbodydescription>
        <location file="C:/Users/Mat/Projects/doxygraph/examples/doxygen-1.8.4/src/docparser.h" line="1154" bodyfile="C:/Users/Mat/Projects/doxygraph/examples/doxygen-1.8.4/src/docparser.h" bodystart="1154" bodyend="1154"/>
      </memberdef>
      <memberdef kind="function" id="d1/d56/class_doc_html_cell_1a3875c8b0c463b0b436baf054f7ed78d7" prot="public" static="no" const="yes" explicit="no" inline="yes" virt="virtual">
        <type><ref refid="d9/d0e/class_doc_node_1aebd16e89ca590d84cbd40543ea5faadb" kindref="member">Kind</ref></type>
        <definition>Kind DocHtmlCell::kind</definition>
        <argsstring>() const </argsstring>
        <name>kind</name>
        <reimplements refid="d9/d0e/class_doc_node_1a108ffd214a72ba6e93dac084a8f58049">kind</reimplements>
        <briefdescription>
        </briefdescription>
        <detaileddescription>
<para>Returns the kind of node. Provides runtime type information </para>        </detaileddescription>
        <inbodydescription>
        </inbodydescription>
        <location file="C:/Users/Mat/Projects/doxygraph/examples/doxygen-1.8.4/src/docparser.h" line="1155" bodyfile="C:/Users/Mat/Projects/doxygraph/examples/doxygen-1.8.4/src/docparser.h" bodystart="1155" bodyend="1155"/>
      </memberdef>
      <memberdef kind="function" id="d1/d56/class_doc_html_cell_1a52cc927e1684777332944884f2ee9869" prot="public" static="no" const="no" explicit="no" inline="yes" virt="virtual">
        <type>void</type>
        <definition>void DocHtmlCell::accept</definition>
        <argsstring>(DocVisitor *v)</argsstring>
        <name>accept</name>
        <reimplements refid="d9/d0e/class_doc_node_1a5303a550cbe6395663bf9b9dad28cbf1">accept</reimplements>
        <param>
          <type><ref refid="d0/d78/class_doc_visitor" kindref="compound">DocVisitor</ref> *</type>
          <declname>v</declname>
        </param>
        <briefdescription>
        </briefdescription>
        <detaileddescription>
<para>Acceptor function for node visitors. Part of the visitor pattern. <parameterlist kind="param"><parameteritem>
<parameternamelist>
<parametername>v</parametername>
</parameternamelist>
<parameterdescription>
<para>Abstract visitor. </para></parameterdescription>
</parameteritem>
</parameterlist>
</para>        </detaileddescription>
        <inbodydescription>
        </inbodydescription>
        <location file="C:/Users/Mat/Projects/doxygraph/examples/doxygen-1.8.4/src/docparser.h" line="1156" bodyfile="C:/Users/Mat/Projects/doxygraph/examples/doxygen-1.8.4/src/docparser.h" bodystart="1156" bodyend="1156"/>
      </memberdef>
      <memberdef kind="function" id="d1/d56/class_doc_html_cell_1ab472d7aee599717c94c69ab137310d2c" prot="public" static="no" const="no" explicit="no" inline="yes" virt="non-virtual">
        <type>void</type>
        <definition>void DocHtmlCell::markFirst</definition>
        <argsstring>(bool v=TRUE)</argsstring>
        <name>markFirst</name>
        <param>
          <type>bool</type>
          <declname>v</declname>
          <defval>TRUE</defval>
        </param>
        <briefdescription>
        </briefdescription>
        <detaileddescription>
        </detaileddescription>
        <inbodydescription>
        </inbodydescription>
        <location file="C:/Users/Mat/Projects/doxygraph/examples/doxygen-1.8.4/src/docparser.h" line="1157" bodyfile="C:/Users/Mat/Projects/doxygraph/examples/doxygen-1.8.4/src/docparser.h" bodystart="1157" bodyend="1157"/>
      </memberdef>
      <memberdef kind="function" id="d1/d56/class_doc_html_cell_1a50c10a42581d4ae558776aa2d7528cd2" prot="public" static="no" const="no" explicit="no" inline="yes" virt="non-virtual">
        <type>void</type>
        <definition>void DocHtmlCell::markLast</definition>
        <argsstring>(bool v=TRUE)</argsstring>
        <name>markLast</name>
        <param>
          <type>bool</type>
          <declname>v</declname>
          <defval>TRUE</defval>
        </param>
        <briefdescription>
        </briefdescription>
        <detaileddescription>
        </detaileddescription>
        <inbodydescription>
        </inbodydescription>
        <location file="C:/Users/Mat/Projects/doxygraph/examples/doxygen-1.8.4/src/docparser.h" line="1158" bodyfile="C:/Users/Mat/Projects/doxygraph/examples/doxygen-1.8.4/src/docparser.h" bodystart="1158" bodyend="1158"/>
      </memberdef>
      <memberdef kind="function" id="d1/d56/class_doc_html_cell_1a44edb472040558280343bd63bcc6192a" prot="public" static="no" const="yes" explicit="no" inline="yes" virt="non-virtual">
        <type>const <ref refid="db/d4d/class_html_attrib_list" kindref="compound">HtmlAttribList</ref> &amp;</type>
        <definition>const HtmlAttribList&amp; DocHtmlCell::attribs</definition>
        <argsstring>() const </argsstring>
        <name>attribs</name>
        <briefdescription>
        </briefdescription>
        <detaileddescription>
        </detaileddescription>
        <inbodydescription>
        </inbodydescription>
        <location file="C:/Users/Mat/Projects/doxygraph/examples/doxygen-1.8.4/src/docparser.h" line="1159" bodyfile="C:/Users/Mat/Projects/doxygraph/examples/doxygen-1.8.4/src/docparser.h" bodystart="1159" bodyend="1159"/>
      </memberdef>
      <memberdef kind="function" id="d1/d56/class_doc_html_cell_1ad1dda118e2ea47235f3880e56ae6e2a8" prot="public" static="no" const="no" explicit="no" inline="no" virt="non-virtual">
        <type>int</type>
        <definition>int DocHtmlCell::parse</definition>
        <argsstring>()</argsstring>
        <name>parse</name>
        <briefdescription>
        </briefdescription>
        <detaileddescription>
        </detaileddescription>
        <inbodydescription>
        </inbodydescription>
        <location file="C:/Users/Mat/Projects/doxygraph/examples/doxygen-1.8.4/src/docparser.h" line="1160" bodyfile="C:/Users/Mat/Projects/doxygraph/examples/doxygen-1.8.4/src/docparser.cpp" bodystart="3426" bodyend="3461"/>
      </memberdef>
      <memberdef kind="function" id="d1/d56/class_doc_html_cell_1aa5b43dd579348e1e8e4df010176bd928" prot="public" static="no" const="no" explicit="no" inline="no" virt="non-virtual">
        <type>int</type>
        <definition>int DocHtmlCell::parseXml</definition>
        <argsstring>()</argsstring>
        <name>parseXml</name>
        <briefdescription>
        </briefdescription>
        <detaileddescription>
        </detaileddescription>
        <inbodydescription>
        </inbodydescription>
        <location file="C:/Users/Mat/Projects/doxygraph/examples/doxygen-1.8.4/src/docparser.h" line="1161" bodyfile="C:/Users/Mat/Projects/doxygraph/examples/doxygen-1.8.4/src/docparser.cpp" bodystart="3463" bodyend="3498"/>
      </memberdef>
      <memberdef kind="function" id="d1/d56/class_doc_html_cell_1aa4c684008ade32fcdb495bbd704a9076" prot="public" static="no" const="yes" explicit="no" inline="yes" virt="non-virtual">
        <type>int</type>
        <definition>int DocHtmlCell::rowIndex</definition>
        <argsstring>() const </argsstring>
        <name>rowIndex</name>
        <briefdescription>
        </briefdescription>
        <detaileddescription>
        </detaileddescription>
        <inbodydescription>
        </inbodydescription>
        <location file="C:/Users/Mat/Projects/doxygraph/examples/doxygen-1.8.4/src/docparser.h" line="1162" bodyfile="C:/Users/Mat/Projects/doxygraph/examples/doxygen-1.8.4/src/docparser.h" bodystart="1162" bodyend="1162"/>
      </memberdef>
      <memberdef kind="function" id="d1/d56/class_doc_html_cell_1a41c7147ac0961be935af0971f11be512" prot="public" static="no" const="yes" explicit="no" inline="yes" virt="non-virtual">
        <type>int</type>
        <definition>int DocHtmlCell::columnIndex</definition>
        <argsstring>() const </argsstring>
        <name>columnIndex</name>
        <briefdescription>
        </briefdescription>
        <detaileddescription>
        </detaileddescription>
        <inbodydescription>
        </inbodydescription>
        <location file="C:/Users/Mat/Projects/doxygraph/examples/doxygen-1.8.4/src/docparser.h" line="1163" bodyfile="C:/Users/Mat/Projects/doxygraph/examples/doxygen-1.8.4/src/docparser.h" bodystart="1163" bodyend="1163"/>
      </memberdef>
      <memberdef kind="function" id="d1/d56/class_doc_html_cell_1aa463d34188413d319524346a62134520" prot="public" static="no" const="yes" explicit="no" inline="no" virt="non-virtual">
        <type>int</type>
        <definition>int DocHtmlCell::rowSpan</definition>
        <argsstring>() const </argsstring>
        <name>rowSpan</name>
        <briefdescription>
        </briefdescription>
        <detaileddescription>
        </detaileddescription>
        <inbodydescription>
        </inbodydescription>
        <location file="C:/Users/Mat/Projects/doxygraph/examples/doxygen-1.8.4/src/docparser.h" line="1164" bodyfile="C:/Users/Mat/Projects/doxygraph/examples/doxygen-1.8.4/src/docparser.cpp" bodystart="3500" bodyend="3514"/>
      </memberdef>
      <memberdef kind="function" id="d1/d56/class_doc_html_cell_1a9ca338b39cc12afce3825dad90a3faf1" prot="public" static="no" const="yes" explicit="no" inline="no" virt="non-virtual">
        <type>int</type>
        <definition>int DocHtmlCell::colSpan</definition>
        <argsstring>() const </argsstring>
        <name>colSpan</name>
        <briefdescription>
        </briefdescription>
        <detaileddescription>
        </detaileddescription>
        <inbodydescription>
        </inbodydescription>
        <location file="C:/Users/Mat/Projects/doxygraph/examples/doxygen-1.8.4/src/docparser.h" line="1165" bodyfile="C:/Users/Mat/Projects/doxygraph/examples/doxygen-1.8.4/src/docparser.cpp" bodystart="3516" bodyend="3530"/>
      </memberdef>
      <memberdef kind="function" id="d1/d56/class_doc_html_cell_1abacb9832f6ab6f767c0162eb95f758c1" prot="public" static="no" const="yes" explicit="no" inline="no" virt="non-virtual">
        <type>Alignment</type>
        <definition>DocHtmlCell::Alignment DocHtmlCell::alignment</definition>
        <argsstring>() const </argsstring>
        <name>alignment</name>
        <briefdescription>
        </briefdescription>
        <detaileddescription>
        </detaileddescription>
        <inbodydescription>
        </inbodydescription>
        <location file="C:/Users/Mat/Projects/doxygraph/examples/doxygen-1.8.4/src/docparser.h" line="1166" bodyfile="C:/Users/Mat/Projects/doxygraph/examples/doxygen-1.8.4/src/docparser.cpp" bodystart="3532" bodyend="3548"/>
      </memberdef>
      </sectiondef>
      <sectiondef kind="private-func">
      <memberdef kind="function" id="d1/d56/class_doc_html_cell_1a6df7b0bbfeb182c7b8ca23b269984bab" prot="private" static="no" const="no" explicit="no" inline="yes" virt="non-virtual">
        <type>void</type>
        <definition>void DocHtmlCell::setRowIndex</definition>
        <argsstring>(int idx)</argsstring>
        <name>setRowIndex</name>
        <param>
          <type>int</type>
          <declname>idx</declname>
        </param>
        <briefdescription>
        </briefdescription>
        <detaileddescription>
        </detaileddescription>
        <inbodydescription>
        </inbodydescription>
        <location file="C:/Users/Mat/Projects/doxygraph/examples/doxygen-1.8.4/src/docparser.h" line="1169" bodyfile="C:/Users/Mat/Projects/doxygraph/examples/doxygen-1.8.4/src/docparser.h" bodystart="1169" bodyend="1169"/>
      </memberdef>
      <memberdef kind="function" id="d1/d56/class_doc_html_cell_1a1bf90554ecd14f6002799b1d2947d1fb" prot="private" static="no" const="no" explicit="no" inline="yes" virt="non-virtual">
        <type>void</type>
        <definition>void DocHtmlCell::setColumnIndex</definition>
        <argsstring>(int idx)</argsstring>
        <name>setColumnIndex</name>
        <param>
          <type>int</type>
          <declname>idx</declname>
        </param>
        <briefdescription>
        </briefdescription>
        <detaileddescription>
        </detaileddescription>
        <inbodydescription>
        </inbodydescription>
        <location file="C:/Users/Mat/Projects/doxygraph/examples/doxygen-1.8.4/src/docparser.h" line="1170" bodyfile="C:/Users/Mat/Projects/doxygraph/examples/doxygen-1.8.4/src/docparser.h" bodystart="1170" bodyend="1170"/>
      </memberdef>
      </sectiondef>
    <briefdescription>
<para>Node representing a HTML table cell. </para>    </briefdescription>
    <detaileddescription>
    </detaileddescription>
    <inheritancegraph>
      <node id="2947">
        <label>DocHtmlCell</label>
        <link refid="d1/d56/class_doc_html_cell"/>
        <childnode refid="2948" relation="public-inheritance">
        </childnode>
        <childnode refid="2950" relation="public-inheritance">
        </childnode>
      </node>
      <node id="2948">
        <label>CompAccept&lt; DocHtmlCell &gt;</label>
        <link refid="d7/da3/class_comp_accept"/>
        <childnode refid="2949" relation="template-instance">
          <edgelabel>&lt; DocHtmlCell &gt;</edgelabel>
        </childnode>
      </node>
      <node id="2950">
        <label>DocNode</label>
        <link refid="d9/d0e/class_doc_node"/>
      </node>
      <node id="2949">
        <label>CompAccept&lt; T &gt;</label>
        <link refid="d7/da3/class_comp_accept"/>
      </node>
    </inheritancegraph>
    <collaborationgraph>
      <node id="2951">
        <label>DocHtmlCell</label>
        <link refid="d1/d56/class_doc_html_cell"/>
        <childnode refid="2952" relation="public-inheritance">
        </childnode>
        <childnode refid="2954" relation="public-inheritance">
        </childnode>
      </node>
      <node id="2952">
        <label>CompAccept&lt; DocHtmlCell &gt;</label>
        <link refid="d7/da3/class_comp_accept"/>
        <childnode refid="2953" relation="template-instance">
          <edgelabel>&lt; DocHtmlCell &gt;</edgelabel>
        </childnode>
      </node>
      <node id="2954">
        <label>DocNode</label>
        <link refid="d9/d0e/class_doc_node"/>
        <childnode refid="2954" relation="usage">
          <edgelabel>m_parent</edgelabel>
        </childnode>
      </node>
      <node id="2953">
        <label>CompAccept&lt; T &gt;</label>
        <link refid="d7/da3/class_comp_accept"/>
      </node>
    </collaborationgraph>
    <location file="C:/Users/Mat/Projects/doxygraph/examples/doxygen-1.8.4/src/docparser.h" line="1144" bodyfile="C:/Users/Mat/Projects/doxygraph/examples/doxygen-1.8.4/src/docparser.h" bodystart="1143" bodyend="1177"/>
    <listofallmembers>
      <member refid="d1/d56/class_doc_html_cell_1a52cc927e1684777332944884f2ee9869" prot="public" virt="virtual"><scope>DocHtmlCell</scope><name>accept</name></member>
      <member refid="d7/da3/class_comp_accept_1a5787ab796a9008bab225031921773b5c" prot="public" virt="non-virtual" ambiguityscope="CompAccept&lt; DocHtmlCell &gt;::"><scope>DocHtmlCell</scope><name>accept</name></member>
      <member refid="d1/d56/class_doc_html_cell_1a1bfba233eb785db3496ea2a82d9a2136" prot="public" virt="non-virtual"><scope>DocHtmlCell</scope><name>Alignment</name></member>
      <member refid="d1/d56/class_doc_html_cell_1abacb9832f6ab6f767c0162eb95f758c1" prot="public" virt="non-virtual"><scope>DocHtmlCell</scope><name>alignment</name></member>
      <member refid="d1/d56/class_doc_html_cell_1a44edb472040558280343bd63bcc6192a" prot="public" virt="non-virtual"><scope>DocHtmlCell</scope><name>attribs</name></member>
      <member refid="d1/d56/class_doc_html_cell_1a1bfba233eb785db3496ea2a82d9a2136a6bf57086c5c581a2d4905ad7cfbec3e0" prot="public" virt="non-virtual"><scope>DocHtmlCell</scope><name>Center</name></member>
      <member refid="d7/da3/class_comp_accept_1ad45c9ef74bc602bead18c2f36ad5d351" prot="public" virt="non-virtual"><scope>DocHtmlCell</scope><name>children</name></member>
      <member refid="d7/da3/class_comp_accept_1af0bab1c89fc80848fe8be7b5c81afacb" prot="public" virt="non-virtual"><scope>DocHtmlCell</scope><name>children</name></member>
      <member refid="d1/d56/class_doc_html_cell_1a9ca338b39cc12afce3825dad90a3faf1" prot="public" virt="non-virtual"><scope>DocHtmlCell</scope><name>colSpan</name></member>
      <member refid="d1/d56/class_doc_html_cell_1a41c7147ac0961be935af0971f11be512" prot="public" virt="non-virtual"><scope>DocHtmlCell</scope><name>columnIndex</name></member>
      <member refid="d7/da3/class_comp_accept_1ad243d87336e0fd5dae91ca8481a1c85a" prot="public" virt="non-virtual"><scope>DocHtmlCell</scope><name>CompAccept</name></member>
      <member refid="d1/d56/class_doc_html_cell_1a408005d09b36012a9aa432df386a8ed0" prot="public" virt="non-virtual"><scope>DocHtmlCell</scope><name>DocHtmlCell</name></member>
      <member refid="d1/d56/class_doc_html_cell_1a1f7413118a8c0d90c891a2695a7cb90d" prot="private" virt="non-virtual"><scope>DocHtmlCell</scope><name>DocHtmlTable</name></member>
      <member refid="d9/d0e/class_doc_node_1a98d902adedf9b2270a6673e59dbab89e" prot="public" virt="non-virtual"><scope>DocHtmlCell</scope><name>DocNode</name></member>
      <member refid="d1/d56/class_doc_html_cell_1abc25e29d4e00822b9f40217da6e00cc7" prot="public" virt="non-virtual"><scope>DocHtmlCell</scope><name>isFirst</name></member>
      <member refid="d1/d56/class_doc_html_cell_1aec60f6b9943eb73cc5e0e9fd930aec15" prot="public" virt="non-virtual"><scope>DocHtmlCell</scope><name>isHeading</name></member>
      <member refid="d1/d56/class_doc_html_cell_1ad0ee2ef185bd6cee0a7c23488b07bd7e" prot="public" virt="non-virtual"><scope>DocHtmlCell</scope><name>isLast</name></member>
      <member refid="d9/d0e/class_doc_node_1aef508bc4dc916756c919594db7930d54" prot="public" virt="non-virtual"><scope>DocHtmlCell</scope><name>isPreformatted</name></member>
      <member refid="d1/d56/class_doc_html_cell_1a3875c8b0c463b0b436baf054f7ed78d7" prot="public" virt="virtual"><scope>DocHtmlCell</scope><name>kind</name></member>
      <member refid="d9/d0e/class_doc_node_1aebd16e89ca590d84cbd40543ea5faadb" prot="public" virt="non-virtual"><scope>DocHtmlCell</scope><name>Kind</name></member>
      <member refid="d9/d0e/class_doc_node_1aebd16e89ca590d84cbd40543ea5faadba5acf76d5bed04d9f8973b5599e4c7d61" prot="public" virt="non-virtual"><scope>DocHtmlCell</scope><name>Kind_Anchor</name></member>
      <member refid="d9/d0e/class_doc_node_1aebd16e89ca590d84cbd40543ea5faadbaf4af6d302524a2a72e6503fa4b5008cc" prot="public" virt="non-virtual"><scope>DocHtmlCell</scope><name>Kind_AutoList</name></member>
      <member refid="d9/d0e/class_doc_node_1aebd16e89ca590d84cbd40543ea5faadba09e40b89d37e12cd78384c04aea5c185" prot="public" virt="non-virtual"><scope>DocHtmlCell</scope><name>Kind_AutoListItem</name></member>
      <member refid="d9/d0e/class_doc_node_1aebd16e89ca590d84cbd40543ea5faadba2c31b7a4358465ca132212321e15fc20" prot="public" virt="non-virtual"><scope>DocHtmlCell</scope><name>Kind_Copy</name></member>
      <member refid="d9/d0e/class_doc_node_1aebd16e89ca590d84cbd40543ea5faadba31635222d2661ef99e79b44bf3b58382" prot="public" virt="non-virtual"><scope>DocHtmlCell</scope><name>Kind_DotFile</name></member>
      <member refid="d9/d0e/class_doc_node_1aebd16e89ca590d84cbd40543ea5faadbad6f44af7d7a9d2545d12570f1c911514" prot="public" virt="non-virtual"><scope>DocHtmlCell</scope><name>Kind_Formula</name></member>
      <member refid="d9/d0e/class_doc_node_1aebd16e89ca590d84cbd40543ea5faadba66fdcd73d28143e4eee061037d1c0d05" prot="public" virt="non-virtual"><scope>DocHtmlCell</scope><name>Kind_HorRuler</name></member>
      <member refid="d9/d0e/class_doc_node_1aebd16e89ca590d84cbd40543ea5faadba219784882f7a809370a515cbf18c2794" prot="public" virt="non-virtual"><scope>DocHtmlCell</scope><name>Kind_HRef</name></member>
      <member refid="d9/d0e/class_doc_node_1aebd16e89ca590d84cbd40543ea5faadbacfac967afd367665bc4a4890828fc98d" prot="public" virt="non-virtual"><scope>DocHtmlCell</scope><name>Kind_HtmlBlockQuote</name></member>
      <member refid="d9/d0e/class_doc_node_1aebd16e89ca590d84cbd40543ea5faadba3f64e51b724ff9f596689e66165d4e5f" prot="public" virt="non-virtual"><scope>DocHtmlCell</scope><name>Kind_HtmlCaption</name></member>
      <member refid="d9/d0e/class_doc_node_1aebd16e89ca590d84cbd40543ea5faadbae35a8fc01717b7fba896f3f9103b641a" prot="public" virt="non-virtual"><scope>DocHtmlCell</scope><name>Kind_HtmlCell</name></member>
      <member refid="d9/d0e/class_doc_node_1aebd16e89ca590d84cbd40543ea5faadbac9568654cd0eaa2d2e6705eb88b8bb6f" prot="public" virt="non-virtual"><scope>DocHtmlCell</scope><name>Kind_HtmlDescData</name></member>
      <member refid="d9/d0e/class_doc_node_1aebd16e89ca590d84cbd40543ea5faadbad53b68c158dba60a523d4fd261741c1a" prot="public" virt="non-virtual"><scope>DocHtmlCell</scope><name>Kind_HtmlDescList</name></member>
      <member refid="d9/d0e/class_doc_node_1aebd16e89ca590d84cbd40543ea5faadba0e47ad72ee03a88acc5d35755230a4bc" prot="public" virt="non-virtual"><scope>DocHtmlCell</scope><name>Kind_HtmlDescTitle</name></member>
      <member refid="d9/d0e/class_doc_node_1aebd16e89ca590d84cbd40543ea5faadbac559cf092ec1d51d36500217b128df91" prot="public" virt="non-virtual"><scope>DocHtmlCell</scope><name>Kind_HtmlHeader</name></member>
      <member refid="d9/d0e/class_doc_node_1aebd16e89ca590d84cbd40543ea5faadba2d89d13df0a6a173008cc476ed19da5a" prot="public" virt="non-virtual"><scope>DocHtmlCell</scope><name>Kind_HtmlList</name></member>
      <member refid="d9/d0e/class_doc_node_1aebd16e89ca590d84cbd40543ea5faadba3899f85cc2bbe76eebc01969f026c4a8" prot="public" virt="non-virtual"><scope>DocHtmlCell</scope><name>Kind_HtmlListItem</name></member>
      <member refid="d9/d0e/class_doc_node_1aebd16e89ca590d84cbd40543ea5faadba4aecc53268c197469ae7e36a82297f66" prot="public" virt="non-virtual"><scope>DocHtmlCell</scope><name>Kind_HtmlRow</name></member>
      <member refid="d9/d0e/class_doc_node_1aebd16e89ca590d84cbd40543ea5faadbaaa0953fe727d5208d808d6200db9d8c4" prot="public" virt="non-virtual"><scope>DocHtmlCell</scope><name>Kind_HtmlTable</name></member>
      <member refid="d9/d0e/class_doc_node_1aebd16e89ca590d84cbd40543ea5faadba130db602d847e2889247e35215f6ab61" prot="public" virt="non-virtual"><scope>DocHtmlCell</scope><name>Kind_Image</name></member>
      <member refid="d9/d0e/class_doc_node_1aebd16e89ca590d84cbd40543ea5faadba0d394262ed69236213f48850d00655e1" prot="public" virt="non-virtual"><scope>DocHtmlCell</scope><name>Kind_Include</name></member>
      <member refid="d9/d0e/class_doc_node_1aebd16e89ca590d84cbd40543ea5faadba22a463e2625469c3243a58a25ec2ac5e" prot="public" virt="non-virtual"><scope>DocHtmlCell</scope><name>Kind_IncOperator</name></member>
      <member refid="d9/d0e/class_doc_node_1aebd16e89ca590d84cbd40543ea5faadba0c99bba8a3a83741f4cb5b488be07919" prot="public" virt="non-virtual"><scope>DocHtmlCell</scope><name>Kind_IndexEntry</name></member>
      <member refid="d9/d0e/class_doc_node_1aebd16e89ca590d84cbd40543ea5faadbaa908f2050f29caaa1852bc6bfc2167d7" prot="public" virt="non-virtual"><scope>DocHtmlCell</scope><name>Kind_Internal</name></member>
      <member refid="d9/d0e/class_doc_node_1aebd16e89ca590d84cbd40543ea5faadba08795b9078b94b17470db06f10e47e9a" prot="public" virt="non-virtual"><scope>DocHtmlCell</scope><name>Kind_InternalRef</name></member>
      <member refid="d9/d0e/class_doc_node_1aebd16e89ca590d84cbd40543ea5faadba806ec6c0d1fe6c3d855364ae3ab6f02e" prot="public" virt="non-virtual"><scope>DocHtmlCell</scope><name>Kind_LineBreak</name></member>
      <member refid="d9/d0e/class_doc_node_1aebd16e89ca590d84cbd40543ea5faadba3ea5a7ccd9136dff8ecd035c4d403c4d" prot="public" virt="non-virtual"><scope>DocHtmlCell</scope><name>Kind_Link</name></member>
      <member refid="d9/d0e/class_doc_node_1aebd16e89ca590d84cbd40543ea5faadba3078fef47a0dd99f4a3c2ea943e9dc38" prot="public" virt="non-virtual"><scope>DocHtmlCell</scope><name>Kind_LinkedWord</name></member>
      <member refid="d9/d0e/class_doc_node_1aebd16e89ca590d84cbd40543ea5faadbaf7a503a623b646514dbf0a1cdd4bc56d" prot="public" virt="non-virtual"><scope>DocHtmlCell</scope><name>Kind_MscFile</name></member>
      <member refid="d9/d0e/class_doc_node_1aebd16e89ca590d84cbd40543ea5faadbab386d3972ee5815e6403a2ba94d13da7" prot="public" virt="non-virtual"><scope>DocHtmlCell</scope><name>Kind_Para</name></member>
      <member refid="d9/d0e/class_doc_node_1aebd16e89ca590d84cbd40543ea5faadbada1efab7269767fb09ed0468023d47ef" prot="public" virt="non-virtual"><scope>DocHtmlCell</scope><name>Kind_ParamList</name></member>
      <member refid="d9/d0e/class_doc_node_1aebd16e89ca590d84cbd40543ea5faadba98f09f518a149bbd2ca945d8be62b2eb" prot="public" virt="non-virtual"><scope>DocHtmlCell</scope><name>Kind_ParamSect</name></member>
      <member refid="d9/d0e/class_doc_node_1aebd16e89ca590d84cbd40543ea5faadba7e37091374b5c3a40bc6080b727b8633" prot="public" virt="non-virtual"><scope>DocHtmlCell</scope><name>Kind_Ref</name></member>
      <member refid="d9/d0e/class_doc_node_1aebd16e89ca590d84cbd40543ea5faadba40f32b4da392f2e607acd9dcd51e97ef" prot="public" virt="non-virtual"><scope>DocHtmlCell</scope><name>Kind_Root</name></member>
      <member refid="d9/d0e/class_doc_node_1aebd16e89ca590d84cbd40543ea5faadbab434fb5f35821ac8e092397720a9986e" prot="public" virt="non-virtual"><scope>DocHtmlCell</scope><name>Kind_SecRefItem</name></member>
      <member refid="d9/d0e/class_doc_node_1aebd16e89ca590d84cbd40543ea5faadba8a1dc5275094432667a3b3f60ca6924e" prot="public" virt="non-virtual"><scope>DocHtmlCell</scope><name>Kind_SecRefList</name></member>
      <member refid="d9/d0e/class_doc_node_1aebd16e89ca590d84cbd40543ea5faadba2adb5849cad20cab071f918a8da06938" prot="public" virt="non-virtual"><scope>DocHtmlCell</scope><name>Kind_Section</name></member>
      <member refid="d9/d0e/class_doc_node_1aebd16e89ca590d84cbd40543ea5faadba653816fa54d8104dc69848cd470e9e50" prot="public" virt="non-virtual"><scope>DocHtmlCell</scope><name>Kind_SimpleList</name></member>
      <member refid="d9/d0e/class_doc_node_1aebd16e89ca590d84cbd40543ea5faadba3484d4b967a5e3650a21218cafe45bfc" prot="public" virt="non-virtual"><scope>DocHtmlCell</scope><name>Kind_SimpleListItem</name></member>
      <member refid="d9/d0e/class_doc_node_1aebd16e89ca590d84cbd40543ea5faadbac383a7308a123820e290b129354b945b" prot="public" virt="non-virtual"><scope>DocHtmlCell</scope><name>Kind_SimpleSect</name></member>
      <member refid="d9/d0e/class_doc_node_1aebd16e89ca590d84cbd40543ea5faadba9e64be26f9961dd56b44dc8bf940f612" prot="public" virt="non-virtual"><scope>DocHtmlCell</scope><name>Kind_SimpleSectSep</name></member>
      <member refid="d9/d0e/class_doc_node_1aebd16e89ca590d84cbd40543ea5faadba23b15e9d0bd5a796e7ea6bc5ddb90a51" prot="public" virt="non-virtual"><scope>DocHtmlCell</scope><name>Kind_StyleChange</name></member>
      <member refid="d9/d0e/class_doc_node_1aebd16e89ca590d84cbd40543ea5faadba11cfbdc9641f7d5e57bbf9d2d1ac29f6" prot="public" virt="non-virtual"><scope>DocHtmlCell</scope><name>Kind_Symbol</name></member>
      <member refid="d9/d0e/class_doc_node_1aebd16e89ca590d84cbd40543ea5faadba7625967c18a27b98c0253b1d8813b22a" prot="public" virt="non-virtual"><scope>DocHtmlCell</scope><name>Kind_Text</name></member>
      <member refid="d9/d0e/class_doc_node_1aebd16e89ca590d84cbd40543ea5faadba3a4f43b18aee3dae38339c2e322f019d" prot="public" virt="non-virtual"><scope>DocHtmlCell</scope><name>Kind_Title</name></member>
      <member refid="d9/d0e/class_doc_node_1aebd16e89ca590d84cbd40543ea5faadbaf65de407d32b599b5b8e3172e910921f" prot="public" virt="non-virtual"><scope>DocHtmlCell</scope><name>Kind_URL</name></member>
      <member refid="d9/d0e/class_doc_node_1aebd16e89ca590d84cbd40543ea5faadba647ae404715ce1ea95d747d03302d069" prot="public" virt="non-virtual"><scope>DocHtmlCell</scope><name>Kind_Verbatim</name></member>
      <member refid="d9/d0e/class_doc_node_1aebd16e89ca590d84cbd40543ea5faadba2c92a0041dfb7d3d024370d59840a9ec" prot="public" virt="non-virtual"><scope>DocHtmlCell</scope><name>Kind_VhdlFlow</name></member>
      <member refid="d9/d0e/class_doc_node_1aebd16e89ca590d84cbd40543ea5faadba19ac8d817d8ba62f451c9ac6b06052c9" prot="public" virt="non-virtual"><scope>DocHtmlCell</scope><name>Kind_WhiteSpace</name></member>
      <member refid="d9/d0e/class_doc_node_1aebd16e89ca590d84cbd40543ea5faadbafaa72c1c3a23f07645d1546177e265ad" prot="public" virt="non-virtual"><scope>DocHtmlCell</scope><name>Kind_Word</name></member>
      <member refid="d9/d0e/class_doc_node_1aebd16e89ca590d84cbd40543ea5faadbabf87f371a0f69d86d0e6606d31133d40" prot="public" virt="non-virtual"><scope>DocHtmlCell</scope><name>Kind_XRefItem</name></member>
      <member refid="d1/d56/class_doc_html_cell_1a1bfba233eb785db3496ea2a82d9a2136a8dd1ecd8df71ef42303c2b64fd73804f" prot="public" virt="non-virtual"><scope>DocHtmlCell</scope><name>Left</name></member>
      <member refid="d1/d56/class_doc_html_cell_1ae30663e211eb07d31179a3742ee6fb6a" prot="private" virt="non-virtual"><scope>DocHtmlCell</scope><name>m_attribs</name></member>
      <member refid="d7/da3/class_comp_accept_1af32d89695dc65d34b642dceb0da9e281" prot="protected" virt="non-virtual"><scope>DocHtmlCell</scope><name>m_children</name></member>
      <member refid="d1/d56/class_doc_html_cell_1aca5a60db731e1c48721b24a532e9d3c3" prot="private" virt="non-virtual"><scope>DocHtmlCell</scope><name>m_colIdx</name></member>
      <member refid="d1/d56/class_doc_html_cell_1aaa7def072b06126955bbd933a964cdae" prot="private" virt="non-virtual"><scope>DocHtmlCell</scope><name>m_isFirst</name></member>
      <member refid="d1/d56/class_doc_html_cell_1aed8ab1bde0ee71206b9e26e1acdd867d" prot="private" virt="non-virtual"><scope>DocHtmlCell</scope><name>m_isHeading</name></member>
      <member refid="d1/d56/class_doc_html_cell_1ad2d75b7e896ef8dffb629e8f79dccdd5" prot="private" virt="non-virtual"><scope>DocHtmlCell</scope><name>m_isLast</name></member>
      <member refid="d9/d0e/class_doc_node_1a5f1139016d8919795a0e1c722d3e4b91" prot="protected" virt="non-virtual"><scope>DocHtmlCell</scope><name>m_parent</name></member>
      <member refid="d1/d56/class_doc_html_cell_1a6b9a98caef285a165451b07a285a941e" prot="private" virt="non-virtual"><scope>DocHtmlCell</scope><name>m_rowIdx</name></member>
      <member refid="d1/d56/class_doc_html_cell_1ab472d7aee599717c94c69ab137310d2c" prot="public" virt="non-virtual"><scope>DocHtmlCell</scope><name>markFirst</name></member>
      <member refid="d1/d56/class_doc_html_cell_1a50c10a42581d4ae558776aa2d7528cd2" prot="public" virt="non-virtual"><scope>DocHtmlCell</scope><name>markLast</name></member>
      <member refid="d9/d0e/class_doc_node_1a990d8b983962776a647e6231d38bd329" prot="public" virt="non-virtual"><scope>DocHtmlCell</scope><name>parent</name></member>
      <member refid="d1/d56/class_doc_html_cell_1ad1dda118e2ea47235f3880e56ae6e2a8" prot="public" virt="non-virtual"><scope>DocHtmlCell</scope><name>parse</name></member>
      <member refid="d1/d56/class_doc_html_cell_1aa5b43dd579348e1e8e4df010176bd928" prot="public" virt="non-virtual"><scope>DocHtmlCell</scope><name>parseXml</name></member>
      <member refid="d1/d56/class_doc_html_cell_1a1bfba233eb785db3496ea2a82d9a2136a65214529ecca545b977a6edf61de84c4" prot="public" virt="non-virtual"><scope>DocHtmlCell</scope><name>Right</name></member>
      <member refid="d1/d56/class_doc_html_cell_1aa4c684008ade32fcdb495bbd704a9076" prot="public" virt="non-virtual"><scope>DocHtmlCell</scope><name>rowIndex</name></member>
      <member refid="d1/d56/class_doc_html_cell_1aa463d34188413d319524346a62134520" prot="public" virt="non-virtual"><scope>DocHtmlCell</scope><name>rowSpan</name></member>
      <member refid="d1/d56/class_doc_html_cell_1a1bf90554ecd14f6002799b1d2947d1fb" prot="private" virt="non-virtual"><scope>DocHtmlCell</scope><name>setColumnIndex</name></member>
      <member refid="d9/d0e/class_doc_node_1a7059408f429dc1358764e334079ca986" prot="protected" virt="non-virtual"><scope>DocHtmlCell</scope><name>setInsidePreformatted</name></member>
      <member refid="d9/d0e/class_doc_node_1a2855de7ff1248fdb71e579087ae56098" prot="public" virt="non-virtual"><scope>DocHtmlCell</scope><name>setParent</name></member>
      <member refid="d1/d56/class_doc_html_cell_1a6df7b0bbfeb182c7b8ca23b269984bab" prot="private" virt="non-virtual"><scope>DocHtmlCell</scope><name>setRowIndex</name></member>
      <member refid="d7/da3/class_comp_accept_1a0efdf3a4631f1d7894bf5c4ba6025d1e" prot="public" virt="virtual"><scope>DocHtmlCell</scope><name>~CompAccept</name></member>
      <member refid="d9/d0e/class_doc_node_1a024e5ba89b140e83416f9f85f5f6d036" prot="public" virt="virtual"><scope>DocHtmlCell</scope><name>~DocNode</name></member>
    </listofallmembers>
  </compounddef>
</doxygen>
