<?xml version='1.0' encoding='UTF-8' standalone='no'?>
<doxygen xmlns:xsi="http://www.w3.org/2001/XMLSchema-instance" xsi:noNamespaceSchemaLocation="compound.xsd" version="1.8.2">
  <compounddef id="d7/d97/namespacedef_8h" kind="file">
    <compoundname>namespacedef.h</compoundname>
    <includes local="no">qstrlist.h</includes>
    <includes local="no">qdict.h</includes>
    <includes refid="d9/d21/sortdict_8h" local="yes">sortdict.h</includes>
    <includes refid="df/da1/definition_8h" local="yes">definition.h</includes>
    <includedby refid="de/d89/classdef_8cpp" local="yes">src/classdef.cpp</includedby>
    <includedby refid="d3/d17/defgen_8cpp" local="yes">src/defgen.cpp</includedby>
    <includedby refid="d3/dea/definition_8cpp" local="yes">src/definition.cpp</includedby>
    <includedby refid="d8/d29/docbookgen_8cpp" local="yes">src/docbookgen.cpp</includedby>
    <includedby refid="da/d17/docparser_8cpp" local="yes">src/docparser.cpp</includedby>
    <includedby refid="d7/d8f/docsets_8cpp" local="yes">src/docsets.cpp</includedby>
    <includedby refid="de/daa/dot_8cpp" local="yes">src/dot.cpp</includedby>
    <includedby refid="dc/d98/doxygen_8cpp" local="yes">src/doxygen.cpp</includedby>
    <includedby refid="d6/ddc/filedef_8cpp" local="yes">src/filedef.cpp</includedby>
    <includedby refid="d6/d42/groupdef_8cpp" local="yes">src/groupdef.cpp</includedby>
    <includedby refid="db/d14/index_8cpp" local="yes">src/index.cpp</includedby>
    <includedby refid="d4/d42/latexgen_8cpp" local="yes">src/latexgen.cpp</includedby>
    <includedby refid="d0/d72/memberdef_8cpp" local="yes">src/memberdef.cpp</includedby>
    <includedby refid="d6/d18/membergroup_8cpp" local="yes">src/membergroup.cpp</includedby>
    <includedby refid="d0/d14/memberlist_8cpp" local="yes">src/memberlist.cpp</includedby>
    <includedby refid="d7/d1c/namespacedef_8cpp" local="yes">src/namespacedef.cpp</includedby>
    <includedby refid="d9/db4/pagedef_8cpp" local="yes">src/pagedef.cpp</includedby>
    <includedby refid="de/dd0/perlmodgen_8cpp" local="yes">src/perlmodgen.cpp</includedby>
    <includedby refid="d0/d9c/rtfgen_8cpp" local="yes">src/rtfgen.cpp</includedby>
    <includedby refid="d7/d79/searchindex_8cpp" local="yes">src/searchindex.cpp</includedby>
    <includedby refid="df/d2d/util_8cpp" local="yes">src/util.cpp</includedby>
    <includedby refid="de/dea/vhdldocgen_8cpp" local="yes">src/vhdldocgen.cpp</includedby>
    <includedby refid="d0/dc3/xmlgen_8cpp" local="yes">src/xmlgen.cpp</includedby>
    <incdepgraph>
      <node id="3931">
        <label>qcstring.h</label>
      </node>
      <node id="3924">
        <label>qstrlist.h</label>
      </node>
      <node id="3926">
        <label>sortdict.h</label>
        <link refid="d9/d21/sortdict_8h_source"/>
        <childnode refid="3927" relation="include">
        </childnode>
        <childnode refid="3925" relation="include">
        </childnode>
        <childnode refid="3928" relation="include">
        </childnode>
      </node>
      <node id="3928">
        <label>qintdict.h</label>
      </node>
      <node id="3930">
        <label>types.h</label>
        <link refid="d9/d49/types_8h"/>
        <childnode refid="3931" relation="include">
        </childnode>
      </node>
      <node id="3927">
        <label>qlist.h</label>
      </node>
      <node id="3929">
        <label>definition.h</label>
        <link refid="df/da1/definition_8h_source"/>
        <childnode refid="3927" relation="include">
        </childnode>
        <childnode refid="3925" relation="include">
        </childnode>
        <childnode refid="3930" relation="include">
        </childnode>
      </node>
      <node id="3925">
        <label>qdict.h</label>
      </node>
      <node id="3923">
        <label>src/namespacedef.h</label>
        <link refid="namespacedef.h"/>
        <childnode refid="3924" relation="include">
        </childnode>
        <childnode refid="3925" relation="include">
        </childnode>
        <childnode refid="3926" relation="include">
        </childnode>
        <childnode refid="3929" relation="include">
        </childnode>
      </node>
    </incdepgraph>
    <invincdepgraph>
      <node id="3937">
        <label>src/docparser.cpp</label>
        <link refid="da/d17/docparser_8cpp_source"/>
      </node>
      <node id="3946">
        <label>src/membergroup.cpp</label>
        <link refid="d6/d18/membergroup_8cpp_source"/>
      </node>
      <node id="3945">
        <label>src/memberdef.cpp</label>
        <link refid="d0/d72/memberdef_8cpp_source"/>
      </node>
      <node id="3940">
        <label>src/doxygen.cpp</label>
        <link refid="dc/d98/doxygen_8cpp_source"/>
      </node>
      <node id="3939">
        <label>src/dot.cpp</label>
        <link refid="de/daa/dot_8cpp_source"/>
      </node>
      <node id="3954">
        <label>src/vhdldocgen.cpp</label>
        <link refid="de/dea/vhdldocgen_8cpp_source"/>
      </node>
      <node id="3951">
        <label>src/rtfgen.cpp</label>
        <link refid="d0/d9c/rtfgen_8cpp_source"/>
      </node>
      <node id="3949">
        <label>src/pagedef.cpp</label>
        <link refid="d9/db4/pagedef_8cpp_source"/>
      </node>
      <node id="3934">
        <label>src/defgen.cpp</label>
        <link refid="d3/d17/defgen_8cpp_source"/>
      </node>
      <node id="3953">
        <label>src/util.cpp</label>
        <link refid="df/d2d/util_8cpp_source"/>
      </node>
      <node id="3952">
        <label>src/searchindex.cpp</label>
        <link refid="d7/d79/searchindex_8cpp_source"/>
      </node>
      <node id="3941">
        <label>src/filedef.cpp</label>
        <link refid="d6/ddc/filedef_8cpp_source"/>
      </node>
      <node id="3942">
        <label>src/groupdef.cpp</label>
        <link refid="d6/d42/groupdef_8cpp_source"/>
      </node>
      <node id="3936">
        <label>src/docbookgen.cpp</label>
        <link refid="d8/d29/docbookgen_8cpp_source"/>
      </node>
      <node id="3950">
        <label>src/perlmodgen.cpp</label>
        <link refid="de/dd0/perlmodgen_8cpp_source"/>
      </node>
      <node id="3935">
        <label>src/definition.cpp</label>
        <link refid="d3/dea/definition_8cpp_source"/>
      </node>
      <node id="3948">
        <label>src/namespacedef.cpp</label>
        <link refid="d7/d1c/namespacedef_8cpp_source"/>
      </node>
      <node id="3955">
        <label>src/xmlgen.cpp</label>
        <link refid="d0/dc3/xmlgen_8cpp_source"/>
      </node>
      <node id="3943">
        <label>src/index.cpp</label>
        <link refid="db/d14/index_8cpp"/>
      </node>
      <node id="3947">
        <label>src/memberlist.cpp</label>
        <link refid="d0/d14/memberlist_8cpp_source"/>
      </node>
      <node id="3938">
        <label>src/docsets.cpp</label>
        <link refid="d7/d8f/docsets_8cpp_source"/>
      </node>
      <node id="3933">
        <label>src/classdef.cpp</label>
        <link refid="de/d89/classdef_8cpp_source"/>
      </node>
      <node id="3944">
        <label>src/latexgen.cpp</label>
        <link refid="d4/d42/latexgen_8cpp_source"/>
      </node>
      <node id="3932">
        <label>src/namespacedef.h</label>
        <link refid="namespacedef.h"/>
        <childnode refid="3933" relation="include">
        </childnode>
        <childnode refid="3934" relation="include">
        </childnode>
        <childnode refid="3935" relation="include">
        </childnode>
        <childnode refid="3936" relation="include">
        </childnode>
        <childnode refid="3937" relation="include">
        </childnode>
        <childnode refid="3938" relation="include">
        </childnode>
        <childnode refid="3939" relation="include">
        </childnode>
        <childnode refid="3940" relation="include">
        </childnode>
        <childnode refid="3941" relation="include">
        </childnode>
        <childnode refid="3942" relation="include">
        </childnode>
        <childnode refid="3943" relation="include">
        </childnode>
        <childnode refid="3944" relation="include">
        </childnode>
        <childnode refid="3945" relation="include">
        </childnode>
        <childnode refid="3946" relation="include">
        </childnode>
        <childnode refid="3947" relation="include">
        </childnode>
        <childnode refid="3948" relation="include">
        </childnode>
        <childnode refid="3949" relation="include">
        </childnode>
        <childnode refid="3950" relation="include">
        </childnode>
        <childnode refid="3951" relation="include">
        </childnode>
        <childnode refid="3952" relation="include">
        </childnode>
        <childnode refid="3953" relation="include">
        </childnode>
        <childnode refid="3954" relation="include">
        </childnode>
        <childnode refid="3955" relation="include">
        </childnode>
      </node>
    </invincdepgraph>
    <innerclass refid="d0/d07/class_namespace_def" prot="public">NamespaceDef</innerclass>
    <innerclass refid="d5/d36/class_namespace_list" prot="public">NamespaceList</innerclass>
    <innerclass refid="d7/d5a/class_namespace_list_iterator" prot="public">NamespaceListIterator</innerclass>
    <innerclass refid="d5/d7b/class_namespace_dict" prot="public">NamespaceDict</innerclass>
    <innerclass refid="d4/d8d/class_namespace_s_dict" prot="public">NamespaceSDict</innerclass>
    <briefdescription>
    </briefdescription>
    <detaileddescription>
    </detaileddescription>
    <programlisting>
<codeline lineno="1"><highlight class="comment">/******************************************************************************</highlight></codeline>
<codeline lineno="2"><highlight class="comment"><sp/>*</highlight></codeline>
<codeline lineno="3"><highlight class="comment"><sp/>*<sp/>$Id:<sp/>namespacedef.h,v<sp/>1.18<sp/>2001/03/19<sp/>19:27:41<sp/>root<sp/>Exp<sp/>$</highlight></codeline>
<codeline lineno="4"><highlight class="comment"><sp/>*</highlight></codeline>
<codeline lineno="5"><highlight class="comment"><sp/>*<sp/>Copyright<sp/>(C)<sp/>1997-2013<sp/>by<sp/>Dimitri<sp/>van<sp/>Heesch.</highlight></codeline>
<codeline lineno="6"><highlight class="comment"><sp/>*</highlight></codeline>
<codeline lineno="7"><highlight class="comment"><sp/>*<sp/>Permission<sp/>to<sp/>use,<sp/>copy,<sp/>modify,<sp/>and<sp/>distribute<sp/>this<sp/>software<sp/>and<sp/>its</highlight></codeline>
<codeline lineno="8"><highlight class="comment"><sp/>*<sp/>documentation<sp/>under<sp/>the<sp/>terms<sp/>of<sp/>the<sp/>GNU<sp/>General<sp/>Public<sp/>License<sp/>is<sp/>hereby<sp/></highlight></codeline>
<codeline lineno="9"><highlight class="comment"><sp/>*<sp/>granted.<sp/>No<sp/>representations<sp/>are<sp/>made<sp/>about<sp/>the<sp/>suitability<sp/>of<sp/>this<sp/>software<sp/></highlight></codeline>
<codeline lineno="10"><highlight class="comment"><sp/>*<sp/>for<sp/>any<sp/>purpose.<sp/>It<sp/>is<sp/>provided<sp/>&quot;as<sp/>is&quot;<sp/>without<sp/>express<sp/>or<sp/>implied<sp/>warranty.</highlight></codeline>
<codeline lineno="11"><highlight class="comment"><sp/>*<sp/>See<sp/>the<sp/>GNU<sp/>General<sp/>Public<sp/>License<sp/>for<sp/>more<sp/>details.</highlight></codeline>
<codeline lineno="12"><highlight class="comment"><sp/>*</highlight></codeline>
<codeline lineno="13"><highlight class="comment"><sp/>*<sp/>Documents<sp/>produced<sp/>by<sp/>Doxygen<sp/>are<sp/>derivative<sp/>works<sp/>derived<sp/>from<sp/>the</highlight></codeline>
<codeline lineno="14"><highlight class="comment"><sp/>*<sp/>input<sp/>used<sp/>in<sp/>their<sp/>production;<sp/>they<sp/>are<sp/>not<sp/>affected<sp/>by<sp/>this<sp/>license.</highlight></codeline>
<codeline lineno="15"><highlight class="comment"><sp/>*</highlight></codeline>
<codeline lineno="16"><highlight class="comment"><sp/>*/</highlight><highlight class="normal"></highlight></codeline>
<codeline lineno="17"><highlight class="normal"></highlight></codeline>
<codeline lineno="18"><highlight class="normal"></highlight><highlight class="preprocessor">#ifndef<sp/>NAMESPACEDEF_H</highlight></codeline>
<codeline lineno="19"><highlight class="preprocessor"></highlight><highlight class="preprocessor">#define<sp/>NAMESPACEDEF_H</highlight></codeline>
<codeline lineno="20"><highlight class="preprocessor"></highlight><highlight class="normal"></highlight></codeline>
<codeline lineno="21"><highlight class="normal"></highlight><highlight class="preprocessor">#include<sp/>&lt;qstrlist.h&gt;</highlight><highlight class="normal"></highlight></codeline>
<codeline lineno="22"><highlight class="normal"></highlight><highlight class="preprocessor">#include<sp/>&lt;qdict.h&gt;</highlight><highlight class="normal"></highlight></codeline>
<codeline lineno="23"><highlight class="normal"></highlight><highlight class="preprocessor">#include<sp/>&quot;sortdict.h&quot;</highlight><highlight class="normal"></highlight></codeline>
<codeline lineno="24"><highlight class="normal"></highlight><highlight class="preprocessor">#include<sp/>&quot;definition.h&quot;</highlight><highlight class="normal"></highlight></codeline>
<codeline lineno="25"><highlight class="normal"></highlight></codeline>
<codeline lineno="26"><highlight class="normal"></highlight><highlight class="keyword">class<sp/></highlight><highlight class="normal"><ref refid="dd/d13/class_member_list" kindref="compound" tooltip="A list of MemberDef objects.">MemberList</ref>;</highlight></codeline>
<codeline lineno="27"><highlight class="normal"></highlight><highlight class="keyword">class<sp/></highlight><highlight class="normal"><ref refid="d1/dcf/class_class_def" kindref="compound" tooltip="A class representing of a compound symbol.">ClassDef</ref>;</highlight></codeline>
<codeline lineno="28"><highlight class="normal"></highlight><highlight class="keyword">class<sp/></highlight><highlight class="normal"><ref refid="d7/da3/class_class_list" kindref="compound" tooltip="A list of ClassDef objects.">ClassList</ref>;</highlight></codeline>
<codeline lineno="29"><highlight class="normal"></highlight><highlight class="keyword">class<sp/></highlight><highlight class="normal"><ref refid="df/dc8/class_output_list" kindref="compound" tooltip="Class representing a list of output generators that are written to in parallel.">OutputList</ref>;</highlight></codeline>
<codeline lineno="30"><highlight class="normal"></highlight><highlight class="keyword">class<sp/></highlight><highlight class="normal"><ref refid="d9/d3d/class_class_s_dict" kindref="compound" tooltip="A sorted dictionary of ClassDef objects.">ClassSDict</ref>;</highlight></codeline>
<codeline lineno="31"><highlight class="normal"></highlight><highlight class="keyword">class<sp/></highlight><highlight class="normal"><ref refid="da/d09/class_member_def" kindref="compound" tooltip="A model of a class/file/namespace member symbol.">MemberDef</ref>;</highlight></codeline>
<codeline lineno="32"><highlight class="normal"></highlight><highlight class="keyword">class<sp/></highlight><highlight class="normal"><ref refid="d5/d36/class_namespace_list" kindref="compound" tooltip="A list of NamespaceDef objects.">NamespaceList</ref>;</highlight></codeline>
<codeline lineno="33"><highlight class="normal"></highlight><highlight class="keyword">class<sp/></highlight><highlight class="normal"><ref refid="dc/d1e/class_member_group_s_dict" kindref="compound" tooltip="A sorted dictionary of MemberGroup objects.">MemberGroupSDict</ref>;</highlight></codeline>
<codeline lineno="34"><highlight class="normal"></highlight><highlight class="keyword">class<sp/></highlight><highlight class="normal"><ref refid="d4/d8d/class_namespace_s_dict" kindref="compound" tooltip="A sorted dictionary of NamespaceDef objects.">NamespaceSDict</ref>;</highlight></codeline>
<codeline lineno="35"><highlight class="normal"></highlight></codeline>
<codeline lineno="37" refid="d0/d07/class_namespace_def" refkind="compound"><highlight class="keyword">class<sp/></highlight><highlight class="normal"><ref refid="d0/d07/class_namespace_def" kindref="compound" tooltip="A model of a namespace symbol.">NamespaceDef</ref><sp/>:<sp/></highlight><highlight class="keyword">public</highlight><highlight class="normal"><sp/><ref refid="d5/dcc/class_definition" kindref="compound" tooltip="The common base class of all entity definitions found in the sources.">Definition</ref></highlight></codeline>
<codeline lineno="38"><highlight class="normal">{</highlight></codeline>
<codeline lineno="39"><highlight class="normal"><sp/><sp/></highlight><highlight class="keyword">public</highlight><highlight class="normal">:</highlight></codeline>
<codeline lineno="40"><highlight class="normal"><sp/><sp/><sp/><sp/><ref refid="d0/d07/class_namespace_def" kindref="compound" tooltip="A model of a namespace symbol.">NamespaceDef</ref>(</highlight><highlight class="keyword">const</highlight><highlight class="normal"><sp/></highlight><highlight class="keywordtype">char</highlight><highlight class="normal"><sp/>*defFileName,</highlight><highlight class="keywordtype">int</highlight><highlight class="normal"><sp/>defLine,</highlight><highlight class="keywordtype">int</highlight><highlight class="normal"><sp/>defColumn,</highlight></codeline>
<codeline lineno="41"><highlight class="normal"><sp/><sp/><sp/><sp/><sp/><sp/><sp/><sp/><sp/><sp/><sp/><sp/><sp/><sp/><sp/><sp/><sp/></highlight><highlight class="keyword">const</highlight><highlight class="normal"><sp/></highlight><highlight class="keywordtype">char</highlight><highlight class="normal"><sp/>*<ref refid="d5/dcc/class_definition_1a99481361779e85f0c1556709de7d9e5b" kindref="member">name</ref>,</highlight><highlight class="keyword">const</highlight><highlight class="normal"><sp/></highlight><highlight class="keywordtype">char</highlight><highlight class="normal"><sp/>*ref=0,</highlight></codeline>
<codeline lineno="42"><highlight class="normal"><sp/><sp/><sp/><sp/><sp/><sp/><sp/><sp/><sp/><sp/><sp/><sp/><sp/><sp/><sp/><sp/><sp/></highlight><highlight class="keyword">const</highlight><highlight class="normal"><sp/></highlight><highlight class="keywordtype">char</highlight><highlight class="normal"><sp/>*refFile=0,</highlight><highlight class="keyword">const</highlight><highlight class="normal"><sp/></highlight><highlight class="keywordtype">char</highlight><highlight class="normal">*type=0,</highlight></codeline>
<codeline lineno="43"><highlight class="normal"><sp/><sp/><sp/><sp/><sp/><sp/><sp/><sp/><sp/><sp/><sp/><sp/><sp/><sp/><sp/><sp/><sp/></highlight><highlight class="keywordtype">bool</highlight><highlight class="normal"><sp/>isPublished=</highlight><highlight class="keyword">false</highlight><highlight class="normal">);</highlight></codeline>
<codeline lineno="44"><highlight class="normal"><sp/><sp/><sp/>~<ref refid="d0/d07/class_namespace_def" kindref="compound" tooltip="A model of a namespace symbol.">NamespaceDef</ref>();</highlight></codeline>
<codeline lineno="45" refid="d0/d07/class_namespace_def_1ad923f32e61db83c49e75fed87761eec7" refkind="member"><highlight class="normal"><sp/><sp/><sp/><sp/><ref refid="d9/d4a/class_definition_intf_1ada60114bc621669dd8c19edfc6421766" kindref="member">DefType</ref><sp/><ref refid="d0/d07/class_namespace_def_1ad923f32e61db83c49e75fed87761eec7" kindref="member">definitionType</ref>()</highlight><highlight class="keyword"><sp/>const<sp/></highlight><highlight class="normal">{<sp/></highlight><highlight class="keywordflow">return</highlight><highlight class="normal"><sp/>TypeNamespace;<sp/>}</highlight></codeline>
<codeline lineno="46"><highlight class="normal"><sp/><sp/><sp/><sp/>QCString<sp/><ref refid="d0/d07/class_namespace_def_1a3c7ccf4e29b4e6bfeaf2b17109f80f57" kindref="member">getOutputFileBase</ref>()<sp/></highlight><highlight class="keyword">const</highlight><highlight class="normal">;</highlight></codeline>
<codeline lineno="47" refid="d0/d07/class_namespace_def_1af0f323a5fef66c55810711c1440870a2" refkind="member"><highlight class="normal"><sp/><sp/><sp/><sp/>QCString<sp/><ref refid="d0/d07/class_namespace_def_1af0f323a5fef66c55810711c1440870a2" kindref="member">anchor</ref>()</highlight><highlight class="keyword"><sp/>const<sp/></highlight><highlight class="normal">{<sp/></highlight><highlight class="keywordflow">return</highlight><highlight class="normal"><sp/>QCString();<sp/>}</highlight></codeline>
<codeline lineno="48"><highlight class="normal"><sp/><sp/><sp/><sp/></highlight><highlight class="keywordtype">void</highlight><highlight class="normal"><sp/>insertUsedFile(</highlight><highlight class="keyword">const</highlight><highlight class="normal"><sp/></highlight><highlight class="keywordtype">char</highlight><highlight class="normal"><sp/>*fname);</highlight></codeline>
<codeline lineno="49"><highlight class="normal"><sp/><sp/><sp/><sp/></highlight></codeline>
<codeline lineno="50"><highlight class="normal"><sp/><sp/><sp/><sp/></highlight><highlight class="keywordtype">void</highlight><highlight class="normal"><sp/>writeDocumentation(<ref refid="df/dc8/class_output_list" kindref="compound" tooltip="Class representing a list of output generators that are written to in parallel.">OutputList</ref><sp/>&amp;ol);</highlight></codeline>
<codeline lineno="51"><highlight class="normal"><sp/><sp/><sp/><sp/></highlight><highlight class="keywordtype">void</highlight><highlight class="normal"><sp/>writeMemberPages(<ref refid="df/dc8/class_output_list" kindref="compound" tooltip="Class representing a list of output generators that are written to in parallel.">OutputList</ref><sp/>&amp;ol);</highlight></codeline>
<codeline lineno="52"><highlight class="normal"><sp/><sp/><sp/><sp/></highlight><highlight class="keywordtype">void</highlight><highlight class="normal"><sp/>writeQuickMemberLinks(<ref refid="df/dc8/class_output_list" kindref="compound" tooltip="Class representing a list of output generators that are written to in parallel.">OutputList</ref><sp/>&amp;ol,<ref refid="da/d09/class_member_def" kindref="compound" tooltip="A model of a class/file/namespace member symbol.">MemberDef</ref><sp/>*currentMd)<sp/></highlight><highlight class="keyword">const</highlight><highlight class="normal">;</highlight></codeline>
<codeline lineno="53"><highlight class="normal"></highlight></codeline>
<codeline lineno="54"><highlight class="normal"><sp/><sp/><sp/><sp/></highlight><highlight class="keywordtype">void</highlight><highlight class="normal"><sp/>insertClass(<ref refid="d1/dcf/class_class_def" kindref="compound" tooltip="A class representing of a compound symbol.">ClassDef</ref><sp/>*cd);</highlight></codeline>
<codeline lineno="55"><highlight class="normal"><sp/><sp/><sp/><sp/></highlight><highlight class="keywordtype">void</highlight><highlight class="normal"><sp/>insertNamespace(<ref refid="d0/d07/class_namespace_def" kindref="compound" tooltip="A model of a namespace symbol.">NamespaceDef</ref><sp/>*nd);</highlight></codeline>
<codeline lineno="56"><highlight class="normal"><sp/><sp/><sp/><sp/></highlight><highlight class="keywordtype">void</highlight><highlight class="normal"><sp/>insertMember(<ref refid="da/d09/class_member_def" kindref="compound" tooltip="A model of a class/file/namespace member symbol.">MemberDef</ref><sp/>*md);</highlight></codeline>
<codeline lineno="57"><highlight class="normal"></highlight></codeline>
<codeline lineno="58"><highlight class="normal"><sp/><sp/><sp/><sp/></highlight><highlight class="keywordtype">void</highlight><highlight class="normal"><sp/>computeAnchors();</highlight></codeline>
<codeline lineno="59"><highlight class="normal"><sp/><sp/><sp/><sp/></highlight><highlight class="keywordtype">int</highlight><highlight class="normal"><sp/>countMembers();</highlight></codeline>
<codeline lineno="60"><highlight class="normal"><sp/><sp/><sp/><sp/></highlight><highlight class="keywordtype">void</highlight><highlight class="normal"><sp/>addUsingDirective(<ref refid="d0/d07/class_namespace_def" kindref="compound" tooltip="A model of a namespace symbol.">NamespaceDef</ref><sp/>*nd);</highlight></codeline>
<codeline lineno="61"><highlight class="normal"><sp/><sp/><sp/><sp/><ref refid="d4/d8d/class_namespace_s_dict" kindref="compound" tooltip="A sorted dictionary of NamespaceDef objects.">NamespaceSDict</ref><sp/>*getUsedNamespaces()<sp/></highlight><highlight class="keyword">const</highlight><highlight class="normal">;</highlight></codeline>
<codeline lineno="62"><highlight class="normal"><sp/><sp/><sp/><sp/></highlight><highlight class="keywordtype">void</highlight><highlight class="normal"><sp/>addUsingDeclaration(<ref refid="d5/dcc/class_definition" kindref="compound" tooltip="The common base class of all entity definitions found in the sources.">Definition</ref><sp/>*def);</highlight></codeline>
<codeline lineno="63"><highlight class="normal"><sp/><sp/><sp/><sp/><ref refid="d1/d50/class_s_dict" kindref="compound">SDict&lt;Definition&gt;</ref><sp/>*getUsedClasses()</highlight><highlight class="keyword"><sp/>const<sp/></highlight><highlight class="normal">{<sp/></highlight><highlight class="keywordflow">return</highlight><highlight class="normal"><sp/>usingDeclList;<sp/>}</highlight></codeline>
<codeline lineno="64"><highlight class="normal"><sp/><sp/><sp/><sp/></highlight><highlight class="keywordtype">void</highlight><highlight class="normal"><sp/>combineUsingRelations();</highlight></codeline>
<codeline lineno="65"><highlight class="normal"><sp/><sp/><sp/><sp/>QCString<sp/><ref refid="d0/d07/class_namespace_def_1a73aea0ba8bfb92ae1e7876a2e9a9520a" kindref="member">displayName</ref>(</highlight><highlight class="keywordtype">bool</highlight><highlight class="normal">=TRUE)<sp/></highlight><highlight class="keyword">const</highlight><highlight class="normal">;</highlight></codeline>
<codeline lineno="66"><highlight class="normal"><sp/><sp/><sp/><sp/>QCString<sp/>localName()<sp/></highlight><highlight class="keyword">const</highlight><highlight class="normal">;</highlight></codeline>
<codeline lineno="67"><highlight class="normal"></highlight></codeline>
<codeline lineno="68"><highlight class="normal"><sp/><sp/><sp/><sp/></highlight><highlight class="keywordtype">bool</highlight><highlight class="normal"><sp/>isConstantGroup()</highlight><highlight class="keyword"><sp/>const<sp/></highlight><highlight class="normal">{<sp/></highlight><highlight class="keywordflow">return</highlight><highlight class="normal"><sp/>CONSTANT_GROUP<sp/>==<sp/>m_type;<sp/>}</highlight></codeline>
<codeline lineno="69"><highlight class="normal"><sp/><sp/><sp/><sp/></highlight><highlight class="keywordtype">bool</highlight><highlight class="normal"><sp/>isModule()</highlight><highlight class="keyword"><sp/><sp/><sp/><sp/><sp/><sp/><sp/><sp/>const<sp/></highlight><highlight class="normal">{<sp/></highlight><highlight class="keywordflow">return</highlight><highlight class="normal"><sp/>MODULE<sp/>==<sp/>m_type;<sp/>}</highlight></codeline>
<codeline lineno="70"><highlight class="normal"></highlight></codeline>
<codeline lineno="71"><highlight class="normal"><sp/><sp/><sp/><sp/></highlight><highlight class="keywordtype">bool</highlight><highlight class="normal"><sp/><ref refid="d0/d07/class_namespace_def_1abdc3193c30d63172fd72c9ab38d22312" kindref="member">isLinkableInProject</ref>()<sp/></highlight><highlight class="keyword">const</highlight><highlight class="normal">;</highlight></codeline>
<codeline lineno="72"><highlight class="normal"><sp/><sp/><sp/><sp/></highlight><highlight class="keywordtype">bool</highlight><highlight class="normal"><sp/><ref refid="d0/d07/class_namespace_def_1a5bbc047ff9799f2f74668168afacc0b2" kindref="member">isLinkable</ref>()<sp/></highlight><highlight class="keyword">const</highlight><highlight class="normal">;</highlight></codeline>
<codeline lineno="73"><highlight class="normal"><sp/><sp/><sp/><sp/></highlight><highlight class="keywordtype">void</highlight><highlight class="normal"><sp/>addMembersToMemberGroup();</highlight></codeline>
<codeline lineno="74"><highlight class="normal"><sp/><sp/><sp/><sp/></highlight><highlight class="keywordtype">void</highlight><highlight class="normal"><sp/>distributeMemberGroupDocumentation();</highlight></codeline>
<codeline lineno="75"><highlight class="normal"><sp/><sp/><sp/><sp/></highlight><highlight class="keywordtype">void</highlight><highlight class="normal"><sp/>findSectionsInDocumentation();</highlight></codeline>
<codeline lineno="76"><highlight class="normal"><sp/><sp/><sp/><sp/></highlight><highlight class="keywordtype">void</highlight><highlight class="normal"><sp/>sortMemberLists();</highlight></codeline>
<codeline lineno="77"><highlight class="normal"></highlight></codeline>
<codeline lineno="78"><highlight class="normal"><sp/><sp/><sp/><sp/></highlight><highlight class="keyword">virtual</highlight><highlight class="normal"><sp/><ref refid="d5/dcc/class_definition" kindref="compound" tooltip="The common base class of all entity definitions found in the sources.">Definition</ref><sp/>*findInnerCompound(</highlight><highlight class="keyword">const</highlight><highlight class="normal"><sp/></highlight><highlight class="keywordtype">char</highlight><highlight class="normal"><sp/>*name);</highlight></codeline>
<codeline lineno="79"><highlight class="normal"><sp/><sp/><sp/><sp/></highlight><highlight class="keywordtype">void</highlight><highlight class="normal"><sp/>addInnerCompound(<ref refid="d5/dcc/class_definition" kindref="compound" tooltip="The common base class of all entity definitions found in the sources.">Definition</ref><sp/>*d);</highlight></codeline>
<codeline lineno="80"><highlight class="normal"><sp/><sp/><sp/><sp/></highlight><highlight class="keywordtype">void</highlight><highlight class="normal"><sp/>addListReferences();</highlight></codeline>
<codeline lineno="81"><highlight class="normal"><sp/><sp/><sp/><sp/></highlight></codeline>
<codeline lineno="82"><highlight class="normal"><sp/><sp/><sp/><sp/><ref refid="dd/d13/class_member_list" kindref="compound" tooltip="A list of MemberDef objects.">MemberList</ref><sp/>*getMemberList(MemberListType<sp/>lt)<sp/></highlight><highlight class="keyword">const</highlight><highlight class="normal">;</highlight></codeline>
<codeline lineno="83"><highlight class="normal"><sp/><sp/><sp/><sp/></highlight><highlight class="keyword">const</highlight><highlight class="normal"><sp/><ref refid="db/daa/class_q_list" kindref="compound">QList&lt;MemberList&gt;</ref><sp/>&amp;getMemberLists()</highlight><highlight class="keyword"><sp/>const<sp/></highlight><highlight class="normal">{<sp/></highlight><highlight class="keywordflow">return</highlight><highlight class="normal"><sp/>m_memberLists;<sp/>}</highlight></codeline>
<codeline lineno="84"><highlight class="normal"><sp/><sp/><sp/><sp/><ref refid="da/d09/class_member_def" kindref="compound" tooltip="A model of a class/file/namespace member symbol.">MemberDef</ref><sp/><sp/><sp/><sp/>*getMemberByName(</highlight><highlight class="keyword">const</highlight><highlight class="normal"><sp/>QCString<sp/>&amp;)<sp/></highlight><highlight class="keyword">const</highlight><highlight class="normal">;</highlight></codeline>
<codeline lineno="85"><highlight class="normal"></highlight></codeline>
<codeline lineno="87" refid="d0/d07/class_namespace_def_1aea078e09ccce6b188ce3abcdcc5d446a" refkind="member"><highlight class="normal"><sp/><sp/><sp/><sp/><ref refid="dc/d1e/class_member_group_s_dict" kindref="compound" tooltip="A sorted dictionary of MemberGroup objects.">MemberGroupSDict</ref><sp/>*<ref refid="d0/d07/class_namespace_def_1aea078e09ccce6b188ce3abcdcc5d446a" kindref="member">getMemberGroupSDict</ref>()</highlight><highlight class="keyword"><sp/>const<sp/></highlight><highlight class="normal">{<sp/></highlight><highlight class="keywordflow">return</highlight><highlight class="normal"><sp/>memberGroupSDict;<sp/>}</highlight></codeline>
<codeline lineno="88"><highlight class="normal"></highlight></codeline>
<codeline lineno="90" refid="d0/d07/class_namespace_def_1adf0931f038ed73eb2b7723e9cacdca11" refkind="member"><highlight class="normal"><sp/><sp/><sp/><sp/><ref refid="d9/d3d/class_class_s_dict" kindref="compound" tooltip="A sorted dictionary of ClassDef objects.">ClassSDict</ref><sp/>*<ref refid="d0/d07/class_namespace_def_1adf0931f038ed73eb2b7723e9cacdca11" kindref="member">getClassSDict</ref>()</highlight><highlight class="keyword"><sp/>const<sp/></highlight><highlight class="normal">{<sp/></highlight><highlight class="keywordflow">return</highlight><highlight class="normal"><sp/>classSDict;<sp/>}</highlight></codeline>
<codeline lineno="91"><highlight class="normal"></highlight></codeline>
<codeline lineno="93" refid="d0/d07/class_namespace_def_1a78cb949e5a5e03e1d9b34bd51201a77b" refkind="member"><highlight class="normal"><sp/><sp/><sp/><sp/><ref refid="d4/d8d/class_namespace_s_dict" kindref="compound" tooltip="A sorted dictionary of NamespaceDef objects.">NamespaceSDict</ref><sp/>*<ref refid="d0/d07/class_namespace_def_1a78cb949e5a5e03e1d9b34bd51201a77b" kindref="member">getNamespaceSDict</ref>()</highlight><highlight class="keyword"><sp/>const<sp/></highlight><highlight class="normal">{<sp/></highlight><highlight class="keywordflow">return</highlight><highlight class="normal"><sp/>namespaceSDict;<sp/>}</highlight></codeline>
<codeline lineno="94"><highlight class="normal"></highlight></codeline>
<codeline lineno="95"><highlight class="normal"><sp/><sp/><sp/><sp/></highlight><highlight class="keywordtype">bool</highlight><highlight class="normal"><sp/>visited;</highlight></codeline>
<codeline lineno="96"><highlight class="normal"></highlight></codeline>
<codeline lineno="97"><highlight class="normal"><sp/><sp/></highlight><highlight class="keyword">private</highlight><highlight class="normal">:</highlight></codeline>
<codeline lineno="98"><highlight class="normal"><sp/><sp/><sp/><sp/><ref refid="dd/d13/class_member_list" kindref="compound" tooltip="A list of MemberDef objects.">MemberList</ref><sp/>*createMemberList(MemberListType<sp/>lt);</highlight></codeline>
<codeline lineno="99"><highlight class="normal"><sp/><sp/><sp/><sp/></highlight><highlight class="keywordtype">void</highlight><highlight class="normal"><sp/>addMemberToList(MemberListType<sp/>lt,<ref refid="da/d09/class_member_def" kindref="compound" tooltip="A model of a class/file/namespace member symbol.">MemberDef</ref><sp/>*md);</highlight></codeline>
<codeline lineno="100"><highlight class="normal"><sp/><sp/><sp/><sp/></highlight><highlight class="keywordtype">void</highlight><highlight class="normal"><sp/>writeMemberDeclarations(<ref refid="df/dc8/class_output_list" kindref="compound" tooltip="Class representing a list of output generators that are written to in parallel.">OutputList</ref><sp/>&amp;ol,MemberListType<sp/>lt,</highlight><highlight class="keyword">const</highlight><highlight class="normal"><sp/>QCString<sp/>&amp;title);</highlight></codeline>
<codeline lineno="101"><highlight class="normal"><sp/><sp/><sp/><sp/></highlight><highlight class="keywordtype">void</highlight><highlight class="normal"><sp/>writeMemberDocumentation(<ref refid="df/dc8/class_output_list" kindref="compound" tooltip="Class representing a list of output generators that are written to in parallel.">OutputList</ref><sp/>&amp;ol,MemberListType<sp/>lt,</highlight><highlight class="keyword">const</highlight><highlight class="normal"><sp/>QCString<sp/>&amp;title);</highlight></codeline>
<codeline lineno="102"><highlight class="normal"><sp/><sp/><sp/><sp/></highlight><highlight class="keywordtype">void</highlight><highlight class="normal"><sp/>writeDetailedDescription(<ref refid="df/dc8/class_output_list" kindref="compound" tooltip="Class representing a list of output generators that are written to in parallel.">OutputList</ref><sp/>&amp;ol,</highlight><highlight class="keyword">const</highlight><highlight class="normal"><sp/>QCString<sp/>&amp;title);</highlight></codeline>
<codeline lineno="103"><highlight class="normal"><sp/><sp/><sp/><sp/></highlight><highlight class="keywordtype">void</highlight><highlight class="normal"><sp/>writeBriefDescription(<ref refid="df/dc8/class_output_list" kindref="compound" tooltip="Class representing a list of output generators that are written to in parallel.">OutputList</ref><sp/>&amp;ol);</highlight></codeline>
<codeline lineno="104"><highlight class="normal"><sp/><sp/><sp/><sp/></highlight><highlight class="keywordtype">void</highlight><highlight class="normal"><sp/>startMemberDeclarations(<ref refid="df/dc8/class_output_list" kindref="compound" tooltip="Class representing a list of output generators that are written to in parallel.">OutputList</ref><sp/>&amp;ol);</highlight></codeline>
<codeline lineno="105"><highlight class="normal"><sp/><sp/><sp/><sp/></highlight><highlight class="keywordtype">void</highlight><highlight class="normal"><sp/>endMemberDeclarations(<ref refid="df/dc8/class_output_list" kindref="compound" tooltip="Class representing a list of output generators that are written to in parallel.">OutputList</ref><sp/>&amp;ol);</highlight></codeline>
<codeline lineno="106"><highlight class="normal"><sp/><sp/><sp/><sp/></highlight><highlight class="keywordtype">void</highlight><highlight class="normal"><sp/>writeClassDeclarations(<ref refid="df/dc8/class_output_list" kindref="compound" tooltip="Class representing a list of output generators that are written to in parallel.">OutputList</ref><sp/>&amp;ol,</highlight><highlight class="keyword">const</highlight><highlight class="normal"><sp/>QCString<sp/>&amp;title);</highlight></codeline>
<codeline lineno="107"><highlight class="normal"><sp/><sp/><sp/><sp/></highlight><highlight class="keywordtype">void</highlight><highlight class="normal"><sp/>writeInlineClasses(<ref refid="df/dc8/class_output_list" kindref="compound" tooltip="Class representing a list of output generators that are written to in parallel.">OutputList</ref><sp/>&amp;ol);</highlight></codeline>
<codeline lineno="108"><highlight class="normal"><sp/><sp/><sp/><sp/></highlight><highlight class="keywordtype">void</highlight><highlight class="normal"><sp/>writeNamespaceDeclarations(<ref refid="df/dc8/class_output_list" kindref="compound" tooltip="Class representing a list of output generators that are written to in parallel.">OutputList</ref><sp/>&amp;ol,</highlight><highlight class="keyword">const</highlight><highlight class="normal"><sp/>QCString<sp/>&amp;title,</highlight></codeline>
<codeline lineno="109"><highlight class="normal"><sp/><sp/><sp/><sp/><sp/><sp/><sp/><sp/><sp/><sp/><sp/><sp/></highlight><highlight class="keywordtype">bool</highlight><highlight class="normal"><sp/>isConstantGroup=</highlight><highlight class="keyword">false</highlight><highlight class="normal">);</highlight></codeline>
<codeline lineno="110"><highlight class="normal"><sp/><sp/><sp/><sp/></highlight><highlight class="keywordtype">void</highlight><highlight class="normal"><sp/>writeMemberGroups(<ref refid="df/dc8/class_output_list" kindref="compound" tooltip="Class representing a list of output generators that are written to in parallel.">OutputList</ref><sp/>&amp;ol);</highlight></codeline>
<codeline lineno="111"><highlight class="normal"><sp/><sp/><sp/><sp/></highlight><highlight class="keywordtype">void</highlight><highlight class="normal"><sp/>writeAuthorSection(<ref refid="df/dc8/class_output_list" kindref="compound" tooltip="Class representing a list of output generators that are written to in parallel.">OutputList</ref><sp/>&amp;ol);</highlight></codeline>
<codeline lineno="112"><highlight class="normal"><sp/><sp/><sp/><sp/></highlight><highlight class="keywordtype">void</highlight><highlight class="normal"><sp/>startMemberDocumentation(<ref refid="df/dc8/class_output_list" kindref="compound" tooltip="Class representing a list of output generators that are written to in parallel.">OutputList</ref><sp/>&amp;ol);</highlight></codeline>
<codeline lineno="113"><highlight class="normal"><sp/><sp/><sp/><sp/></highlight><highlight class="keywordtype">void</highlight><highlight class="normal"><sp/>endMemberDocumentation(<ref refid="df/dc8/class_output_list" kindref="compound" tooltip="Class representing a list of output generators that are written to in parallel.">OutputList</ref><sp/>&amp;ol);</highlight></codeline>
<codeline lineno="114"><highlight class="normal"><sp/><sp/><sp/><sp/></highlight><highlight class="keywordtype">void</highlight><highlight class="normal"><sp/>writeSummaryLinks(<ref refid="df/dc8/class_output_list" kindref="compound" tooltip="Class representing a list of output generators that are written to in parallel.">OutputList</ref><sp/>&amp;ol);</highlight></codeline>
<codeline lineno="115"><highlight class="normal"><sp/><sp/><sp/><sp/></highlight><highlight class="keywordtype">void</highlight><highlight class="normal"><sp/>addNamespaceAttributes(<ref refid="df/dc8/class_output_list" kindref="compound" tooltip="Class representing a list of output generators that are written to in parallel.">OutputList</ref><sp/>&amp;ol);</highlight></codeline>
<codeline lineno="116"><highlight class="normal"></highlight></codeline>
<codeline lineno="117"><highlight class="normal"><sp/><sp/><sp/><sp/>QCString<sp/><sp/><sp/><sp/><sp/><sp/><sp/><sp/><sp/><sp/><sp/><sp/><sp/><sp/>fileName;</highlight></codeline>
<codeline lineno="118"><highlight class="normal"><sp/><sp/><sp/><sp/>QStrList<sp/><sp/><sp/><sp/><sp/><sp/><sp/><sp/><sp/><sp/><sp/><sp/><sp/><sp/>files;</highlight></codeline>
<codeline lineno="119"><highlight class="normal"></highlight></codeline>
<codeline lineno="120"><highlight class="normal"><sp/><sp/><sp/><sp/><ref refid="d4/d8d/class_namespace_s_dict" kindref="compound" tooltip="A sorted dictionary of NamespaceDef objects.">NamespaceSDict</ref><sp/><sp/><sp/><sp/><sp/><sp/><sp/>*usingDirList;</highlight></codeline>
<codeline lineno="121"><highlight class="normal"><sp/><sp/><sp/><sp/><ref refid="d1/d50/class_s_dict" kindref="compound">SDict&lt;Definition&gt;</ref><sp/><sp/><sp/><sp/>*usingDeclList;</highlight></codeline>
<codeline lineno="122"><highlight class="normal"><sp/><sp/><sp/><sp/><ref refid="d1/d50/class_s_dict" kindref="compound">SDict&lt;Definition&gt;</ref><sp/><sp/><sp/><sp/>*m_innerCompounds;</highlight></codeline>
<codeline lineno="123"><highlight class="normal"></highlight></codeline>
<codeline lineno="124"><highlight class="normal"><sp/><sp/><sp/><sp/><ref refid="d6/dd6/class_member_s_dict" kindref="compound" tooltip="A sorted dictionary of MemberDef objects.">MemberSDict</ref><sp/><sp/><sp/><sp/><sp/><sp/><sp/><sp/><sp/><sp/>*m_allMembersDict;</highlight></codeline>
<codeline lineno="125"><highlight class="normal"><sp/><sp/><sp/><sp/><ref refid="db/daa/class_q_list" kindref="compound">QList&lt;MemberList&gt;</ref><sp/><sp/><sp/><sp/><sp/>m_memberLists;</highlight></codeline>
<codeline lineno="126"><highlight class="normal"><sp/><sp/><sp/><sp/><ref refid="dc/d1e/class_member_group_s_dict" kindref="compound" tooltip="A sorted dictionary of MemberGroup objects.">MemberGroupSDict</ref><sp/><sp/><sp/><sp/><sp/>*memberGroupSDict;</highlight></codeline>
<codeline lineno="127"><highlight class="normal"><sp/><sp/><sp/><sp/><ref refid="d9/d3d/class_class_s_dict" kindref="compound" tooltip="A sorted dictionary of ClassDef objects.">ClassSDict</ref><sp/><sp/><sp/><sp/><sp/><sp/><sp/><sp/><sp/><sp/><sp/>*classSDict;</highlight></codeline>
<codeline lineno="128"><highlight class="normal"><sp/><sp/><sp/><sp/><ref refid="d4/d8d/class_namespace_s_dict" kindref="compound" tooltip="A sorted dictionary of NamespaceDef objects.">NamespaceSDict</ref><sp/><sp/><sp/><sp/><sp/><sp/><sp/>*namespaceSDict;</highlight></codeline>
<codeline lineno="129"><highlight class="normal"><sp/><sp/><sp/><sp/></highlight><highlight class="keywordtype">bool</highlight><highlight class="normal"><sp/><sp/><sp/><sp/><sp/><sp/><sp/><sp/><sp/><sp/><sp/><sp/><sp/><sp/><sp/><sp/><sp/><sp/>m_subGrouping;</highlight></codeline>
<codeline lineno="130"><highlight class="normal"><sp/><sp/><sp/><sp/></highlight><highlight class="keyword">enum</highlight><highlight class="normal"><sp/>{<sp/>NAMESPACE,<sp/>MODULE,<sp/>CONSTANT_GROUP<sp/>}<sp/>m_type;</highlight></codeline>
<codeline lineno="131"><highlight class="normal"><sp/><sp/><sp/><sp/></highlight><highlight class="keywordtype">bool</highlight><highlight class="normal"><sp/>m_isPublished;</highlight></codeline>
<codeline lineno="132"><highlight class="normal">};</highlight></codeline>
<codeline lineno="133"><highlight class="normal"></highlight></codeline>
<codeline lineno="135" refid="d5/d36/class_namespace_list" refkind="compound"><highlight class="keyword">class<sp/></highlight><highlight class="normal"><ref refid="d5/d36/class_namespace_list" kindref="compound" tooltip="A list of NamespaceDef objects.">NamespaceList</ref><sp/>:<sp/></highlight><highlight class="keyword">public</highlight><highlight class="normal"><sp/><ref refid="db/daa/class_q_list" kindref="compound">QList</ref>&lt;NamespaceDef&gt;</highlight></codeline>
<codeline lineno="136"><highlight class="normal">{<sp/></highlight></codeline>
<codeline lineno="137"><highlight class="normal"><sp/><sp/></highlight><highlight class="keyword">public</highlight><highlight class="normal">:</highlight></codeline>
<codeline lineno="138"><highlight class="normal"><sp/><sp/><sp/>~<ref refid="d5/d36/class_namespace_list" kindref="compound" tooltip="A list of NamespaceDef objects.">NamespaceList</ref>()<sp/>{}</highlight></codeline>
<codeline lineno="139"><highlight class="normal"><sp/><sp/><sp/><sp/></highlight><highlight class="keywordtype">int</highlight><highlight class="normal"><sp/>compareItems(QCollection::Item<sp/>item1,QCollection::Item<sp/>item2)</highlight></codeline>
<codeline lineno="140"><highlight class="normal"><sp/><sp/><sp/><sp/>{</highlight></codeline>
<codeline lineno="141"><highlight class="normal"><sp/><sp/><sp/><sp/><sp/><sp/></highlight><highlight class="keywordflow">return</highlight><highlight class="normal"><sp/>qstricmp(((<ref refid="d0/d07/class_namespace_def" kindref="compound" tooltip="A model of a namespace symbol.">NamespaceDef</ref><sp/>*)item1)-&gt;name(),</highlight></codeline>
<codeline lineno="142"><highlight class="normal"><sp/><sp/><sp/><sp/><sp/><sp/><sp/><sp/><sp/><sp/><sp/><sp/><sp/><sp/><sp/><sp/><sp/><sp/><sp/><sp/>((<ref refid="d0/d07/class_namespace_def" kindref="compound" tooltip="A model of a namespace symbol.">NamespaceDef</ref><sp/>*)item2)-&gt;name()</highlight></codeline>
<codeline lineno="143"><highlight class="normal"><sp/><sp/><sp/><sp/><sp/><sp/><sp/><sp/><sp/><sp/><sp/><sp/><sp/><sp/><sp/><sp/><sp/><sp/><sp/>);</highlight></codeline>
<codeline lineno="144"><highlight class="normal"><sp/><sp/><sp/><sp/>}</highlight></codeline>
<codeline lineno="145"><highlight class="normal">};</highlight></codeline>
<codeline lineno="146"><highlight class="normal"></highlight></codeline>
<codeline lineno="148" refid="d7/d5a/class_namespace_list_iterator" refkind="compound"><highlight class="keyword">class<sp/></highlight><highlight class="normal"><ref refid="d7/d5a/class_namespace_list_iterator" kindref="compound" tooltip="An iterator for NamespaceDef objects in a NamespaceList.">NamespaceListIterator</ref><sp/>:<sp/></highlight><highlight class="keyword">public</highlight><highlight class="normal"><sp/>QListIterator&lt;NamespaceDef&gt;</highlight></codeline>
<codeline lineno="149"><highlight class="normal">{</highlight></codeline>
<codeline lineno="150"><highlight class="normal"><sp/><sp/></highlight><highlight class="keyword">public</highlight><highlight class="normal">:</highlight></codeline>
<codeline lineno="151"><highlight class="normal"><sp/><sp/><sp/><sp/><ref refid="d7/d5a/class_namespace_list_iterator" kindref="compound" tooltip="An iterator for NamespaceDef objects in a NamespaceList.">NamespaceListIterator</ref>(</highlight><highlight class="keyword">const</highlight><highlight class="normal"><sp/><ref refid="d5/d36/class_namespace_list" kindref="compound" tooltip="A list of NamespaceDef objects.">NamespaceList</ref><sp/>&amp;l)<sp/>:<sp/></highlight></codeline>
<codeline lineno="152"><highlight class="normal"><sp/><sp/><sp/><sp/><sp/><sp/>QListIterator&lt;NamespaceDef&gt;(l)<sp/>{}</highlight></codeline>
<codeline lineno="153"><highlight class="normal">};</highlight></codeline>
<codeline lineno="154"><highlight class="normal"></highlight></codeline>
<codeline lineno="156" refid="d5/d7b/class_namespace_dict" refkind="compound"><highlight class="keyword">class<sp/></highlight><highlight class="normal"><ref refid="d5/d7b/class_namespace_dict" kindref="compound" tooltip="An unsorted dictionary of NamespaceDef objects.">NamespaceDict</ref><sp/>:<sp/></highlight><highlight class="keyword">public</highlight><highlight class="normal"><sp/>QDict&lt;NamespaceDef&gt;</highlight></codeline>
<codeline lineno="157"><highlight class="normal">{</highlight></codeline>
<codeline lineno="158"><highlight class="normal"><sp/><sp/></highlight><highlight class="keyword">public</highlight><highlight class="normal">:</highlight></codeline>
<codeline lineno="159"><highlight class="normal"><sp/><sp/><sp/><sp/><ref refid="d5/d7b/class_namespace_dict" kindref="compound" tooltip="An unsorted dictionary of NamespaceDef objects.">NamespaceDict</ref>(</highlight><highlight class="keywordtype">int</highlight><highlight class="normal"><sp/>size)<sp/>:<sp/>QDict&lt;NamespaceDef&gt;(size)<sp/>{}</highlight></codeline>
<codeline lineno="160"><highlight class="normal"><sp/><sp/><sp/>~<ref refid="d5/d7b/class_namespace_dict" kindref="compound" tooltip="An unsorted dictionary of NamespaceDef objects.">NamespaceDict</ref>()<sp/>{}</highlight></codeline>
<codeline lineno="161"><highlight class="normal">};</highlight></codeline>
<codeline lineno="162"><highlight class="normal"></highlight></codeline>
<codeline lineno="164" refid="d4/d8d/class_namespace_s_dict" refkind="compound"><highlight class="keyword">class<sp/></highlight><highlight class="normal"><ref refid="d4/d8d/class_namespace_s_dict" kindref="compound" tooltip="A sorted dictionary of NamespaceDef objects.">NamespaceSDict</ref><sp/>:<sp/></highlight><highlight class="keyword">public</highlight><highlight class="normal"><sp/><ref refid="d1/d50/class_s_dict" kindref="compound" tooltip="Ordered dictionary of elements of type T.">SDict</ref>&lt;NamespaceDef&gt;</highlight></codeline>
<codeline lineno="165"><highlight class="normal">{</highlight></codeline>
<codeline lineno="166"><highlight class="normal"><sp/><sp/></highlight><highlight class="keyword">public</highlight><highlight class="normal">:</highlight></codeline>
<codeline lineno="167"><highlight class="normal"><sp/><sp/><sp/><sp/><ref refid="d4/d8d/class_namespace_s_dict" kindref="compound" tooltip="A sorted dictionary of NamespaceDef objects.">NamespaceSDict</ref>(</highlight><highlight class="keywordtype">int</highlight><highlight class="normal"><sp/>size=17)<sp/>:<sp/><ref refid="d1/d50/class_s_dict" kindref="compound">SDict&lt;NamespaceDef&gt;</ref>(size)<sp/>{}</highlight></codeline>
<codeline lineno="168"><highlight class="normal"><sp/><sp/><sp/>~<ref refid="d4/d8d/class_namespace_s_dict" kindref="compound" tooltip="A sorted dictionary of NamespaceDef objects.">NamespaceSDict</ref>()<sp/>{}</highlight></codeline>
<codeline lineno="169" refid="d4/d8d/class_namespace_s_dict_1a3b77bf1aa3ab01bd70bf9504a8b79e40" refkind="member"><highlight class="normal"><sp/><sp/><sp/><sp/></highlight><highlight class="keywordtype">int</highlight><highlight class="normal"><sp/><ref refid="d4/d8d/class_namespace_s_dict_1a3b77bf1aa3ab01bd70bf9504a8b79e40" kindref="member">compareItems</ref>(QCollection::Item<sp/>item1,QCollection::Item<sp/>item2)</highlight></codeline>
<codeline lineno="170"><highlight class="normal"><sp/><sp/><sp/><sp/>{</highlight></codeline>
<codeline lineno="171"><highlight class="normal"><sp/><sp/><sp/><sp/><sp/><sp/></highlight><highlight class="keywordflow">return</highlight><highlight class="normal"><sp/>qstricmp(((<ref refid="d0/d07/class_namespace_def" kindref="compound" tooltip="A model of a namespace symbol.">NamespaceDef</ref><sp/>*)item1)-&gt;name(),</highlight></codeline>
<codeline lineno="172"><highlight class="normal"><sp/><sp/><sp/><sp/><sp/><sp/><sp/><sp/><sp/><sp/><sp/><sp/><sp/><sp/><sp/><sp/><sp/><sp/><sp/><sp/>((<ref refid="d0/d07/class_namespace_def" kindref="compound" tooltip="A model of a namespace symbol.">NamespaceDef</ref><sp/>*)item2)-&gt;name()</highlight></codeline>
<codeline lineno="173"><highlight class="normal"><sp/><sp/><sp/><sp/><sp/><sp/><sp/><sp/><sp/><sp/><sp/><sp/><sp/><sp/><sp/><sp/><sp/><sp/><sp/>);</highlight></codeline>
<codeline lineno="174"><highlight class="normal"><sp/><sp/><sp/><sp/>}</highlight></codeline>
<codeline lineno="175"><highlight class="normal"><sp/><sp/><sp/><sp/></highlight><highlight class="keywordtype">void</highlight><highlight class="normal"><sp/>writeDeclaration(<ref refid="df/dc8/class_output_list" kindref="compound" tooltip="Class representing a list of output generators that are written to in parallel.">OutputList</ref><sp/>&amp;ol,</highlight><highlight class="keyword">const</highlight><highlight class="normal"><sp/></highlight><highlight class="keywordtype">char</highlight><highlight class="normal"><sp/>*title,</highlight></codeline>
<codeline lineno="176"><highlight class="normal"><sp/><sp/><sp/><sp/><sp/><sp/><sp/><sp/><sp/><sp/><sp/><sp/></highlight><highlight class="keywordtype">bool</highlight><highlight class="normal"><sp/>isConstantGroup=</highlight><highlight class="keyword">false</highlight><highlight class="normal">,<sp/></highlight><highlight class="keywordtype">bool</highlight><highlight class="normal"><sp/>localName=FALSE);</highlight></codeline>
<codeline lineno="177"><highlight class="normal"><sp/><sp/><sp/><sp/></highlight><highlight class="keywordtype">bool</highlight><highlight class="normal"><sp/>declVisible()<sp/></highlight><highlight class="keyword">const</highlight><highlight class="normal">;</highlight></codeline>
<codeline lineno="178"><highlight class="normal">};</highlight></codeline>
<codeline lineno="179"><highlight class="normal"></highlight></codeline>
<codeline lineno="180"><highlight class="normal"></highlight></codeline>
<codeline lineno="181"><highlight class="normal"></highlight></codeline>
<codeline lineno="182"><highlight class="normal"></highlight><highlight class="preprocessor">#endif</highlight></codeline>
    </programlisting>
    <location file="C:/Users/Mat/Projects/doxygraph/examples/doxygen-1.8.4/src/namespacedef.h"/>
  </compounddef>
</doxygen>
