<?xml version='1.0' encoding='UTF-8' standalone='no'?>
<doxygen xmlns:xsi="http://www.w3.org/2001/XMLSchema-instance" xsi:noNamespaceSchemaLocation="compound.xsd" version="1.8.2">
  <compounddef id="dd/d41/class_page_def" kind="class" prot="public">
    <compoundname>PageDef</compoundname>
    <basecompoundref refid="d5/dcc/class_definition" prot="public" virt="non-virtual">Definition</basecompoundref>
    <includes refid="dd/d66/pagedef_8h" local="no">pagedef.h</includes>
      <sectiondef kind="private-attrib">
      <memberdef kind="variable" id="dd/d41/class_page_def_1abc14801c9bafe018a09a400bba95f61c" prot="private" static="no" mutable="no">
        <type>QCString</type>
        <definition>QCString PageDef::m_fileName</definition>
        <argsstring></argsstring>
        <name>m_fileName</name>
        <briefdescription>
        </briefdescription>
        <detaileddescription>
        </detaileddescription>
        <inbodydescription>
        </inbodydescription>
        <location file="C:/Users/Mat/Projects/doxygraph/examples/doxygen-1.8.4/src/pagedef.h" line="71" bodyfile="C:/Users/Mat/Projects/doxygraph/examples/doxygen-1.8.4/src/pagedef.h" bodystart="71" bodyend="-1"/>
      </memberdef>
      <memberdef kind="variable" id="dd/d41/class_page_def_1a8bbdcb627ee1ab5f9f45327d0e0b65da" prot="private" static="no" mutable="no">
        <type>QCString</type>
        <definition>QCString PageDef::m_title</definition>
        <argsstring></argsstring>
        <name>m_title</name>
        <briefdescription>
        </briefdescription>
        <detaileddescription>
        </detaileddescription>
        <inbodydescription>
        </inbodydescription>
        <location file="C:/Users/Mat/Projects/doxygraph/examples/doxygen-1.8.4/src/pagedef.h" line="72" bodyfile="C:/Users/Mat/Projects/doxygraph/examples/doxygen-1.8.4/src/pagedef.h" bodystart="72" bodyend="-1"/>
      </memberdef>
      <memberdef kind="variable" id="dd/d41/class_page_def_1a77f362ea35110061c8e7eb0f5777d4c6" prot="private" static="no" mutable="no">
        <type><ref refid="d8/d09/class_group_def" kindref="compound">GroupDef</ref> *</type>
        <definition>GroupDef* PageDef::m_inGroup</definition>
        <argsstring></argsstring>
        <name>m_inGroup</name>
        <briefdescription>
        </briefdescription>
        <detaileddescription>
        </detaileddescription>
        <inbodydescription>
        </inbodydescription>
        <location file="C:/Users/Mat/Projects/doxygraph/examples/doxygen-1.8.4/src/pagedef.h" line="73" bodyfile="C:/Users/Mat/Projects/doxygraph/examples/doxygen-1.8.4/src/pagedef.h" bodystart="73" bodyend="-1"/>
      </memberdef>
      <memberdef kind="variable" id="dd/d41/class_page_def_1a3ff1a1626295d084c3b878c3ee24459a" prot="private" static="no" mutable="no">
        <type><ref refid="d0/d59/class_page_s_dict" kindref="compound">PageSDict</ref> *</type>
        <definition>PageSDict* PageDef::m_subPageDict</definition>
        <argsstring></argsstring>
        <name>m_subPageDict</name>
        <briefdescription>
        </briefdescription>
        <detaileddescription>
        </detaileddescription>
        <inbodydescription>
        </inbodydescription>
        <location file="C:/Users/Mat/Projects/doxygraph/examples/doxygen-1.8.4/src/pagedef.h" line="74" bodyfile="C:/Users/Mat/Projects/doxygraph/examples/doxygen-1.8.4/src/pagedef.h" bodystart="74" bodyend="-1"/>
      </memberdef>
      <memberdef kind="variable" id="dd/d41/class_page_def_1af91f3592838bc72ee0375a003bf28811" prot="private" static="no" mutable="no">
        <type><ref refid="d5/dcc/class_definition" kindref="compound">Definition</ref> *</type>
        <definition>Definition* PageDef::m_pageScope</definition>
        <argsstring></argsstring>
        <name>m_pageScope</name>
        <briefdescription>
        </briefdescription>
        <detaileddescription>
        </detaileddescription>
        <inbodydescription>
        </inbodydescription>
        <location file="C:/Users/Mat/Projects/doxygraph/examples/doxygen-1.8.4/src/pagedef.h" line="75" bodyfile="C:/Users/Mat/Projects/doxygraph/examples/doxygen-1.8.4/src/pagedef.h" bodystart="75" bodyend="-1"/>
      </memberdef>
      <memberdef kind="variable" id="dd/d41/class_page_def_1ad5daca1ef6d46e2d7fbba5073e853de8" prot="private" static="no" mutable="no">
        <type>int</type>
        <definition>int PageDef::m_nestingLevel</definition>
        <argsstring></argsstring>
        <name>m_nestingLevel</name>
        <briefdescription>
        </briefdescription>
        <detaileddescription>
        </detaileddescription>
        <inbodydescription>
        </inbodydescription>
        <location file="C:/Users/Mat/Projects/doxygraph/examples/doxygen-1.8.4/src/pagedef.h" line="76" bodyfile="C:/Users/Mat/Projects/doxygraph/examples/doxygen-1.8.4/src/pagedef.h" bodystart="76" bodyend="-1"/>
      </memberdef>
      <memberdef kind="variable" id="dd/d41/class_page_def_1ac816786867b122ea7ec3bbaedfb8ae8b" prot="private" static="no" mutable="no">
        <type>bool</type>
        <definition>bool PageDef::m_showToc</definition>
        <argsstring></argsstring>
        <name>m_showToc</name>
        <briefdescription>
        </briefdescription>
        <detaileddescription>
        </detaileddescription>
        <inbodydescription>
        </inbodydescription>
        <location file="C:/Users/Mat/Projects/doxygraph/examples/doxygen-1.8.4/src/pagedef.h" line="77" bodyfile="C:/Users/Mat/Projects/doxygraph/examples/doxygen-1.8.4/src/pagedef.h" bodystart="77" bodyend="-1"/>
      </memberdef>
      </sectiondef>
      <sectiondef kind="public-func">
      <memberdef kind="function" id="dd/d41/class_page_def_1a42a37bcdc01bf39d2488eb8c7303f74c" prot="public" static="no" const="no" explicit="no" inline="no" virt="non-virtual">
        <type></type>
        <definition>PageDef::PageDef</definition>
        <argsstring>(const char *f, int l, const char *n, const char *d, const char *t)</argsstring>
        <name>PageDef</name>
        <param>
          <type>const char *</type>
          <declname>f</declname>
        </param>
        <param>
          <type>int</type>
          <declname>l</declname>
        </param>
        <param>
          <type>const char *</type>
          <declname>n</declname>
        </param>
        <param>
          <type>const char *</type>
          <declname>d</declname>
        </param>
        <param>
          <type>const char *</type>
          <declname>t</declname>
        </param>
        <briefdescription>
        </briefdescription>
        <detaileddescription>
        </detaileddescription>
        <inbodydescription>
        </inbodydescription>
        <location file="C:/Users/Mat/Projects/doxygraph/examples/doxygen-1.8.4/src/pagedef.h" line="31" bodyfile="C:/Users/Mat/Projects/doxygraph/examples/doxygen-1.8.4/src/pagedef.cpp" bodystart="29" bodyend="38"/>
      </memberdef>
      <memberdef kind="function" id="dd/d41/class_page_def_1af1a3b8795d28ca2720a0c351c4ae49a2" prot="public" static="no" const="no" explicit="no" inline="no" virt="non-virtual">
        <type></type>
        <definition>PageDef::~PageDef</definition>
        <argsstring>()</argsstring>
        <name>~PageDef</name>
        <briefdescription>
        </briefdescription>
        <detaileddescription>
        </detaileddescription>
        <inbodydescription>
        </inbodydescription>
        <location file="C:/Users/Mat/Projects/doxygraph/examples/doxygen-1.8.4/src/pagedef.h" line="32" bodyfile="C:/Users/Mat/Projects/doxygraph/examples/doxygen-1.8.4/src/pagedef.cpp" bodystart="40" bodyend="43"/>
      </memberdef>
      <memberdef kind="function" id="dd/d41/class_page_def_1aa01c796064e41d5487f8f806d69c2db6" prot="public" static="no" const="no" explicit="no" inline="yes" virt="non-virtual">
        <type>void</type>
        <definition>void PageDef::setFileName</definition>
        <argsstring>(const char *name)</argsstring>
        <name>setFileName</name>
        <param>
          <type>const char *</type>
          <declname>name</declname>
        </param>
        <briefdescription>
        </briefdescription>
        <detaileddescription>
        </detaileddescription>
        <inbodydescription>
        </inbodydescription>
        <location file="C:/Users/Mat/Projects/doxygraph/examples/doxygen-1.8.4/src/pagedef.h" line="35" bodyfile="C:/Users/Mat/Projects/doxygraph/examples/doxygen-1.8.4/src/pagedef.h" bodystart="35" bodyend="35"/>
      </memberdef>
      <memberdef kind="function" id="dd/d41/class_page_def_1ad9bd5ed9b59ac2197a6bdd19d6db64e1" prot="public" static="no" const="no" explicit="no" inline="no" virt="non-virtual">
        <type>void</type>
        <definition>void PageDef::setShowToc</definition>
        <argsstring>(bool b)</argsstring>
        <name>setShowToc</name>
        <param>
          <type>bool</type>
          <declname>b</declname>
        </param>
        <briefdescription>
        </briefdescription>
        <detaileddescription>
        </detaileddescription>
        <inbodydescription>
        </inbodydescription>
        <location file="C:/Users/Mat/Projects/doxygraph/examples/doxygen-1.8.4/src/pagedef.h" line="36" bodyfile="C:/Users/Mat/Projects/doxygraph/examples/doxygen-1.8.4/src/pagedef.cpp" bodystart="303" bodyend="306"/>
      </memberdef>
      <memberdef kind="function" id="dd/d41/class_page_def_1aa36b59729c2e8dc01489b54d709fd770" prot="public" static="no" const="yes" explicit="no" inline="yes" virt="virtual">
        <type><ref refid="d9/d4a/class_definition_intf_1ada60114bc621669dd8c19edfc6421766" kindref="member">DefType</ref></type>
        <definition>DefType PageDef::definitionType</definition>
        <argsstring>() const </argsstring>
        <name>definitionType</name>
        <reimplements refid="d9/d4a/class_definition_intf_1ac8ee00bc1af5558ae37f6896d16f5a3a">definitionType</reimplements>
        <briefdescription>
        </briefdescription>
        <detaileddescription>
<para>Use this for dynamic inspection of the type of the derived class </para>        </detaileddescription>
        <inbodydescription>
        </inbodydescription>
        <location file="C:/Users/Mat/Projects/doxygraph/examples/doxygen-1.8.4/src/pagedef.h" line="39" bodyfile="C:/Users/Mat/Projects/doxygraph/examples/doxygen-1.8.4/src/pagedef.h" bodystart="39" bodyend="39"/>
      </memberdef>
      <memberdef kind="function" id="dd/d41/class_page_def_1a4567ac4d4f7de748f54fd6d0157e32f8" prot="public" static="no" const="yes" explicit="no" inline="yes" virt="virtual">
        <type>bool</type>
        <definition>bool PageDef::isLinkableInProject</definition>
        <argsstring>() const </argsstring>
        <name>isLinkableInProject</name>
        <reimplements refid="d5/dcc/class_definition_1a845891c7206d40c3664b562636cdf9fc">isLinkableInProject</reimplements>
        <briefdescription>
        </briefdescription>
        <detaileddescription>
<para>Returns TRUE iff it is possible to link to this item within this project. </para>        </detaileddescription>
        <inbodydescription>
        </inbodydescription>
        <location file="C:/Users/Mat/Projects/doxygraph/examples/doxygen-1.8.4/src/pagedef.h" line="41" bodyfile="C:/Users/Mat/Projects/doxygraph/examples/doxygen-1.8.4/src/pagedef.h" bodystart="40" bodyend="43"/>
        <references refid="d5/dcc/class_definition_1aeac1898371c546441cf689c1f66e359b" compoundref="d3/dea/definition_8cpp" startline="1766" endline="1769">Definition::isReference</references>
        <referencedby refid="dd/d41/class_page_def_1acebec06d0ff3e2e184eeba1d8e281a9b" compoundref="dd/d66/pagedef_8h" startline="44" endline="47">isLinkable</referencedby>
      </memberdef>
      <memberdef kind="function" id="dd/d41/class_page_def_1acebec06d0ff3e2e184eeba1d8e281a9b" prot="public" static="no" const="yes" explicit="no" inline="yes" virt="virtual">
        <type>bool</type>
        <definition>bool PageDef::isLinkable</definition>
        <argsstring>() const </argsstring>
        <name>isLinkable</name>
        <reimplements refid="d5/dcc/class_definition_1a4002fd79c2d4dcf667c37c83d4214deb">isLinkable</reimplements>
        <briefdescription>
        </briefdescription>
        <detaileddescription>
<para>Returns TRUE iff it is possible to link to this item. This can be a link to another project imported via a tag file. </para>        </detaileddescription>
        <inbodydescription>
        </inbodydescription>
        <location file="C:/Users/Mat/Projects/doxygraph/examples/doxygen-1.8.4/src/pagedef.h" line="45" bodyfile="C:/Users/Mat/Projects/doxygraph/examples/doxygen-1.8.4/src/pagedef.h" bodystart="44" bodyend="47"/>
        <references refid="dd/d41/class_page_def_1a4567ac4d4f7de748f54fd6d0157e32f8" compoundref="dd/d66/pagedef_8h" startline="40" endline="43">isLinkableInProject</references>
        <references refid="d5/dcc/class_definition_1aeac1898371c546441cf689c1f66e359b" compoundref="d3/dea/definition_8cpp" startline="1766" endline="1769">Definition::isReference</references>
      </memberdef>
      <memberdef kind="function" id="dd/d41/class_page_def_1aa08ebea225e51faed63111ba64e78960" prot="public" static="no" const="yes" explicit="no" inline="no" virt="virtual">
        <type>QCString</type>
        <definition>QCString PageDef::getOutputFileBase</definition>
        <argsstring>() const </argsstring>
        <name>getOutputFileBase</name>
        <reimplements refid="d5/dcc/class_definition_1acabecdc6bfda2015811eed5f3436322d">getOutputFileBase</reimplements>
        <briefdescription>
        </briefdescription>
        <detaileddescription>
<para>Returns the base file name (without extension) of this definition. as it is referenced to/written to disk. </para>        </detaileddescription>
        <inbodydescription>
        </inbodydescription>
        <location file="C:/Users/Mat/Projects/doxygraph/examples/doxygen-1.8.4/src/pagedef.h" line="50" bodyfile="C:/Users/Mat/Projects/doxygraph/examples/doxygen-1.8.4/src/pagedef.cpp" bodystart="56" bodyend="62"/>
        <references refid="d8/d09/class_group_def_1a67914ef80cfb1958b5b5f36b13866b83" compoundref="d6/d42/groupdef_8cpp" startline="1367" endline="1377">GroupDef::getOutputFileBase</references>
      </memberdef>
      <memberdef kind="function" id="dd/d41/class_page_def_1ad505a61a9af54612d5ff54748fef981e" prot="public" static="no" const="yes" explicit="no" inline="yes" virt="virtual">
        <type>QCString</type>
        <definition>QCString PageDef::anchor</definition>
        <argsstring>() const </argsstring>
        <name>anchor</name>
        <reimplements refid="d5/dcc/class_definition_1a56e91f9b76f41208a22cfb2336871604">anchor</reimplements>
        <briefdescription>
        </briefdescription>
        <detaileddescription>
<para>Returns the anchor within a page where this item can be found </para>        </detaileddescription>
        <inbodydescription>
        </inbodydescription>
        <location file="C:/Users/Mat/Projects/doxygraph/examples/doxygen-1.8.4/src/pagedef.h" line="51" bodyfile="C:/Users/Mat/Projects/doxygraph/examples/doxygen-1.8.4/src/pagedef.h" bodystart="51" bodyend="51"/>
      </memberdef>
      <memberdef kind="function" id="dd/d41/class_page_def_1ac25a2b575428b1252acf0b71e213a7b4" prot="public" static="no" const="no" explicit="no" inline="no" virt="non-virtual">
        <type>void</type>
        <definition>void PageDef::findSectionsInDocumentation</definition>
        <argsstring>()</argsstring>
        <name>findSectionsInDocumentation</name>
        <briefdescription>
        </briefdescription>
        <detaileddescription>
        </detaileddescription>
        <inbodydescription>
        </inbodydescription>
        <location file="C:/Users/Mat/Projects/doxygraph/examples/doxygen-1.8.4/src/pagedef.h" line="52" bodyfile="C:/Users/Mat/Projects/doxygraph/examples/doxygen-1.8.4/src/pagedef.cpp" bodystart="45" bodyend="48"/>
      </memberdef>
      <memberdef kind="function" id="dd/d41/class_page_def_1adcd9f19205580e3265737bd2cd6e008d" prot="public" static="no" const="yes" explicit="no" inline="yes" virt="non-virtual">
        <type>QCString</type>
        <definition>QCString PageDef::title</definition>
        <argsstring>() const </argsstring>
        <name>title</name>
        <briefdescription>
        </briefdescription>
        <detaileddescription>
        </detaileddescription>
        <inbodydescription>
        </inbodydescription>
        <location file="C:/Users/Mat/Projects/doxygraph/examples/doxygen-1.8.4/src/pagedef.h" line="53" bodyfile="C:/Users/Mat/Projects/doxygraph/examples/doxygen-1.8.4/src/pagedef.h" bodystart="53" bodyend="53"/>
      </memberdef>
      <memberdef kind="function" id="dd/d41/class_page_def_1ab4eaf3e2d030c3d4f2a647b31b8a5316" prot="public" static="no" const="yes" explicit="no" inline="no" virt="non-virtual">
        <type><ref refid="d8/d09/class_group_def" kindref="compound">GroupDef</ref> *</type>
        <definition>GroupDef * PageDef::getGroupDef</definition>
        <argsstring>() const </argsstring>
        <name>getGroupDef</name>
        <briefdescription>
        </briefdescription>
        <detaileddescription>
        </detaileddescription>
        <inbodydescription>
        </inbodydescription>
        <location file="C:/Users/Mat/Projects/doxygraph/examples/doxygen-1.8.4/src/pagedef.h" line="54" bodyfile="C:/Users/Mat/Projects/doxygraph/examples/doxygen-1.8.4/src/pagedef.cpp" bodystart="50" bodyend="54"/>
      </memberdef>
      <memberdef kind="function" id="dd/d41/class_page_def_1a98a2dd10470954ab382b805e8bb6527b" prot="public" static="no" const="yes" explicit="no" inline="yes" virt="non-virtual">
        <type><ref refid="d0/d59/class_page_s_dict" kindref="compound">PageSDict</ref> *</type>
        <definition>PageSDict* PageDef::getSubPages</definition>
        <argsstring>() const </argsstring>
        <name>getSubPages</name>
        <briefdescription>
        </briefdescription>
        <detaileddescription>
        </detaileddescription>
        <inbodydescription>
        </inbodydescription>
        <location file="C:/Users/Mat/Projects/doxygraph/examples/doxygen-1.8.4/src/pagedef.h" line="55" bodyfile="C:/Users/Mat/Projects/doxygraph/examples/doxygen-1.8.4/src/pagedef.h" bodystart="55" bodyend="55"/>
      </memberdef>
      <memberdef kind="function" id="dd/d41/class_page_def_1abe80a9454b6ec60ca084ae1eeb7e29ef" prot="public" static="no" const="no" explicit="no" inline="no" virt="virtual">
        <type>void</type>
        <definition>void PageDef::addInnerCompound</definition>
        <argsstring>(Definition *d)</argsstring>
        <name>addInnerCompound</name>
        <reimplements refid="d5/dcc/class_definition_1a7acd14f8896e56cc2d6dcadd2cf14be7">addInnerCompound</reimplements>
        <param>
          <type><ref refid="d5/dcc/class_definition" kindref="compound">Definition</ref> *</type>
          <declname>d</declname>
        </param>
        <briefdescription>
        </briefdescription>
        <detaileddescription>
        </detaileddescription>
        <inbodydescription>
        </inbodydescription>
        <location file="C:/Users/Mat/Projects/doxygraph/examples/doxygen-1.8.4/src/pagedef.h" line="56" bodyfile="C:/Users/Mat/Projects/doxygraph/examples/doxygen-1.8.4/src/pagedef.cpp" bodystart="64" bodyend="80"/>
      </memberdef>
      <memberdef kind="function" id="dd/d41/class_page_def_1a4501306cd394ffd297830cfc7622a566" prot="public" static="no" const="yes" explicit="no" inline="no" virt="non-virtual">
        <type>bool</type>
        <definition>bool PageDef::visibleInIndex</definition>
        <argsstring>() const </argsstring>
        <name>visibleInIndex</name>
        <briefdescription>
        </briefdescription>
        <detaileddescription>
        </detaileddescription>
        <inbodydescription>
        </inbodydescription>
        <location file="C:/Users/Mat/Projects/doxygraph/examples/doxygen-1.8.4/src/pagedef.h" line="57" bodyfile="C:/Users/Mat/Projects/doxygraph/examples/doxygen-1.8.4/src/pagedef.cpp" bodystart="275" bodyend="283"/>
      </memberdef>
      <memberdef kind="function" id="dd/d41/class_page_def_1a61f698a0a9ba9360dd10b5fc931ec91b" prot="public" static="no" const="yes" explicit="no" inline="no" virt="non-virtual">
        <type>bool</type>
        <definition>bool PageDef::documentedPage</definition>
        <argsstring>() const </argsstring>
        <name>documentedPage</name>
        <briefdescription>
        </briefdescription>
        <detaileddescription>
        </detaileddescription>
        <inbodydescription>
        </inbodydescription>
        <location file="C:/Users/Mat/Projects/doxygraph/examples/doxygen-1.8.4/src/pagedef.h" line="58" bodyfile="C:/Users/Mat/Projects/doxygraph/examples/doxygen-1.8.4/src/pagedef.cpp" bodystart="285" bodyend="291"/>
      </memberdef>
      <memberdef kind="function" id="dd/d41/class_page_def_1a664e548a40f0b323f0c44314b4436043" prot="public" static="no" const="yes" explicit="no" inline="no" virt="non-virtual">
        <type>bool</type>
        <definition>bool PageDef::hasSubPages</definition>
        <argsstring>() const </argsstring>
        <name>hasSubPages</name>
        <briefdescription>
        </briefdescription>
        <detaileddescription>
        </detaileddescription>
        <inbodydescription>
        </inbodydescription>
        <location file="C:/Users/Mat/Projects/doxygraph/examples/doxygen-1.8.4/src/pagedef.h" line="59" bodyfile="C:/Users/Mat/Projects/doxygraph/examples/doxygen-1.8.4/src/pagedef.cpp" bodystart="293" bodyend="296"/>
      </memberdef>
      <memberdef kind="function" id="dd/d41/class_page_def_1a31cb4b5814d98f770455ea4888df7985" prot="public" static="no" const="yes" explicit="no" inline="no" virt="non-virtual">
        <type>bool</type>
        <definition>bool PageDef::hasParentPage</definition>
        <argsstring>() const </argsstring>
        <name>hasParentPage</name>
        <briefdescription>
        </briefdescription>
        <detaileddescription>
        </detaileddescription>
        <inbodydescription>
        </inbodydescription>
        <location file="C:/Users/Mat/Projects/doxygraph/examples/doxygen-1.8.4/src/pagedef.h" line="60" bodyfile="C:/Users/Mat/Projects/doxygraph/examples/doxygen-1.8.4/src/pagedef.cpp" bodystart="82" bodyend="86"/>
      </memberdef>
      <memberdef kind="function" id="dd/d41/class_page_def_1a193726acc0e42bee15df2d2bdbeff6d0" prot="public" static="no" const="yes" explicit="no" inline="yes" virt="non-virtual">
        <type>bool</type>
        <definition>bool PageDef::showToc</definition>
        <argsstring>() const </argsstring>
        <name>showToc</name>
        <briefdescription>
        </briefdescription>
        <detaileddescription>
        </detaileddescription>
        <inbodydescription>
        </inbodydescription>
        <location file="C:/Users/Mat/Projects/doxygraph/examples/doxygen-1.8.4/src/pagedef.h" line="61" bodyfile="C:/Users/Mat/Projects/doxygraph/examples/doxygen-1.8.4/src/pagedef.h" bodystart="61" bodyend="61"/>
      </memberdef>
      <memberdef kind="function" id="dd/d41/class_page_def_1a8419470bbca997aed992512ddbfefcae" prot="public" static="no" const="no" explicit="no" inline="yes" virt="non-virtual">
        <type>void</type>
        <definition>void PageDef::setPageScope</definition>
        <argsstring>(Definition *d)</argsstring>
        <name>setPageScope</name>
        <param>
          <type><ref refid="d5/dcc/class_definition" kindref="compound">Definition</ref> *</type>
          <declname>d</declname>
        </param>
        <briefdescription>
        </briefdescription>
        <detaileddescription>
        </detaileddescription>
        <inbodydescription>
        </inbodydescription>
        <location file="C:/Users/Mat/Projects/doxygraph/examples/doxygen-1.8.4/src/pagedef.h" line="62" bodyfile="C:/Users/Mat/Projects/doxygraph/examples/doxygen-1.8.4/src/pagedef.h" bodystart="62" bodyend="62"/>
      </memberdef>
      <memberdef kind="function" id="dd/d41/class_page_def_1a08e90bec32738b6c626aac4787dbe856" prot="public" static="no" const="yes" explicit="no" inline="yes" virt="non-virtual">
        <type><ref refid="d5/dcc/class_definition" kindref="compound">Definition</ref> *</type>
        <definition>Definition* PageDef::getPageScope</definition>
        <argsstring>() const </argsstring>
        <name>getPageScope</name>
        <briefdescription>
        </briefdescription>
        <detaileddescription>
        </detaileddescription>
        <inbodydescription>
        </inbodydescription>
        <location file="C:/Users/Mat/Projects/doxygraph/examples/doxygen-1.8.4/src/pagedef.h" line="63" bodyfile="C:/Users/Mat/Projects/doxygraph/examples/doxygen-1.8.4/src/pagedef.h" bodystart="63" bodyend="63"/>
      </memberdef>
      <memberdef kind="function" id="dd/d41/class_page_def_1a595fcfe254135e4c240f9829b04b7128" prot="public" static="no" const="yes" explicit="no" inline="yes" virt="virtual">
        <type>QCString</type>
        <definition>QCString PageDef::displayName</definition>
        <argsstring>(bool=TRUE) const </argsstring>
        <name>displayName</name>
        <reimplements refid="d5/dcc/class_definition_1ac4741f70f06baac174cf71b3e11d06ac">displayName</reimplements>
        <param>
          <type>bool</type>
          <declname>includeScope</declname>
          <defval>TRUE</defval>
        </param>
        <briefdescription>
        </briefdescription>
        <detaileddescription>
<para>Returns the name of the definition as it appears in the output </para>        </detaileddescription>
        <inbodydescription>
        </inbodydescription>
        <location file="C:/Users/Mat/Projects/doxygraph/examples/doxygen-1.8.4/src/pagedef.h" line="64" bodyfile="C:/Users/Mat/Projects/doxygraph/examples/doxygen-1.8.4/src/pagedef.h" bodystart="64" bodyend="64"/>
        <references refid="d5/dcc/class_definition_1a99481361779e85f0c1556709de7d9e5b" compoundref="df/da1/definition_8h" startline="109" endline="109">Definition::name</references>
      </memberdef>
      <memberdef kind="function" id="dd/d41/class_page_def_1a112d939dc57b93ef2e84682e0c54868c" prot="public" static="no" const="no" explicit="no" inline="no" virt="non-virtual">
        <type>void</type>
        <definition>void PageDef::writeDocumentation</definition>
        <argsstring>(OutputList &amp;ol)</argsstring>
        <name>writeDocumentation</name>
        <param>
          <type><ref refid="df/dc8/class_output_list" kindref="compound">OutputList</ref> &amp;</type>
          <declname>ol</declname>
        </param>
        <briefdescription>
        </briefdescription>
        <detaileddescription>
        </detaileddescription>
        <inbodydescription>
        </inbodydescription>
        <location file="C:/Users/Mat/Projects/doxygraph/examples/doxygen-1.8.4/src/pagedef.h" line="66" bodyfile="C:/Users/Mat/Projects/doxygraph/examples/doxygen-1.8.4/src/pagedef.cpp" bodystart="88" bodyend="214"/>
      </memberdef>
      </sectiondef>
      <sectiondef kind="private-func">
      <memberdef kind="function" id="dd/d41/class_page_def_1a1a9cb996f0ee2602c5d91abf89a6c127" prot="private" static="no" const="no" explicit="no" inline="no" virt="non-virtual">
        <type>void</type>
        <definition>void PageDef::setNestingLevel</definition>
        <argsstring>(int l)</argsstring>
        <name>setNestingLevel</name>
        <param>
          <type>int</type>
          <declname>l</declname>
        </param>
        <briefdescription>
        </briefdescription>
        <detaileddescription>
        </detaileddescription>
        <inbodydescription>
        </inbodydescription>
        <location file="C:/Users/Mat/Projects/doxygraph/examples/doxygen-1.8.4/src/pagedef.h" line="69" bodyfile="C:/Users/Mat/Projects/doxygraph/examples/doxygen-1.8.4/src/pagedef.cpp" bodystart="298" bodyend="301"/>
      </memberdef>
      <memberdef kind="function" id="dd/d41/class_page_def_1a82a9ac9b89876813cc2fcfecfc03e4bb" prot="private" static="no" const="no" explicit="no" inline="no" virt="non-virtual">
        <type>void</type>
        <definition>void PageDef::writePageDocumentation</definition>
        <argsstring>(OutputList &amp;ol)</argsstring>
        <name>writePageDocumentation</name>
        <param>
          <type><ref refid="df/dc8/class_output_list" kindref="compound">OutputList</ref> &amp;</type>
          <declname>ol</declname>
        </param>
        <briefdescription>
        </briefdescription>
        <detaileddescription>
        </detaileddescription>
        <inbodydescription>
        </inbodydescription>
        <location file="C:/Users/Mat/Projects/doxygraph/examples/doxygen-1.8.4/src/pagedef.h" line="70" bodyfile="C:/Users/Mat/Projects/doxygraph/examples/doxygen-1.8.4/src/pagedef.cpp" bodystart="216" bodyend="273"/>
      </memberdef>
      </sectiondef>
    <briefdescription>
<para>A model of a page symbol. </para>    </briefdescription>
    <detaileddescription>
    </detaileddescription>
    <inheritancegraph>
      <node id="3877">
        <label>Definition</label>
        <link refid="d5/dcc/class_definition"/>
        <childnode refid="3878" relation="public-inheritance">
        </childnode>
      </node>
      <node id="3876">
        <label>PageDef</label>
        <link refid="dd/d41/class_page_def"/>
        <childnode refid="3877" relation="public-inheritance">
        </childnode>
      </node>
      <node id="3878">
        <label>DefinitionIntf</label>
        <link refid="d9/d4a/class_definition_intf"/>
      </node>
    </inheritancegraph>
    <collaborationgraph>
      <node id="3880">
        <label>Definition</label>
        <link refid="d5/dcc/class_definition"/>
        <childnode refid="3881" relation="public-inheritance">
        </childnode>
      </node>
      <node id="3879">
        <label>PageDef</label>
        <link refid="dd/d41/class_page_def"/>
        <childnode refid="3880" relation="public-inheritance">
        </childnode>
      </node>
      <node id="3881">
        <label>DefinitionIntf</label>
        <link refid="d9/d4a/class_definition_intf"/>
      </node>
    </collaborationgraph>
    <location file="C:/Users/Mat/Projects/doxygraph/examples/doxygen-1.8.4/src/pagedef.h" line="29" bodyfile="C:/Users/Mat/Projects/doxygraph/examples/doxygen-1.8.4/src/pagedef.h" bodystart="28" bodyend="78"/>
    <listofallmembers>
      <member refid="dd/d41/class_page_def_1abe80a9454b6ec60ca084ae1eeb7e29ef" prot="public" virt="virtual"><scope>PageDef</scope><name>addInnerCompound</name></member>
      <member refid="d5/dcc/class_definition_1a2314524366e46c9d0cd8bcb528d6238d" prot="public" virt="non-virtual"><scope>PageDef</scope><name>addSectionsToDefinition</name></member>
      <member refid="d5/dcc/class_definition_1af4b179bb64137b2e0b3da44b7b4d0f24" prot="public" virt="non-virtual"><scope>PageDef</scope><name>addSectionsToIndex</name></member>
      <member refid="d5/dcc/class_definition_1a06d25c9164855c20278be38829e2d72e" prot="public" virt="non-virtual"><scope>PageDef</scope><name>addSourceReferencedBy</name></member>
      <member refid="d5/dcc/class_definition_1a153cd19977164802044d4602ee212aa3" prot="public" virt="non-virtual"><scope>PageDef</scope><name>addSourceReferences</name></member>
      <member refid="dd/d41/class_page_def_1ad505a61a9af54612d5ff54748fef981e" prot="public" virt="virtual"><scope>PageDef</scope><name>anchor</name></member>
      <member refid="d5/dcc/class_definition_1a748b55a1bf2566464f1e46daf1fd2ef0" prot="public" virt="non-virtual"><scope>PageDef</scope><name>briefDescription</name></member>
      <member refid="d5/dcc/class_definition_1ad2f43fad51460d0faa291581df896270" prot="public" virt="non-virtual"><scope>PageDef</scope><name>briefDescriptionAsTooltip</name></member>
      <member refid="d5/dcc/class_definition_1a3c37121dca58fcb1c3d499b52e0a70fd" prot="public" virt="non-virtual"><scope>PageDef</scope><name>briefFile</name></member>
      <member refid="d5/dcc/class_definition_1a26799d5c03900e931fb1382a5aa56bdd" prot="public" virt="non-virtual"><scope>PageDef</scope><name>briefLine</name></member>
      <member refid="d5/dcc/class_definition_1ad320a919f0dcfd4738b7d0f0045b42fe" prot="public" virt="non-virtual"><scope>PageDef</scope><name>convertNameToFile</name></member>
      <member refid="d5/dcc/class_definition_1afdf318b0b806e2b5b1fcdcf682bc338b" prot="public" virt="non-virtual"><scope>PageDef</scope><name>Definition</name></member>
      <member refid="d5/dcc/class_definition_1a952d6c4a004165c823988111910e08cd" prot="protected" virt="non-virtual"><scope>PageDef</scope><name>Definition</name></member>
      <member refid="d9/d4a/class_definition_intf_1a2589f23752497ae83e5894eb25bfe688" prot="public" virt="non-virtual"><scope>PageDef</scope><name>DefinitionIntf</name></member>
      <member refid="dd/d41/class_page_def_1aa36b59729c2e8dc01489b54d709fd770" prot="public" virt="virtual"><scope>PageDef</scope><name>definitionType</name></member>
      <member refid="d9/d4a/class_definition_intf_1ada60114bc621669dd8c19edfc6421766" prot="public" virt="non-virtual"><scope>PageDef</scope><name>DefType</name></member>
      <member refid="dd/d41/class_page_def_1a595fcfe254135e4c240f9829b04b7128" prot="public" virt="virtual"><scope>PageDef</scope><name>displayName</name></member>
      <member refid="d5/dcc/class_definition_1a7c5f8f793b451b8e9bbc68b40a9e8faa" prot="public" virt="non-virtual"><scope>PageDef</scope><name>docFile</name></member>
      <member refid="d5/dcc/class_definition_1a1eddb1e4af4660518113a159e76ca983" prot="public" virt="non-virtual"><scope>PageDef</scope><name>docLine</name></member>
      <member refid="d5/dcc/class_definition_1a9ed55eb9487bcf1fd7ebb4a967e7b3a1" prot="public" virt="non-virtual"><scope>PageDef</scope><name>documentation</name></member>
      <member refid="dd/d41/class_page_def_1a61f698a0a9ba9360dd10b5fc931ec91b" prot="public" virt="non-virtual"><scope>PageDef</scope><name>documentedPage</name></member>
      <member refid="d5/dcc/class_definition_1ad0ab125ac1d11e17d8cd5a4e5a0eea23" prot="public" virt="virtual"><scope>PageDef</scope><name>findInnerCompound</name></member>
      <member refid="dd/d41/class_page_def_1ac25a2b575428b1252acf0b71e213a7b4" prot="public" virt="non-virtual"><scope>PageDef</scope><name>findSectionsInDocumentation</name></member>
      <member refid="d5/dcc/class_definition_1aba56816cd19b24f234c7fd3f4f7ebe47" prot="public" virt="non-virtual"><scope>PageDef</scope><name>getBodyDef</name></member>
      <member refid="d5/dcc/class_definition_1abc16ee564cb0be049ec0f17e2adf0bca" prot="public" virt="non-virtual"><scope>PageDef</scope><name>getDefColumn</name></member>
      <member refid="d5/dcc/class_definition_1adf7dee9591ec45a66a9a87b9c1f2f1ee" prot="public" virt="non-virtual"><scope>PageDef</scope><name>getDefFileExtension</name></member>
      <member refid="d5/dcc/class_definition_1ad399d0ee903e4102c479c2b099b0a051" prot="public" virt="non-virtual"><scope>PageDef</scope><name>getDefFileName</name></member>
      <member refid="d5/dcc/class_definition_1adf4945611e38928b4dd6846c912d4b3a" prot="public" virt="non-virtual"><scope>PageDef</scope><name>getDefLine</name></member>
      <member refid="d5/dcc/class_definition_1a11056f29c65e1dddc184036bce5d5456" prot="public" virt="non-virtual"><scope>PageDef</scope><name>getEndBodyLine</name></member>
      <member refid="dd/d41/class_page_def_1ab4eaf3e2d030c3d4f2a647b31b8a5316" prot="public" virt="non-virtual"><scope>PageDef</scope><name>getGroupDef</name></member>
      <member refid="d5/dcc/class_definition_1a55485230d99cc877348db64f01dde092" prot="public" virt="non-virtual"><scope>PageDef</scope><name>getLanguage</name></member>
      <member refid="d5/dcc/class_definition_1ab82806456f4f27020863477cfbcdecd3" prot="public" virt="virtual"><scope>PageDef</scope><name>getOuterScope</name></member>
      <member refid="dd/d41/class_page_def_1aa08ebea225e51faed63111ba64e78960" prot="public" virt="virtual"><scope>PageDef</scope><name>getOutputFileBase</name></member>
      <member refid="dd/d41/class_page_def_1a08e90bec32738b6c626aac4787dbe856" prot="public" virt="non-virtual"><scope>PageDef</scope><name>getPageScope</name></member>
      <member refid="d5/dcc/class_definition_1a266bc8f350de23e01335d4d674995dcf" prot="public" virt="virtual"><scope>PageDef</scope><name>getReference</name></member>
      <member refid="d5/dcc/class_definition_1a2648ef330f15e171cb3b077ced5195db" prot="public" virt="non-virtual"><scope>PageDef</scope><name>getReferencedByMembers</name></member>
      <member refid="d5/dcc/class_definition_1a2d9e83cac9c3816d2469be611bf387e6" prot="public" virt="non-virtual"><scope>PageDef</scope><name>getReferencesMembers</name></member>
      <member refid="d5/dcc/class_definition_1a23521d5aa86d308aa040acd75967074c" prot="public" virt="virtual"><scope>PageDef</scope><name>getSourceFileBase</name></member>
      <member refid="d5/dcc/class_definition_1ac1b628c3fd8382f3c8f365c5af01bc87" prot="public" virt="non-virtual"><scope>PageDef</scope><name>getStartBodyLine</name></member>
      <member refid="dd/d41/class_page_def_1a98a2dd10470954ab382b805e8bb6527b" prot="public" virt="non-virtual"><scope>PageDef</scope><name>getSubPages</name></member>
      <member refid="d5/dcc/class_definition_1a2332d001413c64148e41a6f89b80f015" prot="public" virt="virtual"><scope>PageDef</scope><name>hasDocumentation</name></member>
      <member refid="dd/d41/class_page_def_1a31cb4b5814d98f770455ea4888df7985" prot="public" virt="non-virtual"><scope>PageDef</scope><name>hasParentPage</name></member>
      <member refid="d5/dcc/class_definition_1aeb4c2067227675b9aeb7815879bf98ce" prot="public" virt="non-virtual"><scope>PageDef</scope><name>hasSections</name></member>
      <member refid="dd/d41/class_page_def_1a664e548a40f0b323f0c44314b4436043" prot="public" virt="non-virtual"><scope>PageDef</scope><name>hasSubPages</name></member>
      <member refid="d5/dcc/class_definition_1a92f28d12009f388a30c5e564e5ea3493" prot="public" virt="virtual"><scope>PageDef</scope><name>hasUserDocumentation</name></member>
      <member refid="d5/dcc/class_definition_1a19d4680f1998fc384e37c90106a4ed61" prot="public" virt="non-virtual"><scope>PageDef</scope><name>id</name></member>
      <member refid="d5/dcc/class_definition_1af85914f95149aa84386f479ff075fd86" prot="public" virt="non-virtual"><scope>PageDef</scope><name>inbodyDocumentation</name></member>
      <member refid="d5/dcc/class_definition_1afcb2ccbaedf4f06fee6f332c3468f370" prot="public" virt="non-virtual"><scope>PageDef</scope><name>inbodyFile</name></member>
      <member refid="d5/dcc/class_definition_1aa443907e0f5fe04afb2851068c95d706" prot="public" virt="non-virtual"><scope>PageDef</scope><name>inbodyLine</name></member>
      <member refid="d5/dcc/class_definition_1acaf5924f905bf4d71c9adf4c78786eab" prot="public" virt="non-virtual"><scope>PageDef</scope><name>isArtificial</name></member>
      <member refid="d5/dcc/class_definition_1ab322705fb59551eb0e8aa3b08c4dfbee" prot="public" virt="non-virtual"><scope>PageDef</scope><name>isHidden</name></member>
      <member refid="dd/d41/class_page_def_1acebec06d0ff3e2e184eeba1d8e281a9b" prot="public" virt="virtual"><scope>PageDef</scope><name>isLinkable</name></member>
      <member refid="dd/d41/class_page_def_1a4567ac4d4f7de748f54fd6d0157e32f8" prot="public" virt="virtual"><scope>PageDef</scope><name>isLinkableInProject</name></member>
      <member refid="d5/dcc/class_definition_1aeac1898371c546441cf689c1f66e359b" prot="public" virt="virtual"><scope>PageDef</scope><name>isReference</name></member>
      <member refid="d5/dcc/class_definition_1a9e3fcb5ffe5c7db9d32c1a5a53bcf091" prot="public" virt="virtual"><scope>PageDef</scope><name>isVisible</name></member>
      <member refid="d5/dcc/class_definition_1a451f82aa30e6eff67c0d9a0e919a105d" prot="public" virt="virtual"><scope>PageDef</scope><name>isVisibleInProject</name></member>
      <member refid="d5/dcc/class_definition_1ae4fa9ca0807ec16be5b9b4606a5f4ba9" prot="public" virt="non-virtual"><scope>PageDef</scope><name>localName</name></member>
      <member refid="dd/d41/class_page_def_1abc14801c9bafe018a09a400bba95f61c" prot="private" virt="non-virtual"><scope>PageDef</scope><name>m_fileName</name></member>
      <member refid="dd/d41/class_page_def_1a77f362ea35110061c8e7eb0f5777d4c6" prot="private" virt="non-virtual"><scope>PageDef</scope><name>m_inGroup</name></member>
      <member refid="dd/d41/class_page_def_1ad5daca1ef6d46e2d7fbba5073e853de8" prot="private" virt="non-virtual"><scope>PageDef</scope><name>m_nestingLevel</name></member>
      <member refid="dd/d41/class_page_def_1af91f3592838bc72ee0375a003bf28811" prot="private" virt="non-virtual"><scope>PageDef</scope><name>m_pageScope</name></member>
      <member refid="dd/d41/class_page_def_1ac816786867b122ea7ec3bbaedfb8ae8b" prot="private" virt="non-virtual"><scope>PageDef</scope><name>m_showToc</name></member>
      <member refid="dd/d41/class_page_def_1a3ff1a1626295d084c3b878c3ee24459a" prot="private" virt="non-virtual"><scope>PageDef</scope><name>m_subPageDict</name></member>
      <member refid="dd/d41/class_page_def_1a8bbdcb627ee1ab5f9f45327d0e0b65da" prot="private" virt="non-virtual"><scope>PageDef</scope><name>m_title</name></member>
      <member refid="d5/dcc/class_definition_1aad0c6a6beb616a7f5530c0286b9d4bcc" prot="public" virt="non-virtual"><scope>PageDef</scope><name>makePartOfGroup</name></member>
      <member refid="d5/dcc/class_definition_1ac7a24516e805c39e3f3542c387601790" prot="public" virt="non-virtual"><scope>PageDef</scope><name>mergeRefItems</name></member>
      <member refid="d5/dcc/class_definition_1a99481361779e85f0c1556709de7d9e5b" prot="public" virt="non-virtual"><scope>PageDef</scope><name>name</name></member>
      <member refid="d5/dcc/class_definition_1a92f5e4fd230d38f33163943f399085d4" prot="public" virt="non-virtual"><scope>PageDef</scope><name>navigationPathAsString</name></member>
      <member refid="dd/d41/class_page_def_1a42a37bcdc01bf39d2488eb8c7303f74c" prot="public" virt="non-virtual"><scope>PageDef</scope><name>PageDef</name></member>
      <member refid="d5/dcc/class_definition_1a16251e130cfce01ff6734e46f17fb934" prot="public" virt="non-virtual"><scope>PageDef</scope><name>partOfGroups</name></member>
      <member refid="d5/dcc/class_definition_1a3e43d0f37d4662880d0931c9150e5671" prot="public" virt="non-virtual"><scope>PageDef</scope><name>pathFragment</name></member>
      <member refid="d5/dcc/class_definition_1aacd9b72da80deb37974a18d2001ed715" prot="public" virt="virtual"><scope>PageDef</scope><name>qualifiedName</name></member>
      <member refid="d5/dcc/class_definition_1a3bef4741c9dfa6cd2287ca4c9f30f775" prot="public" virt="non-virtual"><scope>PageDef</scope><name>setArtificial</name></member>
      <member refid="d5/dcc/class_definition_1a11177a4416320b6dd561b314d02c607a" prot="public" virt="non-virtual"><scope>PageDef</scope><name>setBodyDef</name></member>
      <member refid="d5/dcc/class_definition_1a7c5466b95c0544781c25c93d3ed8a543" prot="public" virt="non-virtual"><scope>PageDef</scope><name>setBodySegment</name></member>
      <member refid="d5/dcc/class_definition_1a5f6f7e25d740acb612b57365f9fccfc2" prot="public" virt="virtual"><scope>PageDef</scope><name>setBriefDescription</name></member>
      <member refid="d5/dcc/class_definition_1af13e2148f395d2704535e52f50ccc418" prot="public" virt="virtual"><scope>PageDef</scope><name>setDocumentation</name></member>
      <member refid="dd/d41/class_page_def_1aa01c796064e41d5487f8f806d69c2db6" prot="public" virt="non-virtual"><scope>PageDef</scope><name>setFileName</name></member>
      <member refid="d5/dcc/class_definition_1a7166ab248989769fe2dc4f0d56b72a05" prot="public" virt="virtual"><scope>PageDef</scope><name>setHidden</name></member>
      <member refid="d5/dcc/class_definition_1ae653664eee43cfe5992cd91377f8e91b" prot="public" virt="non-virtual"><scope>PageDef</scope><name>setId</name></member>
      <member refid="d5/dcc/class_definition_1a829959b92985d0264b9fc17277bf91b4" prot="public" virt="virtual"><scope>PageDef</scope><name>setInbodyDocumentation</name></member>
      <member refid="d5/dcc/class_definition_1abd33a001047f6842f63f551b1ce47942" prot="public" virt="non-virtual"><scope>PageDef</scope><name>setLanguage</name></member>
      <member refid="d5/dcc/class_definition_1ac20deb4c9dab79868fa8ec4f42ac84ff" prot="public" virt="non-virtual"><scope>PageDef</scope><name>setLocalName</name></member>
      <member refid="d5/dcc/class_definition_1aaa3c1632bd89cb3db7c7713df4e36db0" prot="public" virt="non-virtual"><scope>PageDef</scope><name>setName</name></member>
      <member refid="dd/d41/class_page_def_1a1a9cb996f0ee2602c5d91abf89a6c127" prot="private" virt="non-virtual"><scope>PageDef</scope><name>setNestingLevel</name></member>
      <member refid="d5/dcc/class_definition_1a222010f3d2b52bf76427034d07e0ff56" prot="public" virt="virtual"><scope>PageDef</scope><name>setOuterScope</name></member>
      <member refid="dd/d41/class_page_def_1a8419470bbca997aed992512ddbfefcae" prot="public" virt="non-virtual"><scope>PageDef</scope><name>setPageScope</name></member>
      <member refid="d5/dcc/class_definition_1a9548c1e2218ce2730c6c3e31bdac6452" prot="public" virt="non-virtual"><scope>PageDef</scope><name>setReference</name></member>
      <member refid="d5/dcc/class_definition_1afaacdadf442e3e1a33c22c5a2b49ad61" prot="public" virt="non-virtual"><scope>PageDef</scope><name>setRefItems</name></member>
      <member refid="dd/d41/class_page_def_1ad9bd5ed9b59ac2197a6bdd19d6db64e1" prot="public" virt="non-virtual"><scope>PageDef</scope><name>setShowToc</name></member>
      <member refid="dd/d41/class_page_def_1a193726acc0e42bee15df2d2bdbeff6d0" prot="public" virt="non-virtual"><scope>PageDef</scope><name>showToc</name></member>
      <member refid="d5/dcc/class_definition_1a0b672c0534ecbd81ae77584d2ceae7ff" prot="public" virt="non-virtual"><scope>PageDef</scope><name>symbolName</name></member>
      <member refid="dd/d41/class_page_def_1adcd9f19205580e3265737bd2cd6e008d" prot="public" virt="non-virtual"><scope>PageDef</scope><name>title</name></member>
      <member refid="d9/d4a/class_definition_intf_1ada60114bc621669dd8c19edfc6421766a8c7123ce45e6d365a610ed3951ecd037" prot="public" virt="non-virtual"><scope>PageDef</scope><name>TypeClass</name></member>
      <member refid="d9/d4a/class_definition_intf_1ada60114bc621669dd8c19edfc6421766ad9e85c8933bcb049693ec8c02fd774fe" prot="public" virt="non-virtual"><scope>PageDef</scope><name>TypeDir</name></member>
      <member refid="d9/d4a/class_definition_intf_1ada60114bc621669dd8c19edfc6421766a92fb29a1b73c05c1a21b5936f262085d" prot="public" virt="non-virtual"><scope>PageDef</scope><name>TypeFile</name></member>
      <member refid="d9/d4a/class_definition_intf_1ada60114bc621669dd8c19edfc6421766a7ae77e43166a87eaa59e89dc7d0e2917" prot="public" virt="non-virtual"><scope>PageDef</scope><name>TypeGroup</name></member>
      <member refid="d9/d4a/class_definition_intf_1ada60114bc621669dd8c19edfc6421766a77974c3635270f07d38ff920fd8f653c" prot="public" virt="non-virtual"><scope>PageDef</scope><name>TypeMember</name></member>
      <member refid="d9/d4a/class_definition_intf_1ada60114bc621669dd8c19edfc6421766ac1833ce9fc94097a64c0c60104ac3297" prot="public" virt="non-virtual"><scope>PageDef</scope><name>TypeNamespace</name></member>
      <member refid="d9/d4a/class_definition_intf_1ada60114bc621669dd8c19edfc6421766ab55dda7065ddf21d823d89a00c23063b" prot="public" virt="non-virtual"><scope>PageDef</scope><name>TypePackage</name></member>
      <member refid="d9/d4a/class_definition_intf_1ada60114bc621669dd8c19edfc6421766a20cfcea557f83381dbdcca5ede9185a8" prot="public" virt="non-virtual"><scope>PageDef</scope><name>TypePage</name></member>
      <member refid="d9/d4a/class_definition_intf_1ada60114bc621669dd8c19edfc6421766a2dfe7456f05b8bf08f04de5c5f8788a7" prot="public" virt="non-virtual"><scope>PageDef</scope><name>TypeSymbolList</name></member>
      <member refid="dd/d41/class_page_def_1a4501306cd394ffd297830cfc7622a566" prot="public" virt="non-virtual"><scope>PageDef</scope><name>visibleInIndex</name></member>
      <member refid="d5/dcc/class_definition_1a252f2febf6695acc7ac5800c683f2770" prot="public" virt="non-virtual"><scope>PageDef</scope><name>writeDocAnchorsToTagFile</name></member>
      <member refid="dd/d41/class_page_def_1a112d939dc57b93ef2e84682e0c54868c" prot="public" virt="non-virtual"><scope>PageDef</scope><name>writeDocumentation</name></member>
      <member refid="d5/dcc/class_definition_1ad5ad17068a22165040e5b256c564c603" prot="public" virt="non-virtual"><scope>PageDef</scope><name>writeInlineCode</name></member>
      <member refid="d5/dcc/class_definition_1acb933b8a92878f6248e9a824c7115f24" prot="public" virt="non-virtual"><scope>PageDef</scope><name>writeNavigationPath</name></member>
      <member refid="dd/d41/class_page_def_1a82a9ac9b89876813cc2fcfecfc03e4bb" prot="private" virt="non-virtual"><scope>PageDef</scope><name>writePageDocumentation</name></member>
      <member refid="d5/dcc/class_definition_1ad42890905d4583fe31ff65546ed55f7c" prot="public" virt="virtual"><scope>PageDef</scope><name>writeQuickMemberLinks</name></member>
      <member refid="d5/dcc/class_definition_1a0d22dcffc0afca75f8ab31dd6261933f" prot="public" virt="non-virtual"><scope>PageDef</scope><name>writeSourceDef</name></member>
      <member refid="d5/dcc/class_definition_1aa870f9f2ad5bfb0943d8718ace07bf63" prot="public" virt="non-virtual"><scope>PageDef</scope><name>writeSourceReffedBy</name></member>
      <member refid="d5/dcc/class_definition_1a0ec765eb2dc050ff415a76c5696db3dc" prot="public" virt="non-virtual"><scope>PageDef</scope><name>writeSourceRefs</name></member>
      <member refid="d5/dcc/class_definition_1a2ea9c73788e47eeb9eed0c77725cb932" prot="public" virt="virtual"><scope>PageDef</scope><name>writeSummaryLinks</name></member>
      <member refid="d5/dcc/class_definition_1ad831e89b81a88b3f4f298b9dce1dc549" prot="public" virt="non-virtual"><scope>PageDef</scope><name>writeToc</name></member>
      <member refid="d5/dcc/class_definition_1a0b83ac7e3a42baf9bd1bac90a83f07cc" prot="public" virt="non-virtual"><scope>PageDef</scope><name>xrefListItems</name></member>
      <member refid="d5/dcc/class_definition_1a37def2c2ca8cdc02e9f614657169e654" prot="public" virt="virtual"><scope>PageDef</scope><name>~Definition</name></member>
      <member refid="d9/d4a/class_definition_intf_1a348acc4ce6b1a3490d32e8aedd2183a4" prot="public" virt="virtual"><scope>PageDef</scope><name>~DefinitionIntf</name></member>
      <member refid="dd/d41/class_page_def_1af1a3b8795d28ca2720a0c351c4ae49a2" prot="public" virt="non-virtual"><scope>PageDef</scope><name>~PageDef</name></member>
    </listofallmembers>
  </compounddef>
</doxygen>
