<?xml version='1.0' encoding='UTF-8' standalone='no'?>
<doxygen xmlns:xsi="http://www.w3.org/2001/XMLSchema-instance" xsi:noNamespaceSchemaLocation="compound.xsd" version="1.8.2">
  <compounddef id="d3/db9/class_config_obsolete" kind="class" prot="public">
    <compoundname>ConfigObsolete</compoundname>
    <basecompoundref refid="d2/dd3/class_config_option" prot="public" virt="non-virtual">ConfigOption</basecompoundref>
    <includes refid="db/d16/config_8h" local="no">config.h</includes>
      <sectiondef kind="public-func">
      <memberdef kind="function" id="d3/db9/class_config_obsolete_1a3c26753a119a658ca27fdb594fa19ba7" prot="public" static="no" const="no" explicit="no" inline="yes" virt="non-virtual">
        <type></type>
        <definition>ConfigObsolete::ConfigObsolete</definition>
        <argsstring>(const char *name)</argsstring>
        <name>ConfigObsolete</name>
        <param>
          <type>const char *</type>
          <declname>name</declname>
        </param>
        <briefdescription>
        </briefdescription>
        <detaileddescription>
        </detaileddescription>
        <inbodydescription>
        </inbodydescription>
        <location file="C:/Users/Mat/Projects/doxygraph/examples/doxygen-1.8.4/src/config.h" line="360" bodyfile="C:/Users/Mat/Projects/doxygraph/examples/doxygen-1.8.4/src/config.h" bodystart="359" bodyend="360"/>
      </memberdef>
      <memberdef kind="function" id="d3/db9/class_config_obsolete_1a00e20cabc9f351c44d6a76c924903356" prot="public" static="no" const="no" explicit="no" inline="yes" virt="virtual">
        <type>void</type>
        <definition>void ConfigObsolete::writeTemplate</definition>
        <argsstring>(FTextStream &amp;, bool, bool)</argsstring>
        <name>writeTemplate</name>
        <reimplements refid="d2/dd3/class_config_option_1a4af9c041d81cc919e5aae2210087bc38">writeTemplate</reimplements>
        <param>
          <type><ref refid="dc/d3c/class_f_text_stream" kindref="compound">FTextStream</ref> &amp;</type>
        </param>
        <param>
          <type>bool</type>
        </param>
        <param>
          <type>bool</type>
        </param>
        <briefdescription>
        </briefdescription>
        <detaileddescription>
        </detaileddescription>
        <inbodydescription>
        </inbodydescription>
        <location file="C:/Users/Mat/Projects/doxygraph/examples/doxygen-1.8.4/src/config.h" line="361" bodyfile="C:/Users/Mat/Projects/doxygraph/examples/doxygen-1.8.4/src/config.h" bodystart="361" bodyend="361"/>
      </memberdef>
      <memberdef kind="function" id="d3/db9/class_config_obsolete_1ad301e76c69eb68f61604856fa4180865" prot="public" static="no" const="no" explicit="no" inline="yes" virt="virtual">
        <type>void</type>
        <definition>void ConfigObsolete::substEnvVars</definition>
        <argsstring>()</argsstring>
        <name>substEnvVars</name>
        <reimplements refid="d2/dd3/class_config_option_1aeb6ac539f2fe79e07f2baefd5c4d89c1">substEnvVars</reimplements>
        <briefdescription>
        </briefdescription>
        <detaileddescription>
        </detaileddescription>
        <inbodydescription>
        </inbodydescription>
        <location file="C:/Users/Mat/Projects/doxygraph/examples/doxygen-1.8.4/src/config.h" line="362" bodyfile="C:/Users/Mat/Projects/doxygraph/examples/doxygen-1.8.4/src/config.h" bodystart="362" bodyend="362"/>
      </memberdef>
      <memberdef kind="function" id="d3/db9/class_config_obsolete_1adeff3fbfae5362ee1c57cdba2daf135e" prot="public" static="no" const="no" explicit="no" inline="no" virt="virtual">
        <type>void</type>
        <definition>void ConfigObsolete::writeXML</definition>
        <argsstring>(FTextStream &amp;)</argsstring>
        <name>writeXML</name>
        <reimplements refid="d2/dd3/class_config_option_1a20d0443904feac374c4b7dbf08e5b5c2">writeXML</reimplements>
        <param>
          <type><ref refid="dc/d3c/class_f_text_stream" kindref="compound">FTextStream</ref> &amp;</type>
        </param>
        <briefdescription>
        </briefdescription>
        <detaileddescription>
        </detaileddescription>
        <inbodydescription>
        </inbodydescription>
        <location file="C:/Users/Mat/Projects/doxygraph/examples/doxygen-1.8.4/src/config.h" line="363"/>
      </memberdef>
      </sectiondef>
    <briefdescription>
<para>Section marker for obsolete options. </para>    </briefdescription>
    <detaileddescription>
    </detaileddescription>
    <inheritancegraph>
      <node id="2731">
        <label>ConfigOption</label>
        <link refid="d2/dd3/class_config_option"/>
      </node>
      <node id="2730">
        <label>ConfigObsolete</label>
        <link refid="d3/db9/class_config_obsolete"/>
        <childnode refid="2731" relation="public-inheritance">
        </childnode>
      </node>
    </inheritancegraph>
    <collaborationgraph>
      <node id="2733">
        <label>ConfigOption</label>
        <link refid="d2/dd3/class_config_option"/>
      </node>
      <node id="2732">
        <label>ConfigObsolete</label>
        <link refid="d3/db9/class_config_obsolete"/>
        <childnode refid="2733" relation="public-inheritance">
        </childnode>
      </node>
    </collaborationgraph>
    <location file="C:/Users/Mat/Projects/doxygraph/examples/doxygen-1.8.4/src/config.h" line="357" bodyfile="C:/Users/Mat/Projects/doxygraph/examples/doxygen-1.8.4/src/config.h" bodystart="356" bodyend="364"/>
    <listofallmembers>
      <member refid="d2/dd3/class_config_option_1a290d4454155543728847a75ade256a32" prot="public" virt="non-virtual"><scope>ConfigObsolete</scope><name>addDependency</name></member>
      <member refid="d3/db9/class_config_obsolete_1a3c26753a119a658ca27fdb594fa19ba7" prot="public" virt="non-virtual"><scope>ConfigObsolete</scope><name>ConfigObsolete</name></member>
      <member refid="d2/dd3/class_config_option_1a3ce6753bba05ab1ee7e5eaaec6d8f1ac" prot="public" virt="non-virtual"><scope>ConfigObsolete</scope><name>ConfigOption</name></member>
      <member refid="d2/dd3/class_config_option_1af1d26523f37d742316ddc4c0f9add4fc" prot="protected" virt="virtual"><scope>ConfigObsolete</scope><name>convertStrToVal</name></member>
      <member refid="d2/dd3/class_config_option_1a7eff0847fc30aa6cbc457009625d13d1" prot="protected" virt="non-virtual"><scope>ConfigObsolete</scope><name>convertToComment</name></member>
      <member refid="d2/dd3/class_config_option_1acd3c60d9556e68951d43dc3422024cdb" prot="public" virt="non-virtual"><scope>ConfigObsolete</scope><name>dependsOn</name></member>
      <member refid="d2/dd3/class_config_option_1aca53064314cae27e5e650c780c10015c" prot="public" virt="non-virtual"><scope>ConfigObsolete</scope><name>docs</name></member>
      <member refid="d2/dd3/class_config_option_1a1dabfad39230674fc07f5f535392fd35" prot="protected" virt="virtual"><scope>ConfigObsolete</scope><name>init</name></member>
      <member refid="d2/dd3/class_config_option_1a9c75888abf6d37cfe9d00ac40ecc474d" prot="public" virt="non-virtual"><scope>ConfigObsolete</scope><name>kind</name></member>
      <member refid="d2/dd3/class_config_option_1a5146ef81dc662e3c5b2f1e9d1f3c600e" prot="protected" virt="non-virtual"><scope>ConfigObsolete</scope><name>m_dependency</name></member>
      <member refid="d2/dd3/class_config_option_1a28fdea8e9fdf86e73faae697454c17ab" prot="protected" virt="non-virtual"><scope>ConfigObsolete</scope><name>m_doc</name></member>
      <member refid="d2/dd3/class_config_option_1a4953007ad225b5996adf18275f59e922" prot="protected" virt="non-virtual"><scope>ConfigObsolete</scope><name>m_encoding</name></member>
      <member refid="d2/dd3/class_config_option_1a64896a35334d6ab865f8038fb65024ac" prot="protected" virt="non-virtual"><scope>ConfigObsolete</scope><name>m_kind</name></member>
      <member refid="d2/dd3/class_config_option_1a4f081d447f2443212d0d032da63b20d7" prot="protected" virt="non-virtual"><scope>ConfigObsolete</scope><name>m_name</name></member>
      <member refid="d2/dd3/class_config_option_1aa3ef6fe13a480dad1404aee1bb0f2d11" prot="protected" virt="non-virtual"><scope>ConfigObsolete</scope><name>m_spaces</name></member>
      <member refid="d2/dd3/class_config_option_1a5e54ead18c124c6c6c03ed3b678a7103" prot="protected" virt="non-virtual"><scope>ConfigObsolete</scope><name>m_userComment</name></member>
      <member refid="d2/dd3/class_config_option_1a843270e309a4227d54b459dca07f1c86aa40e4123355dbeb41dc6ca0c68c0d346" prot="public" virt="non-virtual"><scope>ConfigObsolete</scope><name>MAX_OPTION_LENGTH</name></member>
      <member refid="d2/dd3/class_config_option_1a2f226c32b0c447c1fa628660f42859c4" prot="public" virt="non-virtual"><scope>ConfigObsolete</scope><name>name</name></member>
      <member refid="d2/dd3/class_config_option_1ad60cb308cdf307e72796dc2fc2a40fdaa306962172c18f2b309fb729e66e32e81" prot="public" virt="non-virtual"><scope>ConfigObsolete</scope><name>O_Bool</name></member>
      <member refid="d2/dd3/class_config_option_1ad60cb308cdf307e72796dc2fc2a40fdaa116df5f47c0442ad31ca0193cf540701" prot="public" virt="non-virtual"><scope>ConfigObsolete</scope><name>O_Disabled</name></member>
      <member refid="d2/dd3/class_config_option_1ad60cb308cdf307e72796dc2fc2a40fdaa1ba2565ddffed94550a83a5b537e6a31" prot="public" virt="non-virtual"><scope>ConfigObsolete</scope><name>O_Enum</name></member>
      <member refid="d2/dd3/class_config_option_1ad60cb308cdf307e72796dc2fc2a40fdaade872bcb27f40e3380fb20be7cea9e57" prot="public" virt="non-virtual"><scope>ConfigObsolete</scope><name>O_Info</name></member>
      <member refid="d2/dd3/class_config_option_1ad60cb308cdf307e72796dc2fc2a40fdaac029c8062b88308de12914e88e12dcd8" prot="public" virt="non-virtual"><scope>ConfigObsolete</scope><name>O_Int</name></member>
      <member refid="d2/dd3/class_config_option_1ad60cb308cdf307e72796dc2fc2a40fdaa18c0785bb1948fb57402ee80324ef1a7" prot="public" virt="non-virtual"><scope>ConfigObsolete</scope><name>O_List</name></member>
      <member refid="d2/dd3/class_config_option_1ad60cb308cdf307e72796dc2fc2a40fdaab60c019594029c214e601ec24988d6ac" prot="public" virt="non-virtual"><scope>ConfigObsolete</scope><name>O_Obsolete</name></member>
      <member refid="d2/dd3/class_config_option_1ad60cb308cdf307e72796dc2fc2a40fdaa3aa84b958a247d79889f28f4244a7d7f" prot="public" virt="non-virtual"><scope>ConfigObsolete</scope><name>O_String</name></member>
      <member refid="d2/dd3/class_config_option_1ad60cb308cdf307e72796dc2fc2a40fda" prot="public" virt="non-virtual"><scope>ConfigObsolete</scope><name>OptionType</name></member>
      <member refid="d2/dd3/class_config_option_1a0ac357ec83d2014603c8d70a00c27a33" prot="public" virt="non-virtual"><scope>ConfigObsolete</scope><name>setEncoding</name></member>
      <member refid="d2/dd3/class_config_option_1a5baa3fb6c4fb6ec667eb91172f3f398a" prot="public" virt="non-virtual"><scope>ConfigObsolete</scope><name>setUserComment</name></member>
      <member refid="d3/db9/class_config_obsolete_1ad301e76c69eb68f61604856fa4180865" prot="public" virt="virtual"><scope>ConfigObsolete</scope><name>substEnvVars</name></member>
      <member refid="d2/dd3/class_config_option_1a0762b14d6706667da888cd9c56c6f1e7" prot="protected" virt="non-virtual"><scope>ConfigObsolete</scope><name>writeBoolValue</name></member>
      <member refid="d2/dd3/class_config_option_1a759c9a9621a46b28dcedd5c22a0e271f" prot="protected" virt="non-virtual"><scope>ConfigObsolete</scope><name>writeIntValue</name></member>
      <member refid="d2/dd3/class_config_option_1abd1fe2acb02bd19ed4ec67b6a60ce446" prot="protected" virt="non-virtual"><scope>ConfigObsolete</scope><name>writeStringList</name></member>
      <member refid="d2/dd3/class_config_option_1a6e36e0022317d91fd50398119420ad02" prot="protected" virt="non-virtual"><scope>ConfigObsolete</scope><name>writeStringValue</name></member>
      <member refid="d3/db9/class_config_obsolete_1a00e20cabc9f351c44d6a76c924903356" prot="public" virt="virtual"><scope>ConfigObsolete</scope><name>writeTemplate</name></member>
      <member refid="d3/db9/class_config_obsolete_1adeff3fbfae5362ee1c57cdba2daf135e" prot="public" virt="virtual"><scope>ConfigObsolete</scope><name>writeXML</name></member>
      <member refid="d2/dd3/class_config_option_1ae9ef259a262e4422ade948313b6dd74a" prot="public" virt="virtual"><scope>ConfigObsolete</scope><name>~ConfigOption</name></member>
    </listofallmembers>
  </compounddef>
</doxygen>
