<?xml version='1.0' encoding='UTF-8' standalone='no'?>
<doxygen xmlns:xsi="http://www.w3.org/2001/XMLSchema-instance" xsi:noNamespaceSchemaLocation="compound.xsd" version="1.8.2">
  <compounddef id="dc/d66/msc_8h" kind="file">
    <compoundname>msc.h</compoundname>
    <includedby refid="dc/d05/docbookvisitor_8cpp" local="yes">src/docbookvisitor.cpp</includedby>
    <includedby refid="dc/d98/doxygen_8cpp" local="yes">src/doxygen.cpp</includedby>
    <includedby refid="da/db0/htmldocvisitor_8cpp" local="yes">src/htmldocvisitor.cpp</includedby>
    <includedby refid="d1/d4e/latexdocvisitor_8cpp" local="yes">src/latexdocvisitor.cpp</includedby>
    <includedby refid="db/d33/msc_8cpp" local="yes">src/msc.cpp</includedby>
    <includedby refid="de/d9a/rtfdocvisitor_8cpp" local="yes">src/rtfdocvisitor.cpp</includedby>
    <invincdepgraph>
      <node id="3872">
        <label>src/htmldocvisitor.cpp</label>
        <link refid="da/db0/htmldocvisitor_8cpp_source"/>
      </node>
      <node id="3875">
        <label>src/rtfdocvisitor.cpp</label>
        <link refid="de/d9a/rtfdocvisitor_8cpp_source"/>
      </node>
      <node id="3871">
        <label>src/doxygen.cpp</label>
        <link refid="dc/d98/doxygen_8cpp_source"/>
      </node>
      <node id="3874">
        <label>src/msc.cpp</label>
        <link refid="db/d33/msc_8cpp_source"/>
      </node>
      <node id="3873">
        <label>src/latexdocvisitor.cpp</label>
        <link refid="d1/d4e/latexdocvisitor_8cpp_source"/>
      </node>
      <node id="3869">
        <label>src/msc.h</label>
        <link refid="msc.h"/>
        <childnode refid="3870" relation="include">
        </childnode>
        <childnode refid="3871" relation="include">
        </childnode>
        <childnode refid="3872" relation="include">
        </childnode>
        <childnode refid="3873" relation="include">
        </childnode>
        <childnode refid="3874" relation="include">
        </childnode>
        <childnode refid="3875" relation="include">
        </childnode>
      </node>
      <node id="3870">
        <label>src/docbookvisitor.cpp</label>
        <link refid="dc/d05/docbookvisitor_8cpp_source"/>
      </node>
    </invincdepgraph>
      <sectiondef kind="enum">
      <memberdef kind="enum" id="dc/d66/msc_8h_1a6cf71dda84c5602c6239cca31028f656" prot="public" static="no">
        <name>MscOutputFormat</name>
        <enumvalue id="dc/d66/msc_8h_1a6cf71dda84c5602c6239cca31028f656a764c2d4059b2c0b3664ae4f9ed7767d2" prot="public">
          <name>MSC_BITMAP</name>
          <briefdescription>
          </briefdescription>
          <detaileddescription>
          </detaileddescription>
        </enumvalue>
        <enumvalue id="dc/d66/msc_8h_1a6cf71dda84c5602c6239cca31028f656a5a7675b3e0f913e8f788cd7e7ba52a9d" prot="public">
          <name>MSC_EPS</name>
          <briefdescription>
          </briefdescription>
          <detaileddescription>
          </detaileddescription>
        </enumvalue>
        <briefdescription>
        </briefdescription>
        <detaileddescription>
        </detaileddescription>
        <inbodydescription>
        </inbodydescription>
        <location file="C:/Users/Mat/Projects/doxygraph/examples/doxygen-1.8.4/src/msc.h" line="24" bodyfile="C:/Users/Mat/Projects/doxygraph/examples/doxygen-1.8.4/src/msc.h" bodystart="24" bodyend="24"/>
      </memberdef>
      </sectiondef>
      <sectiondef kind="func">
      <memberdef kind="function" id="dc/d66/msc_8h_1a2dc985bf21fc53f7970295c09a181acf" prot="public" static="no" const="no" explicit="no" inline="no" virt="non-virtual">
        <type>void</type>
        <definition>void writeMscGraphFromFile</definition>
        <argsstring>(const char *inFile, const char *outDir, const char *outFile, MscOutputFormat format)</argsstring>
        <name>writeMscGraphFromFile</name>
        <param>
          <type>const char *</type>
          <declname>inFile</declname>
        </param>
        <param>
          <type>const char *</type>
          <declname>outDir</declname>
        </param>
        <param>
          <type>const char *</type>
          <declname>outFile</declname>
        </param>
        <param>
          <type>MscOutputFormat</type>
          <declname>format</declname>
        </param>
        <briefdescription>
        </briefdescription>
        <detaileddescription>
        </detaileddescription>
        <inbodydescription>
        </inbodydescription>
        <location file="C:/Users/Mat/Projects/doxygraph/examples/doxygen-1.8.4/src/msc.h" line="27" bodyfile="C:/Users/Mat/Projects/doxygraph/examples/doxygen-1.8.4/src/msc.cpp" bodystart="91" bodyend="146"/>
      </memberdef>
      <memberdef kind="function" id="dc/d66/msc_8h_1aa6f84611cd60b3980cdeec63b2e1ffbc" prot="public" static="no" const="no" explicit="no" inline="no" virt="non-virtual">
        <type>QCString</type>
        <definition>QCString getMscImageMapFromFile</definition>
        <argsstring>(const QCString &amp;inFile, const QCString &amp;outDir, const QCString &amp;relPath, const QCString &amp;context)</argsstring>
        <name>getMscImageMapFromFile</name>
        <param>
          <type>const QCString &amp;</type>
          <declname>inFile</declname>
        </param>
        <param>
          <type>const QCString &amp;</type>
          <declname>outDir</declname>
        </param>
        <param>
          <type>const QCString &amp;</type>
          <declname>relPath</declname>
        </param>
        <param>
          <type>const QCString &amp;</type>
          <declname>context</declname>
        </param>
        <briefdescription>
        </briefdescription>
        <detaileddescription>
        </detaileddescription>
        <inbodydescription>
        </inbodydescription>
        <location file="C:/Users/Mat/Projects/doxygraph/examples/doxygen-1.8.4/src/msc.h" line="30" bodyfile="C:/Users/Mat/Projects/doxygraph/examples/doxygen-1.8.4/src/msc.cpp" bodystart="148" bodyend="185"/>
      </memberdef>
      <memberdef kind="function" id="dc/d66/msc_8h_1a12367b6c61de469f4fc7e71b0f29e983" prot="public" static="no" const="no" explicit="no" inline="no" virt="non-virtual">
        <type>void</type>
        <definition>void writeMscImageMapFromFile</definition>
        <argsstring>(FTextStream &amp;t, const QCString &amp;inFile, const QCString &amp;outDir, const QCString &amp;relPath, const QCString &amp;baseName, const QCString &amp;context)</argsstring>
        <name>writeMscImageMapFromFile</name>
        <param>
          <type><ref refid="dc/d3c/class_f_text_stream" kindref="compound">FTextStream</ref> &amp;</type>
          <declname>t</declname>
        </param>
        <param>
          <type>const QCString &amp;</type>
          <declname>inFile</declname>
        </param>
        <param>
          <type>const QCString &amp;</type>
          <declname>outDir</declname>
        </param>
        <param>
          <type>const QCString &amp;</type>
          <declname>relPath</declname>
        </param>
        <param>
          <type>const QCString &amp;</type>
          <declname>baseName</declname>
        </param>
        <param>
          <type>const QCString &amp;</type>
          <declname>context</declname>
        </param>
        <briefdescription>
        </briefdescription>
        <detaileddescription>
        </detaileddescription>
        <inbodydescription>
        </inbodydescription>
        <location file="C:/Users/Mat/Projects/doxygraph/examples/doxygen-1.8.4/src/msc.h" line="34" bodyfile="C:/Users/Mat/Projects/doxygraph/examples/doxygen-1.8.4/src/msc.cpp" bodystart="187" bodyend="199"/>
      </memberdef>
      </sectiondef>
    <briefdescription>
    </briefdescription>
    <detaileddescription>
    </detaileddescription>
    <programlisting>
<codeline lineno="1"><highlight class="comment">/******************************************************************************</highlight></codeline>
<codeline lineno="2"><highlight class="comment"><sp/>*</highlight></codeline>
<codeline lineno="3"><highlight class="comment"><sp/>*<sp/>$Id:<sp/>msc.h,v<sp/>1.14<sp/>2001/03/19<sp/>19:27:40<sp/>root<sp/>Exp<sp/>$</highlight></codeline>
<codeline lineno="4"><highlight class="comment"><sp/>*</highlight></codeline>
<codeline lineno="5"><highlight class="comment"><sp/>*<sp/>Copyright<sp/>(C)<sp/>1997-2013<sp/>by<sp/>Dimitri<sp/>van<sp/>Heesch.</highlight></codeline>
<codeline lineno="6"><highlight class="comment"><sp/>*</highlight></codeline>
<codeline lineno="7"><highlight class="comment"><sp/>*<sp/>Permission<sp/>to<sp/>use,<sp/>copy,<sp/>modify,<sp/>and<sp/>distribute<sp/>this<sp/>software<sp/>and<sp/>its</highlight></codeline>
<codeline lineno="8"><highlight class="comment"><sp/>*<sp/>documentation<sp/>under<sp/>the<sp/>terms<sp/>of<sp/>the<sp/>GNU<sp/>General<sp/>Public<sp/>License<sp/>is<sp/>hereby<sp/></highlight></codeline>
<codeline lineno="9"><highlight class="comment"><sp/>*<sp/>granted.<sp/>No<sp/>representations<sp/>are<sp/>made<sp/>about<sp/>the<sp/>suitability<sp/>of<sp/>this<sp/>software<sp/></highlight></codeline>
<codeline lineno="10"><highlight class="comment"><sp/>*<sp/>for<sp/>any<sp/>purpose.<sp/>It<sp/>is<sp/>provided<sp/>&quot;as<sp/>is&quot;<sp/>without<sp/>express<sp/>or<sp/>implied<sp/>warranty.</highlight></codeline>
<codeline lineno="11"><highlight class="comment"><sp/>*<sp/>See<sp/>the<sp/>GNU<sp/>General<sp/>Public<sp/>License<sp/>for<sp/>more<sp/>details.</highlight></codeline>
<codeline lineno="12"><highlight class="comment"><sp/>*</highlight></codeline>
<codeline lineno="13"><highlight class="comment"><sp/>*<sp/>Documents<sp/>produced<sp/>by<sp/>Doxygen<sp/>are<sp/>derivative<sp/>works<sp/>derived<sp/>from<sp/>the</highlight></codeline>
<codeline lineno="14"><highlight class="comment"><sp/>*<sp/>input<sp/>used<sp/>in<sp/>their<sp/>production;<sp/>they<sp/>are<sp/>not<sp/>affected<sp/>by<sp/>this<sp/>license.</highlight></codeline>
<codeline lineno="15"><highlight class="comment"><sp/>*</highlight></codeline>
<codeline lineno="16"><highlight class="comment"><sp/>*/</highlight><highlight class="normal"></highlight></codeline>
<codeline lineno="17"><highlight class="normal"></highlight></codeline>
<codeline lineno="18"><highlight class="normal"></highlight><highlight class="preprocessor">#ifndef<sp/>_MSC_H</highlight></codeline>
<codeline lineno="19"><highlight class="preprocessor"></highlight><highlight class="preprocessor">#define<sp/>_MSC_H</highlight></codeline>
<codeline lineno="20"><highlight class="preprocessor"></highlight><highlight class="normal"></highlight></codeline>
<codeline lineno="21"><highlight class="normal"></highlight><highlight class="keyword">class<sp/></highlight><highlight class="normal">QCString;</highlight></codeline>
<codeline lineno="22"><highlight class="normal"></highlight><highlight class="keyword">class<sp/></highlight><highlight class="normal"><ref refid="dc/d3c/class_f_text_stream" kindref="compound" tooltip="Simplified and optimized version of QTextStream.">FTextStream</ref>;</highlight></codeline>
<codeline lineno="23"><highlight class="normal"></highlight></codeline>
<codeline lineno="24"><highlight class="normal"></highlight><highlight class="keyword">enum</highlight><highlight class="normal"><sp/>MscOutputFormat<sp/>{<sp/>MSC_BITMAP<sp/>,<sp/>MSC_EPS<sp/>};</highlight></codeline>
<codeline lineno="25"><highlight class="normal"></highlight></codeline>
<codeline lineno="26"><highlight class="normal"></highlight><highlight class="keywordtype">void</highlight><highlight class="normal"><sp/>writeMscGraphFromFile(</highlight><highlight class="keyword">const</highlight><highlight class="normal"><sp/></highlight><highlight class="keywordtype">char</highlight><highlight class="normal"><sp/>*inFile,</highlight><highlight class="keyword">const</highlight><highlight class="normal"><sp/></highlight><highlight class="keywordtype">char</highlight><highlight class="normal"><sp/>*outDir,</highlight></codeline>
<codeline lineno="27"><highlight class="normal"><sp/><sp/><sp/><sp/><sp/><sp/><sp/><sp/><sp/><sp/><sp/><sp/><sp/><sp/><sp/><sp/><sp/><sp/><sp/><sp/><sp/><sp/><sp/><sp/><sp/><sp/><sp/></highlight><highlight class="keyword">const</highlight><highlight class="normal"><sp/></highlight><highlight class="keywordtype">char</highlight><highlight class="normal"><sp/>*outFile,MscOutputFormat<sp/>format);</highlight></codeline>
<codeline lineno="28"><highlight class="normal"></highlight></codeline>
<codeline lineno="29"><highlight class="normal">QCString<sp/>getMscImageMapFromFile(</highlight><highlight class="keyword">const</highlight><highlight class="normal"><sp/>QCString&amp;<sp/>inFile,<sp/></highlight><highlight class="keyword">const</highlight><highlight class="normal"><sp/>QCString&amp;<sp/>outDir,</highlight></codeline>
<codeline lineno="30"><highlight class="normal"><sp/><sp/><sp/><sp/><sp/><sp/><sp/><sp/><sp/><sp/><sp/><sp/><sp/><sp/><sp/><sp/><sp/><sp/><sp/><sp/><sp/><sp/><sp/><sp/><sp/><sp/><sp/><sp/><sp/><sp/><sp/><sp/></highlight><highlight class="keyword">const</highlight><highlight class="normal"><sp/>QCString&amp;<sp/>relPath,</highlight><highlight class="keyword">const</highlight><highlight class="normal"><sp/>QCString&amp;<sp/>context);</highlight></codeline>
<codeline lineno="31"><highlight class="normal"></highlight></codeline>
<codeline lineno="32"><highlight class="normal"></highlight><highlight class="keywordtype">void</highlight><highlight class="normal"><sp/>writeMscImageMapFromFile(<ref refid="dc/d3c/class_f_text_stream" kindref="compound" tooltip="Simplified and optimized version of QTextStream.">FTextStream</ref><sp/>&amp;t,</highlight><highlight class="keyword">const</highlight><highlight class="normal"><sp/>QCString<sp/>&amp;inFile,</highlight></codeline>
<codeline lineno="33"><highlight class="normal"><sp/><sp/><sp/><sp/><sp/><sp/><sp/><sp/><sp/><sp/><sp/><sp/><sp/><sp/><sp/><sp/><sp/><sp/><sp/><sp/><sp/><sp/><sp/><sp/><sp/><sp/><sp/><sp/><sp/><sp/></highlight><highlight class="keyword">const</highlight><highlight class="normal"><sp/>QCString<sp/>&amp;outDir,<sp/></highlight><highlight class="keyword">const</highlight><highlight class="normal"><sp/>QCString<sp/>&amp;relPath,</highlight></codeline>
<codeline lineno="34"><highlight class="normal"><sp/><sp/><sp/><sp/><sp/><sp/><sp/><sp/><sp/><sp/><sp/><sp/><sp/><sp/><sp/><sp/><sp/><sp/><sp/><sp/><sp/><sp/><sp/><sp/><sp/><sp/><sp/><sp/><sp/><sp/></highlight><highlight class="keyword">const</highlight><highlight class="normal"><sp/>QCString<sp/>&amp;baseName,<sp/></highlight><highlight class="keyword">const</highlight><highlight class="normal"><sp/>QCString<sp/>&amp;context);</highlight></codeline>
<codeline lineno="35"><highlight class="normal"></highlight></codeline>
<codeline lineno="36"><highlight class="normal"></highlight><highlight class="preprocessor">#endif</highlight></codeline>
<codeline lineno="37"><highlight class="preprocessor"></highlight><highlight class="normal"></highlight></codeline>
    </programlisting>
    <location file="C:/Users/Mat/Projects/doxygraph/examples/doxygen-1.8.4/src/msc.h"/>
  </compounddef>
</doxygen>
