<?xml version='1.0' encoding='UTF-8' standalone='no'?>
<doxygen xmlns:xsi="http://www.w3.org/2001/XMLSchema-instance" xsi:noNamespaceSchemaLocation="compound.xsd" version="1.8.2">
  <compounddef id="d8/dd5/struct_list_item_info" kind="struct" prot="public">
    <compoundname>ListItemInfo</compoundname>
      <sectiondef kind="public-attrib">
      <memberdef kind="variable" id="d8/dd5/struct_list_item_info_1a06163c0e861ec13f8b8d24823d04b1f9" prot="public" static="no" mutable="no">
        <type>QCString</type>
        <definition>QCString ListItemInfo::type</definition>
        <argsstring></argsstring>
        <name>type</name>
        <briefdescription>
        </briefdescription>
        <detaileddescription>
        </detaileddescription>
        <inbodydescription>
        </inbodydescription>
        <location file="C:/Users/Mat/Projects/doxygraph/examples/doxygen-1.8.4/src/types.h" line="100" bodyfile="C:/Users/Mat/Projects/doxygraph/examples/doxygen-1.8.4/src/types.h" bodystart="100" bodyend="-1"/>
      </memberdef>
      <memberdef kind="variable" id="d8/dd5/struct_list_item_info_1a98dbe1449912070056112940c1ff0208" prot="public" static="no" mutable="no">
        <type>int</type>
        <definition>int ListItemInfo::itemId</definition>
        <argsstring></argsstring>
        <name>itemId</name>
        <briefdescription>
        </briefdescription>
        <detaileddescription>
        </detaileddescription>
        <inbodydescription>
        </inbodydescription>
        <location file="C:/Users/Mat/Projects/doxygraph/examples/doxygen-1.8.4/src/types.h" line="101" bodyfile="C:/Users/Mat/Projects/doxygraph/examples/doxygen-1.8.4/src/types.h" bodystart="101" bodyend="-1"/>
      </memberdef>
      </sectiondef>
    <briefdescription>
    </briefdescription>
    <detaileddescription>
    </detaileddescription>
    <location file="C:/Users/Mat/Projects/doxygraph/examples/doxygen-1.8.4/src/types.h" line="99" bodyfile="C:/Users/Mat/Projects/doxygraph/examples/doxygen-1.8.4/src/types.h" bodystart="98" bodyend="102"/>
    <listofallmembers>
      <member refid="d8/dd5/struct_list_item_info_1a98dbe1449912070056112940c1ff0208" prot="public" virt="non-virtual"><scope>ListItemInfo</scope><name>itemId</name></member>
      <member refid="d8/dd5/struct_list_item_info_1a06163c0e861ec13f8b8d24823d04b1f9" prot="public" virt="non-virtual"><scope>ListItemInfo</scope><name>type</name></member>
    </listofallmembers>
  </compounddef>
</doxygen>
