<?xml version='1.0' encoding='UTF-8' standalone='no'?>
<doxygen xmlns:xsi="http://www.w3.org/2001/XMLSchema-instance" xsi:noNamespaceSchemaLocation="compound.xsd" version="1.8.2">
  <compounddef id="d7/dfc/membername_8h" kind="file">
    <compoundname>membername.h</compoundname>
    <includes local="no">qlist.h</includes>
    <includes refid="d4/d46/memberdef_8h" local="yes">memberdef.h</includes>
    <includes refid="d9/d21/sortdict_8h" local="yes">sortdict.h</includes>
    <includedby refid="de/d89/classdef_8cpp" local="yes">src/classdef.cpp</includedby>
    <includedby refid="d8/d29/docbookgen_8cpp" local="yes">src/docbookgen.cpp</includedby>
    <includedby refid="dc/d98/doxygen_8cpp" local="yes">src/doxygen.cpp</includedby>
    <includedby refid="d6/d42/groupdef_8cpp" local="yes">src/groupdef.cpp</includedby>
    <includedby refid="d0/d72/memberdef_8cpp" local="yes">src/memberdef.cpp</includedby>
    <includedby refid="de/d1d/membername_8cpp" local="yes">src/membername.cpp</includedby>
    <includedby refid="de/dd0/perlmodgen_8cpp" local="yes">src/perlmodgen.cpp</includedby>
    <includedby refid="d7/d79/searchindex_8cpp" local="yes">src/searchindex.cpp</includedby>
    <includedby refid="df/d2d/util_8cpp" local="yes">src/util.cpp</includedby>
    <includedby refid="d0/dc3/xmlgen_8cpp" local="yes">src/xmlgen.cpp</includedby>
    <incdepgraph>
      <node id="3733">
        <label>qcstring.h</label>
      </node>
      <node id="3736">
        <label>sortdict.h</label>
        <link refid="d9/d21/sortdict_8h_source"/>
        <childnode refid="3729" relation="include">
        </childnode>
        <childnode refid="3735" relation="include">
        </childnode>
        <childnode refid="3737" relation="include">
        </childnode>
      </node>
      <node id="3737">
        <label>qintdict.h</label>
      </node>
      <node id="3731">
        <label>sys/types.h</label>
      </node>
      <node id="3732">
        <label>types.h</label>
        <link refid="d9/d49/types_8h"/>
        <childnode refid="3733" relation="include">
        </childnode>
      </node>
      <node id="3729">
        <label>qlist.h</label>
      </node>
      <node id="3730">
        <label>memberdef.h</label>
        <link refid="d4/d46/memberdef_8h_source"/>
        <childnode refid="3729" relation="include">
        </childnode>
        <childnode refid="3731" relation="include">
        </childnode>
        <childnode refid="3732" relation="include">
        </childnode>
        <childnode refid="3734" relation="include">
        </childnode>
      </node>
      <node id="3728">
        <label>src/membername.h</label>
        <link refid="membername.h"/>
        <childnode refid="3729" relation="include">
        </childnode>
        <childnode refid="3730" relation="include">
        </childnode>
        <childnode refid="3736" relation="include">
        </childnode>
      </node>
      <node id="3734">
        <label>definition.h</label>
        <link refid="df/da1/definition_8h_source"/>
        <childnode refid="3729" relation="include">
        </childnode>
        <childnode refid="3735" relation="include">
        </childnode>
        <childnode refid="3732" relation="include">
        </childnode>
      </node>
      <node id="3735">
        <label>qdict.h</label>
      </node>
    </incdepgraph>
    <invincdepgraph>
      <node id="3743">
        <label>src/memberdef.cpp</label>
        <link refid="d0/d72/memberdef_8cpp_source"/>
      </node>
      <node id="3741">
        <label>src/doxygen.cpp</label>
        <link refid="dc/d98/doxygen_8cpp_source"/>
      </node>
      <node id="3747">
        <label>src/util.cpp</label>
        <link refid="df/d2d/util_8cpp_source"/>
      </node>
      <node id="3746">
        <label>src/searchindex.cpp</label>
        <link refid="d7/d79/searchindex_8cpp_source"/>
      </node>
      <node id="3742">
        <label>src/groupdef.cpp</label>
        <link refid="d6/d42/groupdef_8cpp_source"/>
      </node>
      <node id="3740">
        <label>src/docbookgen.cpp</label>
        <link refid="d8/d29/docbookgen_8cpp_source"/>
      </node>
      <node id="3745">
        <label>src/perlmodgen.cpp</label>
        <link refid="de/dd0/perlmodgen_8cpp_source"/>
      </node>
      <node id="3748">
        <label>src/xmlgen.cpp</label>
        <link refid="d0/dc3/xmlgen_8cpp_source"/>
      </node>
      <node id="3744">
        <label>src/membername.cpp</label>
        <link refid="de/d1d/membername_8cpp_source"/>
      </node>
      <node id="3738">
        <label>src/membername.h</label>
        <link refid="membername.h"/>
        <childnode refid="3739" relation="include">
        </childnode>
        <childnode refid="3740" relation="include">
        </childnode>
        <childnode refid="3741" relation="include">
        </childnode>
        <childnode refid="3742" relation="include">
        </childnode>
        <childnode refid="3743" relation="include">
        </childnode>
        <childnode refid="3744" relation="include">
        </childnode>
        <childnode refid="3745" relation="include">
        </childnode>
        <childnode refid="3746" relation="include">
        </childnode>
        <childnode refid="3747" relation="include">
        </childnode>
        <childnode refid="3748" relation="include">
        </childnode>
      </node>
      <node id="3739">
        <label>src/classdef.cpp</label>
        <link refid="de/d89/classdef_8cpp_source"/>
      </node>
    </invincdepgraph>
    <innerclass refid="da/d7e/class_member_name" prot="public">MemberName</innerclass>
    <innerclass refid="df/d28/class_member_name_iterator" prot="public">MemberNameIterator</innerclass>
    <innerclass refid="d1/d7e/class_member_name_s_dict" prot="public">MemberNameSDict</innerclass>
    <innerclass refid="d3/d49/struct_member_info" prot="public">MemberInfo</innerclass>
    <innerclass refid="d4/d27/class_member_name_info" prot="public">MemberNameInfo</innerclass>
    <innerclass refid="d2/d1b/class_member_name_info_iterator" prot="public">MemberNameInfoIterator</innerclass>
    <innerclass refid="d6/d70/class_member_name_info_s_dict" prot="public">MemberNameInfoSDict</innerclass>
    <briefdescription>
    </briefdescription>
    <detaileddescription>
    </detaileddescription>
    <programlisting>
<codeline lineno="1"><highlight class="comment">/******************************************************************************</highlight></codeline>
<codeline lineno="2"><highlight class="comment"><sp/>*</highlight></codeline>
<codeline lineno="3"><highlight class="comment"><sp/>*<sp/>$Id:<sp/>membername.h,v<sp/>1.17<sp/>2001/03/19<sp/>19:27:41<sp/>root<sp/>Exp<sp/>$</highlight></codeline>
<codeline lineno="4"><highlight class="comment"><sp/>*</highlight></codeline>
<codeline lineno="5"><highlight class="comment"><sp/>*<sp/>Copyright<sp/>(C)<sp/>1997-2013<sp/>by<sp/>Dimitri<sp/>van<sp/>Heesch.</highlight></codeline>
<codeline lineno="6"><highlight class="comment"><sp/>*</highlight></codeline>
<codeline lineno="7"><highlight class="comment"><sp/>*<sp/>Permission<sp/>to<sp/>use,<sp/>copy,<sp/>modify,<sp/>and<sp/>distribute<sp/>this<sp/>software<sp/>and<sp/>its</highlight></codeline>
<codeline lineno="8"><highlight class="comment"><sp/>*<sp/>documentation<sp/>under<sp/>the<sp/>terms<sp/>of<sp/>the<sp/>GNU<sp/>General<sp/>Public<sp/>License<sp/>is<sp/>hereby<sp/></highlight></codeline>
<codeline lineno="9"><highlight class="comment"><sp/>*<sp/>granted.<sp/>No<sp/>representations<sp/>are<sp/>made<sp/>about<sp/>the<sp/>suitability<sp/>of<sp/>this<sp/>software<sp/></highlight></codeline>
<codeline lineno="10"><highlight class="comment"><sp/>*<sp/>for<sp/>any<sp/>purpose.<sp/>It<sp/>is<sp/>provided<sp/>&quot;as<sp/>is&quot;<sp/>without<sp/>express<sp/>or<sp/>implied<sp/>warranty.</highlight></codeline>
<codeline lineno="11"><highlight class="comment"><sp/>*<sp/>See<sp/>the<sp/>GNU<sp/>General<sp/>Public<sp/>License<sp/>for<sp/>more<sp/>details.</highlight></codeline>
<codeline lineno="12"><highlight class="comment"><sp/>*</highlight></codeline>
<codeline lineno="13"><highlight class="comment"><sp/>*<sp/>Documents<sp/>produced<sp/>by<sp/>Doxygen<sp/>are<sp/>derivative<sp/>works<sp/>derived<sp/>from<sp/>the</highlight></codeline>
<codeline lineno="14"><highlight class="comment"><sp/>*<sp/>input<sp/>used<sp/>in<sp/>their<sp/>production;<sp/>they<sp/>are<sp/>not<sp/>affected<sp/>by<sp/>this<sp/>license.</highlight></codeline>
<codeline lineno="15"><highlight class="comment"><sp/>*</highlight></codeline>
<codeline lineno="16"><highlight class="comment"><sp/>*/</highlight><highlight class="normal"></highlight></codeline>
<codeline lineno="17"><highlight class="normal"></highlight></codeline>
<codeline lineno="18"><highlight class="normal"></highlight><highlight class="preprocessor">#ifndef<sp/>MEMBERNAME_H</highlight></codeline>
<codeline lineno="19"><highlight class="preprocessor"></highlight><highlight class="preprocessor">#define<sp/>MEMBERNAME_H</highlight></codeline>
<codeline lineno="20"><highlight class="preprocessor"></highlight><highlight class="normal"></highlight></codeline>
<codeline lineno="21"><highlight class="normal"></highlight><highlight class="preprocessor">#include<sp/>&lt;qlist.h&gt;</highlight><highlight class="normal"></highlight></codeline>
<codeline lineno="22"><highlight class="normal"></highlight><highlight class="preprocessor">#include<sp/>&quot;memberdef.h&quot;</highlight><highlight class="normal"></highlight></codeline>
<codeline lineno="23"><highlight class="normal"></highlight><highlight class="preprocessor">#include<sp/>&quot;sortdict.h&quot;</highlight><highlight class="normal"></highlight></codeline>
<codeline lineno="24"><highlight class="normal"></highlight></codeline>
<codeline lineno="26" refid="da/d7e/class_member_name" refkind="compound"><highlight class="keyword">class<sp/></highlight><highlight class="normal"><ref refid="da/d7e/class_member_name" kindref="compound" tooltip="Class representing all MemberDef objects with the same name.">MemberName</ref><sp/>:<sp/></highlight><highlight class="keyword">public</highlight><highlight class="normal"><sp/><ref refid="db/daa/class_q_list" kindref="compound">QList</ref>&lt;MemberDef&gt;</highlight></codeline>
<codeline lineno="27"><highlight class="normal">{<sp/></highlight></codeline>
<codeline lineno="28"><highlight class="normal"><sp/><sp/></highlight><highlight class="keyword">public</highlight><highlight class="normal">:</highlight></codeline>
<codeline lineno="29"><highlight class="normal"><sp/><sp/><sp/><sp/><ref refid="da/d7e/class_member_name" kindref="compound" tooltip="Class representing all MemberDef objects with the same name.">MemberName</ref>(</highlight><highlight class="keyword">const</highlight><highlight class="normal"><sp/></highlight><highlight class="keywordtype">char</highlight><highlight class="normal"><sp/>*name);</highlight></codeline>
<codeline lineno="30"><highlight class="normal"><sp/><sp/><sp/>~<ref refid="da/d7e/class_member_name" kindref="compound" tooltip="Class representing all MemberDef objects with the same name.">MemberName</ref>();</highlight></codeline>
<codeline lineno="31"><highlight class="normal"><sp/><sp/><sp/><sp/></highlight><highlight class="keyword">const</highlight><highlight class="normal"><sp/></highlight><highlight class="keywordtype">char</highlight><highlight class="normal"><sp/>*memberName()</highlight><highlight class="keyword"><sp/>const<sp/></highlight><highlight class="normal">{<sp/></highlight><highlight class="keywordflow">return</highlight><highlight class="normal"><sp/>name;<sp/>}</highlight></codeline>
<codeline lineno="32"><highlight class="normal"><sp/><sp/><sp/></highlight></codeline>
<codeline lineno="33"><highlight class="normal"><sp/><sp/><sp/><sp/></highlight><highlight class="keywordtype">int</highlight><highlight class="normal"><sp/>compareItems(QCollection::Item<sp/>item1,QCollection::Item<sp/>item2);</highlight></codeline>
<codeline lineno="34"><highlight class="normal"><sp/><sp/></highlight><highlight class="keyword">private</highlight><highlight class="normal">:</highlight></codeline>
<codeline lineno="35"><highlight class="normal"><sp/><sp/><sp/><sp/>QCString<sp/>name;</highlight></codeline>
<codeline lineno="36"><highlight class="normal">};</highlight></codeline>
<codeline lineno="37"><highlight class="normal"></highlight></codeline>
<codeline lineno="39" refid="df/d28/class_member_name_iterator" refkind="compound"><highlight class="keyword">class<sp/></highlight><highlight class="normal"><ref refid="df/d28/class_member_name_iterator" kindref="compound" tooltip="Iterator for MemberDef objects in a MemberName list.">MemberNameIterator</ref><sp/>:<sp/></highlight><highlight class="keyword">public</highlight><highlight class="normal"><sp/>QListIterator&lt;MemberDef&gt;</highlight></codeline>
<codeline lineno="40"><highlight class="normal">{</highlight></codeline>
<codeline lineno="41"><highlight class="normal"><sp/><sp/></highlight><highlight class="keyword">public</highlight><highlight class="normal">:</highlight></codeline>
<codeline lineno="42"><highlight class="normal"><sp/><sp/><sp/><sp/><ref refid="df/d28/class_member_name_iterator" kindref="compound" tooltip="Iterator for MemberDef objects in a MemberName list.">MemberNameIterator</ref>(<sp/></highlight><highlight class="keyword">const</highlight><highlight class="normal"><sp/><ref refid="da/d7e/class_member_name" kindref="compound" tooltip="Class representing all MemberDef objects with the same name.">MemberName</ref><sp/>&amp;list);</highlight></codeline>
<codeline lineno="43"><highlight class="normal">};</highlight></codeline>
<codeline lineno="44"><highlight class="normal"></highlight></codeline>
<codeline lineno="46" refid="d1/d7e/class_member_name_s_dict" refkind="compound"><highlight class="keyword">class<sp/></highlight><highlight class="normal"><ref refid="d1/d7e/class_member_name_s_dict" kindref="compound" tooltip="Sorted dictionary of MemberName objects.">MemberNameSDict</ref><sp/>:<sp/></highlight><highlight class="keyword">public</highlight><highlight class="normal"><sp/><ref refid="d1/d50/class_s_dict" kindref="compound" tooltip="Ordered dictionary of elements of type T.">SDict</ref>&lt;MemberName&gt;</highlight></codeline>
<codeline lineno="47"><highlight class="normal">{</highlight></codeline>
<codeline lineno="48"><highlight class="normal"><sp/><sp/></highlight><highlight class="keyword">public</highlight><highlight class="normal">:</highlight></codeline>
<codeline lineno="49"><highlight class="normal"><sp/><sp/><sp/><sp/><ref refid="d1/d7e/class_member_name_s_dict" kindref="compound" tooltip="Sorted dictionary of MemberName objects.">MemberNameSDict</ref>(</highlight><highlight class="keywordtype">int</highlight><highlight class="normal"><sp/>size)<sp/>:<sp/><ref refid="d1/d50/class_s_dict" kindref="compound">SDict&lt;MemberName&gt;</ref>(size)<sp/>{}</highlight></codeline>
<codeline lineno="50"><highlight class="normal"><sp/><sp/><sp/>~<ref refid="d1/d7e/class_member_name_s_dict" kindref="compound" tooltip="Sorted dictionary of MemberName objects.">MemberNameSDict</ref>()<sp/>{}</highlight></codeline>
<codeline lineno="51"><highlight class="normal"></highlight></codeline>
<codeline lineno="52"><highlight class="normal"><sp/><sp/><sp/></highlight><highlight class="keywordtype">int</highlight><highlight class="normal"><sp/><ref refid="d1/d7e/class_member_name_s_dict_1a18be68f36283a2bef27796f92f4744c4" kindref="member">compareItems</ref>(QCollection::Item<sp/>item1,QCollection::Item<sp/>item2);</highlight></codeline>
<codeline lineno="53"><highlight class="normal">};</highlight></codeline>
<codeline lineno="54"><highlight class="normal"></highlight></codeline>
<codeline lineno="56" refid="d3/d49/struct_member_info" refkind="compound"><highlight class="keyword">struct<sp/></highlight><highlight class="normal"><ref refid="d3/d49/struct_member_info" kindref="compound" tooltip="Data associated with a MemberDef in an inheritance relation.">MemberInfo</ref></highlight></codeline>
<codeline lineno="57"><highlight class="normal">{</highlight></codeline>
<codeline lineno="58"><highlight class="normal"><sp/><sp/><ref refid="d3/d49/struct_member_info" kindref="compound" tooltip="Data associated with a MemberDef in an inheritance relation.">MemberInfo</ref>(<ref refid="da/d09/class_member_def" kindref="compound" tooltip="A model of a class/file/namespace member symbol.">MemberDef</ref><sp/>*md,<ref refid="d9/d49/types_8h_1a90e352184df58cd09455fe9996cd4ded" kindref="member" tooltip="Protection level of members.">Protection</ref><sp/>p,<ref refid="d9/d49/types_8h_1ab16236bdd10ddf4d73a9847350f0017e" kindref="member" tooltip="Virtualness of a member.">Specifier</ref><sp/>v,</highlight><highlight class="keywordtype">bool</highlight><highlight class="normal"><sp/>inh)<sp/>:</highlight></codeline>
<codeline lineno="59"><highlight class="normal"><sp/><sp/><sp/><sp/><sp/><sp/><sp/><sp/>memberDef(md),<sp/>prot(p),<sp/>virt(v),<sp/>inherited(inh),<sp/>ambigClass(0)<sp/>{}</highlight></codeline>
<codeline lineno="60"><highlight class="normal"><sp/>~<ref refid="d3/d49/struct_member_info" kindref="compound" tooltip="Data associated with a MemberDef in an inheritance relation.">MemberInfo</ref>()<sp/>{}</highlight></codeline>
<codeline lineno="61"><highlight class="normal"><sp/><sp/><ref refid="da/d09/class_member_def" kindref="compound" tooltip="A model of a class/file/namespace member symbol.">MemberDef</ref><sp/>*memberDef;</highlight></codeline>
<codeline lineno="62"><highlight class="normal"><sp/><sp/><ref refid="d9/d49/types_8h_1a90e352184df58cd09455fe9996cd4ded" kindref="member" tooltip="Protection level of members.">Protection</ref><sp/>prot;</highlight></codeline>
<codeline lineno="63"><highlight class="normal"><sp/><sp/><ref refid="d9/d49/types_8h_1ab16236bdd10ddf4d73a9847350f0017e" kindref="member" tooltip="Virtualness of a member.">Specifier</ref><sp/><sp/>virt;</highlight></codeline>
<codeline lineno="64"><highlight class="normal"><sp/><sp/></highlight><highlight class="keywordtype">bool</highlight><highlight class="normal"><sp/><sp/><sp/><sp/><sp/><sp/><sp/>inherited;</highlight></codeline>
<codeline lineno="65"><highlight class="normal"><sp/><sp/>QCString<sp/><sp/><sp/>scopePath;</highlight></codeline>
<codeline lineno="66"><highlight class="normal"><sp/><sp/>QCString<sp/><sp/><sp/>ambiguityResolutionScope;<sp/></highlight></codeline>
<codeline lineno="67"><highlight class="normal"><sp/><sp/><ref refid="d1/dcf/class_class_def" kindref="compound" tooltip="A class representing of a compound symbol.">ClassDef</ref><sp/><sp/>*ambigClass;</highlight></codeline>
<codeline lineno="68"><highlight class="normal">};</highlight></codeline>
<codeline lineno="69"><highlight class="normal"></highlight></codeline>
<codeline lineno="71" refid="d4/d27/class_member_name_info" refkind="compound"><highlight class="keyword">class<sp/></highlight><highlight class="normal"><ref refid="d4/d27/class_member_name_info" kindref="compound" tooltip="Class representing all MemberInfo objects with the same name.">MemberNameInfo</ref><sp/>:<sp/></highlight><highlight class="keyword">public</highlight><highlight class="normal"><sp/><ref refid="db/daa/class_q_list" kindref="compound">QList</ref>&lt;MemberInfo&gt;</highlight></codeline>
<codeline lineno="72"><highlight class="normal">{</highlight></codeline>
<codeline lineno="73"><highlight class="normal"><sp/><sp/></highlight><highlight class="keyword">public</highlight><highlight class="normal">:</highlight></codeline>
<codeline lineno="74"><highlight class="normal"><sp/><sp/><sp/><sp/><ref refid="d4/d27/class_member_name_info" kindref="compound" tooltip="Class representing all MemberInfo objects with the same name.">MemberNameInfo</ref>(</highlight><highlight class="keyword">const</highlight><highlight class="normal"><sp/></highlight><highlight class="keywordtype">char</highlight><highlight class="normal"><sp/>*name);<sp/><sp/></highlight></codeline>
<codeline lineno="75"><highlight class="normal"><sp/><sp/><sp/>~<ref refid="d4/d27/class_member_name_info" kindref="compound" tooltip="Class representing all MemberInfo objects with the same name.">MemberNameInfo</ref>()<sp/>{}</highlight></codeline>
<codeline lineno="76"><highlight class="normal"><sp/><sp/><sp/><sp/></highlight><highlight class="keyword">const</highlight><highlight class="normal"><sp/></highlight><highlight class="keywordtype">char</highlight><highlight class="normal"><sp/>*memberName()</highlight><highlight class="keyword"><sp/>const<sp/></highlight><highlight class="normal">{<sp/></highlight><highlight class="keywordflow">return</highlight><highlight class="normal"><sp/>name;<sp/>}</highlight></codeline>
<codeline lineno="77"><highlight class="normal"><sp/><sp/><sp/><sp/></highlight><highlight class="keywordtype">int</highlight><highlight class="normal"><sp/>compareItems(QCollection::Item<sp/>item1,QCollection::Item<sp/>item2);</highlight></codeline>
<codeline lineno="78"><highlight class="normal"><sp/><sp/></highlight><highlight class="keyword">private</highlight><highlight class="normal">:</highlight></codeline>
<codeline lineno="79"><highlight class="normal"><sp/><sp/><sp/><sp/>QCString<sp/>name;</highlight></codeline>
<codeline lineno="80"><highlight class="normal">};</highlight></codeline>
<codeline lineno="81"><highlight class="normal"></highlight></codeline>
<codeline lineno="83" refid="d2/d1b/class_member_name_info_iterator" refkind="compound"><highlight class="keyword">class<sp/></highlight><highlight class="normal"><ref refid="d2/d1b/class_member_name_info_iterator" kindref="compound" tooltip="Iterator for MemberInfo objects in a MemberNameInfo list.">MemberNameInfoIterator</ref><sp/>:<sp/></highlight><highlight class="keyword">public</highlight><highlight class="normal"><sp/>QListIterator&lt;MemberInfo&gt;</highlight></codeline>
<codeline lineno="84"><highlight class="normal">{</highlight></codeline>
<codeline lineno="85"><highlight class="normal"><sp/><sp/></highlight><highlight class="keyword">public</highlight><highlight class="normal">:</highlight></codeline>
<codeline lineno="86"><highlight class="normal"><sp/><sp/><sp/><sp/><ref refid="d2/d1b/class_member_name_info_iterator" kindref="compound" tooltip="Iterator for MemberInfo objects in a MemberNameInfo list.">MemberNameInfoIterator</ref>(</highlight><highlight class="keyword">const</highlight><highlight class="normal"><sp/><ref refid="d4/d27/class_member_name_info" kindref="compound" tooltip="Class representing all MemberInfo objects with the same name.">MemberNameInfo</ref><sp/>&amp;mnii)<sp/></highlight></codeline>
<codeline lineno="87"><highlight class="normal"><sp/><sp/><sp/><sp/><sp/><sp/>:<sp/>QListIterator&lt;MemberInfo&gt;(mnii)<sp/>{}</highlight></codeline>
<codeline lineno="88"><highlight class="normal">};</highlight></codeline>
<codeline lineno="89"><highlight class="normal"></highlight></codeline>
<codeline lineno="91" refid="d6/d70/class_member_name_info_s_dict" refkind="compound"><highlight class="keyword">class<sp/></highlight><highlight class="normal"><ref refid="d6/d70/class_member_name_info_s_dict" kindref="compound" tooltip="Sorted dictionary of MemberNameInfo objects.">MemberNameInfoSDict</ref><sp/>:<sp/></highlight><highlight class="keyword">public</highlight><highlight class="normal"><sp/><ref refid="d1/d50/class_s_dict" kindref="compound" tooltip="Ordered dictionary of elements of type T.">SDict</ref>&lt;MemberNameInfo&gt;</highlight></codeline>
<codeline lineno="92"><highlight class="normal">{</highlight></codeline>
<codeline lineno="93"><highlight class="normal"><sp/><sp/></highlight><highlight class="keyword">public</highlight><highlight class="normal">:</highlight></codeline>
<codeline lineno="94"><highlight class="normal"><sp/><sp/><sp/><sp/><ref refid="d6/d70/class_member_name_info_s_dict" kindref="compound" tooltip="Sorted dictionary of MemberNameInfo objects.">MemberNameInfoSDict</ref>(</highlight><highlight class="keywordtype">int</highlight><highlight class="normal"><sp/>size)<sp/>:<sp/><ref refid="d1/d50/class_s_dict" kindref="compound">SDict&lt;MemberNameInfo&gt;</ref>(size)<sp/>{}</highlight></codeline>
<codeline lineno="95"><highlight class="normal"><sp/><sp/><sp/>~<ref refid="d6/d70/class_member_name_info_s_dict" kindref="compound" tooltip="Sorted dictionary of MemberNameInfo objects.">MemberNameInfoSDict</ref>()<sp/>{}</highlight></codeline>
<codeline lineno="96" refid="d6/d70/class_member_name_info_s_dict_1a2b439acf21f8ac169b20acc8fc3d2bc8" refkind="member"><highlight class="normal"><sp/><sp/><sp/><sp/></highlight><highlight class="keywordtype">int</highlight><highlight class="normal"><sp/><ref refid="d6/d70/class_member_name_info_s_dict_1a2b439acf21f8ac169b20acc8fc3d2bc8" kindref="member">compareItems</ref>(QCollection::Item<sp/>item1,QCollection::Item<sp/>item2)<sp/></highlight></codeline>
<codeline lineno="97"><highlight class="normal"><sp/><sp/><sp/><sp/>{<sp/></highlight><highlight class="keywordflow">return</highlight><highlight class="normal"><sp/>qstricmp(</highlight></codeline>
<codeline lineno="98"><highlight class="normal"><sp/><sp/><sp/><sp/><sp/><sp/><sp/><sp/><sp/><sp/><sp/><sp/><sp/><sp/><sp/><sp/><sp/><sp/><sp/><sp/>((<ref refid="d4/d27/class_member_name_info" kindref="compound" tooltip="Class representing all MemberInfo objects with the same name.">MemberNameInfo</ref><sp/>*)item1)-&gt;memberName(),</highlight></codeline>
<codeline lineno="99"><highlight class="normal"><sp/><sp/><sp/><sp/><sp/><sp/><sp/><sp/><sp/><sp/><sp/><sp/><sp/><sp/><sp/><sp/><sp/><sp/><sp/><sp/>((<ref refid="d4/d27/class_member_name_info" kindref="compound" tooltip="Class representing all MemberInfo objects with the same name.">MemberNameInfo</ref><sp/>*)item2)-&gt;memberName()</highlight></codeline>
<codeline lineno="100"><highlight class="normal"><sp/><sp/><sp/><sp/><sp/><sp/><sp/><sp/><sp/><sp/><sp/><sp/><sp/><sp/><sp/><sp/><sp/><sp/><sp/>);</highlight></codeline>
<codeline lineno="101"><highlight class="normal"><sp/><sp/><sp/><sp/>}</highlight></codeline>
<codeline lineno="102"><highlight class="normal">};</highlight></codeline>
<codeline lineno="103"><highlight class="normal"></highlight></codeline>
<codeline lineno="104"><highlight class="normal"></highlight><highlight class="preprocessor">#endif</highlight></codeline>
    </programlisting>
    <location file="C:/Users/Mat/Projects/doxygraph/examples/doxygen-1.8.4/src/membername.h"/>
  </compounddef>
</doxygen>
