<?xml version='1.0' encoding='UTF-8' standalone='no'?>
<doxygen xmlns:xsi="http://www.w3.org/2001/XMLSchema-instance" xsi:noNamespaceSchemaLocation="compound.xsd" version="1.8.2">
  <compounddef id="df/d9b/arguments_8h" kind="file">
    <compoundname>arguments.h</compoundname>
    <includes local="no">qlist.h</includes>
    <includes local="no">qcstring.h</includes>
    <includedby refid="d4/dd4/arguments_8cpp" local="yes">src/arguments.cpp</includedby>
    <includedby refid="dd/dec/vhdldocgen_8h" local="yes">src/vhdldocgen.h</includedby>
    <includedby refid="de/d89/classdef_8cpp" local="yes">src/classdef.cpp</includedby>
    <includedby refid="d6/d10/classlist_8cpp" local="yes">src/classlist.cpp</includedby>
    <includedby refid="d1/d70/dbusxmlscanner_8cpp" local="yes">src/dbusxmlscanner.cpp</includedby>
    <includedby refid="d3/d17/defgen_8cpp" local="yes">src/defgen.cpp</includedby>
    <includedby refid="d8/d29/docbookgen_8cpp" local="yes">src/docbookgen.cpp</includedby>
    <includedby refid="da/d17/docparser_8cpp" local="yes">src/docparser.cpp</includedby>
    <includedby refid="dc/d98/doxygen_8cpp" local="yes">src/doxygen.cpp</includedby>
    <includedby refid="d2/dd2/entry_8cpp" local="yes">src/entry.cpp</includedby>
    <includedby refid="d6/d42/groupdef_8cpp" local="yes">src/groupdef.cpp</includedby>
    <includedby refid="d9/d85/marshal_8cpp" local="yes">src/marshal.cpp</includedby>
    <includedby refid="d0/d72/memberdef_8cpp" local="yes">src/memberdef.cpp</includedby>
    <includedby refid="de/dd0/perlmodgen_8cpp" local="yes">src/perlmodgen.cpp</includedby>
    <includedby refid="d4/d7b/tagreader_8cpp" local="yes">src/tagreader.cpp</includedby>
    <includedby refid="df/d2d/util_8cpp" local="yes">src/util.cpp</includedby>
    <includedby refid="de/dea/vhdldocgen_8cpp" local="yes">src/vhdldocgen.cpp</includedby>
    <includedby refid="d0/dc3/xmlgen_8cpp" local="yes">src/xmlgen.cpp</includedby>
    <incdepgraph>
      <node id="324">
        <label>qcstring.h</label>
      </node>
      <node id="323">
        <label>qlist.h</label>
      </node>
      <node id="322">
        <label>src/arguments.h</label>
        <link refid="arguments.h"/>
        <childnode refid="323" relation="include">
        </childnode>
        <childnode refid="324" relation="include">
        </childnode>
      </node>
    </incdepgraph>
    <invincdepgraph>
      <node id="351">
        <label>src/marshal.cpp</label>
        <link refid="d9/d85/marshal_8cpp_source"/>
      </node>
      <node id="353">
        <label>src/tagreader.cpp</label>
        <link refid="d4/d7b/tagreader_8cpp_source"/>
      </node>
      <node id="339">
        <label>src/htmldocvisitor.cpp</label>
        <link refid="da/db0/htmldocvisitor_8cpp_source"/>
      </node>
      <node id="331">
        <label>src/docparser.cpp</label>
        <link refid="da/d17/docparser_8cpp_source"/>
      </node>
      <node id="335">
        <label>src/memberdef.cpp</label>
        <link refid="d0/d72/memberdef_8cpp_source"/>
      </node>
      <node id="334">
        <label>src/doxygen.cpp</label>
        <link refid="dc/d98/doxygen_8cpp_source"/>
      </node>
      <node id="332">
        <label>src/dot.cpp</label>
        <link refid="de/daa/dot_8cpp_source"/>
      </node>
      <node id="336">
        <label>src/vhdldocgen.cpp</label>
        <link refid="de/dea/vhdldocgen_8cpp_source"/>
      </node>
      <node id="346">
        <label>src/rtfgen.cpp</label>
        <link refid="d0/d9c/rtfgen_8cpp_source"/>
      </node>
      <node id="329">
        <label>src/classlist.cpp</label>
        <link refid="d6/d10/classlist_8cpp_source"/>
      </node>
      <node id="333">
        <label>src/vhdlscanner.h</label>
        <link refid="d8/d75/vhdlscanner_8h_source"/>
        <childnode refid="334" relation="include">
        </childnode>
        <childnode refid="335" relation="include">
        </childnode>
        <childnode refid="336" relation="include">
        </childnode>
      </node>
      <node id="326">
        <label>src/arguments.cpp</label>
        <link refid="d4/dd4/arguments_8cpp_source"/>
      </node>
      <node id="348">
        <label>src/defgen.cpp</label>
        <link refid="d3/d17/defgen_8cpp_source"/>
      </node>
      <node id="350">
        <label>src/entry.cpp</label>
        <link refid="d2/dd2/entry_8cpp_source"/>
      </node>
      <node id="354">
        <label>src/util.cpp</label>
        <link refid="df/d2d/util_8cpp_source"/>
      </node>
      <node id="337">
        <label>src/filedef.cpp</label>
        <link refid="d6/ddc/filedef_8cpp_source"/>
      </node>
      <node id="338">
        <label>src/groupdef.cpp</label>
        <link refid="d6/d42/groupdef_8cpp_source"/>
      </node>
      <node id="349">
        <label>src/docbookgen.cpp</label>
        <link refid="d8/d29/docbookgen_8cpp_source"/>
      </node>
      <node id="352">
        <label>src/perlmodgen.cpp</label>
        <link refid="de/dd0/perlmodgen_8cpp_source"/>
      </node>
      <node id="330">
        <label>src/definition.cpp</label>
        <link refid="d3/dea/definition_8cpp_source"/>
      </node>
      <node id="344">
        <label>src/namespacedef.cpp</label>
        <link refid="d7/d1c/namespacedef_8cpp_source"/>
      </node>
      <node id="347">
        <label>src/dbusxmlscanner.cpp</label>
        <link refid="d1/d70/dbusxmlscanner_8cpp_source"/>
      </node>
      <node id="355">
        <label>src/xmlgen.cpp</label>
        <link refid="d0/dc3/xmlgen_8cpp_source"/>
      </node>
      <node id="340">
        <label>src/htmlgen.cpp</label>
        <link refid="d8/d6e/htmlgen_8cpp_source"/>
      </node>
      <node id="341">
        <label>src/index.cpp</label>
        <link refid="db/d14/index_8cpp"/>
      </node>
      <node id="342">
        <label>src/layout.cpp</label>
        <link refid="db/d16/layout_8cpp_source"/>
      </node>
      <node id="343">
        <label>src/memberlist.cpp</label>
        <link refid="d0/d14/memberlist_8cpp_source"/>
      </node>
      <node id="328">
        <label>src/classdef.cpp</label>
        <link refid="de/d89/classdef_8cpp_source"/>
      </node>
      <node id="345">
        <label>src/outputlist.cpp</label>
        <link refid="db/dd8/outputlist_8cpp"/>
      </node>
      <node id="327">
        <label>src/vhdldocgen.h</label>
        <link refid="dd/dec/vhdldocgen_8h_source"/>
        <childnode refid="328" relation="include">
        </childnode>
        <childnode refid="329" relation="include">
        </childnode>
        <childnode refid="330" relation="include">
        </childnode>
        <childnode refid="331" relation="include">
        </childnode>
        <childnode refid="332" relation="include">
        </childnode>
        <childnode refid="333" relation="include">
        </childnode>
        <childnode refid="334" relation="include">
        </childnode>
        <childnode refid="337" relation="include">
        </childnode>
        <childnode refid="338" relation="include">
        </childnode>
        <childnode refid="339" relation="include">
        </childnode>
        <childnode refid="340" relation="include">
        </childnode>
        <childnode refid="341" relation="include">
        </childnode>
        <childnode refid="342" relation="include">
        </childnode>
        <childnode refid="335" relation="include">
        </childnode>
        <childnode refid="343" relation="include">
        </childnode>
        <childnode refid="344" relation="include">
        </childnode>
        <childnode refid="345" relation="include">
        </childnode>
        <childnode refid="346" relation="include">
        </childnode>
        <childnode refid="336" relation="include">
        </childnode>
      </node>
      <node id="325">
        <label>src/arguments.h</label>
        <link refid="arguments.h"/>
        <childnode refid="326" relation="include">
        </childnode>
        <childnode refid="327" relation="include">
        </childnode>
        <childnode refid="328" relation="include">
        </childnode>
        <childnode refid="329" relation="include">
        </childnode>
        <childnode refid="347" relation="include">
        </childnode>
        <childnode refid="348" relation="include">
        </childnode>
        <childnode refid="349" relation="include">
        </childnode>
        <childnode refid="331" relation="include">
        </childnode>
        <childnode refid="334" relation="include">
        </childnode>
        <childnode refid="350" relation="include">
        </childnode>
        <childnode refid="338" relation="include">
        </childnode>
        <childnode refid="351" relation="include">
        </childnode>
        <childnode refid="335" relation="include">
        </childnode>
        <childnode refid="352" relation="include">
        </childnode>
        <childnode refid="353" relation="include">
        </childnode>
        <childnode refid="354" relation="include">
        </childnode>
        <childnode refid="336" relation="include">
        </childnode>
        <childnode refid="355" relation="include">
        </childnode>
      </node>
    </invincdepgraph>
    <innerclass refid="d1/dee/struct_argument" prot="public">Argument</innerclass>
    <innerclass refid="d7/df8/class_argument_list" prot="public">ArgumentList</innerclass>
      <sectiondef kind="typedef">
      <memberdef kind="typedef" id="df/d9b/arguments_8h_1a6a65abc8d19d8ae05dc52eb8f553f205" prot="public" static="no">
        <type>QListIterator&lt; <ref refid="d1/dee/struct_argument" kindref="compound">Argument</ref> &gt;</type>
        <definition>typedef QListIterator&lt;Argument&gt; ArgumentListIterator</definition>
        <argsstring></argsstring>
        <name>ArgumentListIterator</name>
        <briefdescription>
        </briefdescription>
        <detaileddescription>
        </detaileddescription>
        <inbodydescription>
        </inbodydescription>
        <location file="C:/Users/Mat/Projects/doxygraph/examples/doxygen-1.8.4/src/arguments.h" line="108" bodyfile="C:/Users/Mat/Projects/doxygraph/examples/doxygen-1.8.4/src/arguments.h" bodystart="108" bodyend="-1"/>
      </memberdef>
      </sectiondef>
    <briefdescription>
    </briefdescription>
    <detaileddescription>
    </detaileddescription>
    <programlisting>
<codeline lineno="1"><highlight class="comment">/******************************************************************************</highlight></codeline>
<codeline lineno="2"><highlight class="comment"><sp/>*</highlight></codeline>
<codeline lineno="3"><highlight class="comment"><sp/>*<sp/>Copyright<sp/>(C)<sp/>1997-2013<sp/>by<sp/>Dimitri<sp/>van<sp/>Heesch.</highlight></codeline>
<codeline lineno="4"><highlight class="comment"><sp/>*</highlight></codeline>
<codeline lineno="5"><highlight class="comment"><sp/>*<sp/>Permission<sp/>to<sp/>use,<sp/>copy,<sp/>modify,<sp/>and<sp/>distribute<sp/>this<sp/>software<sp/>and<sp/>its</highlight></codeline>
<codeline lineno="6"><highlight class="comment"><sp/>*<sp/>documentation<sp/>under<sp/>the<sp/>terms<sp/>of<sp/>the<sp/>GNU<sp/>General<sp/>Public<sp/>License<sp/>is<sp/>hereby<sp/></highlight></codeline>
<codeline lineno="7"><highlight class="comment"><sp/>*<sp/>granted.<sp/>No<sp/>representations<sp/>are<sp/>made<sp/>about<sp/>the<sp/>suitability<sp/>of<sp/>this<sp/>software<sp/></highlight></codeline>
<codeline lineno="8"><highlight class="comment"><sp/>*<sp/>for<sp/>any<sp/>purpose.<sp/>It<sp/>is<sp/>provided<sp/>&quot;as<sp/>is&quot;<sp/>without<sp/>express<sp/>or<sp/>implied<sp/>warranty.</highlight></codeline>
<codeline lineno="9"><highlight class="comment"><sp/>*<sp/>See<sp/>the<sp/>GNU<sp/>General<sp/>Public<sp/>License<sp/>for<sp/>more<sp/>details.</highlight></codeline>
<codeline lineno="10"><highlight class="comment"><sp/>*</highlight></codeline>
<codeline lineno="11"><highlight class="comment"><sp/>*<sp/>Documents<sp/>produced<sp/>by<sp/>Doxygen<sp/>are<sp/>derivative<sp/>works<sp/>derived<sp/>from<sp/>the</highlight></codeline>
<codeline lineno="12"><highlight class="comment"><sp/>*<sp/>input<sp/>used<sp/>in<sp/>their<sp/>production;<sp/>they<sp/>are<sp/>not<sp/>affected<sp/>by<sp/>this<sp/>license.</highlight></codeline>
<codeline lineno="13"><highlight class="comment"><sp/>*</highlight></codeline>
<codeline lineno="14"><highlight class="comment"><sp/>*/</highlight><highlight class="normal"></highlight></codeline>
<codeline lineno="15"><highlight class="normal"></highlight></codeline>
<codeline lineno="16"><highlight class="normal"></highlight><highlight class="preprocessor">#ifndef<sp/>ARGUMENTS_H</highlight></codeline>
<codeline lineno="17"><highlight class="preprocessor"></highlight><highlight class="preprocessor">#define<sp/>ARGUMENTS_H</highlight></codeline>
<codeline lineno="18"><highlight class="preprocessor"></highlight><highlight class="normal"></highlight></codeline>
<codeline lineno="19"><highlight class="normal"></highlight><highlight class="preprocessor">#include<sp/>&lt;qlist.h&gt;</highlight><highlight class="normal"></highlight></codeline>
<codeline lineno="20"><highlight class="normal"></highlight><highlight class="preprocessor">#include<sp/>&lt;qcstring.h&gt;</highlight><highlight class="normal"></highlight></codeline>
<codeline lineno="21"><highlight class="normal"></highlight></codeline>
<codeline lineno="22"><highlight class="normal"></highlight><highlight class="keyword">class<sp/></highlight><highlight class="normal"><ref refid="d7/db0/class_storage_intf" kindref="compound" tooltip="Abstract interface for file based memory storage operations.">StorageIntf</ref>;</highlight></codeline>
<codeline lineno="23"><highlight class="normal"></highlight></codeline>
<codeline lineno="28" refid="d1/dee/struct_argument" refkind="compound"><highlight class="keyword">struct<sp/></highlight><highlight class="normal"><ref refid="d1/dee/struct_argument" kindref="compound" tooltip="This class contains the information about the argument of a function or template.">Argument</ref></highlight></codeline>
<codeline lineno="29"><highlight class="normal">{</highlight></codeline>
<codeline lineno="31" refid="d1/dee/struct_argument_1a21f78c9b347967aa8bf77e5d3f35592f" refkind="member"><highlight class="normal"><sp/><sp/><ref refid="d1/dee/struct_argument_1a21f78c9b347967aa8bf77e5d3f35592f" kindref="member">Argument</ref>()<sp/>{}</highlight></codeline>
<codeline lineno="33" refid="d1/dee/struct_argument_1a87adc78036a4e04a05692bd13f90d91a" refkind="member"><highlight class="normal"><sp/><sp/><ref refid="d1/dee/struct_argument_1a21f78c9b347967aa8bf77e5d3f35592f" kindref="member">Argument</ref>(</highlight><highlight class="keyword">const</highlight><highlight class="normal"><sp/><ref refid="d1/dee/struct_argument" kindref="compound" tooltip="This class contains the information about the argument of a function or template.">Argument</ref><sp/>&amp;a)<sp/></highlight></codeline>
<codeline lineno="34"><highlight class="normal"><sp/><sp/>{<sp/></highlight></codeline>
<codeline lineno="35"><highlight class="normal"><sp/><sp/><sp/><sp/><ref refid="d1/dee/struct_argument_1aff930f2a4cb85b5616be79b81db2341f" kindref="member">attrib</ref>=a.<ref refid="d1/dee/struct_argument_1aff930f2a4cb85b5616be79b81db2341f" kindref="member">attrib</ref>.copy();</highlight></codeline>
<codeline lineno="36"><highlight class="normal"><sp/><sp/><sp/><sp/><ref refid="d1/dee/struct_argument_1a1ad588d2b3cc71fe3f74c8272b4ec32e" kindref="member">type</ref>=a.<ref refid="d1/dee/struct_argument_1a1ad588d2b3cc71fe3f74c8272b4ec32e" kindref="member">type</ref>.copy();<sp/></highlight></codeline>
<codeline lineno="37"><highlight class="normal"><sp/><sp/><sp/><sp/><ref refid="d1/dee/struct_argument_1a334668ce5d1f650c804e69f1bc941a3b" kindref="member">name</ref>=a.<ref refid="d1/dee/struct_argument_1a334668ce5d1f650c804e69f1bc941a3b" kindref="member">name</ref>.copy();<sp/></highlight></codeline>
<codeline lineno="38"><highlight class="normal"><sp/><sp/><sp/><sp/><ref refid="d1/dee/struct_argument_1a4fe1d9319dede52f7551f59297772efa" kindref="member">defval</ref>=a.<ref refid="d1/dee/struct_argument_1a4fe1d9319dede52f7551f59297772efa" kindref="member">defval</ref>.copy();<sp/></highlight></codeline>
<codeline lineno="39"><highlight class="normal"><sp/><sp/><sp/><sp/><ref refid="d1/dee/struct_argument_1a5d6cd35aa392b1703acf14104b19c589" kindref="member">docs</ref>=a.<ref refid="d1/dee/struct_argument_1a5d6cd35aa392b1703acf14104b19c589" kindref="member">docs</ref>.copy();</highlight></codeline>
<codeline lineno="40"><highlight class="normal"><sp/><sp/><sp/><sp/><ref refid="d1/dee/struct_argument_1a9e33101befb3a977ac863d8a595ed210" kindref="member">array</ref>=a.<ref refid="d1/dee/struct_argument_1a9e33101befb3a977ac863d8a595ed210" kindref="member">array</ref>.copy();</highlight></codeline>
<codeline lineno="41"><highlight class="normal"><sp/><sp/>}</highlight></codeline>
<codeline lineno="43" refid="d1/dee/struct_argument_1aeb2dc827f4c8a7f597f714b3995c20e4" refkind="member"><highlight class="normal"><sp/><sp/><ref refid="d1/dee/struct_argument" kindref="compound" tooltip="This class contains the information about the argument of a function or template.">Argument</ref><sp/>&amp;<ref refid="d1/dee/struct_argument_1aeb2dc827f4c8a7f597f714b3995c20e4" kindref="member">operator=</ref>(</highlight><highlight class="keyword">const</highlight><highlight class="normal"><sp/><ref refid="d1/dee/struct_argument" kindref="compound" tooltip="This class contains the information about the argument of a function or template.">Argument</ref><sp/>&amp;a)</highlight></codeline>
<codeline lineno="44"><highlight class="normal"><sp/><sp/>{</highlight></codeline>
<codeline lineno="45"><highlight class="normal"><sp/><sp/><sp/><sp/></highlight><highlight class="keywordflow">if</highlight><highlight class="normal"><sp/>(</highlight><highlight class="keyword">this</highlight><highlight class="normal">!=&amp;a)</highlight></codeline>
<codeline lineno="46"><highlight class="normal"><sp/><sp/><sp/><sp/>{</highlight></codeline>
<codeline lineno="47"><highlight class="normal"><sp/><sp/><sp/><sp/><sp/><sp/><ref refid="d1/dee/struct_argument_1aff930f2a4cb85b5616be79b81db2341f" kindref="member">attrib</ref>=a.<ref refid="d1/dee/struct_argument_1aff930f2a4cb85b5616be79b81db2341f" kindref="member">attrib</ref>.copy();</highlight></codeline>
<codeline lineno="48"><highlight class="normal"><sp/><sp/><sp/><sp/><sp/><sp/><ref refid="d1/dee/struct_argument_1a1ad588d2b3cc71fe3f74c8272b4ec32e" kindref="member">type</ref>=a.<ref refid="d1/dee/struct_argument_1a1ad588d2b3cc71fe3f74c8272b4ec32e" kindref="member">type</ref>.copy();<sp/></highlight></codeline>
<codeline lineno="49"><highlight class="normal"><sp/><sp/><sp/><sp/><sp/><sp/><ref refid="d1/dee/struct_argument_1a334668ce5d1f650c804e69f1bc941a3b" kindref="member">name</ref>=a.<ref refid="d1/dee/struct_argument_1a334668ce5d1f650c804e69f1bc941a3b" kindref="member">name</ref>.copy();<sp/></highlight></codeline>
<codeline lineno="50"><highlight class="normal"><sp/><sp/><sp/><sp/><sp/><sp/><ref refid="d1/dee/struct_argument_1a4fe1d9319dede52f7551f59297772efa" kindref="member">defval</ref>=a.<ref refid="d1/dee/struct_argument_1a4fe1d9319dede52f7551f59297772efa" kindref="member">defval</ref>.copy();<sp/></highlight></codeline>
<codeline lineno="51"><highlight class="normal"><sp/><sp/><sp/><sp/><sp/><sp/><ref refid="d1/dee/struct_argument_1a5d6cd35aa392b1703acf14104b19c589" kindref="member">docs</ref>=a.<ref refid="d1/dee/struct_argument_1a5d6cd35aa392b1703acf14104b19c589" kindref="member">docs</ref>.copy();</highlight></codeline>
<codeline lineno="52"><highlight class="normal"><sp/><sp/><sp/><sp/><sp/><sp/><ref refid="d1/dee/struct_argument_1a9e33101befb3a977ac863d8a595ed210" kindref="member">array</ref>=a.<ref refid="d1/dee/struct_argument_1a9e33101befb3a977ac863d8a595ed210" kindref="member">array</ref>.copy();</highlight></codeline>
<codeline lineno="53"><highlight class="normal"><sp/><sp/><sp/><sp/>}</highlight></codeline>
<codeline lineno="54"><highlight class="normal"><sp/><sp/><sp/><sp/></highlight><highlight class="keywordflow">return</highlight><highlight class="normal"><sp/>*</highlight><highlight class="keyword">this</highlight><highlight class="normal">;</highlight></codeline>
<codeline lineno="55"><highlight class="normal"><sp/><sp/>}</highlight></codeline>
<codeline lineno="59" refid="d1/dee/struct_argument_1a3f0aa4b21a40b3d36e6cf645504cf60b" refkind="member"><highlight class="normal"><sp/><sp/></highlight><highlight class="keywordtype">bool</highlight><highlight class="normal"><sp/><ref refid="d1/dee/struct_argument_1a3f0aa4b21a40b3d36e6cf645504cf60b" kindref="member">hasDocumentation</ref>()</highlight><highlight class="keyword"><sp/>const<sp/></highlight></codeline>
<codeline lineno="60"><highlight class="keyword"><sp/><sp/></highlight><highlight class="normal">{<sp/></highlight></codeline>
<codeline lineno="61"><highlight class="normal"><sp/><sp/><sp/><sp/></highlight><highlight class="keywordflow">return</highlight><highlight class="normal"><sp/>!<ref refid="d1/dee/struct_argument_1a334668ce5d1f650c804e69f1bc941a3b" kindref="member">name</ref>.isEmpty()<sp/>&amp;&amp;<sp/>!<ref refid="d1/dee/struct_argument_1a5d6cd35aa392b1703acf14104b19c589" kindref="member">docs</ref>.isEmpty();<sp/></highlight></codeline>
<codeline lineno="62"><highlight class="normal"><sp/><sp/>}</highlight></codeline>
<codeline lineno="63"><highlight class="normal"><sp/><sp/></highlight></codeline>
<codeline lineno="64" refid="d1/dee/struct_argument_1aff930f2a4cb85b5616be79b81db2341f" refkind="member"><highlight class="normal"><sp/><sp/>QCString<sp/><ref refid="d1/dee/struct_argument_1aff930f2a4cb85b5616be79b81db2341f" kindref="member">attrib</ref>;<sp/><sp/><sp/></highlight></codeline>
<codeline lineno="65" refid="d1/dee/struct_argument_1a1ad588d2b3cc71fe3f74c8272b4ec32e" refkind="member"><highlight class="normal"><sp/><sp/>QCString<sp/><ref refid="d1/dee/struct_argument_1a1ad588d2b3cc71fe3f74c8272b4ec32e" kindref="member">type</ref>;<sp/><sp/><sp/><sp/><sp/></highlight></codeline>
<codeline lineno="66" refid="d1/dee/struct_argument_1ac20b3c80630f773cf72f13c6e44b235a" refkind="member"><highlight class="normal"><sp/><sp/>QCString<sp/><ref refid="d1/dee/struct_argument_1ac20b3c80630f773cf72f13c6e44b235a" kindref="member">canType</ref>;<sp/><sp/></highlight></codeline>
<codeline lineno="67" refid="d1/dee/struct_argument_1a334668ce5d1f650c804e69f1bc941a3b" refkind="member"><highlight class="normal"><sp/><sp/>QCString<sp/><ref refid="d1/dee/struct_argument_1a334668ce5d1f650c804e69f1bc941a3b" kindref="member">name</ref>;<sp/><sp/><sp/><sp/><sp/></highlight></codeline>
<codeline lineno="68" refid="d1/dee/struct_argument_1a9e33101befb3a977ac863d8a595ed210" refkind="member"><highlight class="normal"><sp/><sp/>QCString<sp/><ref refid="d1/dee/struct_argument_1a9e33101befb3a977ac863d8a595ed210" kindref="member">array</ref>;<sp/><sp/><sp/><sp/></highlight></codeline>
<codeline lineno="69" refid="d1/dee/struct_argument_1a4fe1d9319dede52f7551f59297772efa" refkind="member"><highlight class="normal"><sp/><sp/>QCString<sp/><ref refid="d1/dee/struct_argument_1a4fe1d9319dede52f7551f59297772efa" kindref="member">defval</ref>;<sp/><sp/><sp/></highlight></codeline>
<codeline lineno="70" refid="d1/dee/struct_argument_1a5d6cd35aa392b1703acf14104b19c589" refkind="member"><highlight class="normal"><sp/><sp/>QCString<sp/><ref refid="d1/dee/struct_argument_1a5d6cd35aa392b1703acf14104b19c589" kindref="member">docs</ref>;<sp/><sp/><sp/><sp/><sp/></highlight></codeline>
<codeline lineno="71"><highlight class="normal">};</highlight></codeline>
<codeline lineno="72"><highlight class="normal"></highlight></codeline>
<codeline lineno="79" refid="d7/df8/class_argument_list" refkind="compound"><highlight class="keyword">class<sp/></highlight><highlight class="normal"><ref refid="d7/df8/class_argument_list" kindref="compound" tooltip="This class represents an function or template argument list.">ArgumentList</ref><sp/>:<sp/></highlight><highlight class="keyword">public</highlight><highlight class="normal"><sp/><ref refid="db/daa/class_q_list" kindref="compound">QList</ref>&lt;Argument&gt;<sp/></highlight></codeline>
<codeline lineno="80"><highlight class="normal">{</highlight></codeline>
<codeline lineno="81"><highlight class="normal"><sp/><sp/></highlight><highlight class="keyword">public</highlight><highlight class="normal">:</highlight></codeline>
<codeline lineno="83" refid="d7/df8/class_argument_list_1a2f46f024604fbd06eb4f2d18f97f74c0" refkind="member"><highlight class="normal"><sp/><sp/><sp/><sp/><ref refid="d7/df8/class_argument_list_1a2f46f024604fbd06eb4f2d18f97f74c0" kindref="member">ArgumentList</ref>()<sp/>:<sp/><ref refid="db/daa/class_q_list" kindref="compound">QList</ref>&lt;<ref refid="d1/dee/struct_argument" kindref="compound" tooltip="This class contains the information about the argument of a function or template.">Argument</ref>&gt;(),<sp/></highlight></codeline>
<codeline lineno="84"><highlight class="normal"><sp/><sp/><sp/><sp/><sp/><sp/><sp/><sp/><sp/><sp/><sp/><sp/><sp/><sp/><sp/><sp/><sp/><sp/><sp/><sp/><sp/><ref refid="d7/df8/class_argument_list_1ae466c241240301ea30065310134ab639" kindref="member">constSpecifier</ref>(FALSE),</highlight></codeline>
<codeline lineno="85"><highlight class="normal"><sp/><sp/><sp/><sp/><sp/><sp/><sp/><sp/><sp/><sp/><sp/><sp/><sp/><sp/><sp/><sp/><sp/><sp/><sp/><sp/><sp/><ref refid="d7/df8/class_argument_list_1ae058c8cda0c6ce8837aab723e0af62bd" kindref="member">volatileSpecifier</ref>(FALSE),</highlight></codeline>
<codeline lineno="86"><highlight class="normal"><sp/><sp/><sp/><sp/><sp/><sp/><sp/><sp/><sp/><sp/><sp/><sp/><sp/><sp/><sp/><sp/><sp/><sp/><sp/><sp/><sp/><ref refid="d7/df8/class_argument_list_1a3f023c090551e0ecaa588b25f895c047" kindref="member">pureSpecifier</ref>(FALSE)</highlight></codeline>
<codeline lineno="87"><highlight class="normal"><sp/><sp/><sp/><sp/><sp/><sp/><sp/><sp/><sp/><sp/><sp/><sp/><sp/><sp/><sp/><sp/><sp/><sp/><sp/><sp/><sp/>{<sp/>setAutoDelete(TRUE);<sp/>}</highlight></codeline>
<codeline lineno="89" refid="d7/df8/class_argument_list_1a208ee05222465738505facb0b24e0380" refkind="member"><highlight class="normal"><sp/><sp/><sp/><ref refid="d7/df8/class_argument_list_1a208ee05222465738505facb0b24e0380" kindref="member">~ArgumentList</ref>()<sp/>{}</highlight></codeline>
<codeline lineno="91"><highlight class="normal"><sp/><sp/><sp/><sp/><ref refid="d7/df8/class_argument_list" kindref="compound" tooltip="This class represents an function or template argument list.">ArgumentList</ref><sp/>*<ref refid="d7/df8/class_argument_list_1a57a064d6f3ba77dbc19ce8b768eb3909" kindref="member">deepCopy</ref>()<sp/></highlight><highlight class="keyword">const</highlight><highlight class="normal">;</highlight></codeline>
<codeline lineno="93"><highlight class="normal"><sp/><sp/><sp/><sp/></highlight><highlight class="keywordtype">bool</highlight><highlight class="normal"><sp/><ref refid="d7/df8/class_argument_list_1a2a3058f54bea8d3f320bba8ec6ffcb2b" kindref="member">hasDocumentation</ref>()<sp/></highlight><highlight class="keyword">const</highlight><highlight class="normal">;</highlight></codeline>
<codeline lineno="95" refid="d7/df8/class_argument_list_1ae466c241240301ea30065310134ab639" refkind="member"><highlight class="normal"><sp/><sp/><sp/><sp/></highlight><highlight class="keywordtype">bool</highlight><highlight class="normal"><sp/><ref refid="d7/df8/class_argument_list_1ae466c241240301ea30065310134ab639" kindref="member">constSpecifier</ref>;</highlight></codeline>
<codeline lineno="97" refid="d7/df8/class_argument_list_1ae058c8cda0c6ce8837aab723e0af62bd" refkind="member"><highlight class="normal"><sp/><sp/><sp/><sp/></highlight><highlight class="keywordtype">bool</highlight><highlight class="normal"><sp/><ref refid="d7/df8/class_argument_list_1ae058c8cda0c6ce8837aab723e0af62bd" kindref="member">volatileSpecifier</ref>;</highlight></codeline>
<codeline lineno="99" refid="d7/df8/class_argument_list_1a3f023c090551e0ecaa588b25f895c047" refkind="member"><highlight class="normal"><sp/><sp/><sp/><sp/></highlight><highlight class="keywordtype">bool</highlight><highlight class="normal"><sp/><ref refid="d7/df8/class_argument_list_1a3f023c090551e0ecaa588b25f895c047" kindref="member">pureSpecifier</ref>;</highlight></codeline>
<codeline lineno="101" refid="d7/df8/class_argument_list_1ac41ea581a7578480e4bed0d6c5e1af78" refkind="member"><highlight class="normal"><sp/><sp/><sp/><sp/>QCString<sp/><ref refid="d7/df8/class_argument_list_1ac41ea581a7578480e4bed0d6c5e1af78" kindref="member">trailingReturnType</ref>;</highlight></codeline>
<codeline lineno="104"><highlight class="normal"><sp/><sp/><sp/><sp/></highlight><highlight class="keyword">static</highlight><highlight class="normal"><sp/><ref refid="d7/df8/class_argument_list" kindref="compound" tooltip="This class represents an function or template argument list.">ArgumentList</ref><sp/>*<ref refid="d7/df8/class_argument_list_1afa737f8c786a4ea7e3e14d7baf063aea" kindref="member">unmarshal</ref>(<ref refid="d7/db0/class_storage_intf" kindref="compound" tooltip="Abstract interface for file based memory storage operations.">StorageIntf</ref><sp/>*s);</highlight></codeline>
<codeline lineno="105"><highlight class="normal"><sp/><sp/><sp/><sp/></highlight><highlight class="keyword">static</highlight><highlight class="normal"><sp/></highlight><highlight class="keywordtype">void</highlight><highlight class="normal"><sp/>marshal(<ref refid="d7/db0/class_storage_intf" kindref="compound" tooltip="Abstract interface for file based memory storage operations.">StorageIntf</ref><sp/>*s,<ref refid="d7/df8/class_argument_list" kindref="compound" tooltip="This class represents an function or template argument list.">ArgumentList</ref><sp/>*argList);</highlight></codeline>
<codeline lineno="106"><highlight class="normal">};</highlight></codeline>
<codeline lineno="107"><highlight class="normal"></highlight></codeline>
<codeline lineno="108"><highlight class="normal"></highlight><highlight class="keyword">typedef</highlight><highlight class="normal"><sp/>QListIterator&lt;Argument&gt;<sp/>ArgumentListIterator;</highlight></codeline>
<codeline lineno="109"><highlight class="normal"></highlight></codeline>
<codeline lineno="110"><highlight class="normal"></highlight><highlight class="preprocessor">#endif</highlight></codeline>
    </programlisting>
    <location file="C:/Users/Mat/Projects/doxygraph/examples/doxygen-1.8.4/src/arguments.h"/>
  </compounddef>
</doxygen>
