<?xml version='1.0' encoding='UTF-8' standalone='no'?>
<doxygen xmlns:xsi="http://www.w3.org/2001/XMLSchema-instance" xsi:noNamespaceSchemaLocation="compound.xsd" version="1.8.2">
  <compounddef id="d5/d48/struct_cmhl_info" kind="struct" prot="public">
    <compoundname>CmhlInfo</compoundname>
      <sectiondef kind="public-attrib">
      <memberdef kind="variable" id="d5/d48/struct_cmhl_info_1a5bd20fa128f0a1ee5b9c9f89f29a5b5d" prot="public" static="no" mutable="no">
        <type>const char *</type>
        <definition>const char* CmhlInfo::fname</definition>
        <argsstring></argsstring>
        <name>fname</name>
        <briefdescription>
        </briefdescription>
        <detaileddescription>
        </detaileddescription>
        <inbodydescription>
        </inbodydescription>
        <location file="C:/Users/Mat/Projects/doxygraph/examples/doxygen-1.8.4/src/index.cpp" line="2508" bodyfile="C:/Users/Mat/Projects/doxygraph/examples/doxygen-1.8.4/src/index.cpp" bodystart="2508" bodyend="-1"/>
      </memberdef>
      <memberdef kind="variable" id="d5/d48/struct_cmhl_info_1a1d13ea09f95c6a0cb9d97f7b78ef81c3" prot="public" static="no" mutable="no">
        <type>QCString</type>
        <definition>QCString CmhlInfo::title</definition>
        <argsstring></argsstring>
        <name>title</name>
        <briefdescription>
        </briefdescription>
        <detaileddescription>
        </detaileddescription>
        <inbodydescription>
        </inbodydescription>
        <location file="C:/Users/Mat/Projects/doxygraph/examples/doxygen-1.8.4/src/index.cpp" line="2509" bodyfile="C:/Users/Mat/Projects/doxygraph/examples/doxygen-1.8.4/src/index.cpp" bodystart="2509" bodyend="-1"/>
      </memberdef>
      </sectiondef>
      <sectiondef kind="public-func">
      <memberdef kind="function" id="d5/d48/struct_cmhl_info_1a850470c9b71f3bb7dececa00e0c45944" prot="public" static="no" const="no" explicit="no" inline="yes" virt="non-virtual">
        <type></type>
        <definition>CmhlInfo::CmhlInfo</definition>
        <argsstring>(const char *fn, const char *t)</argsstring>
        <name>CmhlInfo</name>
        <param>
          <type>const char *</type>
          <declname>fn</declname>
        </param>
        <param>
          <type>const char *</type>
          <declname>t</declname>
        </param>
        <briefdescription>
        </briefdescription>
        <detaileddescription>
        </detaileddescription>
        <inbodydescription>
        </inbodydescription>
        <location file="C:/Users/Mat/Projects/doxygraph/examples/doxygen-1.8.4/src/index.cpp" line="2507" bodyfile="C:/Users/Mat/Projects/doxygraph/examples/doxygen-1.8.4/src/index.cpp" bodystart="2507" bodyend="2507"/>
      </memberdef>
      </sectiondef>
    <briefdescription>
<para>Helper class representing a class member in the navigation menu. </para>    </briefdescription>
    <detaileddescription>
    </detaileddescription>
    <location file="C:/Users/Mat/Projects/doxygraph/examples/doxygen-1.8.4/src/index.cpp" line="2506" bodyfile="C:/Users/Mat/Projects/doxygraph/examples/doxygen-1.8.4/src/index.cpp" bodystart="2505" bodyend="2510"/>
    <listofallmembers>
      <member refid="d5/d48/struct_cmhl_info_1a850470c9b71f3bb7dececa00e0c45944" prot="public" virt="non-virtual"><scope>CmhlInfo</scope><name>CmhlInfo</name></member>
      <member refid="d5/d48/struct_cmhl_info_1a5bd20fa128f0a1ee5b9c9f89f29a5b5d" prot="public" virt="non-virtual"><scope>CmhlInfo</scope><name>fname</name></member>
      <member refid="d5/d48/struct_cmhl_info_1a1d13ea09f95c6a0cb9d97f7b78ef81c3" prot="public" virt="non-virtual"><scope>CmhlInfo</scope><name>title</name></member>
    </listofallmembers>
  </compounddef>
</doxygen>
