<?xml version='1.0' encoding='UTF-8' standalone='no'?>
<doxygen xmlns:xsi="http://www.w3.org/2001/XMLSchema-instance" xsi:noNamespaceSchemaLocation="compound.xsd" version="1.8.2">
  <compounddef id="d6/d15/dirdef_8h" kind="file">
    <compoundname>dirdef.h</compoundname>
    <includes refid="d9/d21/sortdict_8h" local="yes">sortdict.h</includes>
    <includes refid="df/da1/definition_8h" local="yes">definition.h</includes>
    <includes local="no">qlist.h</includes>
    <includedby refid="d1/da1/doxygen_8h" local="yes">src/doxygen.h</includedby>
    <includedby refid="d3/dea/definition_8cpp" local="yes">src/definition.cpp</includedby>
    <includedby refid="d8/d52/dirdef_8cpp" local="yes">src/dirdef.cpp</includedby>
    <includedby refid="d8/d29/docbookgen_8cpp" local="yes">src/docbookgen.cpp</includedby>
    <includedby refid="de/daa/dot_8cpp" local="yes">src/dot.cpp</includedby>
    <includedby refid="dc/d98/doxygen_8cpp" local="yes">src/doxygen.cpp</includedby>
    <includedby refid="d6/ddc/filedef_8cpp" local="yes">src/filedef.cpp</includedby>
    <includedby refid="d6/d42/groupdef_8cpp" local="yes">src/groupdef.cpp</includedby>
    <includedby refid="d8/d6e/htmlgen_8cpp" local="yes">src/htmlgen.cpp</includedby>
    <includedby refid="db/d14/index_8cpp" local="yes">src/index.cpp</includedby>
    <includedby refid="d4/d42/latexgen_8cpp" local="yes">src/latexgen.cpp</includedby>
    <includedby refid="d0/d9c/rtfgen_8cpp" local="yes">src/rtfgen.cpp</includedby>
    <includedby refid="df/d2d/util_8cpp" local="yes">src/util.cpp</includedby>
    <includedby refid="d0/dc3/xmlgen_8cpp" local="yes">src/xmlgen.cpp</includedby>
    <incdepgraph>
      <node id="1117">
        <label>qcstring.h</label>
      </node>
      <node id="1111">
        <label>sortdict.h</label>
        <link refid="d9/d21/sortdict_8h_source"/>
        <childnode refid="1112" relation="include">
        </childnode>
        <childnode refid="1113" relation="include">
        </childnode>
        <childnode refid="1114" relation="include">
        </childnode>
      </node>
      <node id="1114">
        <label>qintdict.h</label>
      </node>
      <node id="1116">
        <label>types.h</label>
        <link refid="d9/d49/types_8h"/>
        <childnode refid="1117" relation="include">
        </childnode>
      </node>
      <node id="1112">
        <label>qlist.h</label>
      </node>
      <node id="1115">
        <label>definition.h</label>
        <link refid="df/da1/definition_8h_source"/>
        <childnode refid="1112" relation="include">
        </childnode>
        <childnode refid="1113" relation="include">
        </childnode>
        <childnode refid="1116" relation="include">
        </childnode>
      </node>
      <node id="1110">
        <label>src/dirdef.h</label>
        <link refid="dirdef.h"/>
        <childnode refid="1111" relation="include">
        </childnode>
        <childnode refid="1115" relation="include">
        </childnode>
        <childnode refid="1112" relation="include">
        </childnode>
      </node>
      <node id="1113">
        <label>qdict.h</label>
      </node>
    </incdepgraph>
    <invincdepgraph>
      <node id="1161">
        <label>src/tagreader.cpp</label>
        <link refid="d4/d7b/tagreader_8cpp_source"/>
      </node>
      <node id="1138">
        <label>src/htmldocvisitor.cpp</label>
        <link refid="da/db0/htmldocvisitor_8cpp_source"/>
      </node>
      <node id="1157">
        <label>src/qhp.cpp</label>
        <link refid="d9/d45/qhp_8cpp_source"/>
      </node>
      <node id="1158">
        <label>src/rtfdocvisitor.cpp</label>
        <link refid="de/d9a/rtfdocvisitor_8cpp_source"/>
      </node>
      <node id="1128">
        <label>src/docparser.cpp</label>
        <link refid="da/d17/docparser_8cpp_source"/>
      </node>
      <node id="1150">
        <label>src/membergroup.cpp</label>
        <link refid="d6/d18/membergroup_8cpp_source"/>
      </node>
      <node id="1149">
        <label>src/memberdef.cpp</label>
        <link refid="d0/d72/memberdef_8cpp_source"/>
      </node>
      <node id="1131">
        <label>src/doxygen.cpp</label>
        <link refid="dc/d98/doxygen_8cpp_source"/>
      </node>
      <node id="1130">
        <label>src/dot.cpp</label>
        <link refid="de/daa/dot_8cpp_source"/>
      </node>
      <node id="1163">
        <label>src/vhdldocgen.cpp</label>
        <link refid="de/dea/vhdldocgen_8cpp_source"/>
      </node>
      <node id="1159">
        <label>src/rtfgen.cpp</label>
        <link refid="d0/d9c/rtfgen_8cpp_source"/>
      </node>
      <node id="1146">
        <label>src/mandocvisitor.cpp</label>
        <link refid="d8/dde/mandocvisitor_8cpp_source"/>
      </node>
      <node id="1121">
        <label>src/classlist.cpp</label>
        <link refid="d6/d10/classlist_8cpp_source"/>
      </node>
      <node id="1155">
        <label>src/pagedef.cpp</label>
        <link refid="d9/db4/pagedef_8cpp_source"/>
      </node>
      <node id="1122">
        <label>src/defgen.cpp</label>
        <link refid="d3/d17/defgen_8cpp_source"/>
      </node>
      <node id="1133">
        <label>src/entry.cpp</label>
        <link refid="d2/dd2/entry_8cpp_source"/>
      </node>
      <node id="1162">
        <label>src/util.cpp</label>
        <link refid="df/d2d/util_8cpp_source"/>
      </node>
      <node id="1153">
        <label>src/msc.cpp</label>
        <link refid="db/d33/msc_8cpp_source"/>
      </node>
      <node id="1142">
        <label>src/latexdocvisitor.cpp</label>
        <link refid="d1/d4e/latexdocvisitor_8cpp_source"/>
      </node>
      <node id="1152">
        <label>src/message.cpp</label>
        <link refid="d8/d6a/message_8cpp_source"/>
      </node>
      <node id="1160">
        <label>src/searchindex.cpp</label>
        <link refid="d7/d79/searchindex_8cpp_source"/>
      </node>
      <node id="1134">
        <label>src/filedef.cpp</label>
        <link refid="d6/ddc/filedef_8cpp_source"/>
      </node>
      <node id="1137">
        <label>src/groupdef.cpp</label>
        <link refid="d6/d42/groupdef_8cpp_source"/>
      </node>
      <node id="1126">
        <label>src/docbookgen.cpp</label>
        <link refid="d8/d29/docbookgen_8cpp_source"/>
      </node>
      <node id="1125">
        <label>src/dirdef.cpp</label>
        <link refid="d8/d52/dirdef_8cpp_source"/>
      </node>
      <node id="1156">
        <label>src/perlmodgen.cpp</label>
        <link refid="de/dd0/perlmodgen_8cpp_source"/>
      </node>
      <node id="1123">
        <label>src/definition.cpp</label>
        <link refid="d3/dea/definition_8cpp_source"/>
      </node>
      <node id="1154">
        <label>src/namespacedef.cpp</label>
        <link refid="d7/d1c/namespacedef_8cpp_source"/>
      </node>
      <node id="1135">
        <label>src/formula.cpp</label>
        <link refid="d7/d5b/formula_8cpp_source"/>
      </node>
      <node id="1164">
        <label>src/xmldocvisitor.cpp</label>
        <link refid="dd/db6/xmldocvisitor_8cpp_source"/>
      </node>
      <node id="1127">
        <label>src/docbookvisitor.cpp</label>
        <link refid="dc/d05/docbookvisitor_8cpp_source"/>
      </node>
      <node id="1147">
        <label>src/mangen.cpp</label>
        <link refid="d7/de7/mangen_8cpp_source"/>
      </node>
      <node id="1136">
        <label>src/ftvhelp.cpp</label>
        <link refid="db/d41/ftvhelp_8cpp_source"/>
      </node>
      <node id="1165">
        <label>src/xmlgen.cpp</label>
        <link refid="d0/dc3/xmlgen_8cpp_source"/>
      </node>
      <node id="1139">
        <label>src/htmlgen.cpp</label>
        <link refid="d8/d6e/htmlgen_8cpp_source"/>
      </node>
      <node id="1141">
        <label>src/index.cpp</label>
        <link refid="db/d14/index_8cpp"/>
      </node>
      <node id="1144">
        <label>src/layout.cpp</label>
        <link refid="db/d16/layout_8cpp_source"/>
      </node>
      <node id="1151">
        <label>src/memberlist.cpp</label>
        <link refid="d0/d14/memberlist_8cpp_source"/>
      </node>
      <node id="1129">
        <label>src/docsets.cpp</label>
        <link refid="d7/d8f/docsets_8cpp_source"/>
      </node>
      <node id="1132">
        <label>src/eclipsehelp.cpp</label>
        <link refid="d8/d56/eclipsehelp_8cpp_source"/>
      </node>
      <node id="1119">
        <label>src/doxygen.h</label>
        <link refid="d1/da1/doxygen_8h_source"/>
        <childnode refid="1120" relation="include">
        </childnode>
        <childnode refid="1121" relation="include">
        </childnode>
        <childnode refid="1122" relation="include">
        </childnode>
        <childnode refid="1123" relation="include">
        </childnode>
        <childnode refid="1124" relation="include">
        </childnode>
        <childnode refid="1125" relation="include">
        </childnode>
        <childnode refid="1126" relation="include">
        </childnode>
        <childnode refid="1127" relation="include">
        </childnode>
        <childnode refid="1128" relation="include">
        </childnode>
        <childnode refid="1129" relation="include">
        </childnode>
        <childnode refid="1130" relation="include">
        </childnode>
        <childnode refid="1131" relation="include">
        </childnode>
        <childnode refid="1132" relation="include">
        </childnode>
        <childnode refid="1133" relation="include">
        </childnode>
        <childnode refid="1134" relation="include">
        </childnode>
        <childnode refid="1135" relation="include">
        </childnode>
        <childnode refid="1136" relation="include">
        </childnode>
        <childnode refid="1137" relation="include">
        </childnode>
        <childnode refid="1138" relation="include">
        </childnode>
        <childnode refid="1139" relation="include">
        </childnode>
        <childnode refid="1140" relation="include">
        </childnode>
        <childnode refid="1141" relation="include">
        </childnode>
        <childnode refid="1142" relation="include">
        </childnode>
        <childnode refid="1143" relation="include">
        </childnode>
        <childnode refid="1144" relation="include">
        </childnode>
        <childnode refid="1145" relation="include">
        </childnode>
        <childnode refid="1146" relation="include">
        </childnode>
        <childnode refid="1147" relation="include">
        </childnode>
        <childnode refid="1148" relation="include">
        </childnode>
        <childnode refid="1149" relation="include">
        </childnode>
        <childnode refid="1150" relation="include">
        </childnode>
        <childnode refid="1151" relation="include">
        </childnode>
        <childnode refid="1152" relation="include">
        </childnode>
        <childnode refid="1153" relation="include">
        </childnode>
        <childnode refid="1154" relation="include">
        </childnode>
        <childnode refid="1155" relation="include">
        </childnode>
        <childnode refid="1156" relation="include">
        </childnode>
        <childnode refid="1157" relation="include">
        </childnode>
        <childnode refid="1158" relation="include">
        </childnode>
        <childnode refid="1159" relation="include">
        </childnode>
        <childnode refid="1160" relation="include">
        </childnode>
        <childnode refid="1161" relation="include">
        </childnode>
        <childnode refid="1162" relation="include">
        </childnode>
        <childnode refid="1163" relation="include">
        </childnode>
        <childnode refid="1164" relation="include">
        </childnode>
        <childnode refid="1165" relation="include">
        </childnode>
      </node>
      <node id="1145">
        <label>src/main.cpp</label>
        <link refid="df/d0a/main_8cpp"/>
      </node>
      <node id="1148">
        <label>src/markdown.cpp</label>
        <link refid="de/d04/markdown_8cpp_source"/>
      </node>
      <node id="1140">
        <label>src/htmlhelp.cpp</label>
        <link refid="d3/d4b/htmlhelp_8cpp_source"/>
      </node>
      <node id="1118">
        <label>src/dirdef.h</label>
        <link refid="dirdef.h"/>
        <childnode refid="1119" relation="include">
        </childnode>
        <childnode refid="1123" relation="include">
        </childnode>
        <childnode refid="1125" relation="include">
        </childnode>
        <childnode refid="1126" relation="include">
        </childnode>
        <childnode refid="1130" relation="include">
        </childnode>
        <childnode refid="1131" relation="include">
        </childnode>
        <childnode refid="1134" relation="include">
        </childnode>
        <childnode refid="1137" relation="include">
        </childnode>
        <childnode refid="1139" relation="include">
        </childnode>
        <childnode refid="1141" relation="include">
        </childnode>
        <childnode refid="1143" relation="include">
        </childnode>
        <childnode refid="1159" relation="include">
        </childnode>
        <childnode refid="1162" relation="include">
        </childnode>
        <childnode refid="1165" relation="include">
        </childnode>
      </node>
      <node id="1124">
        <label>src/diagram.cpp</label>
        <link refid="da/d0d/diagram_8cpp_source"/>
      </node>
      <node id="1120">
        <label>src/classdef.cpp</label>
        <link refid="de/d89/classdef_8cpp_source"/>
      </node>
      <node id="1143">
        <label>src/latexgen.cpp</label>
        <link refid="d4/d42/latexgen_8cpp_source"/>
      </node>
    </invincdepgraph>
    <innerclass refid="dc/d2a/class_dir_list" prot="public">DirList</innerclass>
    <innerclass refid="d4/dd4/class_dir_def" prot="public">DirDef</innerclass>
    <innerclass refid="d2/d31/class_file_pair" prot="public">FilePair</innerclass>
    <innerclass refid="d0/d5d/class_file_pair_dict" prot="public">FilePairDict</innerclass>
    <innerclass refid="df/d42/class_used_dir" prot="public">UsedDir</innerclass>
    <innerclass refid="d6/db3/class_dir_relation" prot="public">DirRelation</innerclass>
    <innerclass refid="db/dc8/class_dir_s_dict" prot="public">DirSDict</innerclass>
      <sectiondef kind="func">
      <memberdef kind="function" id="d6/d15/dirdef_8h_1a9d5caa3df18ab19e549d3b603a716780" prot="public" static="no" const="no" explicit="no" inline="no" virt="non-virtual">
        <type>void</type>
        <definition>void buildDirectories</definition>
        <argsstring>()</argsstring>
        <name>buildDirectories</name>
        <briefdescription>
        </briefdescription>
        <detaileddescription>
        </detaileddescription>
        <inbodydescription>
        </inbodydescription>
        <location file="C:/Users/Mat/Projects/doxygraph/examples/doxygen-1.8.4/src/dirdef.h" line="179" bodyfile="C:/Users/Mat/Projects/doxygraph/examples/doxygen-1.8.4/src/dirdef.cpp" bodystart="841" bodyend="891"/>
      </memberdef>
      <memberdef kind="function" id="d6/d15/dirdef_8h_1aeb63b0db3ac92afc6ef8fd7a34129001" prot="public" static="no" const="no" explicit="no" inline="no" virt="non-virtual">
        <type>void</type>
        <definition>void generateDirDocs</definition>
        <argsstring>(OutputList &amp;ol)</argsstring>
        <name>generateDirDocs</name>
        <param>
          <type><ref refid="df/dc8/class_output_list" kindref="compound">OutputList</ref> &amp;</type>
          <declname>ol</declname>
        </param>
        <briefdescription>
        </briefdescription>
        <detaileddescription>
        </detaileddescription>
        <inbodydescription>
        </inbodydescription>
        <location file="C:/Users/Mat/Projects/doxygraph/examples/doxygen-1.8.4/src/dirdef.h" line="180" bodyfile="C:/Users/Mat/Projects/doxygraph/examples/doxygen-1.8.4/src/dirdef.cpp" bodystart="911" bodyend="928"/>
      </memberdef>
      <memberdef kind="function" id="d6/d15/dirdef_8h_1abf61ee43dee8d980a631843cd26b71cb" prot="public" static="no" const="no" explicit="no" inline="no" virt="non-virtual">
        <type>void</type>
        <definition>void computeDirDependencies</definition>
        <argsstring>()</argsstring>
        <name>computeDirDependencies</name>
        <briefdescription>
        </briefdescription>
        <detaileddescription>
        </detaileddescription>
        <inbodydescription>
        </inbodydescription>
        <location file="C:/Users/Mat/Projects/doxygraph/examples/doxygen-1.8.4/src/dirdef.h" line="181" bodyfile="C:/Users/Mat/Projects/doxygraph/examples/doxygen-1.8.4/src/dirdef.cpp" bodystart="893" bodyend="909"/>
      </memberdef>
      <memberdef kind="function" id="d6/d15/dirdef_8h_1a61e13e03281990897ea0d08b5d602eae" prot="public" static="no" const="no" explicit="no" inline="no" virt="non-virtual">
        <type>void</type>
        <definition>void writeDirDependencyGraph</definition>
        <argsstring>(const char *file)</argsstring>
        <name>writeDirDependencyGraph</name>
        <param>
          <type>const char *</type>
          <declname>file</declname>
        </param>
        <briefdescription>
        </briefdescription>
        <detaileddescription>
        </detaileddescription>
        <inbodydescription>
        </inbodydescription>
        <location file="C:/Users/Mat/Projects/doxygraph/examples/doxygen-1.8.4/src/dirdef.h" line="182"/>
      </memberdef>
      </sectiondef>
    <briefdescription>
    </briefdescription>
    <detaileddescription>
    </detaileddescription>
    <programlisting>
<codeline lineno="1"><highlight class="comment">/******************************************************************************</highlight></codeline>
<codeline lineno="2"><highlight class="comment"><sp/>*</highlight></codeline>
<codeline lineno="3"><highlight class="comment"><sp/>*<sp/>$Id:<sp/>$</highlight></codeline>
<codeline lineno="4"><highlight class="comment"><sp/>*</highlight></codeline>
<codeline lineno="5"><highlight class="comment"><sp/>*<sp/>Copyright<sp/>(C)<sp/>1997-2013<sp/>by<sp/>Dimitri<sp/>van<sp/>Heesch.</highlight></codeline>
<codeline lineno="6"><highlight class="comment"><sp/>*</highlight></codeline>
<codeline lineno="7"><highlight class="comment"><sp/>*<sp/>Permission<sp/>to<sp/>use,<sp/>copy,<sp/>modify,<sp/>and<sp/>distribute<sp/>this<sp/>software<sp/>and<sp/>its</highlight></codeline>
<codeline lineno="8"><highlight class="comment"><sp/>*<sp/>documentation<sp/>under<sp/>the<sp/>terms<sp/>of<sp/>the<sp/>GNU<sp/>General<sp/>Public<sp/>License<sp/>is<sp/>hereby<sp/></highlight></codeline>
<codeline lineno="9"><highlight class="comment"><sp/>*<sp/>granted.<sp/>No<sp/>representations<sp/>are<sp/>made<sp/>about<sp/>the<sp/>suitability<sp/>of<sp/>this<sp/>software<sp/></highlight></codeline>
<codeline lineno="10"><highlight class="comment"><sp/>*<sp/>for<sp/>any<sp/>purpose.<sp/>It<sp/>is<sp/>provided<sp/>&quot;as<sp/>is&quot;<sp/>without<sp/>express<sp/>or<sp/>implied<sp/>warranty.</highlight></codeline>
<codeline lineno="11"><highlight class="comment"><sp/>*<sp/>See<sp/>the<sp/>GNU<sp/>General<sp/>Public<sp/>License<sp/>for<sp/>more<sp/>details.</highlight></codeline>
<codeline lineno="12"><highlight class="comment"><sp/>*</highlight></codeline>
<codeline lineno="13"><highlight class="comment"><sp/>*<sp/>Documents<sp/>produced<sp/>by<sp/>Doxygen<sp/>are<sp/>derivative<sp/>works<sp/>derived<sp/>from<sp/>the</highlight></codeline>
<codeline lineno="14"><highlight class="comment"><sp/>*<sp/>input<sp/>used<sp/>in<sp/>their<sp/>production;<sp/>they<sp/>are<sp/>not<sp/>affected<sp/>by<sp/>this<sp/>license.</highlight></codeline>
<codeline lineno="15"><highlight class="comment"><sp/>*</highlight></codeline>
<codeline lineno="16"><highlight class="comment"><sp/>*/</highlight><highlight class="normal"></highlight></codeline>
<codeline lineno="17"><highlight class="normal"></highlight></codeline>
<codeline lineno="18"><highlight class="normal"></highlight><highlight class="preprocessor">#ifndef<sp/>DIRDEF_H</highlight></codeline>
<codeline lineno="19"><highlight class="preprocessor"></highlight><highlight class="preprocessor">#define<sp/>DIRDEF_H</highlight></codeline>
<codeline lineno="20"><highlight class="preprocessor"></highlight><highlight class="normal"></highlight></codeline>
<codeline lineno="21"><highlight class="normal"></highlight><highlight class="preprocessor">#include<sp/>&quot;sortdict.h&quot;</highlight><highlight class="normal"></highlight></codeline>
<codeline lineno="22"><highlight class="normal"></highlight><highlight class="preprocessor">#include<sp/>&quot;definition.h&quot;</highlight><highlight class="normal"></highlight></codeline>
<codeline lineno="23"><highlight class="normal"></highlight></codeline>
<codeline lineno="24"><highlight class="normal"></highlight><highlight class="preprocessor">#include<sp/>&lt;qlist.h&gt;</highlight><highlight class="normal"></highlight></codeline>
<codeline lineno="25"><highlight class="normal"></highlight></codeline>
<codeline lineno="26"><highlight class="normal"></highlight><highlight class="keyword">class<sp/></highlight><highlight class="normal"><ref refid="d0/d18/class_file_list" kindref="compound" tooltip="Class representing a list of FileDef objects.">FileList</ref>;</highlight></codeline>
<codeline lineno="27"><highlight class="normal"></highlight><highlight class="keyword">class<sp/></highlight><highlight class="normal"><ref refid="d9/d3d/class_class_s_dict" kindref="compound" tooltip="A sorted dictionary of ClassDef objects.">ClassSDict</ref>;</highlight></codeline>
<codeline lineno="28"><highlight class="normal"></highlight><highlight class="keyword">class<sp/></highlight><highlight class="normal">QStrList;</highlight></codeline>
<codeline lineno="29"><highlight class="normal"></highlight><highlight class="keyword">class<sp/></highlight><highlight class="normal"><ref refid="de/db0/class_file_def" kindref="compound" tooltip="A model of a file symbol.">FileDef</ref>;</highlight></codeline>
<codeline lineno="30"><highlight class="normal"></highlight><highlight class="keyword">class<sp/></highlight><highlight class="normal"><ref refid="df/dc8/class_output_list" kindref="compound" tooltip="Class representing a list of output generators that are written to in parallel.">OutputList</ref>;</highlight></codeline>
<codeline lineno="31"><highlight class="normal"></highlight><highlight class="keyword">class<sp/></highlight><highlight class="normal"><ref refid="df/d42/class_used_dir" kindref="compound" tooltip="Usage information of a directory.">UsedDir</ref>;</highlight></codeline>
<codeline lineno="32"><highlight class="normal"></highlight><highlight class="keyword">class<sp/></highlight><highlight class="normal"><ref refid="dc/d3c/class_f_text_stream" kindref="compound" tooltip="Simplified and optimized version of QTextStream.">FTextStream</ref>;</highlight></codeline>
<codeline lineno="33"><highlight class="normal"></highlight></codeline>
<codeline lineno="34"><highlight class="normal"></highlight><highlight class="keyword">class<sp/></highlight><highlight class="normal"><ref refid="d4/dd4/class_dir_def" kindref="compound" tooltip="A model of a directory symbol.">DirDef</ref>;</highlight></codeline>
<codeline lineno="35"><highlight class="normal"></highlight></codeline>
<codeline lineno="37" refid="dc/d2a/class_dir_list" refkind="compound"><highlight class="keyword">class<sp/></highlight><highlight class="normal"><ref refid="dc/d2a/class_dir_list" kindref="compound" tooltip="A list of directories.">DirList</ref><sp/>:<sp/></highlight><highlight class="keyword">public</highlight><highlight class="normal"><sp/><ref refid="db/daa/class_q_list" kindref="compound">QList</ref>&lt;DirDef&gt;</highlight></codeline>
<codeline lineno="38"><highlight class="normal">{</highlight></codeline>
<codeline lineno="39"><highlight class="normal"><sp/><sp/></highlight><highlight class="keyword">public</highlight><highlight class="normal">:</highlight></codeline>
<codeline lineno="40"><highlight class="normal"><sp/><sp/><sp/></highlight><highlight class="keywordtype">int</highlight><highlight class="normal"><sp/>compareItems(QCollection::Item<sp/>item1,QCollection::Item<sp/>item2);</highlight></codeline>
<codeline lineno="41"><highlight class="normal">};</highlight></codeline>
<codeline lineno="42"><highlight class="normal"></highlight></codeline>
<codeline lineno="44" refid="d4/dd4/class_dir_def" refkind="compound"><highlight class="keyword">class<sp/></highlight><highlight class="normal"><ref refid="d4/dd4/class_dir_def" kindref="compound" tooltip="A model of a directory symbol.">DirDef</ref><sp/>:<sp/></highlight><highlight class="keyword">public</highlight><highlight class="normal"><sp/><ref refid="d5/dcc/class_definition" kindref="compound" tooltip="The common base class of all entity definitions found in the sources.">Definition</ref></highlight></codeline>
<codeline lineno="45"><highlight class="normal">{</highlight></codeline>
<codeline lineno="46"><highlight class="normal"><sp/><sp/></highlight><highlight class="keyword">public</highlight><highlight class="normal">:</highlight></codeline>
<codeline lineno="47"><highlight class="normal"><sp/><sp/><sp/><sp/><ref refid="d4/dd4/class_dir_def" kindref="compound" tooltip="A model of a directory symbol.">DirDef</ref>(</highlight><highlight class="keyword">const</highlight><highlight class="normal"><sp/></highlight><highlight class="keywordtype">char</highlight><highlight class="normal"><sp/>*path);</highlight></codeline>
<codeline lineno="48"><highlight class="normal"><sp/><sp/><sp/><sp/></highlight><highlight class="keyword">virtual</highlight><highlight class="normal"><sp/>~<ref refid="d4/dd4/class_dir_def" kindref="compound" tooltip="A model of a directory symbol.">DirDef</ref>();</highlight></codeline>
<codeline lineno="49"><highlight class="normal"></highlight></codeline>
<codeline lineno="50"><highlight class="normal"><sp/><sp/><sp/><sp/></highlight><highlight class="comment">//<sp/>accessors</highlight><highlight class="normal"></highlight></codeline>
<codeline lineno="51" refid="d4/dd4/class_dir_def_1a555b75377a532e245d82475cddfe2f19" refkind="member"><highlight class="normal"><sp/><sp/><sp/><sp/><ref refid="d9/d4a/class_definition_intf_1ada60114bc621669dd8c19edfc6421766" kindref="member">DefType</ref><sp/><ref refid="d4/dd4/class_dir_def_1a555b75377a532e245d82475cddfe2f19" kindref="member">definitionType</ref>()</highlight><highlight class="keyword"><sp/>const<sp/></highlight><highlight class="normal">{<sp/></highlight><highlight class="keywordflow">return</highlight><highlight class="normal"><sp/>TypeDir;<sp/>}</highlight></codeline>
<codeline lineno="52"><highlight class="normal"><sp/><sp/><sp/><sp/>QCString<sp/><ref refid="d4/dd4/class_dir_def_1a45b42037a0ed21aaba3950e7fb53fbd9" kindref="member">getOutputFileBase</ref>()<sp/></highlight><highlight class="keyword">const</highlight><highlight class="normal">;</highlight></codeline>
<codeline lineno="53" refid="d4/dd4/class_dir_def_1aceaa272039d360a7a4e64d2584b8eb87" refkind="member"><highlight class="normal"><sp/><sp/><sp/><sp/>QCString<sp/><ref refid="d4/dd4/class_dir_def_1aceaa272039d360a7a4e64d2584b8eb87" kindref="member">anchor</ref>()</highlight><highlight class="keyword"><sp/>const<sp/></highlight><highlight class="normal">{<sp/></highlight><highlight class="keywordflow">return</highlight><highlight class="normal"><sp/>QCString();<sp/>}</highlight></codeline>
<codeline lineno="54"><highlight class="normal"><sp/><sp/><sp/><sp/></highlight><highlight class="keywordtype">bool</highlight><highlight class="normal"><sp/><ref refid="d4/dd4/class_dir_def_1a6f4bf73e2fd28f421f4359b0135187b6" kindref="member">isLinkableInProject</ref>()<sp/></highlight><highlight class="keyword">const</highlight><highlight class="normal">;</highlight></codeline>
<codeline lineno="55"><highlight class="normal"><sp/><sp/><sp/><sp/></highlight><highlight class="keywordtype">bool</highlight><highlight class="normal"><sp/><ref refid="d4/dd4/class_dir_def_1ad47c93357ab08fb4f883d29e903f1570" kindref="member">isLinkable</ref>()<sp/></highlight><highlight class="keyword">const</highlight><highlight class="normal">;</highlight></codeline>
<codeline lineno="56" refid="d4/dd4/class_dir_def_1a360c7e6d3deaf6782329a019c80b110a" refkind="member"><highlight class="normal"><sp/><sp/><sp/><sp/>QCString<sp/><ref refid="d4/dd4/class_dir_def_1a360c7e6d3deaf6782329a019c80b110a" kindref="member">displayName</ref>(</highlight><highlight class="keywordtype">bool</highlight><highlight class="normal">=TRUE)</highlight><highlight class="keyword"><sp/>const<sp/></highlight><highlight class="normal">{<sp/></highlight><highlight class="keywordflow">return</highlight><highlight class="normal"><sp/>m_dispName;<sp/>}</highlight></codeline>
<codeline lineno="57"><highlight class="normal"><sp/><sp/><sp/><sp/>QCString<sp/>shortName()</highlight><highlight class="keyword"><sp/>const<sp/></highlight><highlight class="normal">{<sp/></highlight><highlight class="keywordflow">return</highlight><highlight class="normal"><sp/>m_shortName;<sp/>}</highlight></codeline>
<codeline lineno="58"><highlight class="normal"><sp/><sp/><sp/><sp/></highlight><highlight class="keywordtype">void</highlight><highlight class="normal"><sp/>addSubDir(<ref refid="d4/dd4/class_dir_def" kindref="compound" tooltip="A model of a directory symbol.">DirDef</ref><sp/>*subdir);</highlight></codeline>
<codeline lineno="59"><highlight class="normal"><sp/><sp/><sp/><sp/><ref refid="d0/d18/class_file_list" kindref="compound" tooltip="Class representing a list of FileDef objects.">FileList</ref><sp/>*<sp/><sp/><sp/>getFiles()</highlight><highlight class="keyword"><sp/>const<sp/><sp/><sp/><sp/><sp/><sp/><sp/><sp/></highlight><highlight class="normal">{<sp/></highlight><highlight class="keywordflow">return</highlight><highlight class="normal"><sp/>m_fileList;<sp/>}</highlight></codeline>
<codeline lineno="60"><highlight class="normal"><sp/><sp/><sp/><sp/></highlight><highlight class="keywordtype">void</highlight><highlight class="normal"><sp/>addFile(<ref refid="de/db0/class_file_def" kindref="compound" tooltip="A model of a file symbol.">FileDef</ref><sp/>*fd);</highlight></codeline>
<codeline lineno="61"><highlight class="normal"><sp/><sp/><sp/><sp/></highlight><highlight class="keyword">const</highlight><highlight class="normal"><sp/><ref refid="dc/d2a/class_dir_list" kindref="compound" tooltip="A list of directories.">DirList</ref><sp/>&amp;subDirs()</highlight><highlight class="keyword"><sp/>const<sp/></highlight><highlight class="normal">{<sp/></highlight><highlight class="keywordflow">return</highlight><highlight class="normal"><sp/>m_subdirs;<sp/>}</highlight></codeline>
<codeline lineno="62"><highlight class="normal"><sp/><sp/><sp/><sp/></highlight><highlight class="keywordtype">bool</highlight><highlight class="normal"><sp/>isCluster()</highlight><highlight class="keyword"><sp/>const<sp/></highlight><highlight class="normal">{<sp/></highlight><highlight class="keywordflow">return</highlight><highlight class="normal"><sp/>m_subdirs.count()&gt;0;<sp/>}</highlight></codeline>
<codeline lineno="63"><highlight class="normal"><sp/><sp/><sp/><sp/></highlight><highlight class="keywordtype">int</highlight><highlight class="normal"><sp/>level()</highlight><highlight class="keyword"><sp/>const<sp/></highlight><highlight class="normal">{<sp/></highlight><highlight class="keywordflow">return</highlight><highlight class="normal"><sp/>m_level;<sp/>}</highlight></codeline>
<codeline lineno="64"><highlight class="normal"><sp/><sp/><sp/><sp/><ref refid="d4/dd4/class_dir_def" kindref="compound" tooltip="A model of a directory symbol.">DirDef</ref><sp/>*parent()</highlight><highlight class="keyword"><sp/>const<sp/></highlight><highlight class="normal">{<sp/></highlight><highlight class="keywordflow">return</highlight><highlight class="normal"><sp/>m_parent;<sp/>}</highlight></codeline>
<codeline lineno="65"><highlight class="normal"><sp/><sp/><sp/><sp/></highlight><highlight class="keywordtype">int</highlight><highlight class="normal"><sp/>dirCount()</highlight><highlight class="keyword"><sp/>const<sp/></highlight><highlight class="normal">{<sp/></highlight><highlight class="keywordflow">return</highlight><highlight class="normal"><sp/>m_dirCount;<sp/>}</highlight></codeline>
<codeline lineno="66"><highlight class="normal"><sp/><sp/><sp/><sp/></highlight><highlight class="keyword">const</highlight><highlight class="normal"><sp/>QDict&lt;UsedDir&gt;<sp/>*usedDirs()</highlight><highlight class="keyword"><sp/>const<sp/></highlight><highlight class="normal">{<sp/></highlight><highlight class="keywordflow">return</highlight><highlight class="normal"><sp/>m_usedDirs;<sp/>}</highlight></codeline>
<codeline lineno="67"><highlight class="normal"><sp/><sp/><sp/><sp/></highlight><highlight class="keywordtype">bool</highlight><highlight class="normal"><sp/>isParentOf(<ref refid="d4/dd4/class_dir_def" kindref="compound" tooltip="A model of a directory symbol.">DirDef</ref><sp/>*dir)<sp/></highlight><highlight class="keyword">const</highlight><highlight class="normal">;</highlight></codeline>
<codeline lineno="68"><highlight class="normal"><sp/><sp/><sp/><sp/></highlight><highlight class="keywordtype">bool</highlight><highlight class="normal"><sp/>depGraphIsTrivial()<sp/></highlight><highlight class="keyword">const</highlight><highlight class="normal">;</highlight></codeline>
<codeline lineno="69"><highlight class="normal"></highlight></codeline>
<codeline lineno="70"><highlight class="normal"><sp/><sp/><sp/><sp/></highlight><highlight class="comment">//<sp/>generate<sp/>output</highlight><highlight class="normal"></highlight></codeline>
<codeline lineno="71"><highlight class="normal"><sp/><sp/><sp/><sp/></highlight><highlight class="keywordtype">void</highlight><highlight class="normal"><sp/>writeDocumentation(<ref refid="df/dc8/class_output_list" kindref="compound" tooltip="Class representing a list of output generators that are written to in parallel.">OutputList</ref><sp/>&amp;ol);</highlight></codeline>
<codeline lineno="72"><highlight class="normal"><sp/><sp/><sp/><sp/></highlight><highlight class="keywordtype">void</highlight><highlight class="normal"><sp/>writeDepGraph(<ref refid="dc/d3c/class_f_text_stream" kindref="compound" tooltip="Simplified and optimized version of QTextStream.">FTextStream</ref><sp/>&amp;t);</highlight></codeline>
<codeline lineno="73"><highlight class="normal"></highlight></codeline>
<codeline lineno="74"><highlight class="normal"><sp/><sp/><sp/><sp/></highlight><highlight class="keyword">static</highlight><highlight class="normal"><sp/><ref refid="d4/dd4/class_dir_def" kindref="compound" tooltip="A model of a directory symbol.">DirDef</ref><sp/>*<ref refid="d4/dd4/class_dir_def_1ab3b1d03c75471701969e581aa4a6960f" kindref="member">mergeDirectoryInTree</ref>(</highlight><highlight class="keyword">const</highlight><highlight class="normal"><sp/>QCString<sp/>&amp;path);</highlight></codeline>
<codeline lineno="75"><highlight class="normal"><sp/><sp/><sp/><sp/></highlight><highlight class="keywordtype">bool</highlight><highlight class="normal"><sp/>visited;</highlight></codeline>
<codeline lineno="76"><highlight class="normal"><sp/><sp/><sp/><sp/></highlight><highlight class="keywordtype">void</highlight><highlight class="normal"><sp/>setDiskName(</highlight><highlight class="keyword">const</highlight><highlight class="normal"><sp/>QCString<sp/>&amp;<ref refid="d5/dcc/class_definition_1a99481361779e85f0c1556709de7d9e5b" kindref="member">name</ref>)<sp/>{<sp/>m_diskName<sp/>=<sp/><ref refid="d5/dcc/class_definition_1a99481361779e85f0c1556709de7d9e5b" kindref="member">name</ref>;<sp/>}</highlight></codeline>
<codeline lineno="77"><highlight class="normal"></highlight></codeline>
<codeline lineno="78"><highlight class="normal"><sp/><sp/></highlight><highlight class="keyword">private</highlight><highlight class="normal">:</highlight></codeline>
<codeline lineno="79"><highlight class="normal"><sp/><sp/><sp/><sp/></highlight><highlight class="keyword">friend</highlight><highlight class="normal"><sp/></highlight><highlight class="keywordtype">void</highlight><highlight class="normal"><sp/>computeDirDependencies();</highlight></codeline>
<codeline lineno="80"><highlight class="normal"></highlight></codeline>
<codeline lineno="81"><highlight class="normal"><sp/><sp/><sp/><sp/></highlight><highlight class="keywordtype">void</highlight><highlight class="normal"><sp/>writeDetailedDescription(<ref refid="df/dc8/class_output_list" kindref="compound" tooltip="Class representing a list of output generators that are written to in parallel.">OutputList</ref><sp/>&amp;ol,</highlight><highlight class="keyword">const</highlight><highlight class="normal"><sp/>QCString<sp/>&amp;title);</highlight></codeline>
<codeline lineno="82"><highlight class="normal"><sp/><sp/><sp/><sp/></highlight><highlight class="keywordtype">void</highlight><highlight class="normal"><sp/>writeBriefDescription(<ref refid="df/dc8/class_output_list" kindref="compound" tooltip="Class representing a list of output generators that are written to in parallel.">OutputList</ref><sp/>&amp;ol);</highlight></codeline>
<codeline lineno="83"><highlight class="normal"><sp/><sp/><sp/><sp/></highlight><highlight class="keywordtype">void</highlight><highlight class="normal"><sp/>writeDirectoryGraph(<ref refid="df/dc8/class_output_list" kindref="compound" tooltip="Class representing a list of output generators that are written to in parallel.">OutputList</ref><sp/>&amp;ol);</highlight></codeline>
<codeline lineno="84"><highlight class="normal"><sp/><sp/><sp/><sp/></highlight><highlight class="keywordtype">void</highlight><highlight class="normal"><sp/>writeSubDirList(<ref refid="df/dc8/class_output_list" kindref="compound" tooltip="Class representing a list of output generators that are written to in parallel.">OutputList</ref><sp/>&amp;ol);</highlight></codeline>
<codeline lineno="85"><highlight class="normal"><sp/><sp/><sp/><sp/></highlight><highlight class="keywordtype">void</highlight><highlight class="normal"><sp/>writeFileList(<ref refid="df/dc8/class_output_list" kindref="compound" tooltip="Class representing a list of output generators that are written to in parallel.">OutputList</ref><sp/>&amp;ol);</highlight></codeline>
<codeline lineno="86"><highlight class="normal"><sp/><sp/><sp/><sp/></highlight><highlight class="keywordtype">void</highlight><highlight class="normal"><sp/>startMemberDeclarations(<ref refid="df/dc8/class_output_list" kindref="compound" tooltip="Class representing a list of output generators that are written to in parallel.">OutputList</ref><sp/>&amp;ol);</highlight></codeline>
<codeline lineno="87"><highlight class="normal"><sp/><sp/><sp/><sp/></highlight><highlight class="keywordtype">void</highlight><highlight class="normal"><sp/>endMemberDeclarations(<ref refid="df/dc8/class_output_list" kindref="compound" tooltip="Class representing a list of output generators that are written to in parallel.">OutputList</ref><sp/>&amp;ol);</highlight></codeline>
<codeline lineno="88"><highlight class="normal"></highlight></codeline>
<codeline lineno="89"><highlight class="normal"><sp/><sp/><sp/><sp/></highlight><highlight class="keywordtype">void</highlight><highlight class="normal"><sp/>setLevel();</highlight></codeline>
<codeline lineno="90"><highlight class="normal"><sp/><sp/><sp/><sp/></highlight><highlight class="keyword">static</highlight><highlight class="normal"><sp/><ref refid="d4/dd4/class_dir_def" kindref="compound" tooltip="A model of a directory symbol.">DirDef</ref><sp/>*createNewDir(</highlight><highlight class="keyword">const</highlight><highlight class="normal"><sp/></highlight><highlight class="keywordtype">char</highlight><highlight class="normal"><sp/>*path);</highlight></codeline>
<codeline lineno="91"><highlight class="normal"><sp/><sp/><sp/><sp/></highlight><highlight class="keyword">static</highlight><highlight class="normal"><sp/></highlight><highlight class="keywordtype">bool</highlight><highlight class="normal"><sp/>matchPath(</highlight><highlight class="keyword">const</highlight><highlight class="normal"><sp/>QCString<sp/>&amp;path,QStrList<sp/>&amp;l);</highlight></codeline>
<codeline lineno="92"><highlight class="normal"><sp/><sp/><sp/><sp/></highlight><highlight class="keywordtype">void</highlight><highlight class="normal"><sp/>addUsesDependency(<ref refid="d4/dd4/class_dir_def" kindref="compound" tooltip="A model of a directory symbol.">DirDef</ref><sp/>*usedDir,<ref refid="de/db0/class_file_def" kindref="compound" tooltip="A model of a file symbol.">FileDef</ref><sp/>*srcFd,</highlight></codeline>
<codeline lineno="93"><highlight class="normal"><sp/><sp/><sp/><sp/><sp/><sp/><sp/><sp/><sp/><sp/><sp/><sp/><sp/><sp/><sp/><sp/><sp/><sp/><sp/><sp/><sp/><sp/><sp/><sp/><sp/><sp/><sp/><ref refid="de/db0/class_file_def" kindref="compound" tooltip="A model of a file symbol.">FileDef</ref><sp/>*dstFd,</highlight><highlight class="keywordtype">bool</highlight><highlight class="normal"><sp/>inherited);</highlight></codeline>
<codeline lineno="94"><highlight class="normal"><sp/><sp/><sp/><sp/></highlight><highlight class="keywordtype">void</highlight><highlight class="normal"><sp/>computeDependencies();</highlight></codeline>
<codeline lineno="95"><highlight class="normal"></highlight></codeline>
<codeline lineno="96"><highlight class="normal"><sp/><sp/><sp/><sp/><ref refid="dc/d2a/class_dir_list" kindref="compound" tooltip="A list of directories.">DirList</ref><sp/>m_subdirs;</highlight></codeline>
<codeline lineno="97"><highlight class="normal"><sp/><sp/><sp/><sp/>QCString<sp/>m_dispName;</highlight></codeline>
<codeline lineno="98"><highlight class="normal"><sp/><sp/><sp/><sp/>QCString<sp/>m_shortName;</highlight></codeline>
<codeline lineno="99"><highlight class="normal"><sp/><sp/><sp/><sp/>QCString<sp/>m_diskName;</highlight></codeline>
<codeline lineno="100"><highlight class="normal"><sp/><sp/><sp/><sp/><ref refid="d0/d18/class_file_list" kindref="compound" tooltip="Class representing a list of FileDef objects.">FileList</ref><sp/>*m_fileList;<sp/><sp/><sp/><sp/><sp/><sp/><sp/><sp/><sp/><sp/><sp/><sp/><sp/><sp/><sp/><sp/><sp/></highlight><highlight class="comment">//<sp/>list<sp/>of<sp/>files<sp/>in<sp/>the<sp/>group</highlight><highlight class="normal"></highlight></codeline>
<codeline lineno="101"><highlight class="normal"><sp/><sp/><sp/><sp/></highlight><highlight class="keywordtype">int</highlight><highlight class="normal"><sp/>m_dirCount;</highlight></codeline>
<codeline lineno="102"><highlight class="normal"><sp/><sp/><sp/><sp/></highlight><highlight class="keywordtype">int</highlight><highlight class="normal"><sp/>m_level;</highlight></codeline>
<codeline lineno="103"><highlight class="normal"><sp/><sp/><sp/><sp/><ref refid="d4/dd4/class_dir_def" kindref="compound" tooltip="A model of a directory symbol.">DirDef</ref><sp/>*m_parent;</highlight></codeline>
<codeline lineno="104"><highlight class="normal"><sp/><sp/><sp/><sp/>QDict&lt;UsedDir&gt;<sp/>*m_usedDirs;</highlight></codeline>
<codeline lineno="105"><highlight class="normal">};</highlight></codeline>
<codeline lineno="106"><highlight class="normal"></highlight></codeline>
<codeline lineno="108" refid="d2/d31/class_file_pair" refkind="compound"><highlight class="keyword">class<sp/></highlight><highlight class="normal"><ref refid="d2/d31/class_file_pair" kindref="compound" tooltip="Class representing a pair of FileDef objects.">FilePair</ref><sp/></highlight></codeline>
<codeline lineno="109"><highlight class="normal">{</highlight></codeline>
<codeline lineno="110"><highlight class="normal"><sp/><sp/></highlight><highlight class="keyword">public</highlight><highlight class="normal">:</highlight></codeline>
<codeline lineno="111"><highlight class="normal"><sp/><sp/><sp/><sp/><ref refid="d2/d31/class_file_pair" kindref="compound" tooltip="Class representing a pair of FileDef objects.">FilePair</ref>(<ref refid="de/db0/class_file_def" kindref="compound" tooltip="A model of a file symbol.">FileDef</ref><sp/>*src,<ref refid="de/db0/class_file_def" kindref="compound" tooltip="A model of a file symbol.">FileDef</ref><sp/>*dst)<sp/>:<sp/>m_src(src),<sp/>m_dst(dst)<sp/>{}</highlight></codeline>
<codeline lineno="112"><highlight class="normal"><sp/><sp/><sp/><sp/></highlight><highlight class="keyword">const</highlight><highlight class="normal"><sp/><ref refid="de/db0/class_file_def" kindref="compound" tooltip="A model of a file symbol.">FileDef</ref><sp/>*source()</highlight><highlight class="keyword"><sp/>const<sp/></highlight><highlight class="normal">{<sp/></highlight><highlight class="keywordflow">return</highlight><highlight class="normal"><sp/>m_src;<sp/>}</highlight></codeline>
<codeline lineno="113"><highlight class="normal"><sp/><sp/><sp/><sp/></highlight><highlight class="keyword">const</highlight><highlight class="normal"><sp/><ref refid="de/db0/class_file_def" kindref="compound" tooltip="A model of a file symbol.">FileDef</ref><sp/>*destination()</highlight><highlight class="keyword"><sp/>const<sp/></highlight><highlight class="normal">{<sp/></highlight><highlight class="keywordflow">return</highlight><highlight class="normal"><sp/>m_dst;<sp/>}</highlight></codeline>
<codeline lineno="114"><highlight class="normal"><sp/><sp/></highlight><highlight class="keyword">private</highlight><highlight class="normal">:</highlight></codeline>
<codeline lineno="115"><highlight class="normal"><sp/><sp/><sp/><sp/><ref refid="de/db0/class_file_def" kindref="compound" tooltip="A model of a file symbol.">FileDef</ref><sp/>*m_src;</highlight></codeline>
<codeline lineno="116"><highlight class="normal"><sp/><sp/><sp/><sp/><ref refid="de/db0/class_file_def" kindref="compound" tooltip="A model of a file symbol.">FileDef</ref><sp/>*m_dst;</highlight></codeline>
<codeline lineno="117"><highlight class="normal">};</highlight></codeline>
<codeline lineno="118"><highlight class="normal"></highlight></codeline>
<codeline lineno="120" refid="d0/d5d/class_file_pair_dict" refkind="compound"><highlight class="keyword">class<sp/></highlight><highlight class="normal"><ref refid="d0/d5d/class_file_pair_dict" kindref="compound" tooltip="A sorted dictionary of FilePair objects.">FilePairDict</ref><sp/>:<sp/></highlight><highlight class="keyword">public</highlight><highlight class="normal"><sp/><ref refid="d1/d50/class_s_dict" kindref="compound" tooltip="Ordered dictionary of elements of type T.">SDict</ref>&lt;FilePair&gt;</highlight></codeline>
<codeline lineno="121"><highlight class="normal">{</highlight></codeline>
<codeline lineno="122"><highlight class="normal"><sp/><sp/></highlight><highlight class="keyword">public</highlight><highlight class="normal">:</highlight></codeline>
<codeline lineno="123"><highlight class="normal"><sp/><sp/><sp/><sp/><ref refid="d0/d5d/class_file_pair_dict" kindref="compound" tooltip="A sorted dictionary of FilePair objects.">FilePairDict</ref>(</highlight><highlight class="keywordtype">int</highlight><highlight class="normal"><sp/>size)<sp/>:<sp/><ref refid="d1/d50/class_s_dict" kindref="compound">SDict&lt;FilePair&gt;</ref>(size)<sp/>{}</highlight></codeline>
<codeline lineno="124"><highlight class="normal"><sp/><sp/><sp/><sp/></highlight><highlight class="keywordtype">int</highlight><highlight class="normal"><sp/><ref refid="d0/d5d/class_file_pair_dict_1a4866ba995e365de64902f4d70358b322" kindref="member">compareItems</ref>(QCollection::Item<sp/>item1,QCollection::Item<sp/>item2);</highlight></codeline>
<codeline lineno="125"><highlight class="normal">};</highlight></codeline>
<codeline lineno="126"><highlight class="normal"></highlight></codeline>
<codeline lineno="128" refid="df/d42/class_used_dir" refkind="compound"><highlight class="keyword">class<sp/></highlight><highlight class="normal"><ref refid="df/d42/class_used_dir" kindref="compound" tooltip="Usage information of a directory.">UsedDir</ref></highlight></codeline>
<codeline lineno="129"><highlight class="normal">{</highlight></codeline>
<codeline lineno="130"><highlight class="normal"><sp/><sp/></highlight><highlight class="keyword">public</highlight><highlight class="normal">:</highlight></codeline>
<codeline lineno="131"><highlight class="normal"><sp/><sp/><sp/><sp/><ref refid="df/d42/class_used_dir" kindref="compound" tooltip="Usage information of a directory.">UsedDir</ref>(<ref refid="d4/dd4/class_dir_def" kindref="compound" tooltip="A model of a directory symbol.">DirDef</ref><sp/>*dir,</highlight><highlight class="keywordtype">bool</highlight><highlight class="normal"><sp/>inherited);</highlight></codeline>
<codeline lineno="132"><highlight class="normal"><sp/><sp/><sp/><sp/></highlight><highlight class="keyword">virtual</highlight><highlight class="normal"><sp/>~<ref refid="df/d42/class_used_dir" kindref="compound" tooltip="Usage information of a directory.">UsedDir</ref>();</highlight></codeline>
<codeline lineno="133"><highlight class="normal"><sp/><sp/><sp/><sp/></highlight><highlight class="keywordtype">void</highlight><highlight class="normal"><sp/>addFileDep(<ref refid="de/db0/class_file_def" kindref="compound" tooltip="A model of a file symbol.">FileDef</ref><sp/>*srcFd,<ref refid="de/db0/class_file_def" kindref="compound" tooltip="A model of a file symbol.">FileDef</ref><sp/>*dstFd);</highlight></codeline>
<codeline lineno="134"><highlight class="normal"><sp/><sp/><sp/><sp/><ref refid="d2/d31/class_file_pair" kindref="compound" tooltip="Class representing a pair of FileDef objects.">FilePair</ref><sp/>*findFilePair(</highlight><highlight class="keyword">const</highlight><highlight class="normal"><sp/></highlight><highlight class="keywordtype">char</highlight><highlight class="normal"><sp/>*name);</highlight></codeline>
<codeline lineno="135"><highlight class="normal"><sp/><sp/><sp/><sp/></highlight><highlight class="keyword">const</highlight><highlight class="normal"><sp/><ref refid="d0/d5d/class_file_pair_dict" kindref="compound" tooltip="A sorted dictionary of FilePair objects.">FilePairDict</ref><sp/>&amp;filePairs()</highlight><highlight class="keyword"><sp/>const<sp/></highlight><highlight class="normal">{<sp/></highlight><highlight class="keywordflow">return</highlight><highlight class="normal"><sp/>m_filePairs;<sp/>}</highlight></codeline>
<codeline lineno="136"><highlight class="normal"><sp/><sp/><sp/><sp/></highlight><highlight class="keyword">const</highlight><highlight class="normal"><sp/><ref refid="d4/dd4/class_dir_def" kindref="compound" tooltip="A model of a directory symbol.">DirDef</ref><sp/>*dir()</highlight><highlight class="keyword"><sp/>const<sp/></highlight><highlight class="normal">{<sp/></highlight><highlight class="keywordflow">return</highlight><highlight class="normal"><sp/>m_dir;<sp/>}</highlight></codeline>
<codeline lineno="137"><highlight class="normal"><sp/><sp/><sp/><sp/></highlight><highlight class="keywordtype">bool</highlight><highlight class="normal"><sp/>inherited()</highlight><highlight class="keyword"><sp/>const<sp/></highlight><highlight class="normal">{<sp/></highlight><highlight class="keywordflow">return</highlight><highlight class="normal"><sp/>m_inherited;<sp/>}</highlight></codeline>
<codeline lineno="138"><highlight class="normal"></highlight></codeline>
<codeline lineno="139"><highlight class="normal"><sp/><sp/></highlight><highlight class="keyword">private</highlight><highlight class="normal">:</highlight></codeline>
<codeline lineno="140"><highlight class="normal"><sp/><sp/><sp/><sp/><ref refid="d4/dd4/class_dir_def" kindref="compound" tooltip="A model of a directory symbol.">DirDef</ref><sp/>*m_dir;</highlight></codeline>
<codeline lineno="141"><highlight class="normal"><sp/><sp/><sp/><sp/><ref refid="d0/d5d/class_file_pair_dict" kindref="compound" tooltip="A sorted dictionary of FilePair objects.">FilePairDict</ref><sp/>m_filePairs;</highlight></codeline>
<codeline lineno="142"><highlight class="normal"><sp/><sp/><sp/><sp/></highlight><highlight class="keywordtype">bool</highlight><highlight class="normal"><sp/>m_inherited;</highlight></codeline>
<codeline lineno="143"><highlight class="normal">};</highlight></codeline>
<codeline lineno="144"><highlight class="normal"></highlight></codeline>
<codeline lineno="146" refid="d6/db3/class_dir_relation" refkind="compound"><highlight class="keyword">class<sp/></highlight><highlight class="normal"><ref refid="d6/db3/class_dir_relation" kindref="compound" tooltip="A usage relation between two directories.">DirRelation</ref></highlight></codeline>
<codeline lineno="147"><highlight class="normal">{</highlight></codeline>
<codeline lineno="148"><highlight class="normal"><sp/><sp/></highlight><highlight class="keyword">public</highlight><highlight class="normal">:</highlight></codeline>
<codeline lineno="149"><highlight class="normal"><sp/><sp/><sp/><sp/><ref refid="d6/db3/class_dir_relation" kindref="compound" tooltip="A usage relation between two directories.">DirRelation</ref>(</highlight><highlight class="keyword">const</highlight><highlight class="normal"><sp/>QCString<sp/>&amp;name,<ref refid="d4/dd4/class_dir_def" kindref="compound" tooltip="A model of a directory symbol.">DirDef</ref><sp/>*src,<ref refid="df/d42/class_used_dir" kindref="compound" tooltip="Usage information of a directory.">UsedDir</ref><sp/>*dst)<sp/></highlight></codeline>
<codeline lineno="150"><highlight class="normal"><sp/><sp/><sp/><sp/><sp/><sp/>:<sp/>m_name(name),<sp/>m_src(src),<sp/>m_dst(dst)<sp/>{}</highlight></codeline>
<codeline lineno="151"><highlight class="normal"><sp/><sp/><sp/><sp/><ref refid="d4/dd4/class_dir_def" kindref="compound" tooltip="A model of a directory symbol.">DirDef</ref><sp/><sp/>*source()</highlight><highlight class="keyword"><sp/>const<sp/><sp/><sp/><sp/><sp/><sp/></highlight><highlight class="normal">{<sp/></highlight><highlight class="keywordflow">return</highlight><highlight class="normal"><sp/>m_src;<sp/>}</highlight></codeline>
<codeline lineno="152"><highlight class="normal"><sp/><sp/><sp/><sp/><ref refid="df/d42/class_used_dir" kindref="compound" tooltip="Usage information of a directory.">UsedDir</ref><sp/>*destination()</highlight><highlight class="keyword"><sp/>const<sp/></highlight><highlight class="normal">{<sp/></highlight><highlight class="keywordflow">return</highlight><highlight class="normal"><sp/>m_dst;<sp/>}</highlight></codeline>
<codeline lineno="153"><highlight class="normal"><sp/><sp/><sp/><sp/></highlight><highlight class="keywordtype">void</highlight><highlight class="normal"><sp/>writeDocumentation(<ref refid="df/dc8/class_output_list" kindref="compound" tooltip="Class representing a list of output generators that are written to in parallel.">OutputList</ref><sp/>&amp;ol);</highlight></codeline>
<codeline lineno="154"><highlight class="normal"><sp/><sp/><sp/><sp/>QCString<sp/>getOutputFileBase()</highlight><highlight class="keyword"><sp/>const<sp/></highlight><highlight class="normal">{<sp/></highlight><highlight class="keywordflow">return</highlight><highlight class="normal"><sp/>m_name;<sp/>}</highlight></codeline>
<codeline lineno="155"><highlight class="normal"></highlight></codeline>
<codeline lineno="156"><highlight class="normal"><sp/><sp/></highlight><highlight class="keyword">private</highlight><highlight class="normal">:</highlight></codeline>
<codeline lineno="157"><highlight class="normal"><sp/><sp/><sp/><sp/>QCString<sp/>m_name;</highlight></codeline>
<codeline lineno="158"><highlight class="normal"><sp/><sp/><sp/><sp/><ref refid="d4/dd4/class_dir_def" kindref="compound" tooltip="A model of a directory symbol.">DirDef</ref><sp/><sp/>*m_src;</highlight></codeline>
<codeline lineno="159"><highlight class="normal"><sp/><sp/><sp/><sp/><ref refid="df/d42/class_used_dir" kindref="compound" tooltip="Usage information of a directory.">UsedDir</ref><sp/>*m_dst;</highlight></codeline>
<codeline lineno="160"><highlight class="normal">};</highlight></codeline>
<codeline lineno="161"><highlight class="normal"></highlight></codeline>
<codeline lineno="162"><highlight class="normal"></highlight><highlight class="keyword">inline</highlight><highlight class="normal"><sp/></highlight><highlight class="keywordtype">int</highlight><highlight class="normal"><sp/>DirList::compareItems(QCollection::Item<sp/>item1,QCollection::Item<sp/>item2)</highlight></codeline>
<codeline lineno="163"><highlight class="normal">{</highlight></codeline>
<codeline lineno="164"><highlight class="normal"><sp/><sp/></highlight><highlight class="keywordflow">return</highlight><highlight class="normal"><sp/>qstricmp(((<ref refid="d4/dd4/class_dir_def" kindref="compound" tooltip="A model of a directory symbol.">DirDef</ref><sp/>*)item1)-&gt;shortName(),((<ref refid="d4/dd4/class_dir_def" kindref="compound" tooltip="A model of a directory symbol.">DirDef</ref><sp/>*)item2)-&gt;shortName());</highlight></codeline>
<codeline lineno="165"><highlight class="normal">}</highlight></codeline>
<codeline lineno="166"><highlight class="normal"></highlight></codeline>
<codeline lineno="168" refid="db/dc8/class_dir_s_dict" refkind="compound"><highlight class="keyword">class<sp/></highlight><highlight class="normal"><ref refid="db/dc8/class_dir_s_dict" kindref="compound" tooltip="A sorted dictionary of DirDef objects.">DirSDict</ref><sp/>:<sp/></highlight><highlight class="keyword">public</highlight><highlight class="normal"><sp/><ref refid="d1/d50/class_s_dict" kindref="compound" tooltip="Ordered dictionary of elements of type T.">SDict</ref>&lt;DirDef&gt;</highlight></codeline>
<codeline lineno="169"><highlight class="normal">{</highlight></codeline>
<codeline lineno="170"><highlight class="normal"><sp/><sp/></highlight><highlight class="keyword">public</highlight><highlight class="normal">:</highlight></codeline>
<codeline lineno="171"><highlight class="normal"><sp/><sp/><sp/><sp/><ref refid="db/dc8/class_dir_s_dict" kindref="compound" tooltip="A sorted dictionary of DirDef objects.">DirSDict</ref>(</highlight><highlight class="keywordtype">int</highlight><highlight class="normal"><sp/>size)<sp/>:<sp/><ref refid="d1/d50/class_s_dict" kindref="compound">SDict&lt;DirDef&gt;</ref>(size)<sp/>{}</highlight></codeline>
<codeline lineno="172" refid="db/dc8/class_dir_s_dict_1a00454f0701f56fdfd71cc5fece6973bb" refkind="member"><highlight class="normal"><sp/><sp/><sp/><sp/></highlight><highlight class="keywordtype">int</highlight><highlight class="normal"><sp/><ref refid="db/dc8/class_dir_s_dict_1a00454f0701f56fdfd71cc5fece6973bb" kindref="member">compareItems</ref>(QCollection::Item<sp/>item1,QCollection::Item<sp/>item2)</highlight></codeline>
<codeline lineno="173"><highlight class="normal"><sp/><sp/><sp/><sp/>{</highlight></codeline>
<codeline lineno="174"><highlight class="normal"><sp/><sp/><sp/><sp/><sp/><sp/></highlight><highlight class="keywordflow">return</highlight><highlight class="normal"><sp/>qstricmp(((<ref refid="d4/dd4/class_dir_def" kindref="compound" tooltip="A model of a directory symbol.">DirDef</ref><sp/>*)item1)-&gt;shortName(),((<ref refid="d4/dd4/class_dir_def" kindref="compound" tooltip="A model of a directory symbol.">DirDef</ref><sp/>*)item2)-&gt;shortName());</highlight></codeline>
<codeline lineno="175"><highlight class="normal"><sp/><sp/><sp/><sp/>}</highlight></codeline>
<codeline lineno="176"><highlight class="normal">};</highlight></codeline>
<codeline lineno="177"><highlight class="normal"></highlight></codeline>
<codeline lineno="178"><highlight class="normal"></highlight></codeline>
<codeline lineno="179"><highlight class="normal"></highlight><highlight class="keywordtype">void</highlight><highlight class="normal"><sp/>buildDirectories();</highlight></codeline>
<codeline lineno="180"><highlight class="normal"></highlight><highlight class="keywordtype">void</highlight><highlight class="normal"><sp/>generateDirDocs(<ref refid="df/dc8/class_output_list" kindref="compound" tooltip="Class representing a list of output generators that are written to in parallel.">OutputList</ref><sp/>&amp;ol);</highlight></codeline>
<codeline lineno="181"><highlight class="normal"></highlight><highlight class="keywordtype">void</highlight><highlight class="normal"><sp/>computeDirDependencies();</highlight></codeline>
<codeline lineno="182"><highlight class="normal"></highlight><highlight class="keywordtype">void</highlight><highlight class="normal"><sp/>writeDirDependencyGraph(</highlight><highlight class="keyword">const</highlight><highlight class="normal"><sp/></highlight><highlight class="keywordtype">char</highlight><highlight class="normal"><sp/>*file);</highlight></codeline>
<codeline lineno="183"><highlight class="normal"></highlight></codeline>
<codeline lineno="184"><highlight class="normal"></highlight><highlight class="preprocessor">#endif</highlight></codeline>
    </programlisting>
    <location file="C:/Users/Mat/Projects/doxygraph/examples/doxygen-1.8.4/src/dirdef.h"/>
  </compounddef>
</doxygen>
