<?xml version='1.0' encoding='UTF-8' standalone='no'?>
<doxygen xmlns:xsi="http://www.w3.org/2001/XMLSchema-instance" xsi:noNamespaceSchemaLocation="compound.xsd" version="1.8.2">
  <compounddef id="d6/d32/class_member_dict" kind="class" prot="public">
    <compoundname>MemberDict</compoundname>
    <basecompoundref prot="public" virt="non-virtual">QDict&lt; MemberDef &gt;</basecompoundref>
    <includes refid="dd/d78/memberlist_8h" local="no">memberlist.h</includes>
      <sectiondef kind="public-func">
      <memberdef kind="function" id="d6/d32/class_member_dict_1a575f20d733bba28a277ddcd8087709e2" prot="public" static="no" const="no" explicit="no" inline="yes" virt="non-virtual">
        <type></type>
        <definition>MemberDict::MemberDict</definition>
        <argsstring>(int size)</argsstring>
        <name>MemberDict</name>
        <param>
          <type>int</type>
          <declname>size</declname>
        </param>
        <briefdescription>
        </briefdescription>
        <detaileddescription>
        </detaileddescription>
        <inbodydescription>
        </inbodydescription>
        <location file="C:/Users/Mat/Projects/doxygraph/examples/doxygen-1.8.4/src/memberlist.h" line="114" bodyfile="C:/Users/Mat/Projects/doxygraph/examples/doxygen-1.8.4/src/memberlist.h" bodystart="114" bodyend="114"/>
      </memberdef>
      <memberdef kind="function" id="d6/d32/class_member_dict_1a33f1dde1483ace8e9689347a0d70f7d1" prot="public" static="no" const="no" explicit="no" inline="yes" virt="virtual">
        <type></type>
        <definition>virtual MemberDict::~MemberDict</definition>
        <argsstring>()</argsstring>
        <name>~MemberDict</name>
        <briefdescription>
        </briefdescription>
        <detaileddescription>
        </detaileddescription>
        <inbodydescription>
        </inbodydescription>
        <location file="C:/Users/Mat/Projects/doxygraph/examples/doxygen-1.8.4/src/memberlist.h" line="115" bodyfile="C:/Users/Mat/Projects/doxygraph/examples/doxygen-1.8.4/src/memberlist.h" bodystart="115" bodyend="115"/>
      </memberdef>
      </sectiondef>
    <briefdescription>
<para>An unsorted dictionary of <ref refid="da/d09/class_member_def" kindref="compound">MemberDef</ref> objects. </para>    </briefdescription>
    <detaileddescription>
    </detaileddescription>
    <inheritancegraph>
      <node id="3731">
        <label>QDict&lt; MemberDef &gt;</label>
      </node>
      <node id="3730">
        <label>MemberDict</label>
        <link refid="d6/d32/class_member_dict"/>
        <childnode refid="3731" relation="public-inheritance">
        </childnode>
      </node>
    </inheritancegraph>
    <collaborationgraph>
      <node id="3733">
        <label>QDict&lt; MemberDef &gt;</label>
      </node>
      <node id="3732">
        <label>MemberDict</label>
        <link refid="d6/d32/class_member_dict"/>
        <childnode refid="3733" relation="public-inheritance">
        </childnode>
      </node>
    </collaborationgraph>
    <location file="C:/Users/Mat/Projects/doxygraph/examples/doxygen-1.8.4/src/memberlist.h" line="112" bodyfile="C:/Users/Mat/Projects/doxygraph/examples/doxygen-1.8.4/src/memberlist.h" bodystart="111" bodyend="116"/>
    <listofallmembers>
      <member refid="d6/d32/class_member_dict_1a575f20d733bba28a277ddcd8087709e2" prot="public" virt="non-virtual"><scope>MemberDict</scope><name>MemberDict</name></member>
      <member refid="d6/d32/class_member_dict_1a33f1dde1483ace8e9689347a0d70f7d1" prot="public" virt="virtual"><scope>MemberDict</scope><name>~MemberDict</name></member>
    </listofallmembers>
  </compounddef>
</doxygen>
