<?xml version='1.0' encoding='UTF-8' standalone='no'?>
<doxygen xmlns:xsi="http://www.w3.org/2001/XMLSchema-instance" xsi:noNamespaceSchemaLocation="compound.xsd" version="1.8.2">
  <compounddef id="d3/dc3/struct_tag_info" kind="struct" prot="public">
    <compoundname>TagInfo</compoundname>
    <includes refid="d1/dc6/entry_8h" local="no">entry.h</includes>
      <sectiondef kind="public-attrib">
      <memberdef kind="variable" id="d3/dc3/struct_tag_info_1a8f42f0aff3cb6df860f7b5ba27f6cd2f" prot="public" static="no" mutable="no">
        <type>QCString</type>
        <definition>QCString TagInfo::tagName</definition>
        <argsstring></argsstring>
        <name>tagName</name>
        <briefdescription>
        </briefdescription>
        <detaileddescription>
        </detaileddescription>
        <inbodydescription>
        </inbodydescription>
        <location file="C:/Users/Mat/Projects/doxygraph/examples/doxygen-1.8.4/src/entry.h" line="52" bodyfile="C:/Users/Mat/Projects/doxygraph/examples/doxygen-1.8.4/src/entry.h" bodystart="52" bodyend="-1"/>
      </memberdef>
      <memberdef kind="variable" id="d3/dc3/struct_tag_info_1a7c046d5ccf0095527213dabbbf0949f9" prot="public" static="no" mutable="no">
        <type>QCString</type>
        <definition>QCString TagInfo::fileName</definition>
        <argsstring></argsstring>
        <name>fileName</name>
        <briefdescription>
        </briefdescription>
        <detaileddescription>
        </detaileddescription>
        <inbodydescription>
        </inbodydescription>
        <location file="C:/Users/Mat/Projects/doxygraph/examples/doxygen-1.8.4/src/entry.h" line="53" bodyfile="C:/Users/Mat/Projects/doxygraph/examples/doxygen-1.8.4/src/entry.h" bodystart="53" bodyend="-1"/>
      </memberdef>
      <memberdef kind="variable" id="d3/dc3/struct_tag_info_1a1cc95c706df919ed12443c7574e12aa0" prot="public" static="no" mutable="no">
        <type>QCString</type>
        <definition>QCString TagInfo::anchor</definition>
        <argsstring></argsstring>
        <name>anchor</name>
        <briefdescription>
        </briefdescription>
        <detaileddescription>
        </detaileddescription>
        <inbodydescription>
        </inbodydescription>
        <location file="C:/Users/Mat/Projects/doxygraph/examples/doxygen-1.8.4/src/entry.h" line="54" bodyfile="C:/Users/Mat/Projects/doxygraph/examples/doxygen-1.8.4/src/entry.h" bodystart="54" bodyend="-1"/>
      </memberdef>
      </sectiondef>
    <briefdescription>
<para>This struct is used to capture the tag file information for an <ref refid="d4/dd7/class_entry" kindref="compound">Entry</ref>. </para>    </briefdescription>
    <detaileddescription>
    </detaileddescription>
    <location file="C:/Users/Mat/Projects/doxygraph/examples/doxygen-1.8.4/src/entry.h" line="51" bodyfile="C:/Users/Mat/Projects/doxygraph/examples/doxygen-1.8.4/src/entry.h" bodystart="50" bodyend="55"/>
    <listofallmembers>
      <member refid="d3/dc3/struct_tag_info_1a1cc95c706df919ed12443c7574e12aa0" prot="public" virt="non-virtual"><scope>TagInfo</scope><name>anchor</name></member>
      <member refid="d3/dc3/struct_tag_info_1a7c046d5ccf0095527213dabbbf0949f9" prot="public" virt="non-virtual"><scope>TagInfo</scope><name>fileName</name></member>
      <member refid="d3/dc3/struct_tag_info_1a8f42f0aff3cb6df860f7b5ba27f6cd2f" prot="public" virt="non-virtual"><scope>TagInfo</scope><name>tagName</name></member>
    </listofallmembers>
  </compounddef>
</doxygen>
