<?xml version='1.0' encoding='UTF-8' standalone='no'?>
<doxygen xmlns:xsi="http://www.w3.org/2001/XMLSchema-instance" xsi:noNamespaceSchemaLocation="compound.xsd" version="1.8.2">
  <compounddef id="d7/d7e/class_member_def_impl" kind="class" prot="public">
    <compoundname>MemberDefImpl</compoundname>
      <sectiondef kind="public-attrib">
      <memberdef kind="variable" id="d7/d7e/class_member_def_impl_1a5a878c3cebbd942f06d3aad51e0b4bf2" prot="public" static="no" mutable="no">
        <type><ref refid="d1/dcf/class_class_def" kindref="compound">ClassDef</ref> *</type>
        <definition>ClassDef* MemberDefImpl::classDef</definition>
        <argsstring></argsstring>
        <name>classDef</name>
        <briefdescription>
        </briefdescription>
        <detaileddescription>
        </detaileddescription>
        <inbodydescription>
        </inbodydescription>
        <location file="C:/Users/Mat/Projects/doxygraph/examples/doxygen-1.8.4/src/memberdef.cpp" line="487" bodyfile="C:/Users/Mat/Projects/doxygraph/examples/doxygen-1.8.4/src/memberdef.cpp" bodystart="487" bodyend="-1"/>
      </memberdef>
      <memberdef kind="variable" id="d7/d7e/class_member_def_impl_1a9016f8962bb0cd2ac014000e9d572890" prot="public" static="no" mutable="no">
        <type><ref refid="de/db0/class_file_def" kindref="compound">FileDef</ref> *</type>
        <definition>FileDef* MemberDefImpl::fileDef</definition>
        <argsstring></argsstring>
        <name>fileDef</name>
        <briefdescription>
        </briefdescription>
        <detaileddescription>
        </detaileddescription>
        <inbodydescription>
        </inbodydescription>
        <location file="C:/Users/Mat/Projects/doxygraph/examples/doxygen-1.8.4/src/memberdef.cpp" line="488" bodyfile="C:/Users/Mat/Projects/doxygraph/examples/doxygen-1.8.4/src/memberdef.cpp" bodystart="488" bodyend="-1"/>
      </memberdef>
      <memberdef kind="variable" id="d7/d7e/class_member_def_impl_1a8e0dfb13f4f8065f64c6880f6bbbd637" prot="public" static="no" mutable="no">
        <type><ref refid="d0/d07/class_namespace_def" kindref="compound">NamespaceDef</ref> *</type>
        <definition>NamespaceDef* MemberDefImpl::nspace</definition>
        <argsstring></argsstring>
        <name>nspace</name>
        <briefdescription>
        </briefdescription>
        <detaileddescription>
        </detaileddescription>
        <inbodydescription>
        </inbodydescription>
        <location file="C:/Users/Mat/Projects/doxygraph/examples/doxygen-1.8.4/src/memberdef.cpp" line="489" bodyfile="C:/Users/Mat/Projects/doxygraph/examples/doxygen-1.8.4/src/memberdef.cpp" bodystart="489" bodyend="-1"/>
      </memberdef>
      <memberdef kind="variable" id="d7/d7e/class_member_def_impl_1a4cc2fb7c5f8d7151c847d0f2a98389da" prot="public" static="no" mutable="no">
        <type><ref refid="da/d09/class_member_def" kindref="compound">MemberDef</ref> *</type>
        <definition>MemberDef* MemberDefImpl::enumScope</definition>
        <argsstring></argsstring>
        <name>enumScope</name>
        <briefdescription>
        </briefdescription>
        <detaileddescription>
        </detaileddescription>
        <inbodydescription>
        </inbodydescription>
        <location file="C:/Users/Mat/Projects/doxygraph/examples/doxygen-1.8.4/src/memberdef.cpp" line="491" bodyfile="C:/Users/Mat/Projects/doxygraph/examples/doxygen-1.8.4/src/memberdef.cpp" bodystart="491" bodyend="-1"/>
      </memberdef>
      <memberdef kind="variable" id="d7/d7e/class_member_def_impl_1adfa50318923ace3b13233fbbcf5f1b62" prot="public" static="no" mutable="no">
        <type>bool</type>
        <definition>bool MemberDefImpl::livesInsideEnum</definition>
        <argsstring></argsstring>
        <name>livesInsideEnum</name>
        <briefdescription>
        </briefdescription>
        <detaileddescription>
        </detaileddescription>
        <inbodydescription>
        </inbodydescription>
        <location file="C:/Users/Mat/Projects/doxygraph/examples/doxygen-1.8.4/src/memberdef.cpp" line="492" bodyfile="C:/Users/Mat/Projects/doxygraph/examples/doxygen-1.8.4/src/memberdef.cpp" bodystart="492" bodyend="-1"/>
      </memberdef>
      <memberdef kind="variable" id="d7/d7e/class_member_def_impl_1ad4225c486c8f3f582a126e0fcc2b9f0f" prot="public" static="no" mutable="no">
        <type><ref refid="da/d09/class_member_def" kindref="compound">MemberDef</ref> *</type>
        <definition>MemberDef* MemberDefImpl::annEnumType</definition>
        <argsstring></argsstring>
        <name>annEnumType</name>
        <briefdescription>
        </briefdescription>
        <detaileddescription>
        </detaileddescription>
        <inbodydescription>
        </inbodydescription>
        <location file="C:/Users/Mat/Projects/doxygraph/examples/doxygen-1.8.4/src/memberdef.cpp" line="493" bodyfile="C:/Users/Mat/Projects/doxygraph/examples/doxygen-1.8.4/src/memberdef.cpp" bodystart="493" bodyend="-1"/>
      </memberdef>
      <memberdef kind="variable" id="d7/d7e/class_member_def_impl_1a8b4c3dc3034475490bfed7c3fe539f44" prot="public" static="no" mutable="no">
        <type><ref refid="dd/d13/class_member_list" kindref="compound">MemberList</ref> *</type>
        <definition>MemberList* MemberDefImpl::enumFields</definition>
        <argsstring></argsstring>
        <name>enumFields</name>
        <briefdescription>
        </briefdescription>
        <detaileddescription>
        </detaileddescription>
        <inbodydescription>
        </inbodydescription>
        <location file="C:/Users/Mat/Projects/doxygraph/examples/doxygen-1.8.4/src/memberdef.cpp" line="494" bodyfile="C:/Users/Mat/Projects/doxygraph/examples/doxygen-1.8.4/src/memberdef.cpp" bodystart="494" bodyend="-1"/>
      </memberdef>
      <memberdef kind="variable" id="d7/d7e/class_member_def_impl_1ad151683c284bc297e4469eab2a925565" prot="public" static="no" mutable="no">
        <type><ref refid="da/d09/class_member_def" kindref="compound">MemberDef</ref> *</type>
        <definition>MemberDef* MemberDefImpl::redefines</definition>
        <argsstring></argsstring>
        <name>redefines</name>
        <briefdescription>
        </briefdescription>
        <detaileddescription>
        </detaileddescription>
        <inbodydescription>
        </inbodydescription>
        <location file="C:/Users/Mat/Projects/doxygraph/examples/doxygen-1.8.4/src/memberdef.cpp" line="496" bodyfile="C:/Users/Mat/Projects/doxygraph/examples/doxygen-1.8.4/src/memberdef.cpp" bodystart="496" bodyend="-1"/>
      </memberdef>
      <memberdef kind="variable" id="d7/d7e/class_member_def_impl_1a4c5e50d34df39faeb13f5d97f8996be0" prot="public" static="no" mutable="no">
        <type><ref refid="dd/d13/class_member_list" kindref="compound">MemberList</ref> *</type>
        <definition>MemberList* MemberDefImpl::redefinedBy</definition>
        <argsstring></argsstring>
        <name>redefinedBy</name>
        <briefdescription>
        </briefdescription>
        <detaileddescription>
        </detaileddescription>
        <inbodydescription>
        </inbodydescription>
        <location file="C:/Users/Mat/Projects/doxygraph/examples/doxygen-1.8.4/src/memberdef.cpp" line="497" bodyfile="C:/Users/Mat/Projects/doxygraph/examples/doxygen-1.8.4/src/memberdef.cpp" bodystart="497" bodyend="-1"/>
      </memberdef>
      <memberdef kind="variable" id="d7/d7e/class_member_def_impl_1aeacc0f8b9078f0108b27b70c0cdee781" prot="public" static="no" mutable="no">
        <type><ref refid="da/d09/class_member_def" kindref="compound">MemberDef</ref> *</type>
        <definition>MemberDef* MemberDefImpl::memDef</definition>
        <argsstring></argsstring>
        <name>memDef</name>
        <briefdescription>
        </briefdescription>
        <detaileddescription>
        </detaileddescription>
        <inbodydescription>
        </inbodydescription>
        <location file="C:/Users/Mat/Projects/doxygraph/examples/doxygen-1.8.4/src/memberdef.cpp" line="499" bodyfile="C:/Users/Mat/Projects/doxygraph/examples/doxygen-1.8.4/src/memberdef.cpp" bodystart="499" bodyend="-1"/>
      </memberdef>
      <memberdef kind="variable" id="d7/d7e/class_member_def_impl_1a5b478eb79ba217c2eb129cb7136bfca9" prot="public" static="no" mutable="no">
        <type><ref refid="da/d09/class_member_def" kindref="compound">MemberDef</ref> *</type>
        <definition>MemberDef* MemberDefImpl::memDec</definition>
        <argsstring></argsstring>
        <name>memDec</name>
        <briefdescription>
        </briefdescription>
        <detaileddescription>
        </detaileddescription>
        <inbodydescription>
        </inbodydescription>
        <location file="C:/Users/Mat/Projects/doxygraph/examples/doxygen-1.8.4/src/memberdef.cpp" line="500" bodyfile="C:/Users/Mat/Projects/doxygraph/examples/doxygen-1.8.4/src/memberdef.cpp" bodystart="500" bodyend="-1"/>
      </memberdef>
      <memberdef kind="variable" id="d7/d7e/class_member_def_impl_1ae464a26ee9ffcb00fcb5bdc0536034b4" prot="public" static="no" mutable="no">
        <type><ref refid="d1/dcf/class_class_def" kindref="compound">ClassDef</ref> *</type>
        <definition>ClassDef* MemberDefImpl::relatedAlso</definition>
        <argsstring></argsstring>
        <name>relatedAlso</name>
        <briefdescription>
        </briefdescription>
        <detaileddescription>
        </detaileddescription>
        <inbodydescription>
        </inbodydescription>
        <location file="C:/Users/Mat/Projects/doxygraph/examples/doxygen-1.8.4/src/memberdef.cpp" line="501" bodyfile="C:/Users/Mat/Projects/doxygraph/examples/doxygen-1.8.4/src/memberdef.cpp" bodystart="501" bodyend="-1"/>
      </memberdef>
      <memberdef kind="variable" id="d7/d7e/class_member_def_impl_1a03a0edb933f6b9c1c497be1494558849" prot="public" static="no" mutable="no">
        <type><ref refid="d0/d31/class_example_s_dict" kindref="compound">ExampleSDict</ref> *</type>
        <definition>ExampleSDict* MemberDefImpl::exampleSDict</definition>
        <argsstring></argsstring>
        <name>exampleSDict</name>
        <briefdescription>
        </briefdescription>
        <detaileddescription>
        </detaileddescription>
        <inbodydescription>
        </inbodydescription>
        <location file="C:/Users/Mat/Projects/doxygraph/examples/doxygen-1.8.4/src/memberdef.cpp" line="503" bodyfile="C:/Users/Mat/Projects/doxygraph/examples/doxygen-1.8.4/src/memberdef.cpp" bodystart="503" bodyend="-1"/>
      </memberdef>
      <memberdef kind="variable" id="d7/d7e/class_member_def_impl_1a4c9af0f74a14735368c72858e2ed39f2" prot="public" static="no" mutable="no">
        <type>QCString</type>
        <definition>QCString MemberDefImpl::type</definition>
        <argsstring></argsstring>
        <name>type</name>
        <briefdescription>
        </briefdescription>
        <detaileddescription>
        </detaileddescription>
        <inbodydescription>
        </inbodydescription>
        <location file="C:/Users/Mat/Projects/doxygraph/examples/doxygen-1.8.4/src/memberdef.cpp" line="505" bodyfile="C:/Users/Mat/Projects/doxygraph/examples/doxygen-1.8.4/src/memberdef.cpp" bodystart="505" bodyend="-1"/>
      </memberdef>
      <memberdef kind="variable" id="d7/d7e/class_member_def_impl_1acdf8b1071f203bca7f24269363c5f6c2" prot="public" static="no" mutable="no">
        <type>QCString</type>
        <definition>QCString MemberDefImpl::accessorType</definition>
        <argsstring></argsstring>
        <name>accessorType</name>
        <briefdescription>
        </briefdescription>
        <detaileddescription>
        </detaileddescription>
        <inbodydescription>
        </inbodydescription>
        <location file="C:/Users/Mat/Projects/doxygraph/examples/doxygen-1.8.4/src/memberdef.cpp" line="506" bodyfile="C:/Users/Mat/Projects/doxygraph/examples/doxygen-1.8.4/src/memberdef.cpp" bodystart="506" bodyend="-1"/>
      </memberdef>
      <memberdef kind="variable" id="d7/d7e/class_member_def_impl_1a3279ffa5573fc073526fd4baddfdb62a" prot="public" static="no" mutable="no">
        <type><ref refid="d1/dcf/class_class_def" kindref="compound">ClassDef</ref> *</type>
        <definition>ClassDef* MemberDefImpl::accessorClass</definition>
        <argsstring></argsstring>
        <name>accessorClass</name>
        <briefdescription>
        </briefdescription>
        <detaileddescription>
        </detaileddescription>
        <inbodydescription>
        </inbodydescription>
        <location file="C:/Users/Mat/Projects/doxygraph/examples/doxygen-1.8.4/src/memberdef.cpp" line="507" bodyfile="C:/Users/Mat/Projects/doxygraph/examples/doxygen-1.8.4/src/memberdef.cpp" bodystart="507" bodyend="-1"/>
      </memberdef>
      <memberdef kind="variable" id="d7/d7e/class_member_def_impl_1aa0a73fff1359a57f667ba21437ac6c3c" prot="public" static="no" mutable="no">
        <type>QCString</type>
        <definition>QCString MemberDefImpl::args</definition>
        <argsstring></argsstring>
        <name>args</name>
        <briefdescription>
        </briefdescription>
        <detaileddescription>
        </detaileddescription>
        <inbodydescription>
        </inbodydescription>
        <location file="C:/Users/Mat/Projects/doxygraph/examples/doxygen-1.8.4/src/memberdef.cpp" line="508" bodyfile="C:/Users/Mat/Projects/doxygraph/examples/doxygen-1.8.4/src/memberdef.cpp" bodystart="508" bodyend="-1"/>
      </memberdef>
      <memberdef kind="variable" id="d7/d7e/class_member_def_impl_1a27a432e4fe7f8fb2f33b570ee665a4c6" prot="public" static="no" mutable="no">
        <type>QCString</type>
        <definition>QCString MemberDefImpl::def</definition>
        <argsstring></argsstring>
        <name>def</name>
        <briefdescription>
        </briefdescription>
        <detaileddescription>
        </detaileddescription>
        <inbodydescription>
        </inbodydescription>
        <location file="C:/Users/Mat/Projects/doxygraph/examples/doxygen-1.8.4/src/memberdef.cpp" line="509" bodyfile="C:/Users/Mat/Projects/doxygraph/examples/doxygen-1.8.4/src/memberdef.cpp" bodystart="509" bodyend="-1"/>
      </memberdef>
      <memberdef kind="variable" id="d7/d7e/class_member_def_impl_1ad188b9d6ecf116a249c5ab2ce6f0c431" prot="public" static="no" mutable="no">
        <type>QCString</type>
        <definition>QCString MemberDefImpl::anc</definition>
        <argsstring></argsstring>
        <name>anc</name>
        <briefdescription>
        </briefdescription>
        <detaileddescription>
        </detaileddescription>
        <inbodydescription>
        </inbodydescription>
        <location file="C:/Users/Mat/Projects/doxygraph/examples/doxygen-1.8.4/src/memberdef.cpp" line="510" bodyfile="C:/Users/Mat/Projects/doxygraph/examples/doxygen-1.8.4/src/memberdef.cpp" bodystart="510" bodyend="-1"/>
      </memberdef>
      <memberdef kind="variable" id="d7/d7e/class_member_def_impl_1a43c6a96ca37ddd20203b40d7077f5184" prot="public" static="no" mutable="no">
        <type><ref refid="d9/d49/types_8h_1ab16236bdd10ddf4d73a9847350f0017e" kindref="member">Specifier</ref></type>
        <definition>Specifier MemberDefImpl::virt</definition>
        <argsstring></argsstring>
        <name>virt</name>
        <briefdescription>
        </briefdescription>
        <detaileddescription>
        </detaileddescription>
        <inbodydescription>
        </inbodydescription>
        <location file="C:/Users/Mat/Projects/doxygraph/examples/doxygen-1.8.4/src/memberdef.cpp" line="511" bodyfile="C:/Users/Mat/Projects/doxygraph/examples/doxygen-1.8.4/src/memberdef.cpp" bodystart="511" bodyend="-1"/>
      </memberdef>
      <memberdef kind="variable" id="d7/d7e/class_member_def_impl_1a3789a8291122e8a9372a4d7a2a8315de" prot="public" static="no" mutable="no">
        <type><ref refid="d9/d49/types_8h_1a90e352184df58cd09455fe9996cd4ded" kindref="member">Protection</ref></type>
        <definition>Protection MemberDefImpl::prot</definition>
        <argsstring></argsstring>
        <name>prot</name>
        <briefdescription>
        </briefdescription>
        <detaileddescription>
        </detaileddescription>
        <inbodydescription>
        </inbodydescription>
        <location file="C:/Users/Mat/Projects/doxygraph/examples/doxygen-1.8.4/src/memberdef.cpp" line="512" bodyfile="C:/Users/Mat/Projects/doxygraph/examples/doxygen-1.8.4/src/memberdef.cpp" bodystart="512" bodyend="-1"/>
      </memberdef>
      <memberdef kind="variable" id="d7/d7e/class_member_def_impl_1a76a463fae487c0e63e7e81ea774af2ee" prot="public" static="no" mutable="no">
        <type>QCString</type>
        <definition>QCString MemberDefImpl::decl</definition>
        <argsstring></argsstring>
        <name>decl</name>
        <briefdescription>
        </briefdescription>
        <detaileddescription>
        </detaileddescription>
        <inbodydescription>
        </inbodydescription>
        <location file="C:/Users/Mat/Projects/doxygraph/examples/doxygen-1.8.4/src/memberdef.cpp" line="513" bodyfile="C:/Users/Mat/Projects/doxygraph/examples/doxygen-1.8.4/src/memberdef.cpp" bodystart="513" bodyend="-1"/>
      </memberdef>
      <memberdef kind="variable" id="d7/d7e/class_member_def_impl_1a40accdd0eb52843b6765a8ed8d8efc93" prot="public" static="no" mutable="no">
        <type>QCString</type>
        <definition>QCString MemberDefImpl::bitfields</definition>
        <argsstring></argsstring>
        <name>bitfields</name>
        <briefdescription>
        </briefdescription>
        <detaileddescription>
        </detaileddescription>
        <inbodydescription>
        </inbodydescription>
        <location file="C:/Users/Mat/Projects/doxygraph/examples/doxygen-1.8.4/src/memberdef.cpp" line="515" bodyfile="C:/Users/Mat/Projects/doxygraph/examples/doxygen-1.8.4/src/memberdef.cpp" bodystart="515" bodyend="-1"/>
      </memberdef>
      <memberdef kind="variable" id="d7/d7e/class_member_def_impl_1a66112b15260339716d792b8bb2e5bba3" prot="public" static="no" mutable="no">
        <type>QCString</type>
        <definition>QCString MemberDefImpl::read</definition>
        <argsstring></argsstring>
        <name>read</name>
        <briefdescription>
        </briefdescription>
        <detaileddescription>
        </detaileddescription>
        <inbodydescription>
        </inbodydescription>
        <location file="C:/Users/Mat/Projects/doxygraph/examples/doxygen-1.8.4/src/memberdef.cpp" line="516" bodyfile="C:/Users/Mat/Projects/doxygraph/examples/doxygen-1.8.4/src/memberdef.cpp" bodystart="516" bodyend="-1"/>
      </memberdef>
      <memberdef kind="variable" id="d7/d7e/class_member_def_impl_1a4a6f84d3db473f96ca63dd5b375b247d" prot="public" static="no" mutable="no">
        <type>QCString</type>
        <definition>QCString MemberDefImpl::write</definition>
        <argsstring></argsstring>
        <name>write</name>
        <briefdescription>
        </briefdescription>
        <detaileddescription>
        </detaileddescription>
        <inbodydescription>
        </inbodydescription>
        <location file="C:/Users/Mat/Projects/doxygraph/examples/doxygen-1.8.4/src/memberdef.cpp" line="517" bodyfile="C:/Users/Mat/Projects/doxygraph/examples/doxygen-1.8.4/src/memberdef.cpp" bodystart="517" bodyend="-1"/>
      </memberdef>
      <memberdef kind="variable" id="d7/d7e/class_member_def_impl_1a81d74ce42750b59b6ad1f095225681df" prot="public" static="no" mutable="no">
        <type>QCString</type>
        <definition>QCString MemberDefImpl::exception</definition>
        <argsstring></argsstring>
        <name>exception</name>
        <briefdescription>
        </briefdescription>
        <detaileddescription>
        </detaileddescription>
        <inbodydescription>
        </inbodydescription>
        <location file="C:/Users/Mat/Projects/doxygraph/examples/doxygen-1.8.4/src/memberdef.cpp" line="518" bodyfile="C:/Users/Mat/Projects/doxygraph/examples/doxygen-1.8.4/src/memberdef.cpp" bodystart="518" bodyend="-1"/>
      </memberdef>
      <memberdef kind="variable" id="d7/d7e/class_member_def_impl_1a1d7a01332f68e72facb291f9e0557a7d" prot="public" static="no" mutable="no">
        <type>QCString</type>
        <definition>QCString MemberDefImpl::initializer</definition>
        <argsstring></argsstring>
        <name>initializer</name>
        <briefdescription>
        </briefdescription>
        <detaileddescription>
        </detaileddescription>
        <inbodydescription>
        </inbodydescription>
        <location file="C:/Users/Mat/Projects/doxygraph/examples/doxygen-1.8.4/src/memberdef.cpp" line="519" bodyfile="C:/Users/Mat/Projects/doxygraph/examples/doxygen-1.8.4/src/memberdef.cpp" bodystart="519" bodyend="-1"/>
      </memberdef>
      <memberdef kind="variable" id="d7/d7e/class_member_def_impl_1a0f8ad9555a20d3dad457e684e7c7ed7d" prot="public" static="no" mutable="no">
        <type>QCString</type>
        <definition>QCString MemberDefImpl::extraTypeChars</definition>
        <argsstring></argsstring>
        <name>extraTypeChars</name>
        <briefdescription>
        </briefdescription>
        <detaileddescription>
        </detaileddescription>
        <inbodydescription>
        </inbodydescription>
        <location file="C:/Users/Mat/Projects/doxygraph/examples/doxygen-1.8.4/src/memberdef.cpp" line="520" bodyfile="C:/Users/Mat/Projects/doxygraph/examples/doxygen-1.8.4/src/memberdef.cpp" bodystart="520" bodyend="-1"/>
      </memberdef>
      <memberdef kind="variable" id="d7/d7e/class_member_def_impl_1a89839bcab62f7987ad230058f974bf9f" prot="public" static="no" mutable="no">
        <type>QCString</type>
        <definition>QCString MemberDefImpl::enumBaseType</definition>
        <argsstring></argsstring>
        <name>enumBaseType</name>
        <briefdescription>
        </briefdescription>
        <detaileddescription>
        </detaileddescription>
        <inbodydescription>
        </inbodydescription>
        <location file="C:/Users/Mat/Projects/doxygraph/examples/doxygen-1.8.4/src/memberdef.cpp" line="521" bodyfile="C:/Users/Mat/Projects/doxygraph/examples/doxygen-1.8.4/src/memberdef.cpp" bodystart="521" bodyend="-1"/>
      </memberdef>
      <memberdef kind="variable" id="d7/d7e/class_member_def_impl_1a2569d1dfbb86f22035b2c29f449ba031" prot="public" static="no" mutable="no">
        <type>int</type>
        <definition>int MemberDefImpl::initLines</definition>
        <argsstring></argsstring>
        <name>initLines</name>
        <briefdescription>
        </briefdescription>
        <detaileddescription>
        </detaileddescription>
        <inbodydescription>
        </inbodydescription>
        <location file="C:/Users/Mat/Projects/doxygraph/examples/doxygen-1.8.4/src/memberdef.cpp" line="522" bodyfile="C:/Users/Mat/Projects/doxygraph/examples/doxygen-1.8.4/src/memberdef.cpp" bodystart="522" bodyend="-1"/>
      </memberdef>
      <memberdef kind="variable" id="d7/d7e/class_member_def_impl_1a862beca5ed5f6e59cd2f6ad6e7bfc2bd" prot="public" static="no" mutable="no">
        <type>uint64</type>
        <definition>uint64 MemberDefImpl::memSpec</definition>
        <argsstring></argsstring>
        <name>memSpec</name>
        <briefdescription>
        </briefdescription>
        <detaileddescription>
        </detaileddescription>
        <inbodydescription>
        </inbodydescription>
        <location file="C:/Users/Mat/Projects/doxygraph/examples/doxygen-1.8.4/src/memberdef.cpp" line="524" bodyfile="C:/Users/Mat/Projects/doxygraph/examples/doxygen-1.8.4/src/memberdef.cpp" bodystart="524" bodyend="-1"/>
      </memberdef>
      <memberdef kind="variable" id="d7/d7e/class_member_def_impl_1abd9a11ddd6535fd27e1557f3c179df41" prot="public" static="no" mutable="no">
        <type>MemberType</type>
        <definition>MemberType MemberDefImpl::mtype</definition>
        <argsstring></argsstring>
        <name>mtype</name>
        <briefdescription>
        </briefdescription>
        <detaileddescription>
        </detaileddescription>
        <inbodydescription>
        </inbodydescription>
        <location file="C:/Users/Mat/Projects/doxygraph/examples/doxygen-1.8.4/src/memberdef.cpp" line="525" bodyfile="C:/Users/Mat/Projects/doxygraph/examples/doxygen-1.8.4/src/memberdef.cpp" bodystart="525" bodyend="-1"/>
      </memberdef>
      <memberdef kind="variable" id="d7/d7e/class_member_def_impl_1ac2fbabd78b82e04a290d0d5c54b3b37a" prot="public" static="no" mutable="no">
        <type>int</type>
        <definition>int MemberDefImpl::maxInitLines</definition>
        <argsstring></argsstring>
        <name>maxInitLines</name>
        <briefdescription>
        </briefdescription>
        <detaileddescription>
        </detaileddescription>
        <inbodydescription>
        </inbodydescription>
        <location file="C:/Users/Mat/Projects/doxygraph/examples/doxygen-1.8.4/src/memberdef.cpp" line="526" bodyfile="C:/Users/Mat/Projects/doxygraph/examples/doxygen-1.8.4/src/memberdef.cpp" bodystart="526" bodyend="-1"/>
      </memberdef>
      <memberdef kind="variable" id="d7/d7e/class_member_def_impl_1a42ce43bf816a71053f083e1ca3a43320" prot="public" static="no" mutable="no">
        <type>int</type>
        <definition>int MemberDefImpl::userInitLines</definition>
        <argsstring></argsstring>
        <name>userInitLines</name>
        <briefdescription>
        </briefdescription>
        <detaileddescription>
        </detaileddescription>
        <inbodydescription>
        </inbodydescription>
        <location file="C:/Users/Mat/Projects/doxygraph/examples/doxygen-1.8.4/src/memberdef.cpp" line="527" bodyfile="C:/Users/Mat/Projects/doxygraph/examples/doxygen-1.8.4/src/memberdef.cpp" bodystart="527" bodyend="-1"/>
      </memberdef>
      <memberdef kind="variable" id="d7/d7e/class_member_def_impl_1a5254b501e625d4128d4b4746254ae5a7" prot="public" static="no" mutable="no">
        <type><ref refid="da/d09/class_member_def" kindref="compound">MemberDef</ref> *</type>
        <definition>MemberDef* MemberDefImpl::annMemb</definition>
        <argsstring></argsstring>
        <name>annMemb</name>
        <briefdescription>
        </briefdescription>
        <detaileddescription>
        </detaileddescription>
        <inbodydescription>
        </inbodydescription>
        <location file="C:/Users/Mat/Projects/doxygraph/examples/doxygen-1.8.4/src/memberdef.cpp" line="528" bodyfile="C:/Users/Mat/Projects/doxygraph/examples/doxygen-1.8.4/src/memberdef.cpp" bodystart="528" bodyend="-1"/>
      </memberdef>
      <memberdef kind="variable" id="d7/d7e/class_member_def_impl_1a1898d617ffa6e325ee27a92bba71e51e" prot="public" static="no" mutable="no">
        <type><ref refid="d7/df8/class_argument_list" kindref="compound">ArgumentList</ref> *</type>
        <definition>ArgumentList* MemberDefImpl::defArgList</definition>
        <argsstring></argsstring>
        <name>defArgList</name>
        <briefdescription>
        </briefdescription>
        <detaileddescription>
        </detaileddescription>
        <inbodydescription>
        </inbodydescription>
        <location file="C:/Users/Mat/Projects/doxygraph/examples/doxygen-1.8.4/src/memberdef.cpp" line="530" bodyfile="C:/Users/Mat/Projects/doxygraph/examples/doxygen-1.8.4/src/memberdef.cpp" bodystart="530" bodyend="-1"/>
      </memberdef>
      <memberdef kind="variable" id="d7/d7e/class_member_def_impl_1ad87b77f6e6f285e7dbd1ce31e9da0f78" prot="public" static="no" mutable="no">
        <type><ref refid="d7/df8/class_argument_list" kindref="compound">ArgumentList</ref> *</type>
        <definition>ArgumentList* MemberDefImpl::declArgList</definition>
        <argsstring></argsstring>
        <name>declArgList</name>
        <briefdescription>
        </briefdescription>
        <detaileddescription>
        </detaileddescription>
        <inbodydescription>
        </inbodydescription>
        <location file="C:/Users/Mat/Projects/doxygraph/examples/doxygen-1.8.4/src/memberdef.cpp" line="531" bodyfile="C:/Users/Mat/Projects/doxygraph/examples/doxygen-1.8.4/src/memberdef.cpp" bodystart="531" bodyend="-1"/>
      </memberdef>
      <memberdef kind="variable" id="d7/d7e/class_member_def_impl_1aafedc0435689a4a24f626b3b72dc5fdd" prot="public" static="no" mutable="no">
        <type><ref refid="d7/df8/class_argument_list" kindref="compound">ArgumentList</ref> *</type>
        <definition>ArgumentList* MemberDefImpl::tArgList</definition>
        <argsstring></argsstring>
        <name>tArgList</name>
        <briefdescription>
        </briefdescription>
        <detaileddescription>
        </detaileddescription>
        <inbodydescription>
        </inbodydescription>
        <location file="C:/Users/Mat/Projects/doxygraph/examples/doxygen-1.8.4/src/memberdef.cpp" line="533" bodyfile="C:/Users/Mat/Projects/doxygraph/examples/doxygen-1.8.4/src/memberdef.cpp" bodystart="533" bodyend="-1"/>
      </memberdef>
      <memberdef kind="variable" id="d7/d7e/class_member_def_impl_1af6c704ee3bde90fe74f057226a64e437" prot="public" static="no" mutable="no">
        <type><ref refid="d7/df8/class_argument_list" kindref="compound">ArgumentList</ref> *</type>
        <definition>ArgumentList* MemberDefImpl::typeConstraints</definition>
        <argsstring></argsstring>
        <name>typeConstraints</name>
        <briefdescription>
        </briefdescription>
        <detaileddescription>
        </detaileddescription>
        <inbodydescription>
        </inbodydescription>
        <location file="C:/Users/Mat/Projects/doxygraph/examples/doxygen-1.8.4/src/memberdef.cpp" line="534" bodyfile="C:/Users/Mat/Projects/doxygraph/examples/doxygen-1.8.4/src/memberdef.cpp" bodystart="534" bodyend="-1"/>
      </memberdef>
      <memberdef kind="variable" id="d7/d7e/class_member_def_impl_1a41e84ba9611b6003693dc8bbd7200dd1" prot="public" static="no" mutable="no">
        <type><ref refid="da/d09/class_member_def" kindref="compound">MemberDef</ref> *</type>
        <definition>MemberDef* MemberDefImpl::templateMaster</definition>
        <argsstring></argsstring>
        <name>templateMaster</name>
        <briefdescription>
        </briefdescription>
        <detaileddescription>
        </detaileddescription>
        <inbodydescription>
        </inbodydescription>
        <location file="C:/Users/Mat/Projects/doxygraph/examples/doxygen-1.8.4/src/memberdef.cpp" line="535" bodyfile="C:/Users/Mat/Projects/doxygraph/examples/doxygen-1.8.4/src/memberdef.cpp" bodystart="535" bodyend="-1"/>
      </memberdef>
      <memberdef kind="variable" id="d7/d7e/class_member_def_impl_1a4d00872de77e13c3b707b4a8db704aad" prot="public" static="no" mutable="no">
        <type><ref refid="db/daa/class_q_list" kindref="compound">QList</ref>&lt; <ref refid="d7/df8/class_argument_list" kindref="compound">ArgumentList</ref> &gt; *</type>
        <definition>QList&lt;ArgumentList&gt;* MemberDefImpl::defTmpArgLists</definition>
        <argsstring></argsstring>
        <name>defTmpArgLists</name>
        <briefdescription>
        </briefdescription>
        <detaileddescription>
        </detaileddescription>
        <inbodydescription>
        </inbodydescription>
        <location file="C:/Users/Mat/Projects/doxygraph/examples/doxygen-1.8.4/src/memberdef.cpp" line="536" bodyfile="C:/Users/Mat/Projects/doxygraph/examples/doxygen-1.8.4/src/memberdef.cpp" bodystart="536" bodyend="-1"/>
      </memberdef>
      <memberdef kind="variable" id="d7/d7e/class_member_def_impl_1a288b263aa2d14e016ab6f930816fad9d" prot="public" static="no" mutable="no">
        <type><ref refid="d1/dcf/class_class_def" kindref="compound">ClassDef</ref> *</type>
        <definition>ClassDef* MemberDefImpl::cachedAnonymousType</definition>
        <argsstring></argsstring>
        <name>cachedAnonymousType</name>
        <briefdescription>
        </briefdescription>
        <detaileddescription>
        </detaileddescription>
        <inbodydescription>
        </inbodydescription>
        <location file="C:/Users/Mat/Projects/doxygraph/examples/doxygen-1.8.4/src/memberdef.cpp" line="539" bodyfile="C:/Users/Mat/Projects/doxygraph/examples/doxygen-1.8.4/src/memberdef.cpp" bodystart="539" bodyend="-1"/>
      </memberdef>
      <memberdef kind="variable" id="d7/d7e/class_member_def_impl_1af5ddb8894600c2e9d2d05b8803f64e6e" prot="public" static="no" mutable="no">
        <type><ref refid="d1/d50/class_s_dict" kindref="compound">SDict</ref>&lt; <ref refid="dd/d13/class_member_list" kindref="compound">MemberList</ref> &gt; *</type>
        <definition>SDict&lt;MemberList&gt;* MemberDefImpl::classSectionSDict</definition>
        <argsstring></argsstring>
        <name>classSectionSDict</name>
        <briefdescription>
        </briefdescription>
        <detaileddescription>
        </detaileddescription>
        <inbodydescription>
        </inbodydescription>
        <location file="C:/Users/Mat/Projects/doxygraph/examples/doxygen-1.8.4/src/memberdef.cpp" line="543" bodyfile="C:/Users/Mat/Projects/doxygraph/examples/doxygen-1.8.4/src/memberdef.cpp" bodystart="543" bodyend="-1"/>
      </memberdef>
      <memberdef kind="variable" id="d7/d7e/class_member_def_impl_1ab0c6a9476261e8bf1959262956c6b65b" prot="public" static="no" mutable="no">
        <type><ref refid="da/d09/class_member_def" kindref="compound">MemberDef</ref> *</type>
        <definition>MemberDef* MemberDefImpl::groupAlias</definition>
        <argsstring></argsstring>
        <name>groupAlias</name>
        <briefdescription>
        </briefdescription>
        <detaileddescription>
        </detaileddescription>
        <inbodydescription>
        </inbodydescription>
        <location file="C:/Users/Mat/Projects/doxygraph/examples/doxygen-1.8.4/src/memberdef.cpp" line="545" bodyfile="C:/Users/Mat/Projects/doxygraph/examples/doxygen-1.8.4/src/memberdef.cpp" bodystart="545" bodyend="-1"/>
      </memberdef>
      <memberdef kind="variable" id="d7/d7e/class_member_def_impl_1a784d7ffa09c8f22d758a47ea730d4d9b" prot="public" static="no" mutable="no">
        <type>int</type>
        <definition>int MemberDefImpl::grpId</definition>
        <argsstring></argsstring>
        <name>grpId</name>
        <briefdescription>
        </briefdescription>
        <detaileddescription>
        </detaileddescription>
        <inbodydescription>
        </inbodydescription>
        <location file="C:/Users/Mat/Projects/doxygraph/examples/doxygen-1.8.4/src/memberdef.cpp" line="546" bodyfile="C:/Users/Mat/Projects/doxygraph/examples/doxygen-1.8.4/src/memberdef.cpp" bodystart="546" bodyend="-1"/>
      </memberdef>
      <memberdef kind="variable" id="d7/d7e/class_member_def_impl_1a089e0d4f9153d6cd4afe947384961ad2" prot="public" static="no" mutable="no">
        <type><ref refid="da/d32/class_member_group" kindref="compound">MemberGroup</ref> *</type>
        <definition>MemberGroup* MemberDefImpl::memberGroup</definition>
        <argsstring></argsstring>
        <name>memberGroup</name>
        <briefdescription>
        </briefdescription>
        <detaileddescription>
        </detaileddescription>
        <inbodydescription>
        </inbodydescription>
        <location file="C:/Users/Mat/Projects/doxygraph/examples/doxygen-1.8.4/src/memberdef.cpp" line="547" bodyfile="C:/Users/Mat/Projects/doxygraph/examples/doxygen-1.8.4/src/memberdef.cpp" bodystart="547" bodyend="-1"/>
      </memberdef>
      <memberdef kind="variable" id="d7/d7e/class_member_def_impl_1ab2f2ad83fac6686d918ebc1607eb0564" prot="public" static="no" mutable="no">
        <type><ref refid="d8/d09/class_group_def" kindref="compound">GroupDef</ref> *</type>
        <definition>GroupDef* MemberDefImpl::group</definition>
        <argsstring></argsstring>
        <name>group</name>
        <briefdescription>
        </briefdescription>
        <detaileddescription>
        </detaileddescription>
        <inbodydescription>
        </inbodydescription>
        <location file="C:/Users/Mat/Projects/doxygraph/examples/doxygen-1.8.4/src/memberdef.cpp" line="548" bodyfile="C:/Users/Mat/Projects/doxygraph/examples/doxygen-1.8.4/src/memberdef.cpp" bodystart="548" bodyend="-1"/>
      </memberdef>
      <memberdef kind="variable" id="d7/d7e/class_member_def_impl_1a422172e0211764448dde35c75f8bee06" prot="public" static="no" mutable="no">
        <type><ref refid="d7/d59/struct_grouping_1a9f0ec5ab376b083ebe3274ea79fd2d70" kindref="member">Grouping::GroupPri_t</ref></type>
        <definition>Grouping::GroupPri_t MemberDefImpl::grouppri</definition>
        <argsstring></argsstring>
        <name>grouppri</name>
        <briefdescription>
        </briefdescription>
        <detaileddescription>
        </detaileddescription>
        <inbodydescription>
        </inbodydescription>
        <location file="C:/Users/Mat/Projects/doxygraph/examples/doxygen-1.8.4/src/memberdef.cpp" line="549" bodyfile="C:/Users/Mat/Projects/doxygraph/examples/doxygen-1.8.4/src/memberdef.cpp" bodystart="549" bodyend="-1"/>
      </memberdef>
      <memberdef kind="variable" id="d7/d7e/class_member_def_impl_1a8b00b9dc57b5ed24c9613db054072ff8" prot="public" static="no" mutable="no">
        <type>QCString</type>
        <definition>QCString MemberDefImpl::groupFileName</definition>
        <argsstring></argsstring>
        <name>groupFileName</name>
        <briefdescription>
        </briefdescription>
        <detaileddescription>
        </detaileddescription>
        <inbodydescription>
        </inbodydescription>
        <location file="C:/Users/Mat/Projects/doxygraph/examples/doxygen-1.8.4/src/memberdef.cpp" line="550" bodyfile="C:/Users/Mat/Projects/doxygraph/examples/doxygen-1.8.4/src/memberdef.cpp" bodystart="550" bodyend="-1"/>
      </memberdef>
      <memberdef kind="variable" id="d7/d7e/class_member_def_impl_1a0b97d25d4a0c3641b50ea4fb2d502318" prot="public" static="no" mutable="no">
        <type>int</type>
        <definition>int MemberDefImpl::groupStartLine</definition>
        <argsstring></argsstring>
        <name>groupStartLine</name>
        <briefdescription>
        </briefdescription>
        <detaileddescription>
        </detaileddescription>
        <inbodydescription>
        </inbodydescription>
        <location file="C:/Users/Mat/Projects/doxygraph/examples/doxygen-1.8.4/src/memberdef.cpp" line="551" bodyfile="C:/Users/Mat/Projects/doxygraph/examples/doxygen-1.8.4/src/memberdef.cpp" bodystart="551" bodyend="-1"/>
      </memberdef>
      <memberdef kind="variable" id="d7/d7e/class_member_def_impl_1ae54e843342df076cfa9375143ed280f6" prot="public" static="no" mutable="no">
        <type><ref refid="da/d09/class_member_def" kindref="compound">MemberDef</ref> *</type>
        <definition>MemberDef* MemberDefImpl::groupMember</definition>
        <argsstring></argsstring>
        <name>groupMember</name>
        <briefdescription>
        </briefdescription>
        <detaileddescription>
        </detaileddescription>
        <inbodydescription>
        </inbodydescription>
        <location file="C:/Users/Mat/Projects/doxygraph/examples/doxygen-1.8.4/src/memberdef.cpp" line="552" bodyfile="C:/Users/Mat/Projects/doxygraph/examples/doxygen-1.8.4/src/memberdef.cpp" bodystart="552" bodyend="-1"/>
      </memberdef>
      <memberdef kind="variable" id="d7/d7e/class_member_def_impl_1a3772e104df284f1e9c6c353f95d63888" prot="public" static="no" mutable="no">
        <type>bool</type>
        <definition>bool MemberDefImpl::isTypedefValCached</definition>
        <argsstring></argsstring>
        <name>isTypedefValCached</name>
        <briefdescription>
        </briefdescription>
        <detaileddescription>
        </detaileddescription>
        <inbodydescription>
        </inbodydescription>
        <location file="C:/Users/Mat/Projects/doxygraph/examples/doxygen-1.8.4/src/memberdef.cpp" line="554" bodyfile="C:/Users/Mat/Projects/doxygraph/examples/doxygen-1.8.4/src/memberdef.cpp" bodystart="554" bodyend="-1"/>
      </memberdef>
      <memberdef kind="variable" id="d7/d7e/class_member_def_impl_1a70e8f392743fbaebe8a48ffcfdbf742e" prot="public" static="no" mutable="no">
        <type><ref refid="d1/dcf/class_class_def" kindref="compound">ClassDef</ref> *</type>
        <definition>ClassDef* MemberDefImpl::cachedTypedefValue</definition>
        <argsstring></argsstring>
        <name>cachedTypedefValue</name>
        <briefdescription>
        </briefdescription>
        <detaileddescription>
        </detaileddescription>
        <inbodydescription>
        </inbodydescription>
        <location file="C:/Users/Mat/Projects/doxygraph/examples/doxygen-1.8.4/src/memberdef.cpp" line="555" bodyfile="C:/Users/Mat/Projects/doxygraph/examples/doxygen-1.8.4/src/memberdef.cpp" bodystart="555" bodyend="-1"/>
      </memberdef>
      <memberdef kind="variable" id="d7/d7e/class_member_def_impl_1af5d741d67f41577033a31c0dc37e516b" prot="public" static="no" mutable="no">
        <type>QCString</type>
        <definition>QCString MemberDefImpl::cachedTypedefTemplSpec</definition>
        <argsstring></argsstring>
        <name>cachedTypedefTemplSpec</name>
        <briefdescription>
        </briefdescription>
        <detaileddescription>
        </detaileddescription>
        <inbodydescription>
        </inbodydescription>
        <location file="C:/Users/Mat/Projects/doxygraph/examples/doxygen-1.8.4/src/memberdef.cpp" line="556" bodyfile="C:/Users/Mat/Projects/doxygraph/examples/doxygen-1.8.4/src/memberdef.cpp" bodystart="556" bodyend="-1"/>
      </memberdef>
      <memberdef kind="variable" id="d7/d7e/class_member_def_impl_1a3b1306e163319f6f73e0cef2db0346cb" prot="public" static="no" mutable="no">
        <type>QCString</type>
        <definition>QCString MemberDefImpl::cachedResolvedType</definition>
        <argsstring></argsstring>
        <name>cachedResolvedType</name>
        <briefdescription>
        </briefdescription>
        <detaileddescription>
        </detaileddescription>
        <inbodydescription>
        </inbodydescription>
        <location file="C:/Users/Mat/Projects/doxygraph/examples/doxygen-1.8.4/src/memberdef.cpp" line="557" bodyfile="C:/Users/Mat/Projects/doxygraph/examples/doxygen-1.8.4/src/memberdef.cpp" bodystart="557" bodyend="-1"/>
      </memberdef>
      <memberdef kind="variable" id="d7/d7e/class_member_def_impl_1a1ab1d06a72e4d41c162104049033abcf" prot="public" static="no" mutable="no">
        <type><ref refid="da/d09/class_member_def" kindref="compound">MemberDef</ref> *</type>
        <definition>MemberDef* MemberDefImpl::docProvider</definition>
        <argsstring></argsstring>
        <name>docProvider</name>
        <briefdescription>
        </briefdescription>
        <detaileddescription>
        </detaileddescription>
        <inbodydescription>
        </inbodydescription>
        <location file="C:/Users/Mat/Projects/doxygraph/examples/doxygen-1.8.4/src/memberdef.cpp" line="565" bodyfile="C:/Users/Mat/Projects/doxygraph/examples/doxygen-1.8.4/src/memberdef.cpp" bodystart="565" bodyend="-1"/>
      </memberdef>
      <memberdef kind="variable" id="d7/d7e/class_member_def_impl_1ac40cfb6a22044120f61004b422c006f8" prot="public" static="no" mutable="no">
        <type>QCString</type>
        <definition>QCString MemberDefImpl::explicitOutputFileBase</definition>
        <argsstring></argsstring>
        <name>explicitOutputFileBase</name>
        <briefdescription>
        </briefdescription>
        <detaileddescription>
        </detaileddescription>
        <inbodydescription>
        </inbodydescription>
        <location file="C:/Users/Mat/Projects/doxygraph/examples/doxygen-1.8.4/src/memberdef.cpp" line="568" bodyfile="C:/Users/Mat/Projects/doxygraph/examples/doxygen-1.8.4/src/memberdef.cpp" bodystart="568" bodyend="-1"/>
      </memberdef>
      <memberdef kind="variable" id="d7/d7e/class_member_def_impl_1aaaad556406a4a8fe999aec2e27f2f50e" prot="public" static="no" mutable="no">
        <type>bool</type>
        <definition>bool MemberDefImpl::implOnly</definition>
        <argsstring></argsstring>
        <name>implOnly</name>
        <briefdescription>
        </briefdescription>
        <detaileddescription>
        </detaileddescription>
        <inbodydescription>
        </inbodydescription>
        <location file="C:/Users/Mat/Projects/doxygraph/examples/doxygen-1.8.4/src/memberdef.cpp" line="571" bodyfile="C:/Users/Mat/Projects/doxygraph/examples/doxygen-1.8.4/src/memberdef.cpp" bodystart="571" bodyend="-1"/>
      </memberdef>
      <memberdef kind="variable" id="d7/d7e/class_member_def_impl_1a6460e6978ab13753c7f2c4ddc58fb90b" prot="public" static="no" mutable="no">
        <type>bool</type>
        <definition>bool MemberDefImpl::hasDocumentedParams</definition>
        <argsstring></argsstring>
        <name>hasDocumentedParams</name>
        <briefdescription>
        </briefdescription>
        <detaileddescription>
        </detaileddescription>
        <inbodydescription>
        </inbodydescription>
        <location file="C:/Users/Mat/Projects/doxygraph/examples/doxygen-1.8.4/src/memberdef.cpp" line="573" bodyfile="C:/Users/Mat/Projects/doxygraph/examples/doxygen-1.8.4/src/memberdef.cpp" bodystart="573" bodyend="-1"/>
      </memberdef>
      <memberdef kind="variable" id="d7/d7e/class_member_def_impl_1a795d40d8f2a7f20e3b74743190dfade7" prot="public" static="no" mutable="no">
        <type>bool</type>
        <definition>bool MemberDefImpl::hasDocumentedReturnType</definition>
        <argsstring></argsstring>
        <name>hasDocumentedReturnType</name>
        <briefdescription>
        </briefdescription>
        <detaileddescription>
        </detaileddescription>
        <inbodydescription>
        </inbodydescription>
        <location file="C:/Users/Mat/Projects/doxygraph/examples/doxygen-1.8.4/src/memberdef.cpp" line="574" bodyfile="C:/Users/Mat/Projects/doxygraph/examples/doxygen-1.8.4/src/memberdef.cpp" bodystart="574" bodyend="-1"/>
      </memberdef>
      <memberdef kind="variable" id="d7/d7e/class_member_def_impl_1a146491d559ab942240e3598e64e5a6ae" prot="public" static="no" mutable="no">
        <type>bool</type>
        <definition>bool MemberDefImpl::isDMember</definition>
        <argsstring></argsstring>
        <name>isDMember</name>
        <briefdescription>
        </briefdescription>
        <detaileddescription>
        </detaileddescription>
        <inbodydescription>
        </inbodydescription>
        <location file="C:/Users/Mat/Projects/doxygraph/examples/doxygen-1.8.4/src/memberdef.cpp" line="575" bodyfile="C:/Users/Mat/Projects/doxygraph/examples/doxygen-1.8.4/src/memberdef.cpp" bodystart="575" bodyend="-1"/>
      </memberdef>
      <memberdef kind="variable" id="d7/d7e/class_member_def_impl_1a2f535d1f411a1a33e1a4d1b6d12484e0" prot="public" static="no" mutable="no">
        <type><ref refid="d9/d49/types_8h_1a9d625fe894d9313ec78df1d78553f32e" kindref="member">Relationship</ref></type>
        <definition>Relationship MemberDefImpl::related</definition>
        <argsstring></argsstring>
        <name>related</name>
        <briefdescription>
        </briefdescription>
        <detaileddescription>
        </detaileddescription>
        <inbodydescription>
        </inbodydescription>
        <location file="C:/Users/Mat/Projects/doxygraph/examples/doxygen-1.8.4/src/memberdef.cpp" line="576" bodyfile="C:/Users/Mat/Projects/doxygraph/examples/doxygen-1.8.4/src/memberdef.cpp" bodystart="576" bodyend="-1"/>
      </memberdef>
      <memberdef kind="variable" id="d7/d7e/class_member_def_impl_1a4726a0778b168be2f5db04e3b24fd546" prot="public" static="no" mutable="no">
        <type>bool</type>
        <definition>bool MemberDefImpl::stat</definition>
        <argsstring></argsstring>
        <name>stat</name>
        <briefdescription>
        </briefdescription>
        <detaileddescription>
        </detaileddescription>
        <inbodydescription>
        </inbodydescription>
        <location file="C:/Users/Mat/Projects/doxygraph/examples/doxygen-1.8.4/src/memberdef.cpp" line="577" bodyfile="C:/Users/Mat/Projects/doxygraph/examples/doxygen-1.8.4/src/memberdef.cpp" bodystart="577" bodyend="-1"/>
      </memberdef>
      <memberdef kind="variable" id="d7/d7e/class_member_def_impl_1acd7da7292edf3c335c3d9e7edaea567e" prot="public" static="no" mutable="no">
        <type>bool</type>
        <definition>bool MemberDefImpl::proto</definition>
        <argsstring></argsstring>
        <name>proto</name>
        <briefdescription>
        </briefdescription>
        <detaileddescription>
        </detaileddescription>
        <inbodydescription>
        </inbodydescription>
        <location file="C:/Users/Mat/Projects/doxygraph/examples/doxygen-1.8.4/src/memberdef.cpp" line="578" bodyfile="C:/Users/Mat/Projects/doxygraph/examples/doxygen-1.8.4/src/memberdef.cpp" bodystart="578" bodyend="-1"/>
      </memberdef>
      <memberdef kind="variable" id="d7/d7e/class_member_def_impl_1a632a1bf5aac7252704eac08788f5720c" prot="public" static="no" mutable="no">
        <type>bool</type>
        <definition>bool MemberDefImpl::docEnumValues</definition>
        <argsstring></argsstring>
        <name>docEnumValues</name>
        <briefdescription>
        </briefdescription>
        <detaileddescription>
        </detaileddescription>
        <inbodydescription>
        </inbodydescription>
        <location file="C:/Users/Mat/Projects/doxygraph/examples/doxygen-1.8.4/src/memberdef.cpp" line="579" bodyfile="C:/Users/Mat/Projects/doxygraph/examples/doxygen-1.8.4/src/memberdef.cpp" bodystart="579" bodyend="-1"/>
      </memberdef>
      <memberdef kind="variable" id="d7/d7e/class_member_def_impl_1acbb4709f233b9b43cf10cebfefc46a54" prot="public" static="no" mutable="no">
        <type>bool</type>
        <definition>bool MemberDefImpl::annScope</definition>
        <argsstring></argsstring>
        <name>annScope</name>
        <briefdescription>
        </briefdescription>
        <detaileddescription>
        </detaileddescription>
        <inbodydescription>
        </inbodydescription>
        <location file="C:/Users/Mat/Projects/doxygraph/examples/doxygen-1.8.4/src/memberdef.cpp" line="580" bodyfile="C:/Users/Mat/Projects/doxygraph/examples/doxygen-1.8.4/src/memberdef.cpp" bodystart="580" bodyend="-1"/>
      </memberdef>
      <memberdef kind="variable" id="d7/d7e/class_member_def_impl_1af2524e6def8cfc4a6b3fb68643a56726" prot="public" static="no" mutable="no">
        <type>bool</type>
        <definition>bool MemberDefImpl::annUsed</definition>
        <argsstring></argsstring>
        <name>annUsed</name>
        <briefdescription>
        </briefdescription>
        <detaileddescription>
        </detaileddescription>
        <inbodydescription>
        </inbodydescription>
        <location file="C:/Users/Mat/Projects/doxygraph/examples/doxygen-1.8.4/src/memberdef.cpp" line="581" bodyfile="C:/Users/Mat/Projects/doxygraph/examples/doxygen-1.8.4/src/memberdef.cpp" bodystart="581" bodyend="-1"/>
      </memberdef>
      <memberdef kind="variable" id="d7/d7e/class_member_def_impl_1a0144e8374957dfc86757ed633513e310" prot="public" static="no" mutable="no">
        <type>bool</type>
        <definition>bool MemberDefImpl::hasCallGraph</definition>
        <argsstring></argsstring>
        <name>hasCallGraph</name>
        <briefdescription>
        </briefdescription>
        <detaileddescription>
        </detaileddescription>
        <inbodydescription>
        </inbodydescription>
        <location file="C:/Users/Mat/Projects/doxygraph/examples/doxygen-1.8.4/src/memberdef.cpp" line="582" bodyfile="C:/Users/Mat/Projects/doxygraph/examples/doxygen-1.8.4/src/memberdef.cpp" bodystart="582" bodyend="-1"/>
      </memberdef>
      <memberdef kind="variable" id="d7/d7e/class_member_def_impl_1aa3e39b631b3f91328f62da4eec72a52f" prot="public" static="no" mutable="no">
        <type>bool</type>
        <definition>bool MemberDefImpl::hasCallerGraph</definition>
        <argsstring></argsstring>
        <name>hasCallerGraph</name>
        <briefdescription>
        </briefdescription>
        <detaileddescription>
        </detaileddescription>
        <inbodydescription>
        </inbodydescription>
        <location file="C:/Users/Mat/Projects/doxygraph/examples/doxygen-1.8.4/src/memberdef.cpp" line="583" bodyfile="C:/Users/Mat/Projects/doxygraph/examples/doxygen-1.8.4/src/memberdef.cpp" bodystart="583" bodyend="-1"/>
      </memberdef>
      <memberdef kind="variable" id="d7/d7e/class_member_def_impl_1a89bc9538fe5bfcdcfdba9359f4f4779d" prot="public" static="no" mutable="no">
        <type>bool</type>
        <definition>bool MemberDefImpl::explExt</definition>
        <argsstring></argsstring>
        <name>explExt</name>
        <briefdescription>
        </briefdescription>
        <detaileddescription>
        </detaileddescription>
        <inbodydescription>
        </inbodydescription>
        <location file="C:/Users/Mat/Projects/doxygraph/examples/doxygen-1.8.4/src/memberdef.cpp" line="584" bodyfile="C:/Users/Mat/Projects/doxygraph/examples/doxygen-1.8.4/src/memberdef.cpp" bodystart="584" bodyend="-1"/>
      </memberdef>
      <memberdef kind="variable" id="d7/d7e/class_member_def_impl_1a4e432399e49ba85d32fcfea646f66c4a" prot="public" static="no" mutable="no">
        <type>bool</type>
        <definition>bool MemberDefImpl::tspec</definition>
        <argsstring></argsstring>
        <name>tspec</name>
        <briefdescription>
        </briefdescription>
        <detaileddescription>
        </detaileddescription>
        <inbodydescription>
        </inbodydescription>
        <location file="C:/Users/Mat/Projects/doxygraph/examples/doxygen-1.8.4/src/memberdef.cpp" line="585" bodyfile="C:/Users/Mat/Projects/doxygraph/examples/doxygen-1.8.4/src/memberdef.cpp" bodystart="585" bodyend="-1"/>
      </memberdef>
      <memberdef kind="variable" id="d7/d7e/class_member_def_impl_1afeb705ca84e31b23b89cf9e1730587ef" prot="public" static="no" mutable="no">
        <type>bool</type>
        <definition>bool MemberDefImpl::groupHasDocs</definition>
        <argsstring></argsstring>
        <name>groupHasDocs</name>
        <briefdescription>
        </briefdescription>
        <detaileddescription>
        </detaileddescription>
        <inbodydescription>
        </inbodydescription>
        <location file="C:/Users/Mat/Projects/doxygraph/examples/doxygen-1.8.4/src/memberdef.cpp" line="586" bodyfile="C:/Users/Mat/Projects/doxygraph/examples/doxygen-1.8.4/src/memberdef.cpp" bodystart="586" bodyend="-1"/>
      </memberdef>
      <memberdef kind="variable" id="d7/d7e/class_member_def_impl_1a82e5e571636549865c589888f02a2b8e" prot="public" static="no" mutable="no">
        <type>bool</type>
        <definition>bool MemberDefImpl::docsForDefinition</definition>
        <argsstring></argsstring>
        <name>docsForDefinition</name>
        <briefdescription>
        </briefdescription>
        <detaileddescription>
        </detaileddescription>
        <inbodydescription>
        </inbodydescription>
        <location file="C:/Users/Mat/Projects/doxygraph/examples/doxygen-1.8.4/src/memberdef.cpp" line="587" bodyfile="C:/Users/Mat/Projects/doxygraph/examples/doxygen-1.8.4/src/memberdef.cpp" bodystart="587" bodyend="-1"/>
      </memberdef>
      <memberdef kind="variable" id="d7/d7e/class_member_def_impl_1a12955f1ceca622ed822fd55724ebe152" prot="public" static="no" mutable="no">
        <type><ref refid="d1/dcf/class_class_def" kindref="compound">ClassDef</ref> *</type>
        <definition>ClassDef* MemberDefImpl::category</definition>
        <argsstring></argsstring>
        <name>category</name>
        <briefdescription>
        </briefdescription>
        <detaileddescription>
        </detaileddescription>
        <inbodydescription>
        </inbodydescription>
        <location file="C:/Users/Mat/Projects/doxygraph/examples/doxygen-1.8.4/src/memberdef.cpp" line="590" bodyfile="C:/Users/Mat/Projects/doxygraph/examples/doxygen-1.8.4/src/memberdef.cpp" bodystart="590" bodyend="-1"/>
      </memberdef>
      <memberdef kind="variable" id="d7/d7e/class_member_def_impl_1a40816d9db7c350c93477f9594b86638d" prot="public" static="no" mutable="no">
        <type><ref refid="da/d09/class_member_def" kindref="compound">MemberDef</ref> *</type>
        <definition>MemberDef* MemberDefImpl::categoryRelation</definition>
        <argsstring></argsstring>
        <name>categoryRelation</name>
        <briefdescription>
        </briefdescription>
        <detaileddescription>
        </detaileddescription>
        <inbodydescription>
        </inbodydescription>
        <location file="C:/Users/Mat/Projects/doxygraph/examples/doxygen-1.8.4/src/memberdef.cpp" line="591" bodyfile="C:/Users/Mat/Projects/doxygraph/examples/doxygen-1.8.4/src/memberdef.cpp" bodystart="591" bodyend="-1"/>
      </memberdef>
      <memberdef kind="variable" id="d7/d7e/class_member_def_impl_1a1f6749686dbfd9108cafe037b698e9f1" prot="public" static="no" mutable="no">
        <type>unsigned</type>
        <definition>unsigned MemberDefImpl::tagDataWritten</definition>
        <argsstring></argsstring>
        <name>tagDataWritten</name>
        <briefdescription>
        </briefdescription>
        <detaileddescription>
        </detaileddescription>
        <inbodydescription>
        </inbodydescription>
        <location file="C:/Users/Mat/Projects/doxygraph/examples/doxygen-1.8.4/src/memberdef.cpp" line="593" bodyfile="C:/Users/Mat/Projects/doxygraph/examples/doxygen-1.8.4/src/memberdef.cpp" bodystart="593" bodyend="-1"/>
      </memberdef>
      </sectiondef>
      <sectiondef kind="public-func">
      <memberdef kind="function" id="d7/d7e/class_member_def_impl_1ab45c82c4279a4037d79157369ae3ffa0" prot="public" static="no" const="no" explicit="no" inline="no" virt="non-virtual">
        <type></type>
        <definition>MemberDefImpl::MemberDefImpl</definition>
        <argsstring>()</argsstring>
        <name>MemberDefImpl</name>
        <briefdescription>
        </briefdescription>
        <detaileddescription>
        </detaileddescription>
        <inbodydescription>
        </inbodydescription>
        <location file="C:/Users/Mat/Projects/doxygraph/examples/doxygen-1.8.4/src/memberdef.cpp" line="479" bodyfile="C:/Users/Mat/Projects/doxygraph/examples/doxygen-1.8.4/src/memberdef.cpp" bodystart="596" bodyend="609"/>
      </memberdef>
      <memberdef kind="function" id="d7/d7e/class_member_def_impl_1a37c9d558b635898c74a439fec45c72a4" prot="public" static="no" const="no" explicit="no" inline="no" virt="non-virtual">
        <type></type>
        <definition>MemberDefImpl::~MemberDefImpl</definition>
        <argsstring>()</argsstring>
        <name>~MemberDefImpl</name>
        <briefdescription>
        </briefdescription>
        <detaileddescription>
        </detaileddescription>
        <inbodydescription>
        </inbodydescription>
        <location file="C:/Users/Mat/Projects/doxygraph/examples/doxygen-1.8.4/src/memberdef.cpp" line="480" bodyfile="C:/Users/Mat/Projects/doxygraph/examples/doxygen-1.8.4/src/memberdef.cpp" bodystart="611" bodyend="622"/>
      </memberdef>
      <memberdef kind="function" id="d7/d7e/class_member_def_impl_1a3e0578f4470c0b2ed544a2805eb86b1d" prot="public" static="no" const="no" explicit="no" inline="no" virt="non-virtual">
        <type>void</type>
        <definition>void MemberDefImpl::init</definition>
        <argsstring>(Definition *def, const char *t, const char *a, const char *e, Protection p, Specifier v, bool s, Relationship r, MemberType mt, const ArgumentList *tal, const ArgumentList *al)</argsstring>
        <name>init</name>
        <param>
          <type><ref refid="d5/dcc/class_definition" kindref="compound">Definition</ref> *</type>
          <declname>def</declname>
        </param>
        <param>
          <type>const char *</type>
          <declname>t</declname>
        </param>
        <param>
          <type>const char *</type>
          <declname>a</declname>
        </param>
        <param>
          <type>const char *</type>
          <declname>e</declname>
        </param>
        <param>
          <type><ref refid="d9/d49/types_8h_1a90e352184df58cd09455fe9996cd4ded" kindref="member">Protection</ref></type>
          <declname>p</declname>
        </param>
        <param>
          <type><ref refid="d9/d49/types_8h_1ab16236bdd10ddf4d73a9847350f0017e" kindref="member">Specifier</ref></type>
          <declname>v</declname>
        </param>
        <param>
          <type>bool</type>
          <declname>s</declname>
        </param>
        <param>
          <type><ref refid="d9/d49/types_8h_1a9d625fe894d9313ec78df1d78553f32e" kindref="member">Relationship</ref></type>
          <declname>r</declname>
        </param>
        <param>
          <type>MemberType</type>
          <declname>mt</declname>
        </param>
        <param>
          <type>const <ref refid="d7/df8/class_argument_list" kindref="compound">ArgumentList</ref> *</type>
          <declname>tal</declname>
        </param>
        <param>
          <type>const <ref refid="d7/df8/class_argument_list" kindref="compound">ArgumentList</ref> *</type>
          <declname>al</declname>
        </param>
        <briefdescription>
        </briefdescription>
        <detaileddescription>
        </detaileddescription>
        <inbodydescription>
        </inbodydescription>
        <location file="C:/Users/Mat/Projects/doxygraph/examples/doxygen-1.8.4/src/memberdef.cpp" line="485" bodyfile="C:/Users/Mat/Projects/doxygraph/examples/doxygen-1.8.4/src/memberdef.cpp" bodystart="624" bodyend="724"/>
      </memberdef>
      </sectiondef>
    <briefdescription>
    </briefdescription>
    <detaileddescription>
    </detaileddescription>
    <collaborationgraph>
      <node id="3724">
        <label>SDict&lt; T &gt;</label>
        <link refid="d1/d50/class_s_dict"/>
      </node>
      <node id="3726">
        <label>QList&lt; Argument &gt;</label>
        <link refid="db/daa/class_q_list"/>
      </node>
      <node id="3723">
        <label>SDict&lt; Example &gt;</label>
        <link refid="d1/d50/class_s_dict"/>
        <childnode refid="3724" relation="template-instance">
          <edgelabel>&lt; Example &gt;</edgelabel>
        </childnode>
      </node>
      <node id="3716">
        <label>Definition</label>
        <link refid="d5/dcc/class_definition"/>
        <childnode refid="3717" relation="public-inheritance">
        </childnode>
      </node>
      <node id="3718">
        <label>MemberList</label>
        <link refid="dd/d13/class_member_list"/>
        <childnode refid="3719" relation="public-inheritance">
        </childnode>
      </node>
      <node id="3729">
        <label>ClassDef</label>
        <link refid="d1/dcf/class_class_def"/>
        <childnode refid="3716" relation="public-inheritance">
        </childnode>
      </node>
      <node id="3722">
        <label>ExampleSDict</label>
        <link refid="d0/d31/class_example_s_dict"/>
        <childnode refid="3723" relation="public-inheritance">
        </childnode>
      </node>
      <node id="3715">
        <label>NamespaceDef</label>
        <link refid="d0/d07/class_namespace_def"/>
        <childnode refid="3716" relation="public-inheritance">
        </childnode>
      </node>
      <node id="3719">
        <label>QList&lt; MemberDef &gt;</label>
        <link refid="db/daa/class_q_list"/>
      </node>
      <node id="3714">
        <label>MemberGroup</label>
        <link refid="da/d32/class_member_group"/>
      </node>
      <node id="3728">
        <label>MemberDef</label>
        <link refid="da/d09/class_member_def"/>
        <childnode refid="3716" relation="public-inheritance">
        </childnode>
      </node>
      <node id="3720">
        <label>FileDef</label>
        <link refid="de/db0/class_file_def"/>
        <childnode refid="3716" relation="public-inheritance">
        </childnode>
      </node>
      <node id="3727">
        <label>SDict&lt; MemberList &gt;</label>
        <link refid="d1/d50/class_s_dict"/>
        <childnode refid="3724" relation="template-instance">
          <edgelabel>&lt; MemberList &gt;</edgelabel>
        </childnode>
      </node>
      <node id="3721">
        <label>GroupDef</label>
        <link refid="d8/d09/class_group_def"/>
        <childnode refid="3716" relation="public-inheritance">
        </childnode>
      </node>
      <node id="3717">
        <label>DefinitionIntf</label>
        <link refid="d9/d4a/class_definition_intf"/>
      </node>
      <node id="3713">
        <label>MemberDefImpl</label>
        <childnode refid="3714" relation="usage">
          <edgelabel>memberGroup</edgelabel>
        </childnode>
        <childnode refid="3715" relation="usage">
          <edgelabel>nspace</edgelabel>
        </childnode>
        <childnode refid="3718" relation="usage">
          <edgelabel>redefinedBy</edgelabel>
          <edgelabel>enumFields</edgelabel>
        </childnode>
        <childnode refid="3720" relation="usage">
          <edgelabel>fileDef</edgelabel>
        </childnode>
        <childnode refid="3721" relation="usage">
          <edgelabel>group</edgelabel>
        </childnode>
        <childnode refid="3722" relation="usage">
          <edgelabel>exampleSDict</edgelabel>
        </childnode>
        <childnode refid="3725" relation="usage">
          <edgelabel>tArgList</edgelabel>
          <edgelabel>defArgList</edgelabel>
          <edgelabel>declArgList</edgelabel>
          <edgelabel>typeConstraints</edgelabel>
        </childnode>
        <childnode refid="3727" relation="usage">
          <edgelabel>classSectionSDict</edgelabel>
        </childnode>
        <childnode refid="3728" relation="usage">
          <edgelabel>memDec</edgelabel>
          <edgelabel>annEnumType</edgelabel>
          <edgelabel>templateMaster</edgelabel>
          <edgelabel>memDef</edgelabel>
          <edgelabel>categoryRelation</edgelabel>
          <edgelabel>groupAlias</edgelabel>
          <edgelabel>redefines</edgelabel>
          <edgelabel>groupMember</edgelabel>
          <edgelabel>annMemb</edgelabel>
          <edgelabel>enumScope</edgelabel>
          <edgelabel>...</edgelabel>
        </childnode>
        <childnode refid="3729" relation="usage">
          <edgelabel>relatedAlso</edgelabel>
          <edgelabel>accessorClass</edgelabel>
          <edgelabel>category</edgelabel>
          <edgelabel>cachedAnonymousType</edgelabel>
          <edgelabel>classDef</edgelabel>
          <edgelabel>cachedTypedefValue</edgelabel>
        </childnode>
      </node>
      <node id="3725">
        <label>ArgumentList</label>
        <link refid="d7/df8/class_argument_list"/>
        <childnode refid="3726" relation="public-inheritance">
        </childnode>
      </node>
    </collaborationgraph>
    <location file="C:/Users/Mat/Projects/doxygraph/examples/doxygen-1.8.4/src/memberdef.cpp" line="477" bodyfile="C:/Users/Mat/Projects/doxygraph/examples/doxygen-1.8.4/src/memberdef.cpp" bodystart="476" bodyend="594"/>
    <listofallmembers>
      <member refid="d7/d7e/class_member_def_impl_1a3279ffa5573fc073526fd4baddfdb62a" prot="public" virt="non-virtual"><scope>MemberDefImpl</scope><name>accessorClass</name></member>
      <member refid="d7/d7e/class_member_def_impl_1acdf8b1071f203bca7f24269363c5f6c2" prot="public" virt="non-virtual"><scope>MemberDefImpl</scope><name>accessorType</name></member>
      <member refid="d7/d7e/class_member_def_impl_1ad188b9d6ecf116a249c5ab2ce6f0c431" prot="public" virt="non-virtual"><scope>MemberDefImpl</scope><name>anc</name></member>
      <member refid="d7/d7e/class_member_def_impl_1ad4225c486c8f3f582a126e0fcc2b9f0f" prot="public" virt="non-virtual"><scope>MemberDefImpl</scope><name>annEnumType</name></member>
      <member refid="d7/d7e/class_member_def_impl_1a5254b501e625d4128d4b4746254ae5a7" prot="public" virt="non-virtual"><scope>MemberDefImpl</scope><name>annMemb</name></member>
      <member refid="d7/d7e/class_member_def_impl_1acbb4709f233b9b43cf10cebfefc46a54" prot="public" virt="non-virtual"><scope>MemberDefImpl</scope><name>annScope</name></member>
      <member refid="d7/d7e/class_member_def_impl_1af2524e6def8cfc4a6b3fb68643a56726" prot="public" virt="non-virtual"><scope>MemberDefImpl</scope><name>annUsed</name></member>
      <member refid="d7/d7e/class_member_def_impl_1aa0a73fff1359a57f667ba21437ac6c3c" prot="public" virt="non-virtual"><scope>MemberDefImpl</scope><name>args</name></member>
      <member refid="d7/d7e/class_member_def_impl_1a40accdd0eb52843b6765a8ed8d8efc93" prot="public" virt="non-virtual"><scope>MemberDefImpl</scope><name>bitfields</name></member>
      <member refid="d7/d7e/class_member_def_impl_1a288b263aa2d14e016ab6f930816fad9d" prot="public" virt="non-virtual"><scope>MemberDefImpl</scope><name>cachedAnonymousType</name></member>
      <member refid="d7/d7e/class_member_def_impl_1a3b1306e163319f6f73e0cef2db0346cb" prot="public" virt="non-virtual"><scope>MemberDefImpl</scope><name>cachedResolvedType</name></member>
      <member refid="d7/d7e/class_member_def_impl_1af5d741d67f41577033a31c0dc37e516b" prot="public" virt="non-virtual"><scope>MemberDefImpl</scope><name>cachedTypedefTemplSpec</name></member>
      <member refid="d7/d7e/class_member_def_impl_1a70e8f392743fbaebe8a48ffcfdbf742e" prot="public" virt="non-virtual"><scope>MemberDefImpl</scope><name>cachedTypedefValue</name></member>
      <member refid="d7/d7e/class_member_def_impl_1a12955f1ceca622ed822fd55724ebe152" prot="public" virt="non-virtual"><scope>MemberDefImpl</scope><name>category</name></member>
      <member refid="d7/d7e/class_member_def_impl_1a40816d9db7c350c93477f9594b86638d" prot="public" virt="non-virtual"><scope>MemberDefImpl</scope><name>categoryRelation</name></member>
      <member refid="d7/d7e/class_member_def_impl_1a5a878c3cebbd942f06d3aad51e0b4bf2" prot="public" virt="non-virtual"><scope>MemberDefImpl</scope><name>classDef</name></member>
      <member refid="d7/d7e/class_member_def_impl_1af5ddb8894600c2e9d2d05b8803f64e6e" prot="public" virt="non-virtual"><scope>MemberDefImpl</scope><name>classSectionSDict</name></member>
      <member refid="d7/d7e/class_member_def_impl_1a76a463fae487c0e63e7e81ea774af2ee" prot="public" virt="non-virtual"><scope>MemberDefImpl</scope><name>decl</name></member>
      <member refid="d7/d7e/class_member_def_impl_1ad87b77f6e6f285e7dbd1ce31e9da0f78" prot="public" virt="non-virtual"><scope>MemberDefImpl</scope><name>declArgList</name></member>
      <member refid="d7/d7e/class_member_def_impl_1a27a432e4fe7f8fb2f33b570ee665a4c6" prot="public" virt="non-virtual"><scope>MemberDefImpl</scope><name>def</name></member>
      <member refid="d7/d7e/class_member_def_impl_1a1898d617ffa6e325ee27a92bba71e51e" prot="public" virt="non-virtual"><scope>MemberDefImpl</scope><name>defArgList</name></member>
      <member refid="d7/d7e/class_member_def_impl_1a4d00872de77e13c3b707b4a8db704aad" prot="public" virt="non-virtual"><scope>MemberDefImpl</scope><name>defTmpArgLists</name></member>
      <member refid="d7/d7e/class_member_def_impl_1a632a1bf5aac7252704eac08788f5720c" prot="public" virt="non-virtual"><scope>MemberDefImpl</scope><name>docEnumValues</name></member>
      <member refid="d7/d7e/class_member_def_impl_1a1ab1d06a72e4d41c162104049033abcf" prot="public" virt="non-virtual"><scope>MemberDefImpl</scope><name>docProvider</name></member>
      <member refid="d7/d7e/class_member_def_impl_1a82e5e571636549865c589888f02a2b8e" prot="public" virt="non-virtual"><scope>MemberDefImpl</scope><name>docsForDefinition</name></member>
      <member refid="d7/d7e/class_member_def_impl_1a89839bcab62f7987ad230058f974bf9f" prot="public" virt="non-virtual"><scope>MemberDefImpl</scope><name>enumBaseType</name></member>
      <member refid="d7/d7e/class_member_def_impl_1a8b4c3dc3034475490bfed7c3fe539f44" prot="public" virt="non-virtual"><scope>MemberDefImpl</scope><name>enumFields</name></member>
      <member refid="d7/d7e/class_member_def_impl_1a4cc2fb7c5f8d7151c847d0f2a98389da" prot="public" virt="non-virtual"><scope>MemberDefImpl</scope><name>enumScope</name></member>
      <member refid="d7/d7e/class_member_def_impl_1a03a0edb933f6b9c1c497be1494558849" prot="public" virt="non-virtual"><scope>MemberDefImpl</scope><name>exampleSDict</name></member>
      <member refid="d7/d7e/class_member_def_impl_1a81d74ce42750b59b6ad1f095225681df" prot="public" virt="non-virtual"><scope>MemberDefImpl</scope><name>exception</name></member>
      <member refid="d7/d7e/class_member_def_impl_1a89bc9538fe5bfcdcfdba9359f4f4779d" prot="public" virt="non-virtual"><scope>MemberDefImpl</scope><name>explExt</name></member>
      <member refid="d7/d7e/class_member_def_impl_1ac40cfb6a22044120f61004b422c006f8" prot="public" virt="non-virtual"><scope>MemberDefImpl</scope><name>explicitOutputFileBase</name></member>
      <member refid="d7/d7e/class_member_def_impl_1a0f8ad9555a20d3dad457e684e7c7ed7d" prot="public" virt="non-virtual"><scope>MemberDefImpl</scope><name>extraTypeChars</name></member>
      <member refid="d7/d7e/class_member_def_impl_1a9016f8962bb0cd2ac014000e9d572890" prot="public" virt="non-virtual"><scope>MemberDefImpl</scope><name>fileDef</name></member>
      <member refid="d7/d7e/class_member_def_impl_1ab2f2ad83fac6686d918ebc1607eb0564" prot="public" virt="non-virtual"><scope>MemberDefImpl</scope><name>group</name></member>
      <member refid="d7/d7e/class_member_def_impl_1ab0c6a9476261e8bf1959262956c6b65b" prot="public" virt="non-virtual"><scope>MemberDefImpl</scope><name>groupAlias</name></member>
      <member refid="d7/d7e/class_member_def_impl_1a8b00b9dc57b5ed24c9613db054072ff8" prot="public" virt="non-virtual"><scope>MemberDefImpl</scope><name>groupFileName</name></member>
      <member refid="d7/d7e/class_member_def_impl_1afeb705ca84e31b23b89cf9e1730587ef" prot="public" virt="non-virtual"><scope>MemberDefImpl</scope><name>groupHasDocs</name></member>
      <member refid="d7/d7e/class_member_def_impl_1ae54e843342df076cfa9375143ed280f6" prot="public" virt="non-virtual"><scope>MemberDefImpl</scope><name>groupMember</name></member>
      <member refid="d7/d7e/class_member_def_impl_1a422172e0211764448dde35c75f8bee06" prot="public" virt="non-virtual"><scope>MemberDefImpl</scope><name>grouppri</name></member>
      <member refid="d7/d7e/class_member_def_impl_1a0b97d25d4a0c3641b50ea4fb2d502318" prot="public" virt="non-virtual"><scope>MemberDefImpl</scope><name>groupStartLine</name></member>
      <member refid="d7/d7e/class_member_def_impl_1a784d7ffa09c8f22d758a47ea730d4d9b" prot="public" virt="non-virtual"><scope>MemberDefImpl</scope><name>grpId</name></member>
      <member refid="d7/d7e/class_member_def_impl_1aa3e39b631b3f91328f62da4eec72a52f" prot="public" virt="non-virtual"><scope>MemberDefImpl</scope><name>hasCallerGraph</name></member>
      <member refid="d7/d7e/class_member_def_impl_1a0144e8374957dfc86757ed633513e310" prot="public" virt="non-virtual"><scope>MemberDefImpl</scope><name>hasCallGraph</name></member>
      <member refid="d7/d7e/class_member_def_impl_1a6460e6978ab13753c7f2c4ddc58fb90b" prot="public" virt="non-virtual"><scope>MemberDefImpl</scope><name>hasDocumentedParams</name></member>
      <member refid="d7/d7e/class_member_def_impl_1a795d40d8f2a7f20e3b74743190dfade7" prot="public" virt="non-virtual"><scope>MemberDefImpl</scope><name>hasDocumentedReturnType</name></member>
      <member refid="d7/d7e/class_member_def_impl_1aaaad556406a4a8fe999aec2e27f2f50e" prot="public" virt="non-virtual"><scope>MemberDefImpl</scope><name>implOnly</name></member>
      <member refid="d7/d7e/class_member_def_impl_1a3e0578f4470c0b2ed544a2805eb86b1d" prot="public" virt="non-virtual"><scope>MemberDefImpl</scope><name>init</name></member>
      <member refid="d7/d7e/class_member_def_impl_1a1d7a01332f68e72facb291f9e0557a7d" prot="public" virt="non-virtual"><scope>MemberDefImpl</scope><name>initializer</name></member>
      <member refid="d7/d7e/class_member_def_impl_1a2569d1dfbb86f22035b2c29f449ba031" prot="public" virt="non-virtual"><scope>MemberDefImpl</scope><name>initLines</name></member>
      <member refid="d7/d7e/class_member_def_impl_1a146491d559ab942240e3598e64e5a6ae" prot="public" virt="non-virtual"><scope>MemberDefImpl</scope><name>isDMember</name></member>
      <member refid="d7/d7e/class_member_def_impl_1a3772e104df284f1e9c6c353f95d63888" prot="public" virt="non-virtual"><scope>MemberDefImpl</scope><name>isTypedefValCached</name></member>
      <member refid="d7/d7e/class_member_def_impl_1adfa50318923ace3b13233fbbcf5f1b62" prot="public" virt="non-virtual"><scope>MemberDefImpl</scope><name>livesInsideEnum</name></member>
      <member refid="d7/d7e/class_member_def_impl_1ac2fbabd78b82e04a290d0d5c54b3b37a" prot="public" virt="non-virtual"><scope>MemberDefImpl</scope><name>maxInitLines</name></member>
      <member refid="d7/d7e/class_member_def_impl_1ab45c82c4279a4037d79157369ae3ffa0" prot="public" virt="non-virtual"><scope>MemberDefImpl</scope><name>MemberDefImpl</name></member>
      <member refid="d7/d7e/class_member_def_impl_1a089e0d4f9153d6cd4afe947384961ad2" prot="public" virt="non-virtual"><scope>MemberDefImpl</scope><name>memberGroup</name></member>
      <member refid="d7/d7e/class_member_def_impl_1a5b478eb79ba217c2eb129cb7136bfca9" prot="public" virt="non-virtual"><scope>MemberDefImpl</scope><name>memDec</name></member>
      <member refid="d7/d7e/class_member_def_impl_1aeacc0f8b9078f0108b27b70c0cdee781" prot="public" virt="non-virtual"><scope>MemberDefImpl</scope><name>memDef</name></member>
      <member refid="d7/d7e/class_member_def_impl_1a862beca5ed5f6e59cd2f6ad6e7bfc2bd" prot="public" virt="non-virtual"><scope>MemberDefImpl</scope><name>memSpec</name></member>
      <member refid="d7/d7e/class_member_def_impl_1abd9a11ddd6535fd27e1557f3c179df41" prot="public" virt="non-virtual"><scope>MemberDefImpl</scope><name>mtype</name></member>
      <member refid="d7/d7e/class_member_def_impl_1a8e0dfb13f4f8065f64c6880f6bbbd637" prot="public" virt="non-virtual"><scope>MemberDefImpl</scope><name>nspace</name></member>
      <member refid="d7/d7e/class_member_def_impl_1a3789a8291122e8a9372a4d7a2a8315de" prot="public" virt="non-virtual"><scope>MemberDefImpl</scope><name>prot</name></member>
      <member refid="d7/d7e/class_member_def_impl_1acd7da7292edf3c335c3d9e7edaea567e" prot="public" virt="non-virtual"><scope>MemberDefImpl</scope><name>proto</name></member>
      <member refid="d7/d7e/class_member_def_impl_1a66112b15260339716d792b8bb2e5bba3" prot="public" virt="non-virtual"><scope>MemberDefImpl</scope><name>read</name></member>
      <member refid="d7/d7e/class_member_def_impl_1a4c5e50d34df39faeb13f5d97f8996be0" prot="public" virt="non-virtual"><scope>MemberDefImpl</scope><name>redefinedBy</name></member>
      <member refid="d7/d7e/class_member_def_impl_1ad151683c284bc297e4469eab2a925565" prot="public" virt="non-virtual"><scope>MemberDefImpl</scope><name>redefines</name></member>
      <member refid="d7/d7e/class_member_def_impl_1a2f535d1f411a1a33e1a4d1b6d12484e0" prot="public" virt="non-virtual"><scope>MemberDefImpl</scope><name>related</name></member>
      <member refid="d7/d7e/class_member_def_impl_1ae464a26ee9ffcb00fcb5bdc0536034b4" prot="public" virt="non-virtual"><scope>MemberDefImpl</scope><name>relatedAlso</name></member>
      <member refid="d7/d7e/class_member_def_impl_1a4726a0778b168be2f5db04e3b24fd546" prot="public" virt="non-virtual"><scope>MemberDefImpl</scope><name>stat</name></member>
      <member refid="d7/d7e/class_member_def_impl_1a1f6749686dbfd9108cafe037b698e9f1" prot="public" virt="non-virtual"><scope>MemberDefImpl</scope><name>tagDataWritten</name></member>
      <member refid="d7/d7e/class_member_def_impl_1aafedc0435689a4a24f626b3b72dc5fdd" prot="public" virt="non-virtual"><scope>MemberDefImpl</scope><name>tArgList</name></member>
      <member refid="d7/d7e/class_member_def_impl_1a41e84ba9611b6003693dc8bbd7200dd1" prot="public" virt="non-virtual"><scope>MemberDefImpl</scope><name>templateMaster</name></member>
      <member refid="d7/d7e/class_member_def_impl_1a4e432399e49ba85d32fcfea646f66c4a" prot="public" virt="non-virtual"><scope>MemberDefImpl</scope><name>tspec</name></member>
      <member refid="d7/d7e/class_member_def_impl_1a4c9af0f74a14735368c72858e2ed39f2" prot="public" virt="non-virtual"><scope>MemberDefImpl</scope><name>type</name></member>
      <member refid="d7/d7e/class_member_def_impl_1af6c704ee3bde90fe74f057226a64e437" prot="public" virt="non-virtual"><scope>MemberDefImpl</scope><name>typeConstraints</name></member>
      <member refid="d7/d7e/class_member_def_impl_1a42ce43bf816a71053f083e1ca3a43320" prot="public" virt="non-virtual"><scope>MemberDefImpl</scope><name>userInitLines</name></member>
      <member refid="d7/d7e/class_member_def_impl_1a43c6a96ca37ddd20203b40d7077f5184" prot="public" virt="non-virtual"><scope>MemberDefImpl</scope><name>virt</name></member>
      <member refid="d7/d7e/class_member_def_impl_1a4a6f84d3db473f96ca63dd5b375b247d" prot="public" virt="non-virtual"><scope>MemberDefImpl</scope><name>write</name></member>
      <member refid="d7/d7e/class_member_def_impl_1a37c9d558b635898c74a439fec45c72a4" prot="public" virt="non-virtual"><scope>MemberDefImpl</scope><name>~MemberDefImpl</name></member>
    </listofallmembers>
  </compounddef>
</doxygen>
