<?xml version='1.0' encoding='UTF-8' standalone='no'?>
<doxygen xmlns:xsi="http://www.w3.org/2001/XMLSchema-instance" xsi:noNamespaceSchemaLocation="compound.xsd" version="1.8.2">
  <compounddef id="dd/d6e/struct_dot_file_patcher_1_1_map" kind="struct" prot="public">
    <compoundname>DotFilePatcher::Map</compoundname>
      <sectiondef kind="public-attrib">
      <memberdef kind="variable" id="dd/d6e/struct_dot_file_patcher_1_1_map_1aec1d56210a55b5bae168f4492d786b6a" prot="public" static="no" mutable="no">
        <type>QCString</type>
        <definition>QCString DotFilePatcher::Map::mapFile</definition>
        <argsstring></argsstring>
        <name>mapFile</name>
        <briefdescription>
        </briefdescription>
        <detaileddescription>
        </detaileddescription>
        <inbodydescription>
        </inbodydescription>
        <location file="C:/Users/Mat/Projects/doxygraph/examples/doxygen-1.8.4/src/dot.h" line="367" bodyfile="C:/Users/Mat/Projects/doxygraph/examples/doxygen-1.8.4/src/dot.h" bodystart="367" bodyend="-1"/>
      </memberdef>
      <memberdef kind="variable" id="dd/d6e/struct_dot_file_patcher_1_1_map_1a1039cf6923ea60a919d092990d86bb07" prot="public" static="no" mutable="no">
        <type>QCString</type>
        <definition>QCString DotFilePatcher::Map::relPath</definition>
        <argsstring></argsstring>
        <name>relPath</name>
        <briefdescription>
        </briefdescription>
        <detaileddescription>
        </detaileddescription>
        <inbodydescription>
        </inbodydescription>
        <location file="C:/Users/Mat/Projects/doxygraph/examples/doxygen-1.8.4/src/dot.h" line="368" bodyfile="C:/Users/Mat/Projects/doxygraph/examples/doxygen-1.8.4/src/dot.h" bodystart="368" bodyend="-1"/>
      </memberdef>
      <memberdef kind="variable" id="dd/d6e/struct_dot_file_patcher_1_1_map_1a4e0032ccbfd53bb27adc4d0252da9a6f" prot="public" static="no" mutable="no">
        <type>bool</type>
        <definition>bool DotFilePatcher::Map::urlOnly</definition>
        <argsstring></argsstring>
        <name>urlOnly</name>
        <briefdescription>
        </briefdescription>
        <detaileddescription>
        </detaileddescription>
        <inbodydescription>
        </inbodydescription>
        <location file="C:/Users/Mat/Projects/doxygraph/examples/doxygen-1.8.4/src/dot.h" line="369" bodyfile="C:/Users/Mat/Projects/doxygraph/examples/doxygen-1.8.4/src/dot.h" bodystart="369" bodyend="-1"/>
      </memberdef>
      <memberdef kind="variable" id="dd/d6e/struct_dot_file_patcher_1_1_map_1acd850ca81fb232e7b253746937702e66" prot="public" static="no" mutable="no">
        <type>QCString</type>
        <definition>QCString DotFilePatcher::Map::context</definition>
        <argsstring></argsstring>
        <name>context</name>
        <briefdescription>
        </briefdescription>
        <detaileddescription>
        </detaileddescription>
        <inbodydescription>
        </inbodydescription>
        <location file="C:/Users/Mat/Projects/doxygraph/examples/doxygen-1.8.4/src/dot.h" line="370" bodyfile="C:/Users/Mat/Projects/doxygraph/examples/doxygen-1.8.4/src/dot.h" bodystart="370" bodyend="-1"/>
      </memberdef>
      <memberdef kind="variable" id="dd/d6e/struct_dot_file_patcher_1_1_map_1a7aa1ae8828fec8377ddf808132a52f24" prot="public" static="no" mutable="no">
        <type>QCString</type>
        <definition>QCString DotFilePatcher::Map::label</definition>
        <argsstring></argsstring>
        <name>label</name>
        <briefdescription>
        </briefdescription>
        <detaileddescription>
        </detaileddescription>
        <inbodydescription>
        </inbodydescription>
        <location file="C:/Users/Mat/Projects/doxygraph/examples/doxygen-1.8.4/src/dot.h" line="371" bodyfile="C:/Users/Mat/Projects/doxygraph/examples/doxygen-1.8.4/src/dot.h" bodystart="371" bodyend="-1"/>
      </memberdef>
      <memberdef kind="variable" id="dd/d6e/struct_dot_file_patcher_1_1_map_1a8e657340f36c6d423a2c0d1e417b3407" prot="public" static="no" mutable="no">
        <type>bool</type>
        <definition>bool DotFilePatcher::Map::zoomable</definition>
        <argsstring></argsstring>
        <name>zoomable</name>
        <briefdescription>
        </briefdescription>
        <detaileddescription>
        </detaileddescription>
        <inbodydescription>
        </inbodydescription>
        <location file="C:/Users/Mat/Projects/doxygraph/examples/doxygen-1.8.4/src/dot.h" line="372" bodyfile="C:/Users/Mat/Projects/doxygraph/examples/doxygen-1.8.4/src/dot.h" bodystart="372" bodyend="-1"/>
      </memberdef>
      <memberdef kind="variable" id="dd/d6e/struct_dot_file_patcher_1_1_map_1a1bf5d3f2543719b345339e1ec307f24e" prot="public" static="no" mutable="no">
        <type>int</type>
        <definition>int DotFilePatcher::Map::graphId</definition>
        <argsstring></argsstring>
        <name>graphId</name>
        <briefdescription>
        </briefdescription>
        <detaileddescription>
        </detaileddescription>
        <inbodydescription>
        </inbodydescription>
        <location file="C:/Users/Mat/Projects/doxygraph/examples/doxygen-1.8.4/src/dot.h" line="373" bodyfile="C:/Users/Mat/Projects/doxygraph/examples/doxygen-1.8.4/src/dot.h" bodystart="373" bodyend="-1"/>
      </memberdef>
      </sectiondef>
    <briefdescription>
    </briefdescription>
    <detaileddescription>
    </detaileddescription>
    <location file="C:/Users/Mat/Projects/doxygraph/examples/doxygen-1.8.4/src/dot.h" line="366" bodyfile="C:/Users/Mat/Projects/doxygraph/examples/doxygen-1.8.4/src/dot.h" bodystart="365" bodyend="374"/>
    <listofallmembers>
      <member refid="dd/d6e/struct_dot_file_patcher_1_1_map_1acd850ca81fb232e7b253746937702e66" prot="public" virt="non-virtual"><scope>DotFilePatcher::Map</scope><name>context</name></member>
      <member refid="dd/d6e/struct_dot_file_patcher_1_1_map_1a1bf5d3f2543719b345339e1ec307f24e" prot="public" virt="non-virtual"><scope>DotFilePatcher::Map</scope><name>graphId</name></member>
      <member refid="dd/d6e/struct_dot_file_patcher_1_1_map_1a7aa1ae8828fec8377ddf808132a52f24" prot="public" virt="non-virtual"><scope>DotFilePatcher::Map</scope><name>label</name></member>
      <member refid="dd/d6e/struct_dot_file_patcher_1_1_map_1aec1d56210a55b5bae168f4492d786b6a" prot="public" virt="non-virtual"><scope>DotFilePatcher::Map</scope><name>mapFile</name></member>
      <member refid="dd/d6e/struct_dot_file_patcher_1_1_map_1a1039cf6923ea60a919d092990d86bb07" prot="public" virt="non-virtual"><scope>DotFilePatcher::Map</scope><name>relPath</name></member>
      <member refid="dd/d6e/struct_dot_file_patcher_1_1_map_1a4e0032ccbfd53bb27adc4d0252da9a6f" prot="public" virt="non-virtual"><scope>DotFilePatcher::Map</scope><name>urlOnly</name></member>
      <member refid="dd/d6e/struct_dot_file_patcher_1_1_map_1a8e657340f36c6d423a2c0d1e417b3407" prot="public" virt="non-virtual"><scope>DotFilePatcher::Map</scope><name>zoomable</name></member>
    </listofallmembers>
  </compounddef>
</doxygen>
