<?xml version='1.0' encoding='UTF-8' standalone='no'?>
<doxygen xmlns:xsi="http://www.w3.org/2001/XMLSchema-instance" xsi:noNamespaceSchemaLocation="compound.xsd" version="1.8.2">
  <compounddef id="d3/d40/struct_rtf___style___default" kind="struct" prot="public">
    <compoundname>Rtf_Style_Default</compoundname>
      <sectiondef kind="public-attrib">
      <memberdef kind="variable" id="d3/d40/struct_rtf___style___default_1a6e3e9ffcccb14d865f1615b58b9e63a0" prot="public" static="no" mutable="no">
        <type>const char *</type>
        <definition>const char* Rtf_Style_Default::name</definition>
        <argsstring></argsstring>
        <name>name</name>
        <briefdescription>
        </briefdescription>
        <detaileddescription>
        </detaileddescription>
        <inbodydescription>
        </inbodydescription>
        <location file="C:/Users/Mat/Projects/doxygraph/examples/doxygen-1.8.4/src/rtfstyle.h" line="51" bodyfile="C:/Users/Mat/Projects/doxygraph/examples/doxygen-1.8.4/src/rtfstyle.h" bodystart="51" bodyend="-1"/>
      </memberdef>
      <memberdef kind="variable" id="d3/d40/struct_rtf___style___default_1aba6478eff992fe32a526e6a7bb7571ca" prot="public" static="no" mutable="no">
        <type>const char *</type>
        <definition>const char* Rtf_Style_Default::reference</definition>
        <argsstring></argsstring>
        <name>reference</name>
        <briefdescription>
        </briefdescription>
        <detaileddescription>
        </detaileddescription>
        <inbodydescription>
        </inbodydescription>
        <location file="C:/Users/Mat/Projects/doxygraph/examples/doxygen-1.8.4/src/rtfstyle.h" line="52" bodyfile="C:/Users/Mat/Projects/doxygraph/examples/doxygen-1.8.4/src/rtfstyle.h" bodystart="52" bodyend="-1"/>
      </memberdef>
      <memberdef kind="variable" id="d3/d40/struct_rtf___style___default_1acab47ece3f92bcef2c1120043251e426" prot="public" static="no" mutable="no">
        <type>const char *</type>
        <definition>const char* Rtf_Style_Default::definition</definition>
        <argsstring></argsstring>
        <name>definition</name>
        <briefdescription>
        </briefdescription>
        <detaileddescription>
        </detaileddescription>
        <inbodydescription>
        </inbodydescription>
        <location file="C:/Users/Mat/Projects/doxygraph/examples/doxygen-1.8.4/src/rtfstyle.h" line="53" bodyfile="C:/Users/Mat/Projects/doxygraph/examples/doxygen-1.8.4/src/rtfstyle.h" bodystart="53" bodyend="-1"/>
      </memberdef>
      </sectiondef>
    <briefdescription>
    </briefdescription>
    <detaileddescription>
    </detaileddescription>
    <location file="C:/Users/Mat/Projects/doxygraph/examples/doxygen-1.8.4/src/rtfstyle.h" line="50" bodyfile="C:/Users/Mat/Projects/doxygraph/examples/doxygen-1.8.4/src/rtfstyle.h" bodystart="49" bodyend="54"/>
    <listofallmembers>
      <member refid="d3/d40/struct_rtf___style___default_1acab47ece3f92bcef2c1120043251e426" prot="public" virt="non-virtual"><scope>Rtf_Style_Default</scope><name>definition</name></member>
      <member refid="d3/d40/struct_rtf___style___default_1a6e3e9ffcccb14d865f1615b58b9e63a0" prot="public" virt="non-virtual"><scope>Rtf_Style_Default</scope><name>name</name></member>
      <member refid="d3/d40/struct_rtf___style___default_1aba6478eff992fe32a526e6a7bb7571ca" prot="public" virt="non-virtual"><scope>Rtf_Style_Default</scope><name>reference</name></member>
    </listofallmembers>
  </compounddef>
</doxygen>
