<?xml version='1.0' encoding='UTF-8' standalone='no'?>
<doxygen xmlns:xsi="http://www.w3.org/2001/XMLSchema-instance" xsi:noNamespaceSchemaLocation="compound.xsd" version="1.8.2">
  <compounddef id="d6/d3d/class_layout_parser_1_1_end_element_handler" kind="class" prot="private">
    <compoundname>LayoutParser::EndElementHandler</compoundname>
      <sectiondef kind="private-type">
      <memberdef kind="typedef" id="d6/d3d/class_layout_parser_1_1_end_element_handler_1a228fcccd01409fe4fac73200a3d81299" prot="private" static="no">
        <type>void(LayoutParser::*</type>
        <definition>typedef void(LayoutParser::* LayoutParser::EndElementHandler::Handler)()</definition>
        <argsstring>)()</argsstring>
        <name>Handler</name>
        <briefdescription>
        </briefdescription>
        <detaileddescription>
        </detaileddescription>
        <inbodydescription>
        </inbodydescription>
        <location file="C:/Users/Mat/Projects/doxygraph/examples/doxygen-1.8.4/src/layout.cpp" line="242" bodyfile="C:/Users/Mat/Projects/doxygraph/examples/doxygen-1.8.4/src/layout.cpp" bodystart="242" bodyend="-1"/>
      </memberdef>
      </sectiondef>
      <sectiondef kind="private-attrib">
      <memberdef kind="variable" id="d6/d3d/class_layout_parser_1_1_end_element_handler_1aaf8c6ac3acd2022e9ec2509c4c41a971" prot="private" static="no" mutable="no">
        <type>LayoutParser *</type>
        <definition>LayoutParser* LayoutParser::EndElementHandler::m_parent</definition>
        <argsstring></argsstring>
        <name>m_parent</name>
        <briefdescription>
        </briefdescription>
        <detaileddescription>
        </detaileddescription>
        <inbodydescription>
        </inbodydescription>
        <location file="C:/Users/Mat/Projects/doxygraph/examples/doxygen-1.8.4/src/layout.cpp" line="247" bodyfile="C:/Users/Mat/Projects/doxygraph/examples/doxygen-1.8.4/src/layout.cpp" bodystart="247" bodyend="-1"/>
      </memberdef>
      <memberdef kind="variable" id="d6/d3d/class_layout_parser_1_1_end_element_handler_1a197eb8f4b44d91eb658a8cf0e4efcf1a" prot="private" static="no" mutable="no">
        <type>Handler</type>
        <definition>Handler LayoutParser::EndElementHandler::m_handler</definition>
        <argsstring></argsstring>
        <name>m_handler</name>
        <briefdescription>
        </briefdescription>
        <detaileddescription>
        </detaileddescription>
        <inbodydescription>
        </inbodydescription>
        <location file="C:/Users/Mat/Projects/doxygraph/examples/doxygen-1.8.4/src/layout.cpp" line="248" bodyfile="C:/Users/Mat/Projects/doxygraph/examples/doxygen-1.8.4/src/layout.cpp" bodystart="248" bodyend="-1"/>
      </memberdef>
      </sectiondef>
      <sectiondef kind="public-func">
      <memberdef kind="function" id="d6/d3d/class_layout_parser_1_1_end_element_handler_1a1d1cc487a971e39946e0a5783247e9a7" prot="public" static="no" const="no" explicit="no" inline="yes" virt="non-virtual">
        <type></type>
        <definition>LayoutParser::EndElementHandler::EndElementHandler</definition>
        <argsstring>(LayoutParser *parent, Handler h)</argsstring>
        <name>EndElementHandler</name>
        <param>
          <type>LayoutParser *</type>
          <declname>parent</declname>
        </param>
        <param>
          <type>Handler</type>
          <declname>h</declname>
        </param>
        <briefdescription>
        </briefdescription>
        <detaileddescription>
        </detaileddescription>
        <inbodydescription>
        </inbodydescription>
        <location file="C:/Users/Mat/Projects/doxygraph/examples/doxygen-1.8.4/src/layout.cpp" line="244" bodyfile="C:/Users/Mat/Projects/doxygraph/examples/doxygen-1.8.4/src/layout.cpp" bodystart="244" bodyend="244"/>
      </memberdef>
      <memberdef kind="function" id="d6/d3d/class_layout_parser_1_1_end_element_handler_1a627d5bea6e2ab5419fa72100dc2cd2f2" prot="public" static="no" const="no" explicit="no" inline="yes" virt="non-virtual">
        <type>void</type>
        <definition>void LayoutParser::EndElementHandler::operator()</definition>
        <argsstring>()</argsstring>
        <name>operator()</name>
        <briefdescription>
        </briefdescription>
        <detaileddescription>
        </detaileddescription>
        <inbodydescription>
        </inbodydescription>
        <location file="C:/Users/Mat/Projects/doxygraph/examples/doxygen-1.8.4/src/layout.cpp" line="245" bodyfile="C:/Users/Mat/Projects/doxygraph/examples/doxygen-1.8.4/src/layout.cpp" bodystart="245" bodyend="245"/>
      </memberdef>
      </sectiondef>
    <briefdescription>
    </briefdescription>
    <detaileddescription>
    </detaileddescription>
    <location file="C:/Users/Mat/Projects/doxygraph/examples/doxygen-1.8.4/src/layout.cpp" line="241" bodyfile="C:/Users/Mat/Projects/doxygraph/examples/doxygen-1.8.4/src/layout.cpp" bodystart="240" bodyend="249"/>
    <listofallmembers>
      <member refid="d6/d3d/class_layout_parser_1_1_end_element_handler_1a1d1cc487a971e39946e0a5783247e9a7" prot="public" virt="non-virtual"><scope>LayoutParser::EndElementHandler</scope><name>EndElementHandler</name></member>
      <member refid="d6/d3d/class_layout_parser_1_1_end_element_handler_1a228fcccd01409fe4fac73200a3d81299" prot="private" virt="non-virtual"><scope>LayoutParser::EndElementHandler</scope><name>Handler</name></member>
      <member refid="d6/d3d/class_layout_parser_1_1_end_element_handler_1a197eb8f4b44d91eb658a8cf0e4efcf1a" prot="private" virt="non-virtual"><scope>LayoutParser::EndElementHandler</scope><name>m_handler</name></member>
      <member refid="d6/d3d/class_layout_parser_1_1_end_element_handler_1aaf8c6ac3acd2022e9ec2509c4c41a971" prot="private" virt="non-virtual"><scope>LayoutParser::EndElementHandler</scope><name>m_parent</name></member>
      <member refid="d6/d3d/class_layout_parser_1_1_end_element_handler_1a627d5bea6e2ab5419fa72100dc2cd2f2" prot="public" virt="non-virtual"><scope>LayoutParser::EndElementHandler</scope><name>operator()</name></member>
    </listofallmembers>
  </compounddef>
</doxygen>
