<?xml version='1.0' encoding='UTF-8' standalone='no'?>
<doxygen xmlns:xsi="http://www.w3.org/2001/XMLSchema-instance" xsi:noNamespaceSchemaLocation="compound.xsd" version="1.8.2">
  <compounddef id="d4/dc4/struct_obj_cache_1_1_hash_node" kind="struct" prot="private">
    <compoundname>ObjCache::HashNode</compoundname>
      <sectiondef kind="public-attrib">
      <memberdef kind="variable" id="d4/dc4/struct_obj_cache_1_1_hash_node_1a88a8e7005a7caf4b1c4acaa0e987a8f3" prot="public" static="no" mutable="no">
        <type>int</type>
        <definition>int ObjCache::HashNode::head</definition>
        <argsstring></argsstring>
        <name>head</name>
        <briefdescription>
        </briefdescription>
        <detaileddescription>
        </detaileddescription>
        <inbodydescription>
        </inbodydescription>
        <location file="C:/Users/Mat/Projects/doxygraph/examples/doxygen-1.8.4/src/objcache.h" line="46" bodyfile="C:/Users/Mat/Projects/doxygraph/examples/doxygen-1.8.4/src/objcache.h" bodystart="46" bodyend="-1"/>
      </memberdef>
      <memberdef kind="variable" id="d4/dc4/struct_obj_cache_1_1_hash_node_1a615b9c1e8e52e5c1836d7fde65be560d" prot="public" static="no" mutable="no">
        <type>int</type>
        <definition>int ObjCache::HashNode::nextHash</definition>
        <argsstring></argsstring>
        <name>nextHash</name>
        <briefdescription>
        </briefdescription>
        <detaileddescription>
        </detaileddescription>
        <inbodydescription>
        </inbodydescription>
        <location file="C:/Users/Mat/Projects/doxygraph/examples/doxygen-1.8.4/src/objcache.h" line="47" bodyfile="C:/Users/Mat/Projects/doxygraph/examples/doxygen-1.8.4/src/objcache.h" bodystart="47" bodyend="-1"/>
      </memberdef>
      <memberdef kind="variable" id="d4/dc4/struct_obj_cache_1_1_hash_node_1aa638685180908efff18d7d4b17ee47b8" prot="public" static="no" mutable="no">
        <type>int</type>
        <definition>int ObjCache::HashNode::index</definition>
        <argsstring></argsstring>
        <name>index</name>
        <briefdescription>
        </briefdescription>
        <detaileddescription>
        </detaileddescription>
        <inbodydescription>
        </inbodydescription>
        <location file="C:/Users/Mat/Projects/doxygraph/examples/doxygen-1.8.4/src/objcache.h" line="48" bodyfile="C:/Users/Mat/Projects/doxygraph/examples/doxygen-1.8.4/src/objcache.h" bodystart="48" bodyend="-1"/>
      </memberdef>
      <memberdef kind="variable" id="d4/dc4/struct_obj_cache_1_1_hash_node_1a317392e4ff2188d17da1d5df5e2485ad" prot="public" static="no" mutable="no">
        <type>void *</type>
        <definition>void* ObjCache::HashNode::obj</definition>
        <argsstring></argsstring>
        <name>obj</name>
        <briefdescription>
        </briefdescription>
        <detaileddescription>
        </detaileddescription>
        <inbodydescription>
        </inbodydescription>
        <location file="C:/Users/Mat/Projects/doxygraph/examples/doxygen-1.8.4/src/objcache.h" line="49" bodyfile="C:/Users/Mat/Projects/doxygraph/examples/doxygen-1.8.4/src/objcache.h" bodystart="49" bodyend="-1"/>
      </memberdef>
      </sectiondef>
      <sectiondef kind="public-func">
      <memberdef kind="function" id="d4/dc4/struct_obj_cache_1_1_hash_node_1a5f1d5323e02539348111af88f94b55c6" prot="public" static="no" const="no" explicit="no" inline="yes" virt="non-virtual">
        <type></type>
        <definition>ObjCache::HashNode::HashNode</definition>
        <argsstring>()</argsstring>
        <name>HashNode</name>
        <briefdescription>
        </briefdescription>
        <detaileddescription>
        </detaileddescription>
        <inbodydescription>
        </inbodydescription>
        <location file="C:/Users/Mat/Projects/doxygraph/examples/doxygen-1.8.4/src/objcache.h" line="45" bodyfile="C:/Users/Mat/Projects/doxygraph/examples/doxygen-1.8.4/src/objcache.h" bodystart="45" bodyend="45"/>
      </memberdef>
      </sectiondef>
    <briefdescription>
    </briefdescription>
    <detaileddescription>
    </detaileddescription>
    <location file="C:/Users/Mat/Projects/doxygraph/examples/doxygen-1.8.4/src/objcache.h" line="44" bodyfile="C:/Users/Mat/Projects/doxygraph/examples/doxygen-1.8.4/src/objcache.h" bodystart="43" bodyend="50"/>
    <listofallmembers>
      <member refid="d4/dc4/struct_obj_cache_1_1_hash_node_1a5f1d5323e02539348111af88f94b55c6" prot="public" virt="non-virtual"><scope>ObjCache::HashNode</scope><name>HashNode</name></member>
      <member refid="d4/dc4/struct_obj_cache_1_1_hash_node_1a88a8e7005a7caf4b1c4acaa0e987a8f3" prot="public" virt="non-virtual"><scope>ObjCache::HashNode</scope><name>head</name></member>
      <member refid="d4/dc4/struct_obj_cache_1_1_hash_node_1aa638685180908efff18d7d4b17ee47b8" prot="public" virt="non-virtual"><scope>ObjCache::HashNode</scope><name>index</name></member>
      <member refid="d4/dc4/struct_obj_cache_1_1_hash_node_1a615b9c1e8e52e5c1836d7fde65be560d" prot="public" virt="non-virtual"><scope>ObjCache::HashNode</scope><name>nextHash</name></member>
      <member refid="d4/dc4/struct_obj_cache_1_1_hash_node_1a317392e4ff2188d17da1d5df5e2485ad" prot="public" virt="non-virtual"><scope>ObjCache::HashNode</scope><name>obj</name></member>
    </listofallmembers>
  </compounddef>
</doxygen>
