<?xml version='1.0' encoding='UTF-8' standalone='no'?>
<doxygen xmlns:xsi="http://www.w3.org/2001/XMLSchema-instance" xsi:noNamespaceSchemaLocation="compound.xsd" version="1.8.2">
  <compounddef id="d4/d3a/filedef_8h" kind="file">
    <compoundname>filedef.h</compoundname>
    <includes refid="d1/db5/index_8h" local="yes">index.h</includes>
    <includes local="no">qlist.h</includes>
    <includes local="no">qintdict.h</includes>
    <includes local="no">qdict.h</includes>
    <includes refid="df/da1/definition_8h" local="yes">definition.h</includes>
    <includes refid="d9/d21/sortdict_8h" local="yes">sortdict.h</includes>
    <includes refid="dd/d78/memberlist_8h" local="yes">memberlist.h</includes>
    <includedby refid="de/d89/classdef_8cpp" local="yes">src/classdef.cpp</includedby>
    <includedby refid="d3/d17/defgen_8cpp" local="yes">src/defgen.cpp</includedby>
    <includedby refid="dc/dd6/filename_8h" local="yes">src/filename.h</includedby>
    <includedby refid="d3/dea/definition_8cpp" local="yes">src/definition.cpp</includedby>
    <includedby refid="dc/d05/docbookvisitor_8cpp" local="yes">src/docbookvisitor.cpp</includedby>
    <includedby refid="da/d17/docparser_8cpp" local="yes">src/docparser.cpp</includedby>
    <includedby refid="d7/d8f/docsets_8cpp" local="yes">src/docsets.cpp</includedby>
    <includedby refid="d6/ddc/filedef_8cpp" local="yes">src/filedef.cpp</includedby>
    <includedby refid="db/d41/ftvhelp_8cpp" local="yes">src/ftvhelp.cpp</includedby>
    <includedby refid="d6/d42/groupdef_8cpp" local="yes">src/groupdef.cpp</includedby>
    <includedby refid="da/db0/htmldocvisitor_8cpp" local="yes">src/htmldocvisitor.cpp</includedby>
    <includedby refid="d3/d4b/htmlhelp_8cpp" local="yes">src/htmlhelp.cpp</includedby>
    <includedby refid="db/d14/index_8cpp" local="yes">src/index.cpp</includedby>
    <includedby refid="d1/d4e/latexdocvisitor_8cpp" local="yes">src/latexdocvisitor.cpp</includedby>
    <includedby refid="d8/dde/mandocvisitor_8cpp" local="yes">src/mandocvisitor.cpp</includedby>
    <includedby refid="d0/d72/memberdef_8cpp" local="yes">src/memberdef.cpp</includedby>
    <includedby refid="d6/d18/membergroup_8cpp" local="yes">src/membergroup.cpp</includedby>
    <includedby refid="d0/d14/memberlist_8cpp" local="yes">src/memberlist.cpp</includedby>
    <includedby refid="de/d1d/membername_8cpp" local="yes">src/membername.cpp</includedby>
    <includedby refid="d8/d6a/message_8cpp" local="yes">src/message.cpp</includedby>
    <includedby refid="d9/d45/qhp_8cpp" local="yes">src/qhp.cpp</includedby>
    <includedby refid="de/d9a/rtfdocvisitor_8cpp" local="yes">src/rtfdocvisitor.cpp</includedby>
    <includedby refid="d7/d79/searchindex_8cpp" local="yes">src/searchindex.cpp</includedby>
    <includedby refid="d4/d7b/tagreader_8cpp" local="yes">src/tagreader.cpp</includedby>
    <includedby refid="df/d2d/util_8cpp" local="yes">src/util.cpp</includedby>
    <incdepgraph>
      <node id="1952">
        <label>qcstring.h</label>
      </node>
      <node id="1957">
        <label>sortdict.h</label>
        <link refid="d9/d21/sortdict_8h_source"/>
        <childnode refid="1951" relation="include">
        </childnode>
        <childnode refid="1954" relation="include">
        </childnode>
        <childnode refid="1953" relation="include">
        </childnode>
      </node>
      <node id="1958">
        <label>memberlist.h</label>
        <link refid="dd/d78/memberlist_8h_source"/>
        <childnode refid="1951" relation="include">
        </childnode>
        <childnode refid="1959" relation="include">
        </childnode>
        <childnode refid="1957" relation="include">
        </childnode>
        <childnode refid="1956" relation="include">
        </childnode>
      </node>
      <node id="1953">
        <label>qintdict.h</label>
      </node>
      <node id="1960">
        <label>sys/types.h</label>
      </node>
      <node id="1956">
        <label>types.h</label>
        <link refid="d9/d49/types_8h"/>
        <childnode refid="1952" relation="include">
        </childnode>
      </node>
      <node id="1951">
        <label>qlist.h</label>
      </node>
      <node id="1959">
        <label>memberdef.h</label>
        <link refid="d4/d46/memberdef_8h_source"/>
        <childnode refid="1951" relation="include">
        </childnode>
        <childnode refid="1960" relation="include">
        </childnode>
        <childnode refid="1956" relation="include">
        </childnode>
        <childnode refid="1955" relation="include">
        </childnode>
      </node>
      <node id="1949">
        <label>src/filedef.h</label>
        <link refid="filedef.h"/>
        <childnode refid="1950" relation="include">
        </childnode>
        <childnode refid="1951" relation="include">
        </childnode>
        <childnode refid="1953" relation="include">
        </childnode>
        <childnode refid="1954" relation="include">
        </childnode>
        <childnode refid="1955" relation="include">
        </childnode>
        <childnode refid="1957" relation="include">
        </childnode>
        <childnode refid="1958" relation="include">
        </childnode>
      </node>
      <node id="1955">
        <label>definition.h</label>
        <link refid="df/da1/definition_8h_source"/>
        <childnode refid="1951" relation="include">
        </childnode>
        <childnode refid="1954" relation="include">
        </childnode>
        <childnode refid="1956" relation="include">
        </childnode>
      </node>
      <node id="1950">
        <label>index.h</label>
        <link refid="d1/db5/index_8h_source"/>
        <childnode refid="1951" relation="include">
        </childnode>
        <childnode refid="1952" relation="include">
        </childnode>
      </node>
      <node id="1954">
        <label>qdict.h</label>
      </node>
    </incdepgraph>
    <invincdepgraph>
      <node id="1977">
        <label>src/tagreader.cpp</label>
        <link refid="d4/d7b/tagreader_8cpp_source"/>
      </node>
      <node id="1987">
        <label>src/htmldocvisitor.cpp</label>
        <link refid="da/db0/htmldocvisitor_8cpp_source"/>
      </node>
      <node id="1996">
        <label>src/qhp.cpp</label>
        <link refid="d9/d45/qhp_8cpp_source"/>
      </node>
      <node id="1997">
        <label>src/rtfdocvisitor.cpp</label>
        <link refid="de/d9a/rtfdocvisitor_8cpp_source"/>
      </node>
      <node id="1983">
        <label>src/docparser.cpp</label>
        <link refid="da/d17/docparser_8cpp_source"/>
      </node>
      <node id="1992">
        <label>src/membergroup.cpp</label>
        <link refid="d6/d18/membergroup_8cpp_source"/>
      </node>
      <node id="1991">
        <label>src/memberdef.cpp</label>
        <link refid="d0/d72/memberdef_8cpp_source"/>
      </node>
      <node id="1969">
        <label>src/doxygen.cpp</label>
        <link refid="dc/d98/doxygen_8cpp_source"/>
      </node>
      <node id="1968">
        <label>src/dot.cpp</label>
        <link refid="de/daa/dot_8cpp_source"/>
      </node>
      <node id="1979">
        <label>src/vhdldocgen.cpp</label>
        <link refid="de/dea/vhdldocgen_8cpp_source"/>
      </node>
      <node id="1975">
        <label>src/rtfgen.cpp</label>
        <link refid="d0/d9c/rtfgen_8cpp_source"/>
      </node>
      <node id="1990">
        <label>src/mandocvisitor.cpp</label>
        <link refid="d8/dde/mandocvisitor_8cpp_source"/>
      </node>
      <node id="1963">
        <label>src/defgen.cpp</label>
        <link refid="d3/d17/defgen_8cpp_source"/>
      </node>
      <node id="1978">
        <label>src/util.cpp</label>
        <link refid="df/d2d/util_8cpp_source"/>
      </node>
      <node id="1989">
        <label>src/latexdocvisitor.cpp</label>
        <link refid="d1/d4e/latexdocvisitor_8cpp_source"/>
      </node>
      <node id="1995">
        <label>src/message.cpp</label>
        <link refid="d8/d6a/message_8cpp_source"/>
      </node>
      <node id="1976">
        <label>src/searchindex.cpp</label>
        <link refid="d7/d79/searchindex_8cpp_source"/>
      </node>
      <node id="1970">
        <label>src/filedef.cpp</label>
        <link refid="d6/ddc/filedef_8cpp_source"/>
      </node>
      <node id="1986">
        <label>src/groupdef.cpp</label>
        <link refid="d6/d42/groupdef_8cpp_source"/>
      </node>
      <node id="1966">
        <label>src/docbookgen.cpp</label>
        <link refid="d8/d29/docbookgen_8cpp_source"/>
      </node>
      <node id="1971">
        <label>src/filename.cpp</label>
        <link refid="de/d36/filename_8cpp_source"/>
      </node>
      <node id="1965">
        <label>src/dirdef.cpp</label>
        <link refid="d8/d52/dirdef_8cpp_source"/>
      </node>
      <node id="1974">
        <label>src/perlmodgen.cpp</label>
        <link refid="de/dd0/perlmodgen_8cpp_source"/>
      </node>
      <node id="1964">
        <label>src/filename.h</label>
        <link refid="dc/dd6/filename_8h_source"/>
        <childnode refid="1963" relation="include">
        </childnode>
        <childnode refid="1965" relation="include">
        </childnode>
        <childnode refid="1966" relation="include">
        </childnode>
        <childnode refid="1967" relation="include">
        </childnode>
        <childnode refid="1968" relation="include">
        </childnode>
        <childnode refid="1969" relation="include">
        </childnode>
        <childnode refid="1970" relation="include">
        </childnode>
        <childnode refid="1971" relation="include">
        </childnode>
        <childnode refid="1972" relation="include">
        </childnode>
        <childnode refid="1973" relation="include">
        </childnode>
        <childnode refid="1974" relation="include">
        </childnode>
        <childnode refid="1975" relation="include">
        </childnode>
        <childnode refid="1976" relation="include">
        </childnode>
        <childnode refid="1977" relation="include">
        </childnode>
        <childnode refid="1978" relation="include">
        </childnode>
        <childnode refid="1979" relation="include">
        </childnode>
        <childnode refid="1980" relation="include">
        </childnode>
        <childnode refid="1981" relation="include">
        </childnode>
      </node>
      <node id="1982">
        <label>src/definition.cpp</label>
        <link refid="d3/dea/definition_8cpp_source"/>
      </node>
      <node id="1980">
        <label>src/xmldocvisitor.cpp</label>
        <link refid="dd/db6/xmldocvisitor_8cpp_source"/>
      </node>
      <node id="1967">
        <label>src/docbookvisitor.cpp</label>
        <link refid="dc/d05/docbookvisitor_8cpp_source"/>
      </node>
      <node id="1985">
        <label>src/ftvhelp.cpp</label>
        <link refid="db/d41/ftvhelp_8cpp_source"/>
      </node>
      <node id="1981">
        <label>src/xmlgen.cpp</label>
        <link refid="d0/dc3/xmlgen_8cpp_source"/>
      </node>
      <node id="1972">
        <label>src/index.cpp</label>
        <link refid="db/d14/index_8cpp"/>
      </node>
      <node id="1993">
        <label>src/memberlist.cpp</label>
        <link refid="d0/d14/memberlist_8cpp_source"/>
      </node>
      <node id="1984">
        <label>src/docsets.cpp</label>
        <link refid="d7/d8f/docsets_8cpp_source"/>
      </node>
      <node id="1994">
        <label>src/membername.cpp</label>
        <link refid="de/d1d/membername_8cpp_source"/>
      </node>
      <node id="1961">
        <label>src/filedef.h</label>
        <link refid="filedef.h"/>
        <childnode refid="1962" relation="include">
        </childnode>
        <childnode refid="1963" relation="include">
        </childnode>
        <childnode refid="1964" relation="include">
        </childnode>
        <childnode refid="1982" relation="include">
        </childnode>
        <childnode refid="1967" relation="include">
        </childnode>
        <childnode refid="1983" relation="include">
        </childnode>
        <childnode refid="1984" relation="include">
        </childnode>
        <childnode refid="1970" relation="include">
        </childnode>
        <childnode refid="1985" relation="include">
        </childnode>
        <childnode refid="1986" relation="include">
        </childnode>
        <childnode refid="1987" relation="include">
        </childnode>
        <childnode refid="1988" relation="include">
        </childnode>
        <childnode refid="1972" relation="include">
        </childnode>
        <childnode refid="1989" relation="include">
        </childnode>
        <childnode refid="1990" relation="include">
        </childnode>
        <childnode refid="1991" relation="include">
        </childnode>
        <childnode refid="1992" relation="include">
        </childnode>
        <childnode refid="1993" relation="include">
        </childnode>
        <childnode refid="1994" relation="include">
        </childnode>
        <childnode refid="1995" relation="include">
        </childnode>
        <childnode refid="1996" relation="include">
        </childnode>
        <childnode refid="1997" relation="include">
        </childnode>
        <childnode refid="1976" relation="include">
        </childnode>
        <childnode refid="1977" relation="include">
        </childnode>
        <childnode refid="1978" relation="include">
        </childnode>
      </node>
      <node id="1988">
        <label>src/htmlhelp.cpp</label>
        <link refid="d3/d4b/htmlhelp_8cpp_source"/>
      </node>
      <node id="1962">
        <label>src/classdef.cpp</label>
        <link refid="de/d89/classdef_8cpp_source"/>
      </node>
      <node id="1973">
        <label>src/latexgen.cpp</label>
        <link refid="d4/d42/latexgen_8cpp_source"/>
      </node>
    </invincdepgraph>
    <innerclass refid="d5/dc1/struct_include_info" prot="public">IncludeInfo</innerclass>
    <innerclass refid="de/db0/class_file_def" prot="public">FileDef</innerclass>
    <innerclass refid="d0/d18/class_file_list" prot="public">FileList</innerclass>
    <innerclass refid="d6/dd7/class_output_name_list" prot="public">OutputNameList</innerclass>
    <innerclass refid="d0/da0/class_output_name_dict" prot="public">OutputNameDict</innerclass>
    <innerclass refid="d9/dd5/class_dir_entry" prot="public">DirEntry</innerclass>
    <innerclass refid="da/df3/class_directory" prot="public">Directory</innerclass>
      <sectiondef kind="func">
      <memberdef kind="function" id="d4/d3a/filedef_8h_1a6b4954a441beb485ccfdbd8950cebad9" prot="public" static="no" const="no" explicit="no" inline="no" virt="non-virtual">
        <type>void</type>
        <definition>void generateFileTree</definition>
        <argsstring>()</argsstring>
        <name>generateFileTree</name>
        <briefdescription>
        </briefdescription>
        <detaileddescription>
        </detaileddescription>
        <inbodydescription>
        </inbodydescription>
        <location file="C:/Users/Mat/Projects/doxygraph/examples/doxygen-1.8.4/src/filedef.h" line="318" bodyfile="C:/Users/Mat/Projects/doxygraph/examples/doxygen-1.8.4/src/filedef.cpp" bodystart="1528" bodyend="1548"/>
      </memberdef>
      </sectiondef>
    <briefdescription>
    </briefdescription>
    <detaileddescription>
    </detaileddescription>
    <programlisting>
<codeline lineno="1"><highlight class="comment">/******************************************************************************</highlight></codeline>
<codeline lineno="2"><highlight class="comment"><sp/>*</highlight></codeline>
<codeline lineno="3"><highlight class="comment"><sp/>*<sp/>$Id:<sp/>filedef.h,v<sp/>1.32<sp/>2001/03/19<sp/>19:27:40<sp/>root<sp/>Exp<sp/>$</highlight></codeline>
<codeline lineno="4"><highlight class="comment"><sp/>*</highlight></codeline>
<codeline lineno="5"><highlight class="comment"><sp/>*<sp/>Copyright<sp/>(C)<sp/>1997-2013<sp/>by<sp/>Dimitri<sp/>van<sp/>Heesch.</highlight></codeline>
<codeline lineno="6"><highlight class="comment"><sp/>*</highlight></codeline>
<codeline lineno="7"><highlight class="comment"><sp/>*<sp/>Permission<sp/>to<sp/>use,<sp/>copy,<sp/>modify,<sp/>and<sp/>distribute<sp/>this<sp/>software<sp/>and<sp/>its</highlight></codeline>
<codeline lineno="8"><highlight class="comment"><sp/>*<sp/>documentation<sp/>under<sp/>the<sp/>terms<sp/>of<sp/>the<sp/>GNU<sp/>General<sp/>Public<sp/>License<sp/>is<sp/>hereby<sp/></highlight></codeline>
<codeline lineno="9"><highlight class="comment"><sp/>*<sp/>granted.<sp/>No<sp/>representations<sp/>are<sp/>made<sp/>about<sp/>the<sp/>suitability<sp/>of<sp/>this<sp/>software<sp/></highlight></codeline>
<codeline lineno="10"><highlight class="comment"><sp/>*<sp/>for<sp/>any<sp/>purpose.<sp/>It<sp/>is<sp/>provided<sp/>&quot;as<sp/>is&quot;<sp/>without<sp/>express<sp/>or<sp/>implied<sp/>warranty.</highlight></codeline>
<codeline lineno="11"><highlight class="comment"><sp/>*<sp/>See<sp/>the<sp/>GNU<sp/>General<sp/>Public<sp/>License<sp/>for<sp/>more<sp/>details.</highlight></codeline>
<codeline lineno="12"><highlight class="comment"><sp/>*</highlight></codeline>
<codeline lineno="13"><highlight class="comment"><sp/>*<sp/>Documents<sp/>produced<sp/>by<sp/>Doxygen<sp/>are<sp/>derivative<sp/>works<sp/>derived<sp/>from<sp/>the</highlight></codeline>
<codeline lineno="14"><highlight class="comment"><sp/>*<sp/>input<sp/>used<sp/>in<sp/>their<sp/>production;<sp/>they<sp/>are<sp/>not<sp/>affected<sp/>by<sp/>this<sp/>license.</highlight></codeline>
<codeline lineno="15"><highlight class="comment"><sp/>*</highlight></codeline>
<codeline lineno="16"><highlight class="comment"><sp/>*/</highlight><highlight class="normal"></highlight></codeline>
<codeline lineno="17"><highlight class="normal"></highlight></codeline>
<codeline lineno="18"><highlight class="normal"></highlight><highlight class="preprocessor">#ifndef<sp/>FILEDEF_H</highlight></codeline>
<codeline lineno="19"><highlight class="preprocessor"></highlight><highlight class="preprocessor">#define<sp/>FILEDEF_H</highlight></codeline>
<codeline lineno="20"><highlight class="preprocessor"></highlight><highlight class="normal"></highlight></codeline>
<codeline lineno="21"><highlight class="normal"></highlight><highlight class="preprocessor">#include<sp/>&quot;index.h&quot;</highlight><highlight class="normal"></highlight></codeline>
<codeline lineno="22"><highlight class="normal"></highlight><highlight class="preprocessor">#include<sp/>&lt;qlist.h&gt;</highlight><highlight class="normal"></highlight></codeline>
<codeline lineno="23"><highlight class="normal"></highlight><highlight class="preprocessor">#include<sp/>&lt;qintdict.h&gt;</highlight><highlight class="normal"></highlight></codeline>
<codeline lineno="24"><highlight class="normal"></highlight><highlight class="preprocessor">#include<sp/>&lt;qdict.h&gt;</highlight><highlight class="normal"></highlight></codeline>
<codeline lineno="25"><highlight class="normal"></highlight><highlight class="preprocessor">#include<sp/>&quot;definition.h&quot;</highlight><highlight class="normal"></highlight></codeline>
<codeline lineno="26"><highlight class="normal"></highlight><highlight class="preprocessor">#include<sp/>&quot;sortdict.h&quot;</highlight><highlight class="normal"></highlight></codeline>
<codeline lineno="27"><highlight class="normal"></highlight><highlight class="preprocessor">#include<sp/>&quot;memberlist.h&quot;</highlight><highlight class="normal"></highlight></codeline>
<codeline lineno="28"><highlight class="normal"></highlight></codeline>
<codeline lineno="29"><highlight class="normal"></highlight><highlight class="keyword">class<sp/></highlight><highlight class="normal"><ref refid="dd/d13/class_member_list" kindref="compound" tooltip="A list of MemberDef objects.">MemberList</ref>;</highlight></codeline>
<codeline lineno="30"><highlight class="normal"></highlight><highlight class="keyword">class<sp/></highlight><highlight class="normal"><ref refid="de/db0/class_file_def" kindref="compound" tooltip="A model of a file symbol.">FileDef</ref>;</highlight></codeline>
<codeline lineno="31"><highlight class="normal"></highlight><highlight class="keyword">class<sp/></highlight><highlight class="normal"><ref refid="d0/d18/class_file_list" kindref="compound" tooltip="Class representing a list of FileDef objects.">FileList</ref>;</highlight></codeline>
<codeline lineno="32"><highlight class="normal"></highlight><highlight class="keyword">class<sp/></highlight><highlight class="normal"><ref refid="d9/d3d/class_class_s_dict" kindref="compound" tooltip="A sorted dictionary of ClassDef objects.">ClassSDict</ref>;</highlight></codeline>
<codeline lineno="33"><highlight class="normal"></highlight><highlight class="keyword">class<sp/></highlight><highlight class="normal"><ref refid="d1/dcf/class_class_def" kindref="compound" tooltip="A class representing of a compound symbol.">ClassDef</ref>;</highlight></codeline>
<codeline lineno="34"><highlight class="normal"></highlight><highlight class="keyword">class<sp/></highlight><highlight class="normal"><ref refid="d7/da3/class_class_list" kindref="compound" tooltip="A list of ClassDef objects.">ClassList</ref>;</highlight></codeline>
<codeline lineno="35"><highlight class="normal"></highlight><highlight class="keyword">class<sp/></highlight><highlight class="normal"><ref refid="da/d09/class_member_def" kindref="compound" tooltip="A model of a class/file/namespace member symbol.">MemberDef</ref>;</highlight></codeline>
<codeline lineno="36"><highlight class="normal"></highlight><highlight class="keyword">class<sp/></highlight><highlight class="normal"><ref refid="df/dc8/class_output_list" kindref="compound" tooltip="Class representing a list of output generators that are written to in parallel.">OutputList</ref>;</highlight></codeline>
<codeline lineno="37"><highlight class="normal"></highlight><highlight class="keyword">class<sp/></highlight><highlight class="normal"><ref refid="d0/d07/class_namespace_def" kindref="compound" tooltip="A model of a namespace symbol.">NamespaceDef</ref>;</highlight></codeline>
<codeline lineno="38"><highlight class="normal"></highlight><highlight class="keyword">class<sp/></highlight><highlight class="normal"><ref refid="d4/d8d/class_namespace_s_dict" kindref="compound" tooltip="A sorted dictionary of NamespaceDef objects.">NamespaceSDict</ref>;</highlight></codeline>
<codeline lineno="39"><highlight class="normal"></highlight><highlight class="keyword">class<sp/></highlight><highlight class="normal"><ref refid="dc/d1e/class_member_group_s_dict" kindref="compound" tooltip="A sorted dictionary of MemberGroup objects.">MemberGroupSDict</ref>;</highlight></codeline>
<codeline lineno="40"><highlight class="normal"></highlight><highlight class="keyword">class<sp/></highlight><highlight class="normal">PackageDef;</highlight></codeline>
<codeline lineno="41"><highlight class="normal"></highlight><highlight class="keyword">class<sp/></highlight><highlight class="normal"><ref refid="d4/dd4/class_dir_def" kindref="compound" tooltip="A model of a directory symbol.">DirDef</ref>;</highlight></codeline>
<codeline lineno="42"><highlight class="normal"></highlight></codeline>
<codeline lineno="44" refid="d5/dc1/struct_include_info" refkind="compound"><highlight class="keyword">struct<sp/></highlight><highlight class="normal"><ref refid="d5/dc1/struct_include_info" kindref="compound" tooltip="Class representing the data associated with a #include statement.">IncludeInfo</ref></highlight></codeline>
<codeline lineno="45"><highlight class="normal">{</highlight></codeline>
<codeline lineno="46"><highlight class="normal"><sp/><sp/><ref refid="d5/dc1/struct_include_info" kindref="compound" tooltip="Class representing the data associated with a #include statement.">IncludeInfo</ref>()<sp/>{<sp/>fileDef=0;<sp/>local=FALSE;<sp/>indirect=FALSE;<sp/>}</highlight></codeline>
<codeline lineno="47"><highlight class="normal"><sp/><sp/>~<ref refid="d5/dc1/struct_include_info" kindref="compound" tooltip="Class representing the data associated with a #include statement.">IncludeInfo</ref>()<sp/>{}</highlight></codeline>
<codeline lineno="48"><highlight class="normal"><sp/><sp/><ref refid="de/db0/class_file_def" kindref="compound" tooltip="A model of a file symbol.">FileDef</ref><sp/>*fileDef;</highlight></codeline>
<codeline lineno="49"><highlight class="normal"><sp/><sp/>QCString<sp/>includeName;</highlight></codeline>
<codeline lineno="50"><highlight class="normal"><sp/><sp/></highlight><highlight class="keywordtype">bool</highlight><highlight class="normal"><sp/>local;</highlight></codeline>
<codeline lineno="51"><highlight class="normal"><sp/><sp/></highlight><highlight class="keywordtype">bool</highlight><highlight class="normal"><sp/>imported;</highlight></codeline>
<codeline lineno="52"><highlight class="normal"><sp/><sp/></highlight><highlight class="keywordtype">bool</highlight><highlight class="normal"><sp/>indirect;</highlight></codeline>
<codeline lineno="53"><highlight class="normal">};</highlight></codeline>
<codeline lineno="54"><highlight class="normal"></highlight></codeline>
<codeline lineno="63" refid="de/db0/class_file_def" refkind="compound"><highlight class="keyword">class<sp/></highlight><highlight class="normal"><ref refid="de/db0/class_file_def" kindref="compound" tooltip="A model of a file symbol.">FileDef</ref><sp/>:<sp/></highlight><highlight class="keyword">public</highlight><highlight class="normal"><sp/><ref refid="d5/dcc/class_definition" kindref="compound" tooltip="The common base class of all entity definitions found in the sources.">Definition</ref></highlight></codeline>
<codeline lineno="64"><highlight class="normal">{</highlight></codeline>
<codeline lineno="65"><highlight class="normal"><sp/><sp/></highlight><highlight class="keyword">friend</highlight><highlight class="normal"><sp/></highlight><highlight class="keyword">class<sp/></highlight><highlight class="normal"><ref refid="dd/db9/class_file_name" kindref="compound" tooltip="Class representing all files with a certain base name.">FileName</ref>;</highlight></codeline>
<codeline lineno="66"><highlight class="normal"></highlight></codeline>
<codeline lineno="67"><highlight class="normal"><sp/><sp/></highlight><highlight class="keyword">public</highlight><highlight class="normal">:</highlight></codeline>
<codeline lineno="68"><highlight class="normal"><sp/><sp/><sp/><sp/></highlight><highlight class="comment">//enum<sp/>FileType<sp/>{<sp/>Source,<sp/>Header,<sp/>Unknown<sp/>};</highlight><highlight class="normal"></highlight></codeline>
<codeline lineno="69"><highlight class="normal"></highlight></codeline>
<codeline lineno="70"><highlight class="normal"><sp/><sp/><sp/><sp/><ref refid="de/db0/class_file_def_1aa0f1d4c412599b7c03d214c939e1ca95" kindref="member">FileDef</ref>(</highlight><highlight class="keyword">const</highlight><highlight class="normal"><sp/></highlight><highlight class="keywordtype">char</highlight><highlight class="normal"><sp/>*p,</highlight><highlight class="keyword">const</highlight><highlight class="normal"><sp/></highlight><highlight class="keywordtype">char</highlight><highlight class="normal"><sp/>*n,</highlight><highlight class="keyword">const</highlight><highlight class="normal"><sp/></highlight><highlight class="keywordtype">char</highlight><highlight class="normal"><sp/>*ref=0,</highlight><highlight class="keyword">const</highlight><highlight class="normal"><sp/></highlight><highlight class="keywordtype">char</highlight><highlight class="normal"><sp/>*dn=0);</highlight></codeline>
<codeline lineno="71"><highlight class="normal"><sp/><sp/><sp/><ref refid="de/db0/class_file_def_1a5ed8a95230184de0f82d21bf08f4ac0a" kindref="member">~FileDef</ref>();</highlight></codeline>
<codeline lineno="72"><highlight class="normal"></highlight></codeline>
<codeline lineno="73"><highlight class="normal"><sp/><sp/><sp/><sp/></highlight><highlight class="comment">//<sp/>----------------------------------------------------------------------</highlight><highlight class="normal"></highlight></codeline>
<codeline lineno="74"><highlight class="normal"></highlight></codeline>
<codeline lineno="75" refid="de/db0/class_file_def_1a07b59f78f008528d1fe668f263f5782b" refkind="member"><highlight class="normal"><sp/><sp/><sp/><sp/><ref refid="d9/d4a/class_definition_intf_1ada60114bc621669dd8c19edfc6421766" kindref="member">DefType</ref><sp/><ref refid="de/db0/class_file_def_1a07b59f78f008528d1fe668f263f5782b" kindref="member">definitionType</ref>()</highlight><highlight class="keyword"><sp/>const<sp/></highlight><highlight class="normal">{<sp/></highlight><highlight class="keywordflow">return</highlight><highlight class="normal"><sp/>TypeFile;<sp/>}</highlight></codeline>
<codeline lineno="76"><highlight class="normal"></highlight></codeline>
<codeline lineno="78"><highlight class="normal"><sp/><sp/><sp/><sp/>QCString<sp/><ref refid="de/db0/class_file_def_1a80989971450b35c785a8fe0002e1c2db" kindref="member">name</ref>()<sp/></highlight><highlight class="keyword">const</highlight><highlight class="normal">;</highlight></codeline>
<codeline lineno="79" refid="de/db0/class_file_def_1ab075e2ace8cba475de669e96ae19c7a2" refkind="member"><highlight class="normal"><sp/><sp/><sp/><sp/>QCString<sp/><ref refid="de/db0/class_file_def_1ab075e2ace8cba475de669e96ae19c7a2" kindref="member">displayName</ref>(</highlight><highlight class="keywordtype">bool</highlight><highlight class="normal">=TRUE)</highlight><highlight class="keyword"><sp/>const<sp/></highlight><highlight class="normal">{<sp/></highlight><highlight class="keywordflow">return</highlight><highlight class="normal"><sp/><ref refid="de/db0/class_file_def_1a80989971450b35c785a8fe0002e1c2db" kindref="member">name</ref>();<sp/>}</highlight></codeline>
<codeline lineno="80"><highlight class="normal"><sp/><sp/><sp/><sp/>QCString<sp/>fileName()</highlight><highlight class="keyword"><sp/>const<sp/></highlight><highlight class="normal">{<sp/></highlight><highlight class="keywordflow">return</highlight><highlight class="normal"><sp/>m_fileName;<sp/>}</highlight></codeline>
<codeline lineno="81"><highlight class="normal"><sp/><sp/><sp/><sp/></highlight></codeline>
<codeline lineno="82" refid="de/db0/class_file_def_1aed87b82d9fc3ce4629034232b711f4a9" refkind="member"><highlight class="normal"><sp/><sp/><sp/><sp/>QCString<sp/><ref refid="de/db0/class_file_def_1aed87b82d9fc3ce4629034232b711f4a9" kindref="member">getOutputFileBase</ref>()</highlight><highlight class="keyword"><sp/>const<sp/></highlight></codeline>
<codeline lineno="83"><highlight class="keyword"><sp/><sp/><sp/><sp/></highlight><highlight class="normal">{<sp/></highlight><highlight class="keywordflow">return</highlight><highlight class="normal"><sp/>convertNameToFile(m_diskName);<sp/>}</highlight></codeline>
<codeline lineno="84"><highlight class="normal"></highlight></codeline>
<codeline lineno="85" refid="de/db0/class_file_def_1a01e0018f5093f7cf317f968c42e51318" refkind="member"><highlight class="normal"><sp/><sp/><sp/><sp/>QCString<sp/><ref refid="de/db0/class_file_def_1a01e0018f5093f7cf317f968c42e51318" kindref="member">anchor</ref>()</highlight><highlight class="keyword"><sp/>const<sp/></highlight><highlight class="normal">{<sp/></highlight><highlight class="keywordflow">return</highlight><highlight class="normal"><sp/>QCString();<sp/>}</highlight></codeline>
<codeline lineno="86"><highlight class="normal"></highlight></codeline>
<codeline lineno="87"><highlight class="normal"><sp/><sp/><sp/><sp/>QCString<sp/>getFileBase()</highlight><highlight class="keyword"><sp/>const<sp/></highlight><highlight class="normal">{<sp/></highlight><highlight class="keywordflow">return</highlight><highlight class="normal"><sp/>m_diskName;<sp/>}</highlight></codeline>
<codeline lineno="88"><highlight class="normal"></highlight></codeline>
<codeline lineno="89"><highlight class="normal"><sp/><sp/><sp/><sp/>QCString<sp/><ref refid="de/db0/class_file_def_1a88b2109d1ccc5835bcf05e238699d673" kindref="member">getSourceFileBase</ref>()<sp/></highlight><highlight class="keyword">const</highlight><highlight class="normal">;</highlight></codeline>
<codeline lineno="90"><highlight class="normal"><sp/><sp/><sp/><sp/></highlight></codeline>
<codeline lineno="92"><highlight class="normal"><sp/><sp/><sp/><sp/>QCString<sp/><ref refid="de/db0/class_file_def_1a7ae51c3b256e80b82f83f5b550402c97" kindref="member">includeName</ref>()<sp/></highlight><highlight class="keyword">const</highlight><highlight class="normal">;</highlight></codeline>
<codeline lineno="93"><highlight class="normal"><sp/><sp/><sp/><sp/></highlight></codeline>
<codeline lineno="95" refid="de/db0/class_file_def_1aae767e854233ec05108d7dccf458d27d" refkind="member"><highlight class="normal"><sp/><sp/><sp/><sp/>QCString<sp/><ref refid="de/db0/class_file_def_1aae767e854233ec05108d7dccf458d27d" kindref="member">absFilePath</ref>()</highlight><highlight class="keyword"><sp/>const<sp/></highlight><highlight class="normal">{<sp/></highlight><highlight class="keywordflow">return</highlight><highlight class="normal"><sp/>m_filePath;<sp/>}</highlight></codeline>
<codeline lineno="96"><highlight class="normal"><sp/><sp/><sp/><sp/></highlight></codeline>
<codeline lineno="98" refid="de/db0/class_file_def_1ae07162f94ec462b163e0ff743023f71c" refkind="member"><highlight class="normal"><sp/><sp/><sp/><sp/>QCString<sp/><ref refid="de/db0/class_file_def_1ae07162f94ec462b163e0ff743023f71c" kindref="member">docName</ref>()</highlight><highlight class="keyword"><sp/>const<sp/></highlight><highlight class="normal">{<sp/></highlight><highlight class="keywordflow">return</highlight><highlight class="normal"><sp/>m_docname;<sp/>}</highlight></codeline>
<codeline lineno="99"><highlight class="normal"></highlight></codeline>
<codeline lineno="101" refid="de/db0/class_file_def_1a55085b4099e8e80109dd8dd7ce87e5a5" refkind="member"><highlight class="normal"><sp/><sp/><sp/><sp/></highlight><highlight class="keywordtype">bool</highlight><highlight class="normal"><sp/><ref refid="de/db0/class_file_def_1a55085b4099e8e80109dd8dd7ce87e5a5" kindref="member">isSource</ref>()</highlight><highlight class="keyword"><sp/>const<sp/></highlight><highlight class="normal">{<sp/></highlight><highlight class="keywordflow">return</highlight><highlight class="normal"><sp/>m_isSource;<sp/>}</highlight></codeline>
<codeline lineno="102"><highlight class="normal"></highlight></codeline>
<codeline lineno="103"><highlight class="normal"><sp/><sp/><sp/><sp/></highlight><highlight class="keywordtype">bool</highlight><highlight class="normal"><sp/>isDocumentationFile()<sp/></highlight><highlight class="keyword">const</highlight><highlight class="normal">;</highlight></codeline>
<codeline lineno="104"><highlight class="normal"><sp/><sp/><sp/><sp/></highlight></codeline>
<codeline lineno="105"><highlight class="normal"><sp/><sp/><sp/><sp/><ref refid="d5/dcc/class_definition" kindref="compound" tooltip="The common base class of all entity definitions found in the sources.">Definition</ref><sp/>*getSourceDefinition(</highlight><highlight class="keywordtype">int</highlight><highlight class="normal"><sp/>lineNr)<sp/></highlight><highlight class="keyword">const</highlight><highlight class="normal">;</highlight></codeline>
<codeline lineno="106"><highlight class="normal"><sp/><sp/><sp/><sp/><ref refid="da/d09/class_member_def" kindref="compound" tooltip="A model of a class/file/namespace member symbol.">MemberDef</ref><sp/>*getSourceMember(</highlight><highlight class="keywordtype">int</highlight><highlight class="normal"><sp/>lineNr)<sp/></highlight><highlight class="keyword">const</highlight><highlight class="normal">;</highlight></codeline>
<codeline lineno="107"><highlight class="normal"></highlight></codeline>
<codeline lineno="109" refid="de/db0/class_file_def_1a5d488e6a03d18ecf3e9236b9a2fd5e5e" refkind="member"><highlight class="normal"><sp/><sp/><sp/><sp/>QCString<sp/><ref refid="de/db0/class_file_def_1a5d488e6a03d18ecf3e9236b9a2fd5e5e" kindref="member">getPath</ref>()</highlight><highlight class="keyword"><sp/>const<sp/></highlight><highlight class="normal">{<sp/></highlight><highlight class="keywordflow">return</highlight><highlight class="normal"><sp/>m_path;<sp/>}</highlight></codeline>
<codeline lineno="110"><highlight class="normal"></highlight></codeline>
<codeline lineno="112" refid="de/db0/class_file_def_1ae05a431076ed53fdbe3dbac7c709c3d7" refkind="member"><highlight class="normal"><sp/><sp/><sp/><sp/>QCString<sp/><ref refid="de/db0/class_file_def_1ae05a431076ed53fdbe3dbac7c709c3d7" kindref="member">getVersion</ref>()</highlight><highlight class="keyword"><sp/>const<sp/></highlight><highlight class="normal">{<sp/></highlight><highlight class="keywordflow">return</highlight><highlight class="normal"><sp/>m_fileVersion;<sp/>}</highlight></codeline>
<codeline lineno="113"><highlight class="normal"><sp/><sp/><sp/><sp/></highlight></codeline>
<codeline lineno="114"><highlight class="normal"><sp/><sp/><sp/><sp/></highlight><highlight class="keywordtype">bool</highlight><highlight class="normal"><sp/><ref refid="de/db0/class_file_def_1a19db473ad3a95f44c28b0ba2378fdac2" kindref="member">isLinkableInProject</ref>()<sp/></highlight><highlight class="keyword">const</highlight><highlight class="normal">;</highlight></codeline>
<codeline lineno="115"><highlight class="normal"></highlight></codeline>
<codeline lineno="116" refid="de/db0/class_file_def_1af677cee8c349fa10532b0aa5c09df396" refkind="member"><highlight class="normal"><sp/><sp/><sp/><sp/></highlight><highlight class="keywordtype">bool</highlight><highlight class="normal"><sp/><ref refid="de/db0/class_file_def_1af677cee8c349fa10532b0aa5c09df396" kindref="member">isLinkable</ref>()</highlight><highlight class="keyword"><sp/>const<sp/></highlight><highlight class="normal">{<sp/></highlight><highlight class="keywordflow">return</highlight><highlight class="normal"><sp/><ref refid="de/db0/class_file_def_1a19db473ad3a95f44c28b0ba2378fdac2" kindref="member">isLinkableInProject</ref>()<sp/>||<sp/><ref refid="d5/dcc/class_definition_1aeac1898371c546441cf689c1f66e359b" kindref="member">isReference</ref>();<sp/>}</highlight></codeline>
<codeline lineno="117"><highlight class="normal"><sp/><sp/><sp/><sp/></highlight><highlight class="keywordtype">bool</highlight><highlight class="normal"><sp/>isIncluded(</highlight><highlight class="keyword">const</highlight><highlight class="normal"><sp/>QCString<sp/>&amp;<ref refid="de/db0/class_file_def_1a80989971450b35c785a8fe0002e1c2db" kindref="member">name</ref>)<sp/></highlight><highlight class="keyword">const</highlight><highlight class="normal">;</highlight></codeline>
<codeline lineno="118"><highlight class="normal"></highlight></codeline>
<codeline lineno="119"><highlight class="normal"><sp/><sp/><sp/><sp/>PackageDef<sp/>*packageDef()</highlight><highlight class="keyword"><sp/>const<sp/></highlight><highlight class="normal">{<sp/></highlight><highlight class="keywordflow">return</highlight><highlight class="normal"><sp/>m_package;<sp/>}</highlight></codeline>
<codeline lineno="120"><highlight class="normal"><sp/><sp/><sp/><sp/><ref refid="d4/dd4/class_dir_def" kindref="compound" tooltip="A model of a directory symbol.">DirDef</ref><sp/>*getDirDef()</highlight><highlight class="keyword"><sp/>const<sp/><sp/><sp/><sp/><sp/><sp/></highlight><highlight class="normal">{<sp/></highlight><highlight class="keywordflow">return</highlight><highlight class="normal"><sp/>m_dir;<sp/>}</highlight></codeline>
<codeline lineno="121"><highlight class="normal"><sp/><sp/><sp/><sp/><ref refid="d4/d8d/class_namespace_s_dict" kindref="compound" tooltip="A sorted dictionary of NamespaceDef objects.">NamespaceSDict</ref><sp/>*getUsedNamespaces()<sp/></highlight><highlight class="keyword">const</highlight><highlight class="normal">;</highlight></codeline>
<codeline lineno="122"><highlight class="normal"><sp/><sp/><sp/><sp/><ref refid="d1/d50/class_s_dict" kindref="compound">SDict&lt;Definition&gt;</ref><sp/>*getUsedClasses()</highlight><highlight class="keyword"><sp/>const<sp/><sp/><sp/><sp/><sp/><sp/></highlight><highlight class="normal">{<sp/></highlight><highlight class="keywordflow">return</highlight><highlight class="normal"><sp/>m_usingDeclList;<sp/>}</highlight></codeline>
<codeline lineno="123"><highlight class="normal"><sp/><sp/><sp/><sp/><ref refid="db/daa/class_q_list" kindref="compound">QList&lt;IncludeInfo&gt;</ref><sp/>*includeFileList()</highlight><highlight class="keyword"><sp/>const<sp/><sp/><sp/><sp/></highlight><highlight class="normal">{<sp/></highlight><highlight class="keywordflow">return</highlight><highlight class="normal"><sp/>m_includeList;<sp/>}</highlight></codeline>
<codeline lineno="124"><highlight class="normal"><sp/><sp/><sp/><sp/><ref refid="db/daa/class_q_list" kindref="compound">QList&lt;IncludeInfo&gt;</ref><sp/>*includedByFileList()</highlight><highlight class="keyword"><sp/>const<sp/></highlight><highlight class="normal">{<sp/></highlight><highlight class="keywordflow">return</highlight><highlight class="normal"><sp/>m_includedByList;<sp/>}</highlight></codeline>
<codeline lineno="125"><highlight class="normal"><sp/><sp/><sp/><sp/></highlight><highlight class="keywordtype">void</highlight><highlight class="normal"><sp/>getAllIncludeFilesRecursively(QStrList<sp/>&amp;incFiles)<sp/></highlight><highlight class="keyword">const</highlight><highlight class="normal">;</highlight></codeline>
<codeline lineno="126"><highlight class="normal"></highlight></codeline>
<codeline lineno="127"><highlight class="normal"><sp/><sp/><sp/><sp/><ref refid="dd/d13/class_member_list" kindref="compound" tooltip="A list of MemberDef objects.">MemberList</ref><sp/>*getMemberList(MemberListType<sp/>lt)<sp/></highlight><highlight class="keyword">const</highlight><highlight class="normal">;</highlight></codeline>
<codeline lineno="128"><highlight class="normal"><sp/><sp/><sp/><sp/></highlight><highlight class="keyword">const</highlight><highlight class="normal"><sp/><ref refid="db/daa/class_q_list" kindref="compound">QList&lt;MemberList&gt;</ref><sp/>&amp;getMemberLists()</highlight><highlight class="keyword"><sp/>const<sp/></highlight><highlight class="normal">{<sp/></highlight><highlight class="keywordflow">return</highlight><highlight class="normal"><sp/>m_memberLists;<sp/>}</highlight></codeline>
<codeline lineno="129"><highlight class="normal"></highlight></codeline>
<codeline lineno="130"><highlight class="normal"><sp/><sp/><sp/><sp/></highlight><highlight class="comment">/*<sp/>user<sp/>defined<sp/>member<sp/>groups<sp/>*/</highlight><highlight class="normal"></highlight></codeline>
<codeline lineno="131"><highlight class="normal"><sp/><sp/><sp/><sp/><ref refid="dc/d1e/class_member_group_s_dict" kindref="compound" tooltip="A sorted dictionary of MemberGroup objects.">MemberGroupSDict</ref><sp/>*getMemberGroupSDict()</highlight><highlight class="keyword"><sp/>const<sp/></highlight><highlight class="normal">{<sp/></highlight><highlight class="keywordflow">return</highlight><highlight class="normal"><sp/>m_memberGroupSDict;<sp/>}</highlight></codeline>
<codeline lineno="132"><highlight class="normal"><sp/><sp/><sp/><sp/><ref refid="d4/d8d/class_namespace_s_dict" kindref="compound" tooltip="A sorted dictionary of NamespaceDef objects.">NamespaceSDict</ref><sp/>*getNamespaceSDict()</highlight><highlight class="keyword"><sp/>const<sp/><sp/><sp/><sp/><sp/></highlight><highlight class="normal">{<sp/></highlight><highlight class="keywordflow">return</highlight><highlight class="normal"><sp/>m_namespaceSDict;<sp/>}</highlight></codeline>
<codeline lineno="133"><highlight class="normal"><sp/><sp/><sp/><sp/><ref refid="d9/d3d/class_class_s_dict" kindref="compound" tooltip="A sorted dictionary of ClassDef objects.">ClassSDict</ref><sp/>*getClassSDict()</highlight><highlight class="keyword"><sp/>const<sp/><sp/><sp/><sp/><sp/><sp/><sp/><sp/><sp/><sp/><sp/><sp/><sp/></highlight><highlight class="normal">{<sp/></highlight><highlight class="keywordflow">return</highlight><highlight class="normal"><sp/>m_classSDict;<sp/>}</highlight></codeline>
<codeline lineno="134"><highlight class="normal"><sp/><sp/><sp/><sp/></highlight></codeline>
<codeline lineno="135"><highlight class="normal"><sp/><sp/><sp/><sp/></highlight><highlight class="comment">//---------------------------------</highlight><highlight class="normal"></highlight></codeline>
<codeline lineno="136"><highlight class="normal"></highlight></codeline>
<codeline lineno="137"><highlight class="normal"><sp/><sp/><sp/><sp/></highlight><highlight class="keywordtype">void</highlight><highlight class="normal"><sp/>addSourceRef(</highlight><highlight class="keywordtype">int</highlight><highlight class="normal"><sp/>line,<ref refid="d5/dcc/class_definition" kindref="compound" tooltip="The common base class of all entity definitions found in the sources.">Definition</ref><sp/>*d,<ref refid="da/d09/class_member_def" kindref="compound" tooltip="A model of a class/file/namespace member symbol.">MemberDef</ref><sp/>*md);</highlight></codeline>
<codeline lineno="138"><highlight class="normal"></highlight></codeline>
<codeline lineno="139"><highlight class="normal"><sp/><sp/><sp/><sp/></highlight><highlight class="keywordtype">void</highlight><highlight class="normal"><sp/><ref refid="de/db0/class_file_def_1a7a73cf8448a6995be00369858d4768e8" kindref="member">writeDocumentation</ref>(<ref refid="df/dc8/class_output_list" kindref="compound" tooltip="Class representing a list of output generators that are written to in parallel.">OutputList</ref><sp/>&amp;ol);</highlight></codeline>
<codeline lineno="140"><highlight class="normal"><sp/><sp/><sp/><sp/></highlight><highlight class="keywordtype">void</highlight><highlight class="normal"><sp/>writeMemberPages(<ref refid="df/dc8/class_output_list" kindref="compound" tooltip="Class representing a list of output generators that are written to in parallel.">OutputList</ref><sp/>&amp;ol);</highlight></codeline>
<codeline lineno="141"><highlight class="normal"><sp/><sp/><sp/><sp/></highlight><highlight class="keywordtype">void</highlight><highlight class="normal"><sp/>writeQuickMemberLinks(<ref refid="df/dc8/class_output_list" kindref="compound" tooltip="Class representing a list of output generators that are written to in parallel.">OutputList</ref><sp/>&amp;ol,<ref refid="da/d09/class_member_def" kindref="compound" tooltip="A model of a class/file/namespace member symbol.">MemberDef</ref><sp/>*currentMd)<sp/></highlight><highlight class="keyword">const</highlight><highlight class="normal">;</highlight></codeline>
<codeline lineno="142"><highlight class="normal"><sp/><sp/><sp/><sp/></highlight><highlight class="keywordtype">void</highlight><highlight class="normal"><sp/>writeSummaryLinks(<ref refid="df/dc8/class_output_list" kindref="compound" tooltip="Class representing a list of output generators that are written to in parallel.">OutputList</ref><sp/>&amp;ol);</highlight></codeline>
<codeline lineno="143"><highlight class="normal"></highlight></codeline>
<codeline lineno="144"><highlight class="normal"><sp/><sp/><sp/><sp/></highlight><highlight class="keywordtype">void</highlight><highlight class="normal"><sp/>startParsing();</highlight></codeline>
<codeline lineno="145"><highlight class="normal"><sp/><sp/><sp/><sp/></highlight><highlight class="keywordtype">void</highlight><highlight class="normal"><sp/><ref refid="de/db0/class_file_def_1a5ed9987b075539aa61654cc55d3bac28" kindref="member">writeSource</ref>(<ref refid="df/dc8/class_output_list" kindref="compound" tooltip="Class representing a list of output generators that are written to in parallel.">OutputList</ref><sp/>&amp;ol,</highlight><highlight class="keywordtype">bool</highlight><highlight class="normal"><sp/>sameTu,QStrList<sp/>&amp;filesInSameTu);</highlight></codeline>
<codeline lineno="146"><highlight class="normal"><sp/><sp/><sp/><sp/></highlight><highlight class="keywordtype">void</highlight><highlight class="normal"><sp/>parseSource(</highlight><highlight class="keywordtype">bool</highlight><highlight class="normal"><sp/>sameTu,QStrList<sp/>&amp;filesInSameTu);</highlight></codeline>
<codeline lineno="147"><highlight class="normal"><sp/><sp/><sp/><sp/></highlight><highlight class="keywordtype">void</highlight><highlight class="normal"><sp/>finishParsing();</highlight></codeline>
<codeline lineno="148"><highlight class="normal"></highlight></codeline>
<codeline lineno="149"><highlight class="normal"><sp/><sp/><sp/><sp/></highlight><highlight class="keyword">friend</highlight><highlight class="normal"><sp/></highlight><highlight class="keywordtype">void</highlight><highlight class="normal"><sp/>generatedFileNames();</highlight></codeline>
<codeline lineno="150"><highlight class="normal"><sp/><sp/><sp/><sp/></highlight><highlight class="keywordtype">void</highlight><highlight class="normal"><sp/><ref refid="de/db0/class_file_def_1a84f7bb05a4a830056b208d94c6c2bd59" kindref="member">insertMember</ref>(<ref refid="da/d09/class_member_def" kindref="compound" tooltip="A model of a class/file/namespace member symbol.">MemberDef</ref><sp/>*md);</highlight></codeline>
<codeline lineno="151"><highlight class="normal"><sp/><sp/><sp/><sp/></highlight><highlight class="keywordtype">void</highlight><highlight class="normal"><sp/><ref refid="de/db0/class_file_def_1a61ec1208cd1055a3d91cb6a2ee60451d" kindref="member">insertClass</ref>(<ref refid="d1/dcf/class_class_def" kindref="compound" tooltip="A class representing of a compound symbol.">ClassDef</ref><sp/>*cd);</highlight></codeline>
<codeline lineno="152"><highlight class="normal"><sp/><sp/><sp/><sp/></highlight><highlight class="keywordtype">void</highlight><highlight class="normal"><sp/><ref refid="de/db0/class_file_def_1a579c95408a34b048fc3cd288bfa8893c" kindref="member">insertNamespace</ref>(<ref refid="d0/d07/class_namespace_def" kindref="compound" tooltip="A model of a namespace symbol.">NamespaceDef</ref><sp/>*nd);</highlight></codeline>
<codeline lineno="153"><highlight class="normal"><sp/><sp/><sp/><sp/></highlight><highlight class="keywordtype">void</highlight><highlight class="normal"><sp/><ref refid="de/db0/class_file_def_1a8ab814579e542ea5325a6d5d386c56a2" kindref="member">computeAnchors</ref>();</highlight></codeline>
<codeline lineno="154"><highlight class="normal"></highlight></codeline>
<codeline lineno="155"><highlight class="normal"><sp/><sp/><sp/><sp/></highlight><highlight class="keywordtype">void</highlight><highlight class="normal"><sp/>setPackageDef(PackageDef<sp/>*pd)<sp/>{<sp/>m_package=pd;<sp/>}</highlight></codeline>
<codeline lineno="156"><highlight class="normal"><sp/><sp/><sp/><sp/></highlight><highlight class="keywordtype">void</highlight><highlight class="normal"><sp/>setDirDef(<ref refid="d4/dd4/class_dir_def" kindref="compound" tooltip="A model of a directory symbol.">DirDef</ref><sp/>*dd)<sp/>{<sp/>m_dir=dd;<sp/>}</highlight></codeline>
<codeline lineno="157"><highlight class="normal"></highlight></codeline>
<codeline lineno="158"><highlight class="normal"><sp/><sp/><sp/><sp/></highlight><highlight class="keywordtype">void</highlight><highlight class="normal"><sp/>addUsingDirective(<ref refid="d0/d07/class_namespace_def" kindref="compound" tooltip="A model of a namespace symbol.">NamespaceDef</ref><sp/>*nd);</highlight></codeline>
<codeline lineno="159"><highlight class="normal"><sp/><sp/><sp/><sp/></highlight><highlight class="keywordtype">void</highlight><highlight class="normal"><sp/>addUsingDeclaration(<ref refid="d5/dcc/class_definition" kindref="compound" tooltip="The common base class of all entity definitions found in the sources.">Definition</ref><sp/>*def);</highlight></codeline>
<codeline lineno="160"><highlight class="normal"><sp/><sp/><sp/><sp/></highlight><highlight class="keywordtype">void</highlight><highlight class="normal"><sp/>combineUsingRelations();</highlight></codeline>
<codeline lineno="161"><highlight class="normal"></highlight></codeline>
<codeline lineno="162"><highlight class="normal"><sp/><sp/><sp/><sp/></highlight><highlight class="keywordtype">bool</highlight><highlight class="normal"><sp/>generateSourceFile()<sp/></highlight><highlight class="keyword">const</highlight><highlight class="normal">;</highlight></codeline>
<codeline lineno="163"><highlight class="normal"><sp/><sp/><sp/><sp/></highlight><highlight class="keywordtype">void</highlight><highlight class="normal"><sp/>sortMemberLists();</highlight></codeline>
<codeline lineno="164"><highlight class="normal"></highlight></codeline>
<codeline lineno="165"><highlight class="normal"><sp/><sp/><sp/><sp/></highlight><highlight class="keywordtype">void</highlight><highlight class="normal"><sp/>addIncludeDependency(<ref refid="de/db0/class_file_def" kindref="compound" tooltip="A model of a file symbol.">FileDef</ref><sp/>*fd,</highlight><highlight class="keyword">const</highlight><highlight class="normal"><sp/></highlight><highlight class="keywordtype">char</highlight><highlight class="normal"><sp/>*incName,</highlight><highlight class="keywordtype">bool</highlight><highlight class="normal"><sp/>local,</highlight><highlight class="keywordtype">bool</highlight><highlight class="normal"><sp/>imported,</highlight><highlight class="keywordtype">bool</highlight><highlight class="normal"><sp/>indirect);</highlight></codeline>
<codeline lineno="166"><highlight class="normal"><sp/><sp/><sp/><sp/></highlight><highlight class="keywordtype">void</highlight><highlight class="normal"><sp/>addIncludedByDependency(<ref refid="de/db0/class_file_def" kindref="compound" tooltip="A model of a file symbol.">FileDef</ref><sp/>*fd,</highlight><highlight class="keyword">const</highlight><highlight class="normal"><sp/></highlight><highlight class="keywordtype">char</highlight><highlight class="normal"><sp/>*incName,</highlight><highlight class="keywordtype">bool</highlight><highlight class="normal"><sp/>local,</highlight><highlight class="keywordtype">bool</highlight><highlight class="normal"><sp/>imported);</highlight></codeline>
<codeline lineno="167"><highlight class="normal"></highlight></codeline>
<codeline lineno="168"><highlight class="normal"><sp/><sp/><sp/><sp/></highlight><highlight class="keywordtype">void</highlight><highlight class="normal"><sp/>addMembersToMemberGroup();</highlight></codeline>
<codeline lineno="169"><highlight class="normal"><sp/><sp/><sp/><sp/></highlight><highlight class="keywordtype">void</highlight><highlight class="normal"><sp/>distributeMemberGroupDocumentation();</highlight></codeline>
<codeline lineno="170"><highlight class="normal"><sp/><sp/><sp/><sp/></highlight><highlight class="keywordtype">void</highlight><highlight class="normal"><sp/>findSectionsInDocumentation();</highlight></codeline>
<codeline lineno="171"><highlight class="normal"><sp/><sp/><sp/><sp/></highlight><highlight class="keywordtype">void</highlight><highlight class="normal"><sp/>addIncludedUsingDirectives();</highlight></codeline>
<codeline lineno="172"><highlight class="normal"></highlight></codeline>
<codeline lineno="173"><highlight class="normal"><sp/><sp/><sp/><sp/></highlight><highlight class="keywordtype">void</highlight><highlight class="normal"><sp/>addListReferences();</highlight></codeline>
<codeline lineno="174"><highlight class="normal"><sp/><sp/><sp/><sp/></highlight><highlight class="comment">//bool<sp/>includes(FileDef<sp/>*incFile,QDict&lt;FileDef&gt;<sp/>*includedFiles)<sp/>const;</highlight><highlight class="normal"></highlight></codeline>
<codeline lineno="175"><highlight class="normal"><sp/><sp/><sp/><sp/></highlight><highlight class="comment">//bool<sp/>includesByName(const<sp/>QCString<sp/>&amp;name)<sp/>const;</highlight><highlight class="normal"></highlight></codeline>
<codeline lineno="176"><highlight class="normal"><sp/><sp/><sp/><sp/></highlight><highlight class="keywordtype">bool</highlight><highlight class="normal"><sp/>visited;</highlight></codeline>
<codeline lineno="177"><highlight class="normal"></highlight></codeline>
<codeline lineno="178"><highlight class="normal"><sp/><sp/></highlight><highlight class="keyword">protected</highlight><highlight class="normal">:</highlight></codeline>
<codeline lineno="182"><highlight class="normal"><sp/><sp/><sp/><sp/></highlight><highlight class="keywordtype">void</highlight><highlight class="normal"><sp/><ref refid="de/db0/class_file_def_1a5f297c95a2f5b8d2e1a7e3620b4c8d01" kindref="member" tooltip="Retrieves the file version from version control system.">acquireFileVersion</ref>();</highlight></codeline>
<codeline lineno="183"><highlight class="normal"></highlight></codeline>
<codeline lineno="184"><highlight class="normal"><sp/><sp/></highlight><highlight class="keyword">private</highlight><highlight class="normal">:<sp/></highlight></codeline>
<codeline lineno="185"><highlight class="normal"><sp/><sp/><sp/><sp/><ref refid="dd/d13/class_member_list" kindref="compound" tooltip="A list of MemberDef objects.">MemberList</ref><sp/>*createMemberList(MemberListType<sp/>lt);</highlight></codeline>
<codeline lineno="186"><highlight class="normal"><sp/><sp/><sp/><sp/></highlight><highlight class="keywordtype">void</highlight><highlight class="normal"><sp/>addMemberToList(MemberListType<sp/>lt,<ref refid="da/d09/class_member_def" kindref="compound" tooltip="A model of a class/file/namespace member symbol.">MemberDef</ref><sp/>*md);</highlight></codeline>
<codeline lineno="187"><highlight class="normal"><sp/><sp/><sp/><sp/></highlight><highlight class="keywordtype">void</highlight><highlight class="normal"><sp/>writeMemberDeclarations(<ref refid="df/dc8/class_output_list" kindref="compound" tooltip="Class representing a list of output generators that are written to in parallel.">OutputList</ref><sp/>&amp;ol,MemberListType<sp/>lt,</highlight><highlight class="keyword">const</highlight><highlight class="normal"><sp/>QCString<sp/>&amp;title);</highlight></codeline>
<codeline lineno="188"><highlight class="normal"><sp/><sp/><sp/><sp/></highlight><highlight class="keywordtype">void</highlight><highlight class="normal"><sp/>writeMemberDocumentation(<ref refid="df/dc8/class_output_list" kindref="compound" tooltip="Class representing a list of output generators that are written to in parallel.">OutputList</ref><sp/>&amp;ol,MemberListType<sp/>lt,</highlight><highlight class="keyword">const</highlight><highlight class="normal"><sp/>QCString<sp/>&amp;title);</highlight></codeline>
<codeline lineno="189"><highlight class="normal"><sp/><sp/><sp/><sp/></highlight><highlight class="keywordtype">void</highlight><highlight class="normal"><sp/>writeIncludeFiles(<ref refid="df/dc8/class_output_list" kindref="compound" tooltip="Class representing a list of output generators that are written to in parallel.">OutputList</ref><sp/>&amp;ol);</highlight></codeline>
<codeline lineno="190"><highlight class="normal"><sp/><sp/><sp/><sp/></highlight><highlight class="keywordtype">void</highlight><highlight class="normal"><sp/>writeIncludeGraph(<ref refid="df/dc8/class_output_list" kindref="compound" tooltip="Class representing a list of output generators that are written to in parallel.">OutputList</ref><sp/>&amp;ol);</highlight></codeline>
<codeline lineno="191"><highlight class="normal"><sp/><sp/><sp/><sp/></highlight><highlight class="keywordtype">void</highlight><highlight class="normal"><sp/>writeIncludedByGraph(<ref refid="df/dc8/class_output_list" kindref="compound" tooltip="Class representing a list of output generators that are written to in parallel.">OutputList</ref><sp/>&amp;ol);</highlight></codeline>
<codeline lineno="192"><highlight class="normal"><sp/><sp/><sp/><sp/></highlight><highlight class="keywordtype">void</highlight><highlight class="normal"><sp/>writeMemberGroups(<ref refid="df/dc8/class_output_list" kindref="compound" tooltip="Class representing a list of output generators that are written to in parallel.">OutputList</ref><sp/>&amp;ol);</highlight></codeline>
<codeline lineno="193"><highlight class="normal"><sp/><sp/><sp/><sp/></highlight><highlight class="keywordtype">void</highlight><highlight class="normal"><sp/>writeAuthorSection(<ref refid="df/dc8/class_output_list" kindref="compound" tooltip="Class representing a list of output generators that are written to in parallel.">OutputList</ref><sp/>&amp;ol);</highlight></codeline>
<codeline lineno="194"><highlight class="normal"><sp/><sp/><sp/><sp/></highlight><highlight class="keywordtype">void</highlight><highlight class="normal"><sp/>writeSourceLink(<ref refid="df/dc8/class_output_list" kindref="compound" tooltip="Class representing a list of output generators that are written to in parallel.">OutputList</ref><sp/>&amp;ol);</highlight></codeline>
<codeline lineno="195"><highlight class="normal"><sp/><sp/><sp/><sp/></highlight><highlight class="keywordtype">void</highlight><highlight class="normal"><sp/>writeNamespaceDeclarations(<ref refid="df/dc8/class_output_list" kindref="compound" tooltip="Class representing a list of output generators that are written to in parallel.">OutputList</ref><sp/>&amp;ol,</highlight><highlight class="keyword">const</highlight><highlight class="normal"><sp/>QCString<sp/>&amp;title,</highlight></codeline>
<codeline lineno="196"><highlight class="normal"><sp/><sp/><sp/><sp/><sp/><sp/><sp/><sp/><sp/><sp/><sp/><sp/></highlight><highlight class="keywordtype">bool</highlight><highlight class="normal"><sp/>isConstantGroup);</highlight></codeline>
<codeline lineno="197"><highlight class="normal"><sp/><sp/><sp/><sp/></highlight><highlight class="keywordtype">void</highlight><highlight class="normal"><sp/>writeClassDeclarations(<ref refid="df/dc8/class_output_list" kindref="compound" tooltip="Class representing a list of output generators that are written to in parallel.">OutputList</ref><sp/>&amp;ol,</highlight><highlight class="keyword">const</highlight><highlight class="normal"><sp/>QCString<sp/>&amp;title);</highlight></codeline>
<codeline lineno="198"><highlight class="normal"><sp/><sp/><sp/><sp/></highlight><highlight class="keywordtype">void</highlight><highlight class="normal"><sp/>writeInlineClasses(<ref refid="df/dc8/class_output_list" kindref="compound" tooltip="Class representing a list of output generators that are written to in parallel.">OutputList</ref><sp/>&amp;ol);</highlight></codeline>
<codeline lineno="199"><highlight class="normal"><sp/><sp/><sp/><sp/></highlight><highlight class="keywordtype">void</highlight><highlight class="normal"><sp/>startMemberDeclarations(<ref refid="df/dc8/class_output_list" kindref="compound" tooltip="Class representing a list of output generators that are written to in parallel.">OutputList</ref><sp/>&amp;ol);</highlight></codeline>
<codeline lineno="200"><highlight class="normal"><sp/><sp/><sp/><sp/></highlight><highlight class="keywordtype">void</highlight><highlight class="normal"><sp/>endMemberDeclarations(<ref refid="df/dc8/class_output_list" kindref="compound" tooltip="Class representing a list of output generators that are written to in parallel.">OutputList</ref><sp/>&amp;ol);</highlight></codeline>
<codeline lineno="201"><highlight class="normal"><sp/><sp/><sp/><sp/></highlight><highlight class="keywordtype">void</highlight><highlight class="normal"><sp/>startMemberDocumentation(<ref refid="df/dc8/class_output_list" kindref="compound" tooltip="Class representing a list of output generators that are written to in parallel.">OutputList</ref><sp/>&amp;ol);</highlight></codeline>
<codeline lineno="202"><highlight class="normal"><sp/><sp/><sp/><sp/></highlight><highlight class="keywordtype">void</highlight><highlight class="normal"><sp/>endMemberDocumentation(<ref refid="df/dc8/class_output_list" kindref="compound" tooltip="Class representing a list of output generators that are written to in parallel.">OutputList</ref><sp/>&amp;ol);</highlight></codeline>
<codeline lineno="203"><highlight class="normal"><sp/><sp/><sp/><sp/></highlight><highlight class="keywordtype">void</highlight><highlight class="normal"><sp/>writeDetailedDescription(<ref refid="df/dc8/class_output_list" kindref="compound" tooltip="Class representing a list of output generators that are written to in parallel.">OutputList</ref><sp/>&amp;ol,</highlight><highlight class="keyword">const</highlight><highlight class="normal"><sp/>QCString<sp/>&amp;title);</highlight></codeline>
<codeline lineno="204"><highlight class="normal"><sp/><sp/><sp/><sp/></highlight><highlight class="keywordtype">void</highlight><highlight class="normal"><sp/>writeBriefDescription(<ref refid="df/dc8/class_output_list" kindref="compound" tooltip="Class representing a list of output generators that are written to in parallel.">OutputList</ref><sp/>&amp;ol);</highlight></codeline>
<codeline lineno="205"><highlight class="normal"></highlight></codeline>
<codeline lineno="206"><highlight class="normal"><sp/><sp/><sp/><sp/>QDict&lt;IncludeInfo&gt;<sp/><sp/><sp/>*m_includeDict;</highlight></codeline>
<codeline lineno="207"><highlight class="normal"><sp/><sp/><sp/><sp/><ref refid="db/daa/class_q_list" kindref="compound">QList&lt;IncludeInfo&gt;</ref><sp/><sp/><sp/>*m_includeList;</highlight></codeline>
<codeline lineno="208"><highlight class="normal"><sp/><sp/><sp/><sp/>QDict&lt;IncludeInfo&gt;<sp/><sp/><sp/>*m_includedByDict;</highlight></codeline>
<codeline lineno="209"><highlight class="normal"><sp/><sp/><sp/><sp/><ref refid="db/daa/class_q_list" kindref="compound">QList&lt;IncludeInfo&gt;</ref><sp/><sp/><sp/>*m_includedByList;</highlight></codeline>
<codeline lineno="210"><highlight class="normal"><sp/><sp/><sp/><sp/><ref refid="d4/d8d/class_namespace_s_dict" kindref="compound" tooltip="A sorted dictionary of NamespaceDef objects.">NamespaceSDict</ref><sp/><sp/><sp/><sp/><sp/><sp/><sp/>*m_usingDirList;</highlight></codeline>
<codeline lineno="211"><highlight class="normal"><sp/><sp/><sp/><sp/><ref refid="d1/d50/class_s_dict" kindref="compound">SDict&lt;Definition&gt;</ref><sp/><sp/><sp/><sp/>*m_usingDeclList;</highlight></codeline>
<codeline lineno="212"><highlight class="normal"><sp/><sp/><sp/><sp/>QCString<sp/><sp/><sp/><sp/><sp/><sp/><sp/><sp/><sp/><sp/><sp/><sp/><sp/><sp/>m_path;</highlight></codeline>
<codeline lineno="213"><highlight class="normal"><sp/><sp/><sp/><sp/>QCString<sp/><sp/><sp/><sp/><sp/><sp/><sp/><sp/><sp/><sp/><sp/><sp/><sp/><sp/>m_filePath;</highlight></codeline>
<codeline lineno="214"><highlight class="normal"><sp/><sp/><sp/><sp/>QCString<sp/><sp/><sp/><sp/><sp/><sp/><sp/><sp/><sp/><sp/><sp/><sp/><sp/><sp/>m_diskName;</highlight></codeline>
<codeline lineno="215"><highlight class="normal"><sp/><sp/><sp/><sp/>QCString<sp/><sp/><sp/><sp/><sp/><sp/><sp/><sp/><sp/><sp/><sp/><sp/><sp/><sp/>m_fileName;</highlight></codeline>
<codeline lineno="216"><highlight class="normal"><sp/><sp/><sp/><sp/>QCString<sp/><sp/><sp/><sp/><sp/><sp/><sp/><sp/><sp/><sp/><sp/><sp/><sp/><sp/>m_docname;</highlight></codeline>
<codeline lineno="217"><highlight class="normal"><sp/><sp/><sp/><sp/>QIntDict&lt;Definition&gt;<sp/>*m_srcDefDict;</highlight></codeline>
<codeline lineno="218"><highlight class="normal"><sp/><sp/><sp/><sp/>QIntDict&lt;MemberDef&gt;<sp/><sp/>*m_srcMemberDict;</highlight></codeline>
<codeline lineno="219"><highlight class="normal"><sp/><sp/><sp/><sp/></highlight><highlight class="keywordtype">bool</highlight><highlight class="normal"><sp/><sp/><sp/><sp/><sp/><sp/><sp/><sp/><sp/><sp/><sp/><sp/><sp/><sp/><sp/><sp/><sp/><sp/>m_isSource;</highlight></codeline>
<codeline lineno="220"><highlight class="normal"><sp/><sp/><sp/><sp/>QCString<sp/><sp/><sp/><sp/><sp/><sp/><sp/><sp/><sp/><sp/><sp/><sp/><sp/><sp/>m_fileVersion;</highlight></codeline>
<codeline lineno="221"><highlight class="normal"><sp/><sp/><sp/><sp/>PackageDef<sp/><sp/><sp/><sp/><sp/><sp/><sp/><sp/><sp/><sp/><sp/>*m_package;</highlight></codeline>
<codeline lineno="222"><highlight class="normal"><sp/><sp/><sp/><sp/><ref refid="d4/dd4/class_dir_def" kindref="compound" tooltip="A model of a directory symbol.">DirDef</ref><sp/><sp/><sp/><sp/><sp/><sp/><sp/><sp/><sp/><sp/><sp/><sp/><sp/><sp/><sp/>*m_dir;</highlight></codeline>
<codeline lineno="223"><highlight class="normal"><sp/><sp/><sp/><sp/><ref refid="db/daa/class_q_list" kindref="compound">QList&lt;MemberList&gt;</ref><sp/><sp/><sp/><sp/><sp/>m_memberLists;</highlight></codeline>
<codeline lineno="224"><highlight class="normal"><sp/><sp/><sp/><sp/><ref refid="dc/d1e/class_member_group_s_dict" kindref="compound" tooltip="A sorted dictionary of MemberGroup objects.">MemberGroupSDict</ref><sp/><sp/><sp/><sp/><sp/>*m_memberGroupSDict;</highlight></codeline>
<codeline lineno="225"><highlight class="normal"><sp/><sp/><sp/><sp/><ref refid="d4/d8d/class_namespace_s_dict" kindref="compound" tooltip="A sorted dictionary of NamespaceDef objects.">NamespaceSDict</ref><sp/><sp/><sp/><sp/><sp/><sp/><sp/>*m_namespaceSDict;</highlight></codeline>
<codeline lineno="226"><highlight class="normal"><sp/><sp/><sp/><sp/><ref refid="d9/d3d/class_class_s_dict" kindref="compound" tooltip="A sorted dictionary of ClassDef objects.">ClassSDict</ref><sp/><sp/><sp/><sp/><sp/><sp/><sp/><sp/><sp/><sp/><sp/>*m_classSDict;</highlight></codeline>
<codeline lineno="227"><highlight class="normal"><sp/><sp/><sp/><sp/></highlight><highlight class="keywordtype">bool</highlight><highlight class="normal"><sp/><sp/><sp/><sp/><sp/><sp/><sp/><sp/><sp/><sp/><sp/><sp/><sp/><sp/><sp/><sp/><sp/><sp/>m_subGrouping;</highlight></codeline>
<codeline lineno="228"><highlight class="normal">};</highlight></codeline>
<codeline lineno="229"><highlight class="normal"></highlight></codeline>
<codeline lineno="231" refid="d0/d18/class_file_list" refkind="compound"><highlight class="keyword">class<sp/></highlight><highlight class="normal"><ref refid="d0/d18/class_file_list" kindref="compound" tooltip="Class representing a list of FileDef objects.">FileList</ref><sp/>:<sp/></highlight><highlight class="keyword">public</highlight><highlight class="normal"><sp/><ref refid="db/daa/class_q_list" kindref="compound">QList</ref>&lt;FileDef&gt;</highlight></codeline>
<codeline lineno="232"><highlight class="normal">{</highlight></codeline>
<codeline lineno="233"><highlight class="normal"><sp/><sp/></highlight><highlight class="keyword">public</highlight><highlight class="normal">:</highlight></codeline>
<codeline lineno="234"><highlight class="normal"><sp/><sp/><sp/><sp/><ref refid="d0/d18/class_file_list" kindref="compound" tooltip="Class representing a list of FileDef objects.">FileList</ref>()<sp/>:<sp/>m_pathName(</highlight><highlight class="stringliteral">&quot;tmp&quot;</highlight><highlight class="normal">)<sp/>{}</highlight></codeline>
<codeline lineno="235"><highlight class="normal"><sp/><sp/><sp/><sp/><ref refid="d0/d18/class_file_list" kindref="compound" tooltip="Class representing a list of FileDef objects.">FileList</ref>(</highlight><highlight class="keyword">const</highlight><highlight class="normal"><sp/></highlight><highlight class="keywordtype">char</highlight><highlight class="normal"><sp/>*path)<sp/>:<sp/><ref refid="db/daa/class_q_list" kindref="compound">QList&lt;FileDef&gt;</ref>(),<sp/>m_pathName(path)<sp/>{}</highlight></codeline>
<codeline lineno="236"><highlight class="normal"><sp/><sp/><sp/>~<ref refid="d0/d18/class_file_list" kindref="compound" tooltip="Class representing a list of FileDef objects.">FileList</ref>()<sp/>{}</highlight></codeline>
<codeline lineno="237"><highlight class="normal"><sp/><sp/><sp/><sp/>QCString<sp/>path()</highlight><highlight class="keyword"><sp/>const<sp/></highlight><highlight class="normal">{<sp/></highlight><highlight class="keywordflow">return</highlight><highlight class="normal"><sp/>m_pathName;<sp/>}</highlight></codeline>
<codeline lineno="238"><highlight class="normal"><sp/><sp/><sp/><sp/></highlight><highlight class="keywordtype">int</highlight><highlight class="normal"><sp/>compareItems(QCollection::Item<sp/>item1,QCollection::Item<sp/>item2)</highlight></codeline>
<codeline lineno="239"><highlight class="normal"><sp/><sp/><sp/><sp/>{</highlight></codeline>
<codeline lineno="240"><highlight class="normal"><sp/><sp/><sp/><sp/><sp/><sp/><ref refid="de/db0/class_file_def" kindref="compound" tooltip="A model of a file symbol.">FileDef</ref><sp/>*md1<sp/>=<sp/>(<ref refid="de/db0/class_file_def" kindref="compound" tooltip="A model of a file symbol.">FileDef</ref><sp/>*)item1;</highlight></codeline>
<codeline lineno="241"><highlight class="normal"><sp/><sp/><sp/><sp/><sp/><sp/><ref refid="de/db0/class_file_def" kindref="compound" tooltip="A model of a file symbol.">FileDef</ref><sp/>*md2<sp/>=<sp/>(<ref refid="de/db0/class_file_def" kindref="compound" tooltip="A model of a file symbol.">FileDef</ref><sp/>*)item2;</highlight></codeline>
<codeline lineno="242"><highlight class="normal"><sp/><sp/><sp/><sp/><sp/><sp/></highlight><highlight class="keywordflow">return</highlight><highlight class="normal"><sp/>qstricmp(md1-&gt;<ref refid="de/db0/class_file_def_1a80989971450b35c785a8fe0002e1c2db" kindref="member">name</ref>(),md2-&gt;<ref refid="de/db0/class_file_def_1a80989971450b35c785a8fe0002e1c2db" kindref="member">name</ref>());</highlight></codeline>
<codeline lineno="243"><highlight class="normal"><sp/><sp/><sp/><sp/>}</highlight></codeline>
<codeline lineno="244"><highlight class="normal"><sp/><sp/></highlight><highlight class="keyword">private</highlight><highlight class="normal">:</highlight></codeline>
<codeline lineno="245"><highlight class="normal"><sp/><sp/><sp/><sp/>QCString<sp/>m_pathName;</highlight></codeline>
<codeline lineno="246"><highlight class="normal">};</highlight></codeline>
<codeline lineno="247"><highlight class="normal"></highlight></codeline>
<codeline lineno="248" refid="d6/dd7/class_output_name_list" refkind="compound"><highlight class="normal"></highlight><highlight class="keyword">class<sp/></highlight><highlight class="normal"><ref refid="d6/dd7/class_output_name_list" kindref="compound">OutputNameList</ref><sp/>:<sp/></highlight><highlight class="keyword">public</highlight><highlight class="normal"><sp/><ref refid="db/daa/class_q_list" kindref="compound">QList</ref>&lt;FileList&gt;</highlight></codeline>
<codeline lineno="249"><highlight class="normal">{</highlight></codeline>
<codeline lineno="250"><highlight class="normal"><sp/><sp/></highlight><highlight class="keyword">public</highlight><highlight class="normal">:</highlight></codeline>
<codeline lineno="251"><highlight class="normal"><sp/><sp/><sp/><sp/><ref refid="d6/dd7/class_output_name_list" kindref="compound">OutputNameList</ref>()<sp/>:<sp/><ref refid="db/daa/class_q_list" kindref="compound">QList&lt;FileList&gt;</ref>()<sp/>{}</highlight></codeline>
<codeline lineno="252"><highlight class="normal"><sp/><sp/><sp/>~<ref refid="d6/dd7/class_output_name_list" kindref="compound">OutputNameList</ref>()<sp/>{}</highlight></codeline>
<codeline lineno="253"><highlight class="normal"><sp/><sp/><sp/><sp/></highlight><highlight class="keywordtype">int</highlight><highlight class="normal"><sp/>compareItems(QCollection::Item<sp/>item1,QCollection::Item<sp/>item2)</highlight></codeline>
<codeline lineno="254"><highlight class="normal"><sp/><sp/><sp/><sp/>{</highlight></codeline>
<codeline lineno="255"><highlight class="normal"><sp/><sp/><sp/><sp/><sp/><sp/><ref refid="d0/d18/class_file_list" kindref="compound" tooltip="Class representing a list of FileDef objects.">FileList</ref><sp/>*fl1<sp/>=<sp/>(<ref refid="d0/d18/class_file_list" kindref="compound" tooltip="Class representing a list of FileDef objects.">FileList</ref><sp/>*)item1;</highlight></codeline>
<codeline lineno="256"><highlight class="normal"><sp/><sp/><sp/><sp/><sp/><sp/><ref refid="d0/d18/class_file_list" kindref="compound" tooltip="Class representing a list of FileDef objects.">FileList</ref><sp/>*fl2<sp/>=<sp/>(<ref refid="d0/d18/class_file_list" kindref="compound" tooltip="Class representing a list of FileDef objects.">FileList</ref><sp/>*)item2;</highlight></codeline>
<codeline lineno="257"><highlight class="normal"><sp/><sp/><sp/><sp/><sp/><sp/></highlight><highlight class="keywordflow">return</highlight><highlight class="normal"><sp/>qstricmp(fl1-&gt;path(),fl2-&gt;path());</highlight></codeline>
<codeline lineno="258"><highlight class="normal"><sp/><sp/><sp/><sp/>}</highlight></codeline>
<codeline lineno="259"><highlight class="normal">};</highlight></codeline>
<codeline lineno="260"><highlight class="normal"></highlight></codeline>
<codeline lineno="261" refid="d0/da0/class_output_name_dict" refkind="compound"><highlight class="normal"></highlight><highlight class="keyword">class<sp/></highlight><highlight class="normal"><ref refid="d0/da0/class_output_name_dict" kindref="compound">OutputNameDict</ref><sp/>:<sp/></highlight><highlight class="keyword">public</highlight><highlight class="normal"><sp/>QDict&lt;FileList&gt;</highlight></codeline>
<codeline lineno="262"><highlight class="normal">{</highlight></codeline>
<codeline lineno="263"><highlight class="normal"><sp/><sp/></highlight><highlight class="keyword">public</highlight><highlight class="normal">:</highlight></codeline>
<codeline lineno="264"><highlight class="normal"><sp/><sp/><sp/><sp/><ref refid="d0/da0/class_output_name_dict" kindref="compound">OutputNameDict</ref>(</highlight><highlight class="keywordtype">int</highlight><highlight class="normal"><sp/>size)<sp/>:<sp/>QDict&lt;FileList&gt;(size)<sp/>{}</highlight></codeline>
<codeline lineno="265"><highlight class="normal"><sp/><sp/><sp/>~<ref refid="d0/da0/class_output_name_dict" kindref="compound">OutputNameDict</ref>()<sp/>{}</highlight></codeline>
<codeline lineno="266"><highlight class="normal">};</highlight></codeline>
<codeline lineno="267"><highlight class="normal"></highlight></codeline>
<codeline lineno="268"><highlight class="normal"></highlight><highlight class="keyword">class<sp/></highlight><highlight class="normal"><ref refid="da/df3/class_directory" kindref="compound" tooltip="Class representing a directory tree of DirEntry objects.">Directory</ref>;</highlight></codeline>
<codeline lineno="269"><highlight class="normal"></highlight></codeline>
<codeline lineno="271" refid="d9/dd5/class_dir_entry" refkind="compound"><highlight class="keyword">class<sp/></highlight><highlight class="normal"><ref refid="d9/dd5/class_dir_entry" kindref="compound" tooltip="Class representing an entry (file or sub directory) in a directory.">DirEntry</ref></highlight></codeline>
<codeline lineno="272"><highlight class="normal">{</highlight></codeline>
<codeline lineno="273"><highlight class="normal"><sp/><sp/></highlight><highlight class="keyword">public</highlight><highlight class="normal">:</highlight></codeline>
<codeline lineno="274"><highlight class="normal"><sp/><sp/><sp/><sp/></highlight><highlight class="keyword">enum</highlight><highlight class="normal"><sp/>EntryKind<sp/>{<sp/>Dir,<sp/>File<sp/>};</highlight></codeline>
<codeline lineno="275"><highlight class="normal"><sp/><sp/><sp/><sp/><ref refid="d9/dd5/class_dir_entry" kindref="compound" tooltip="Class representing an entry (file or sub directory) in a directory.">DirEntry</ref>(<ref refid="d9/dd5/class_dir_entry" kindref="compound" tooltip="Class representing an entry (file or sub directory) in a directory.">DirEntry</ref><sp/>*parent,<ref refid="de/db0/class_file_def" kindref="compound" tooltip="A model of a file symbol.">FileDef</ref><sp/>*fd)<sp/><sp/></highlight></codeline>
<codeline lineno="276"><highlight class="normal"><sp/><sp/><sp/><sp/><sp/><sp/><sp/>:<sp/>m_parent(parent),<sp/>m_name(fd-&gt;<ref refid="de/db0/class_file_def_1a80989971450b35c785a8fe0002e1c2db" kindref="member">name</ref>()),<sp/>m_kind(File),<sp/>m_fd(fd),<sp/></highlight></codeline>
<codeline lineno="277"><highlight class="normal"><sp/><sp/><sp/><sp/><sp/><sp/><sp/><sp/><sp/>m_isLast(FALSE)<sp/>{<sp/>}</highlight></codeline>
<codeline lineno="278"><highlight class="normal"><sp/><sp/><sp/><sp/><ref refid="d9/dd5/class_dir_entry" kindref="compound" tooltip="Class representing an entry (file or sub directory) in a directory.">DirEntry</ref>(<ref refid="d9/dd5/class_dir_entry" kindref="compound" tooltip="Class representing an entry (file or sub directory) in a directory.">DirEntry</ref><sp/>*parent,QCString<sp/>name)<sp/><sp/><sp/><sp/><sp/><sp/><sp/><sp/><sp/><sp/><sp/><sp/><sp/><sp/></highlight></codeline>
<codeline lineno="279"><highlight class="normal"><sp/><sp/><sp/><sp/><sp/><sp/><sp/>:<sp/>m_parent(parent),<sp/>m_name(name),<sp/>m_kind(Dir),<sp/></highlight></codeline>
<codeline lineno="280"><highlight class="normal"><sp/><sp/><sp/><sp/><sp/><sp/><sp/><sp/><sp/>m_fd(0),<sp/>m_isLast(FALSE)<sp/>{<sp/>}</highlight></codeline>
<codeline lineno="281"><highlight class="normal"><sp/><sp/><sp/><sp/></highlight><highlight class="keyword">virtual</highlight><highlight class="normal"><sp/>~<ref refid="d9/dd5/class_dir_entry" kindref="compound" tooltip="Class representing an entry (file or sub directory) in a directory.">DirEntry</ref>()<sp/>{<sp/>}</highlight></codeline>
<codeline lineno="282"><highlight class="normal"><sp/><sp/><sp/><sp/>EntryKind<sp/>kind()</highlight><highlight class="keyword"><sp/>const<sp/></highlight><highlight class="normal">{<sp/></highlight><highlight class="keywordflow">return</highlight><highlight class="normal"><sp/>m_kind;<sp/>}</highlight></codeline>
<codeline lineno="283"><highlight class="normal"><sp/><sp/><sp/><sp/><ref refid="de/db0/class_file_def" kindref="compound" tooltip="A model of a file symbol.">FileDef</ref><sp/>*file()</highlight><highlight class="keyword"><sp/><sp/>const<sp/></highlight><highlight class="normal">{<sp/></highlight><highlight class="keywordflow">return</highlight><highlight class="normal"><sp/>m_fd;<sp/>}</highlight></codeline>
<codeline lineno="284"><highlight class="normal"><sp/><sp/><sp/><sp/></highlight><highlight class="keywordtype">bool</highlight><highlight class="normal"><sp/>isLast()</highlight><highlight class="keyword"><sp/>const<sp/><sp/><sp/><sp/></highlight><highlight class="normal">{<sp/></highlight><highlight class="keywordflow">return</highlight><highlight class="normal"><sp/>m_isLast;<sp/>}</highlight></codeline>
<codeline lineno="285"><highlight class="normal"><sp/><sp/><sp/><sp/></highlight><highlight class="keywordtype">void</highlight><highlight class="normal"><sp/>setLast(</highlight><highlight class="keywordtype">bool</highlight><highlight class="normal"><sp/>b)<sp/><sp/><sp/>{<sp/>m_isLast=b;<sp/>}</highlight></codeline>
<codeline lineno="286"><highlight class="normal"><sp/><sp/><sp/><sp/><ref refid="d9/dd5/class_dir_entry" kindref="compound" tooltip="Class representing an entry (file or sub directory) in a directory.">DirEntry</ref><sp/>*parent()</highlight><highlight class="keyword"><sp/>const<sp/></highlight><highlight class="normal">{<sp/></highlight><highlight class="keywordflow">return</highlight><highlight class="normal"><sp/>m_parent;<sp/>}</highlight></codeline>
<codeline lineno="287"><highlight class="normal"><sp/><sp/><sp/><sp/>QCString<sp/>name()</highlight><highlight class="keyword"><sp/>const<sp/><sp/></highlight><highlight class="normal">{<sp/></highlight><highlight class="keywordflow">return</highlight><highlight class="normal"><sp/>m_name;<sp/>}</highlight></codeline>
<codeline lineno="288"><highlight class="normal"><sp/><sp/><sp/><sp/>QCString<sp/>path()</highlight><highlight class="keyword"><sp/>const<sp/><sp/></highlight><highlight class="normal">{<sp/></highlight><highlight class="keywordflow">return</highlight><highlight class="normal"><sp/>parent()<sp/>?<sp/>parent()-&gt;path()+</highlight><highlight class="stringliteral">&quot;/&quot;</highlight><highlight class="normal">+name()<sp/>:<sp/>name();<sp/>}</highlight></codeline>
<codeline lineno="289"><highlight class="normal"></highlight></codeline>
<codeline lineno="290"><highlight class="normal"><sp/><sp/></highlight><highlight class="keyword">protected</highlight><highlight class="normal">:</highlight></codeline>
<codeline lineno="291"><highlight class="normal"><sp/><sp/><sp/><sp/><ref refid="d9/dd5/class_dir_entry" kindref="compound" tooltip="Class representing an entry (file or sub directory) in a directory.">DirEntry</ref><sp/>*m_parent;</highlight></codeline>
<codeline lineno="292"><highlight class="normal"><sp/><sp/><sp/><sp/>QCString<sp/>m_name;</highlight></codeline>
<codeline lineno="293"><highlight class="normal"></highlight></codeline>
<codeline lineno="294"><highlight class="normal"><sp/><sp/></highlight><highlight class="keyword">private</highlight><highlight class="normal">:</highlight></codeline>
<codeline lineno="295"><highlight class="normal"><sp/><sp/><sp/><sp/>EntryKind<sp/>m_kind;</highlight></codeline>
<codeline lineno="296"><highlight class="normal"><sp/><sp/><sp/><sp/><ref refid="de/db0/class_file_def" kindref="compound" tooltip="A model of a file symbol.">FileDef</ref><sp/><sp/><sp/>*m_fd;</highlight></codeline>
<codeline lineno="297"><highlight class="normal"><sp/><sp/><sp/><sp/></highlight><highlight class="keywordtype">int</highlight><highlight class="normal"><sp/>num;</highlight></codeline>
<codeline lineno="298"><highlight class="normal"><sp/><sp/><sp/><sp/></highlight><highlight class="keywordtype">bool</highlight><highlight class="normal"><sp/>m_isLast;</highlight></codeline>
<codeline lineno="299"><highlight class="normal">};</highlight></codeline>
<codeline lineno="300"><highlight class="normal"></highlight></codeline>
<codeline lineno="302" refid="da/df3/class_directory" refkind="compound"><highlight class="keyword">class<sp/></highlight><highlight class="normal"><ref refid="da/df3/class_directory" kindref="compound" tooltip="Class representing a directory tree of DirEntry objects.">Directory</ref><sp/>:<sp/></highlight><highlight class="keyword">public</highlight><highlight class="normal"><sp/><ref refid="d9/dd5/class_dir_entry" kindref="compound" tooltip="Class representing an entry (file or sub directory) in a directory.">DirEntry</ref></highlight></codeline>
<codeline lineno="303"><highlight class="normal">{</highlight></codeline>
<codeline lineno="304"><highlight class="normal"><sp/><sp/></highlight><highlight class="keyword">public</highlight><highlight class="normal">:</highlight></codeline>
<codeline lineno="305"><highlight class="normal"><sp/><sp/><sp/><sp/><ref refid="da/df3/class_directory" kindref="compound" tooltip="Class representing a directory tree of DirEntry objects.">Directory</ref>(<ref refid="da/df3/class_directory" kindref="compound" tooltip="Class representing a directory tree of DirEntry objects.">Directory</ref><sp/>*parent,</highlight><highlight class="keyword">const</highlight><highlight class="normal"><sp/>QCString<sp/>&amp;name)<sp/></highlight></codeline>
<codeline lineno="306"><highlight class="normal"><sp/><sp/><sp/><sp/><sp/><sp/><sp/>:<sp/><ref refid="d9/dd5/class_dir_entry" kindref="compound" tooltip="Class representing an entry (file or sub directory) in a directory.">DirEntry</ref>(parent,name)</highlight></codeline>
<codeline lineno="307"><highlight class="normal"><sp/><sp/><sp/><sp/>{<sp/>m_children.setAutoDelete(TRUE);<sp/>}</highlight></codeline>
<codeline lineno="308"><highlight class="normal"><sp/><sp/><sp/><sp/></highlight><highlight class="keyword">virtual</highlight><highlight class="normal"><sp/>~<ref refid="da/df3/class_directory" kindref="compound" tooltip="Class representing a directory tree of DirEntry objects.">Directory</ref>()<sp/><sp/><sp/><sp/><sp/><sp/><sp/><sp/><sp/><sp/><sp/><sp/><sp/><sp/>{}</highlight></codeline>
<codeline lineno="309"><highlight class="normal"><sp/><sp/><sp/><sp/></highlight><highlight class="keywordtype">void</highlight><highlight class="normal"><sp/>addChild(<ref refid="d9/dd5/class_dir_entry" kindref="compound" tooltip="Class representing an entry (file or sub directory) in a directory.">DirEntry</ref><sp/>*d)<sp/><sp/><sp/><sp/><sp/><sp/><sp/><sp/>{<sp/>m_children.append(d);<sp/>d-&gt;setLast(TRUE);<sp/>}</highlight></codeline>
<codeline lineno="310"><highlight class="normal"><sp/><sp/><sp/><sp/><ref refid="db/daa/class_q_list" kindref="compound">QList&lt;DirEntry&gt;</ref><sp/>&amp;children()<sp/><sp/><sp/><sp/><sp/><sp/><sp/>{<sp/></highlight><highlight class="keywordflow">return</highlight><highlight class="normal"><sp/>m_children;<sp/>}</highlight></codeline>
<codeline lineno="311"><highlight class="normal"><sp/><sp/><sp/><sp/></highlight><highlight class="keywordtype">void</highlight><highlight class="normal"><sp/>rename(</highlight><highlight class="keyword">const</highlight><highlight class="normal"><sp/>QCString<sp/>&amp;name)<sp/>{<sp/>m_name=name;<sp/>}</highlight></codeline>
<codeline lineno="312"><highlight class="normal"><sp/><sp/><sp/><sp/></highlight><highlight class="keywordtype">void</highlight><highlight class="normal"><sp/>reParent(<ref refid="da/df3/class_directory" kindref="compound" tooltip="Class representing a directory tree of DirEntry objects.">Directory</ref><sp/>*parent)<sp/><sp/>{<sp/>m_parent=parent;<sp/>}</highlight></codeline>
<codeline lineno="313"><highlight class="normal"></highlight></codeline>
<codeline lineno="314"><highlight class="normal"><sp/><sp/></highlight><highlight class="keyword">private</highlight><highlight class="normal">:</highlight></codeline>
<codeline lineno="315"><highlight class="normal"><sp/><sp/><sp/><sp/><ref refid="db/daa/class_q_list" kindref="compound">QList&lt;DirEntry&gt;</ref><sp/>m_children;</highlight></codeline>
<codeline lineno="316"><highlight class="normal">};</highlight></codeline>
<codeline lineno="317"><highlight class="normal"></highlight></codeline>
<codeline lineno="318"><highlight class="normal"></highlight><highlight class="keywordtype">void</highlight><highlight class="normal"><sp/>generateFileTree();</highlight></codeline>
<codeline lineno="319"><highlight class="normal"></highlight></codeline>
<codeline lineno="320"><highlight class="normal"></highlight><highlight class="preprocessor">#endif</highlight></codeline>
<codeline lineno="321"><highlight class="preprocessor"></highlight><highlight class="normal"></highlight></codeline>
    </programlisting>
    <location file="C:/Users/Mat/Projects/doxygraph/examples/doxygen-1.8.4/src/filedef.h"/>
  </compounddef>
</doxygen>
